{"content": [[1, 1, 4, 1, 7, 1, 5, 0], [1, 0, 0, 0, 1, 1, 5, 4], [0, 0, 4, 1, 4, 1, 4, 1], [0, 5, 1, 0, 0, 7, 1, 0], [1, 0, 1, 0, 6, 1, 6, 0], [1, 3, 5, 2, 1, 5, 1, 4], [0, 5, 6, 1, 1, 0, 1, 5], [5, 0, 1, 7, 1, 0, 0, 1], [5, 0, 4, 5, 5, 7, 0, 4], [4, 1, 1, 4, 5, 4, 2, 6], [6, 0, 1, 1, 7, 6, 4, 1], [0, 0, 7, 0, 5, 1, 4, 1]], "control": {"col_treasures": 8, "solution_length": 30}, "info": {"regions": 1, "players": 2, "exits": 1, "layout": 55, "heuristic": -1, "solution": [], "content": [[1, 1, 4, 1, 7, 1, 5, 0], [1, 0, 0, 0, 1, 1, 5, 4], [0, 0, 4, 1, 4, 1, 4, 1], [0, 5, 1, 0, 0, 7, 1, 0], [1, 0, 1, 0, 6, 1, 6, 0], [1, 3, 5, 2, 1, 5, 1, 4], [0, 5, 6, 1, 1, 0, 1, 5], [5, 0, 1, 7, 1, 0, 0, 1], [5, 0, 4, 5, 5, 7, 0, 4], [4, 1, 1, 4, 5, 4, 2, 6], [6, 0, 1, 1, 7, 6, 4, 1], [0, 0, 7, 0, 5, 1, 4, 1]], "potions": 13, "treasures": 13, "enemies": 12, "solution_length": 0, "enemies_loc": [[4, 0], [5, 3], [4, 4], [6, 4], [2, 6], [3, 7], [5, 8], [7, 9], [0, 10], [4, 10], [5, 10], [2, 11]]}, "quality": 0.3326315789404248, "diversity": 0.8815972085156254, "controlability": 0.0}