{"content": [[4, 1, 7, 1, 7, 1, 4, 1], [7, 0, 7, 0, 1, 7, 5, 0], [0, 6, 4, 1, 4, 1, 6, 0], [0, 2, 0, 0, 6, 7, 0, 0], [1, 0, 1, 0, 7, 1, 6, 6], [1, 6, 0, 7, 1, 6, 0, 1], [1, 3, 6, 1, 0, 7, 0, 1], [5, 0, 6, 0, 7, 1, 0, 1], [6, 0, 1, 5, 4, 4, 1, 1], [6, 0, 1, 0, 0, 4, 1, 3], [6, 1, 6, 1, 4, 6, 0, 1], [5, 6, 6, 0, 7, 7, 0, 1]], "control": {"col_treasures": 8, "solution_length": 30}, "info": {"regions": 2, "players": 1, "exits": 2, "layout": 53, "heuristic": -1, "solution": [], "content": [[4, 1, 7, 1, 7, 1, 4, 1], [7, 0, 7, 0, 1, 7, 5, 0], [0, 6, 4, 1, 4, 1, 6, 0], [0, 2, 0, 0, 6, 7, 0, 0], [1, 0, 1, 0, 7, 1, 6, 6], [1, 6, 0, 7, 1, 6, 0, 1], [1, 3, 6, 1, 0, 7, 0, 1], [5, 0, 6, 0, 7, 1, 0, 1], [6, 0, 1, 5, 4, 4, 1, 1], [6, 0, 1, 0, 0, 4, 1, 3], [6, 1, 6, 1, 4, 6, 0, 1], [5, 6, 6, 0, 7, 7, 0, 1]], "potions": 8, "treasures": 4, "enemies": 28, "solution_length": 0, "enemies_loc": [[2, 0], [4, 0], [0, 1], [2, 1], [5, 1], [1, 2], [6, 2], [4, 3], [5, 3], [4, 4], [6, 4], [7, 4], [1, 5], [3, 5], [5, 5], [2, 6], [5, 6], [2, 7], [4, 7], [0, 8], [0, 9], [0, 10], [2, 10], [5, 10], [1, 11], [2, 11], [4, 11], [5, 11]]}, "quality": 0.3248796408874231, "diversity": 0.2735615014942959, "controlability": 0.0}