{"content": [[1, 1, 7, 7, 7, 1, 7, 0], [0, 0, 0, 0, 1, 0, 5, 6], [6, 7, 1, 7, 3, 1, 6, 6], [1, 5, 1, 0, 0, 7, 0, 5], [1, 0, 1, 1, 3, 6, 7, 0], [1, 7, 5, 1, 1, 6, 1, 4], [1, 1, 0, 7, 0, 7, 1, 5], [5, 0, 7, 0, 1, 0, 0, 6], [7, 6, 1, 0, 1, 4, 6, 1], [5, 5, 1, 6, 0, 4, 7, 1], [5, 7, 6, 6, 7, 0, 0, 1], [5, 0, 2, 7, 4, 7, 6, 1]], "control": {"col_treasures": 18, "solution_length": 45}, "info": {"regions": 1, "players": 1, "exits": 2, "layout": 48, "heuristic": -1, "solution": [], "content": [[1, 1, 7, 7, 7, 1, 7, 0], [0, 0, 0, 0, 1, 0, 5, 6], [6, 7, 1, 7, 3, 1, 6, 6], [1, 5, 1, 0, 0, 7, 0, 5], [1, 0, 1, 1, 3, 6, 7, 0], [1, 7, 5, 1, 1, 6, 1, 4], [1, 1, 0, 7, 0, 7, 1, 5], [5, 0, 7, 0, 1, 0, 0, 6], [7, 6, 1, 0, 1, 4, 6, 1], [5, 5, 1, 6, 0, 4, 7, 1], [5, 7, 6, 6, 7, 0, 0, 1], [5, 0, 2, 7, 4, 7, 6, 1]], "potions": 4, "treasures": 10, "enemies": 31, "solution_length": 0, "enemies_loc": [[2, 0], [3, 0], [4, 0], [6, 0], [7, 1], [0, 2], [1, 2], [3, 2], [6, 2], [7, 2], [5, 3], [5, 4], [6, 4], [1, 5], [5, 5], [3, 6], [5, 6], [2, 7], [7, 7], [0, 8], [1, 8], [6, 8], [3, 9], [6, 9], [1, 10], [2, 10], [3, 10], [4, 10], [3, 11], [5, 11], [6, 11]]}, "quality": 0.3326315789404248, "diversity": 0.30668603942587236, "controlability": 0.0}