{"content": [[1, 1, 1, 6, 0, 1, 5, 4], [5, 0, 5, 5, 1, 7, 4, 5], [4, 7, 4, 4, 4, 1, 4, 3], [0, 5, 1, 5, 0, 4, 1, 5], [1, 4, 1, 0, 7, 1, 7, 0], [1, 6, 5, 0, 1, 2, 1, 4], [1, 5, 4, 0, 0, 0, 1, 4], [0, 0, 4, 0, 7, 0, 0, 1], [5, 0, 2, 5, 5, 7, 0, 4], [4, 1, 1, 7, 1, 4, 1, 6], [1, 4, 1, 1, 4, 6, 1, 4], [0, 0, 7, 0, 5, 7, 6, 1]], "control": {"col_treasures": 18, "solution_length": 45}, "info": {"regions": 1, "players": 2, "exits": 1, "layout": 46, "heuristic": -1, "solution": [], "content": [[1, 1, 1, 6, 0, 1, 5, 4], [5, 0, 5, 5, 1, 7, 4, 5], [4, 7, 4, 4, 4, 1, 4, 3], [0, 5, 1, 5, 0, 4, 1, 5], [1, 4, 1, 0, 7, 1, 7, 0], [1, 6, 5, 0, 1, 2, 1, 4], [1, 5, 4, 0, 0, 0, 1, 4], [0, 0, 4, 0, 7, 0, 0, 1], [5, 0, 2, 5, 5, 7, 0, 4], [4, 1, 1, 7, 1, 4, 1, 6], [1, 4, 1, 1, 4, 6, 1, 4], [0, 0, 7, 0, 5, 7, 6, 1]], "potions": 19, "treasures": 14, "enemies": 14, "solution_length": 0, "enemies_loc": [[3, 0], [5, 1], [1, 2], [4, 4], [6, 4], [1, 5], [4, 7], [5, 8], [3, 9], [7, 9], [5, 10], [2, 11], [5, 11], [6, 11]]}, "quality": 0.3298538011493368, "diversity": 0.3058449004557293, "controlability": 0.0}