{"content": [[1, 1, 1, 1, 7, 1, 6, 0], [5, 0, 0, 0, 1, 7, 4, 0], [7, 2, 1, 1, 7, 1, 7, 5], [7, 5, 1, 0, 0, 7, 1, 0], [1, 0, 1, 0, 6, 5, 7, 0], [3, 7, 5, 7, 7, 6, 7, 4], [0, 5, 6, 1, 0, 0, 1, 0], [4, 0, 2, 0, 1, 6, 0, 1], [7, 0, 4, 5, 5, 3, 0, 1], [4, 0, 1, 7, 6, 1, 7, 6], [6, 7, 7, 1, 7, 6, 0, 6], [5, 0, 1, 0, 7, 3, 6, 1]], "control": {"col_treasures": 8, "solution_length": 30}, "info": {"regions": 1, "players": 2, "exits": 3, "layout": 47, "heuristic": -1, "solution": [], "content": [[1, 1, 1, 1, 7, 1, 6, 0], [5, 0, 0, 0, 1, 7, 4, 0], [7, 2, 1, 1, 7, 1, 7, 5], [7, 5, 1, 0, 0, 7, 1, 0], [1, 0, 1, 0, 6, 5, 7, 0], [3, 7, 5, 7, 7, 6, 7, 4], [0, 5, 6, 1, 0, 0, 1, 0], [4, 0, 2, 0, 1, 6, 0, 1], [7, 0, 4, 5, 5, 3, 0, 1], [4, 0, 1, 7, 6, 1, 7, 6], [6, 7, 7, 1, 7, 6, 0, 6], [5, 0, 1, 0, 7, 3, 6, 1]], "potions": 5, "treasures": 9, "enemies": 30, "solution_length": 0, "enemies_loc": [[4, 0], [6, 0], [5, 1], [0, 2], [4, 2], [6, 2], [0, 3], [5, 3], [4, 4], [6, 4], [1, 5], [3, 5], [4, 5], [5, 5], [6, 5], [2, 6], [5, 7], [0, 8], [3, 9], [4, 9], [6, 9], [7, 9], [0, 10], [1, 10], [2, 10], [4, 10], [5, 10], [7, 10], [4, 11], [6, 11]]}, "quality": 0.32983918125913675, "diversity": 0.3021854504518997, "controlability": 0.0}