{"content": [[1, 1, 1, 1, 7, 5, 6, 1], [6, 2, 3, 0, 4, 7, 5, 0], [0, 6, 4, 4, 7, 6, 6, 1], [0, 2, 1, 0, 4, 7, 4, 6], [6, 7, 5, 6, 6, 6, 6, 6], [1, 6, 0, 7, 1, 6, 0, 4], [0, 0, 6, 1, 1, 7, 0, 6], [5, 0, 0, 0, 1, 0, 1, 6], [4, 0, 4, 1, 0, 4, 0, 1], [1, 0, 7, 7, 6, 6, 7, 6], [6, 3, 6, 1, 7, 6, 0, 1], [4, 0, 1, 6, 7, 1, 2, 1]], "control": {"col_treasures": 8, "solution_length": 30}, "info": {"regions": 1, "players": 3, "exits": 2, "layout": 41, "heuristic": -1, "solution": [], "content": [[1, 1, 1, 1, 7, 5, 6, 1], [6, 2, 3, 0, 4, 7, 5, 0], [0, 6, 4, 4, 7, 6, 6, 1], [0, 2, 1, 0, 4, 7, 4, 6], [6, 7, 5, 6, 6, 6, 6, 6], [1, 6, 0, 7, 1, 6, 0, 4], [0, 0, 6, 1, 1, 7, 0, 6], [5, 0, 0, 0, 1, 0, 1, 6], [4, 0, 4, 1, 0, 4, 0, 1], [1, 0, 7, 7, 6, 6, 7, 6], [6, 3, 6, 1, 7, 6, 0, 1], [4, 0, 1, 6, 7, 1, 2, 1]], "potions": 10, "treasures": 4, "enemies": 36, "solution_length": 0, "enemies_loc": [[4, 0], [6, 0], [0, 1], [5, 1], [1, 2], [4, 2], [5, 2], [6, 2], [5, 3], [7, 3], [0, 4], [1, 4], [3, 4], [4, 4], [5, 4], [6, 4], [7, 4], [1, 5], [3, 5], [5, 5], [2, 6], [5, 6], [7, 6], [7, 7], [2, 9], [3, 9], [4, 9], [5, 9], [6, 9], [7, 9], [0, 10], [2, 10], [4, 10], [5, 10], [3, 11], [4, 11]]}, "quality": 0.3215058479275395, "diversity": 0.30355524657778543, "controlability": 0.0}