{"content": [[0, 1, 1, 0, 0, 1, 1, 0, 1, 1, 0, 0, 0, 1], [0, 1, 1, 1, 1, 0, 1, 1, 0, 1, 1, 1, 0, 1], [0, 1, 1, 1, 0, 1, 1, 0, 1, 1, 0, 1, 0, 1], [0, 1, 1, 0, 1, 1, 1, 0, 1, 1, 0, 0, 1, 1], [1, 0, 1, 1, 0, 1, 1, 1, 1, 0, 1, 1, 1, 0], [1, 1, 1, 1, 1, 1, 1, 0, 1, 1, 1, 0, 0, 1], [0, 1, 0, 1, 1, 1, 0, 0, 1, 1, 1, 1, 1, 1], [0, 0, 1, 1, 1, 0, 0, 0, 0, 0, 0, 1, 1, 1], [1, 0, 0, 1, 0, 1, 0, 1, 1, 1, 0, 0, 1, 0], [1, 1, 1, 1, 0, 1, 1, 1, 0, 0, 0, 1, 1, 1], [0, 1, 0, 0, 1, 1, 1, 0, 1, 0, 0, 0, 1, 0], [0, 1, 1, 1, 0, 0, 1, 0, 1, 1, 1, 1, 1, 0], [1, 1, 1, 1, 0, 0, 1, 1, 1, 0, 1, 1, 1, 0], [0, 0, 0, 1, 0, 1, 1, 1, 1, 0, 1, 1, 1, 0]], "control": {"path": 62}, "info": {"path": 43, "regions": 1, "flat": [0, 1, 1, 0, 0, 1, 1, 0, 1, 1, 0, 0, 0, 1, 0, 1, 1, 1, 1, 0, 1, 1, 0, 1, 1, 1, 0, 1, 0, 1, 1, 1, 0, 1, 1, 0, 1, 1, 0, 1, 0, 1, 0, 1, 1, 0, 1, 1, 1, 0, 1, 1, 0, 0, 1, 1, 1, 0, 1, 1, 0, 1, 1, 1, 1, 0, 1, 1, 1, 0, 1, 1, 1, 1, 1, 1, 1, 0, 1, 1, 1, 0, 0, 1, 0, 1, 0, 1, 1, 1, 0, 0, 1, 1, 1, 1, 1, 1, 0, 0, 1, 1, 1, 0, 0, 0, 0, 0, 0, 1, 1, 1, 1, 0, 0, 1, 0, 1, 0, 1, 1, 1, 0, 0, 1, 0, 1, 1, 1, 1, 0, 1, 1, 1, 0, 0, 0, 1, 1, 1, 0, 1, 0, 0, 1, 1, 1, 0, 1, 0, 0, 0, 1, 0, 0, 1, 1, 1, 0, 0, 1, 0, 1, 1, 1, 1, 1, 0, 1, 1, 1, 1, 0, 0, 1, 1, 1, 0, 1, 1, 1, 0, 0, 0, 0, 1, 0, 1, 1, 1, 1, 0, 1, 1, 1, 0]}, "quality": 1.0, "diversity": 0.6218944098641106, "controlability": 0.781818181676033}