{"content": [[1, 1, 1, 1, 7, 5, 5, 1], [0, 0, 0, 0, 1, 7, 4, 4], [0, 0, 1, 1, 4, 3, 4, 1], [3, 1, 1, 2, 5, 7, 5, 0], [0, 4, 1, 0, 1, 1, 7, 0], [1, 6, 0, 7, 1, 1, 7, 4], [0, 0, 4, 6, 6, 7, 0, 5], [5, 0, 1, 0, 1, 0, 0, 1], [4, 0, 4, 5, 4, 0, 0, 1], [1, 6, 1, 5, 4, 4, 1, 1], [6, 0, 6, 1, 5, 6, 1, 4], [3, 4, 6, 6, 5, 7, 0, 1]], "control": {"col_treasures": 8, "solution_length": 30}, "info": {"regions": 1, "players": 1, "exits": 3, "layout": 51, "heuristic": -1, "solution": [], "content": [[1, 1, 1, 1, 7, 5, 5, 1], [0, 0, 0, 0, 1, 7, 4, 4], [0, 0, 1, 1, 4, 3, 4, 1], [3, 1, 1, 2, 5, 7, 5, 0], [0, 4, 1, 0, 1, 1, 7, 0], [1, 6, 0, 7, 1, 1, 7, 4], [0, 0, 4, 6, 6, 7, 0, 5], [5, 0, 1, 0, 1, 0, 0, 1], [4, 0, 4, 5, 4, 0, 0, 1], [1, 6, 1, 5, 4, 4, 1, 1], [6, 0, 6, 1, 5, 6, 1, 4], [3, 4, 6, 6, 5, 7, 0, 1]], "potions": 14, "treasures": 10, "enemies": 17, "solution_length": 0, "enemies_loc": [[4, 0], [5, 1], [5, 3], [6, 4], [1, 5], [3, 5], [6, 5], [3, 6], [4, 6], [5, 6], [1, 9], [0, 10], [2, 10], [5, 10], [2, 11], [3, 11], [5, 11]]}, "quality": 0.3319298245545337, "diversity": 0.28581870674342114, "controlability": 0.0}