{"content": [[1, 1, 1, 5, 7, 1, 5, 6], [5, 0, 0, 3, 3, 7, 5, 5], [0, 0, 6, 1, 4, 1, 5, 1], [0, 5, 7, 0, 0, 1, 6, 7], [1, 7, 7, 6, 6, 0, 7, 6], [7, 7, 5, 7, 1, 6, 1, 5], [1, 5, 5, 7, 0, 5, 1, 5], [5, 0, 0, 0, 7, 0, 0, 6], [6, 0, 4, 0, 5, 4, 4, 4], [4, 1, 1, 5, 1, 6, 7, 6], [5, 1, 6, 6, 4, 0, 0, 1], [0, 6, 2, 7, 0, 7, 5, 1]], "control": {"col_treasures": 18, "solution_length": 45}, "info": {"regions": 1, "players": 1, "exits": 2, "layout": 39, "heuristic": -1, "solution": [], "content": [[1, 1, 1, 5, 7, 1, 5, 6], [5, 0, 0, 3, 3, 7, 5, 5], [0, 0, 6, 1, 4, 1, 5, 1], [0, 5, 7, 0, 0, 1, 6, 7], [1, 7, 7, 6, 6, 0, 7, 6], [7, 7, 5, 7, 1, 6, 1, 5], [1, 5, 5, 7, 0, 5, 1, 5], [5, 0, 0, 0, 7, 0, 0, 6], [6, 0, 4, 0, 5, 4, 4, 4], [4, 1, 1, 5, 1, 6, 7, 6], [5, 1, 6, 6, 4, 0, 0, 1], [0, 6, 2, 7, 0, 7, 5, 1]], "potions": 7, "treasures": 18, "enemies": 29, "solution_length": 0, "enemies_loc": [[4, 0], [7, 0], [5, 1], [2, 2], [2, 3], [6, 3], [7, 3], [1, 4], [2, 4], [3, 4], [4, 4], [6, 4], [7, 4], [0, 5], [1, 5], [3, 5], [5, 5], [3, 6], [4, 7], [7, 7], [0, 8], [5, 9], [6, 9], [7, 9], [2, 10], [3, 10], [1, 11], [3, 11], [5, 11]]}, "quality": 0.32013157892914007, "diversity": 0.2774884193359377, "controlability": 0.0}