{"content": [[1, 1, 1, 0, 1, 3, 2, 0, 0, 0, 0], [1, 1, 1, 0, 0, 1, 1, 0, 0, 2, 0], [1, 5, 1, 1, 0, 0, 1, 1, 1, 1, 0], [0, 1, 0, 0, 1, 1, 0, 1, 0, 1, 0], [1, 5, 5, 1, 1, 1, 1, 1, 1, 1, 1], [1, 0, 1, 1, 4, 0, 1, 1, 5, 1, 1], [1, 0, 1, 2, 1, 1, 0, 0, 1, 1, 1]], "control": {"player_key": 17, "key_door": 17}, "info": {"regions": 1, "players": 3, "keys": 1, "doors": 1, "enemies": 4, "player_key": 1, "key_door": 10, "pk_path": [[6, 0], [5, 0]], "kd_path": []}, "quality": 0.4983552631498875, "diversity": 0.33333333333333337, "controlability": 0.3666666664222222}