{"content": [[1, 1, 1, 0, 5, 1, 1, 1, 0, 0, 0], [1, 1, 1, 1, 0, 1, 1, 0, 0, 1, 0], [1, 1, 1, 1, 1, 1, 1, 5, 1, 1, 1], [0, 1, 5, 0, 0, 1, 0, 1, 0, 1, 0], [5, 5, 5, 1, 1, 5, 1, 1, 1, 1, 1], [1, 0, 0, 1, 5, 0, 1, 4, 5, 1, 1], [1, 1, 0, 0, 1, 1, 1, 2, 1, 3, 1]], "control": {"player_key": 17, "key_door": 17}, "info": {"regions": 1, "players": 1, "keys": 1, "doors": 1, "enemies": 9, "player_key": 2, "key_door": 3, "pk_path": [[7, 6], [8, 6], [9, 6]], "kd_path": []}, "quality": 0.8151636224800807, "diversity": 0.7358808463024864, "controlability": 0.16666666655555556}