{"content": [[4, 1, 1, 0, 1, 1, 1, 0, 0, 1, 0], [1, 1, 1, 1, 0, 1, 1, 0, 0, 1, 0], [1, 1, 1, 1, 0, 0, 1, 5, 1, 1, 0], [3, 1, 0, 3, 0, 1, 0, 1, 0, 1, 0], [1, 5, 5, 1, 1, 1, 1, 1, 1, 1, 1], [1, 0, 1, 1, 4, 2, 1, 1, 5, 1, 1], [1, 2, 0, 0, 1, 1, 0, 0, 1, 3, 1]], "control": {"player_key": 17, "key_door": 17}, "info": {"regions": 1, "players": 2, "keys": 3, "doors": 2, "enemies": 4, "player_key": 7, "key_door": 3, "pk_path": [[5, 5], [5, 4], [4, 4], [3, 4], [2, 4], [1, 4], [1, 3], [0, 3]], "kd_path": []}, "quality": 0.49671052629155127, "diversity": 0.32735669894637465, "controlability": 0.33333333311111113}