{"content": [[1, 1, 1, 0, 1, 3, 0, 0, 0, 5, 0], [1, 1, 4, 3, 0, 1, 1, 0, 0, 1, 0], [1, 1, 1, 1, 0, 0, 3, 1, 1, 1, 0], [0, 1, 0, 0, 1, 1, 2, 1, 0, 1, 0], [1, 5, 5, 1, 1, 1, 1, 1, 1, 2, 4], [1, 0, 1, 1, 1, 0, 1, 1, 5, 1, 1], [5, 4, 0, 0, 1, 1, 0, 5, 1, 3, 1]], "control": {"player_key": 17, "key_door": 17}, "info": {"regions": 1, "players": 2, "keys": 4, "doors": 3, "enemies": 6, "player_key": 4, "key_door": 14, "pk_path": [[6, 3], [6, 2], [6, 1], [5, 1], [5, 0]], "kd_path": []}, "quality": 0.49335346067421204, "diversity": 0.9761904603174609, "controlability": 0.5999999996}