{"content": [[1, 1, 1, 0, 1, 1, 1, 0, 0, 1, 0], [1, 1, 1, 1, 0, 1, 1, 0, 0, 1, 0], [1, 1, 1, 1, 1, 0, 2, 0, 1, 1, 0], [0, 1, 0, 0, 0, 1, 0, 1, 0, 1, 0], [1, 5, 5, 1, 1, 1, 1, 1, 1, 1, 1], [1, 0, 1, 1, 4, 0, 1, 1, 5, 1, 1], [1, 0, 0, 0, 1, 1, 0, 0, 1, 3, 1]], "control": {"player_key": 17, "key_door": 17}, "info": {"regions": 2, "players": 1, "keys": 1, "doors": 1, "enemies": 3, "player_key": -1, "key_door": 8, "pk_path": [], "kd_path": []}, "quality": 0.5876865668467365, "diversity": 0.4327258392296267, "controlability": 0.26666666648888887}