{"content": [[0, 0, 1, 1, 0, 1, 1, 1, 1, 1, 0, 0, 1, 1], [0, 1, 1, 1, 0, 1, 0, 1, 0, 1, 1, 1, 0, 1], [0, 0, 1, 1, 0, 0, 0, 0, 1, 1, 0, 1, 1, 1], [0, 0, 1, 0, 1, 1, 1, 0, 0, 0, 0, 0, 1, 1], [0, 0, 1, 1, 0, 1, 1, 0, 0, 0, 1, 1, 1, 0], [0, 1, 1, 1, 0, 1, 1, 0, 1, 1, 1, 0, 0, 0], [0, 1, 1, 1, 1, 1, 1, 1, 0, 0, 1, 1, 1, 1], [0, 0, 1, 1, 0, 0, 0, 0, 0, 0, 0, 1, 1, 1], [0, 0, 0, 0, 0, 0, 0, 0, 1, 1, 0, 0, 1, 0], [1, 1, 1, 1, 1, 1, 1, 1, 1, 0, 1, 1, 1, 1], [0, 1, 0, 0, 1, 1, 1, 0, 1, 0, 0, 0, 1, 0], [1, 1, 0, 0, 0, 1, 1, 0, 0, 0, 0, 1, 1, 0], [0, 1, 1, 1, 0, 0, 1, 1, 1, 1, 1, 1, 0, 0], [0, 0, 1, 0, 0, 0, 1, 0, 1, 0, 1, 1, 1, 0]], "control": {"path": 62}, "info": {"path": 43, "regions": 2, "flat": [0, 0, 1, 1, 0, 1, 1, 1, 1, 1, 0, 0, 1, 1, 0, 1, 1, 1, 0, 1, 0, 1, 0, 1, 1, 1, 0, 1, 0, 0, 1, 1, 0, 0, 0, 0, 1, 1, 0, 1, 1, 1, 0, 0, 1, 0, 1, 1, 1, 0, 0, 0, 0, 0, 1, 1, 0, 0, 1, 1, 0, 1, 1, 0, 0, 0, 1, 1, 1, 0, 0, 1, 1, 1, 0, 1, 1, 0, 1, 1, 1, 0, 0, 0, 0, 1, 1, 1, 1, 1, 1, 1, 0, 0, 1, 1, 1, 1, 0, 0, 1, 1, 0, 0, 0, 0, 0, 0, 0, 1, 1, 1, 0, 0, 0, 0, 0, 0, 0, 0, 1, 1, 0, 0, 1, 0, 1, 1, 1, 1, 1, 1, 1, 1, 1, 0, 1, 1, 1, 1, 0, 1, 0, 0, 1, 1, 1, 0, 1, 0, 0, 0, 1, 0, 1, 1, 0, 0, 0, 1, 1, 0, 0, 0, 0, 1, 1, 0, 0, 1, 1, 1, 0, 0, 1, 1, 1, 1, 1, 1, 0, 0, 0, 0, 1, 0, 0, 0, 1, 0, 1, 0, 1, 1, 1, 0]}, "quality": 0.9731182793155277, "diversity": 0.5258078230643102, "controlability": 0.781818181676033}