{"content": [[1, 1, 1, 1, 0, 5, 4, 1], [4, 2, 0, 6, 0, 7, 1, 0], [5, 0, 0, 1, 1, 6, 6, 0], [0, 5, 1, 7, 5, 7, 0, 0], [1, 7, 5, 6, 0, 1, 0, 4], [0, 6, 0, 5, 5, 6, 0, 4], [0, 0, 6, 1, 1, 0, 0, 6], [5, 0, 7, 0, 7, 0, 1, 1], [1, 0, 1, 1, 0, 4, 1, 1], [1, 1, 1, 7, 6, 4, 1, 6], [2, 3, 6, 1, 4, 7, 0, 1], [4, 0, 0, 0, 0, 7, 0, 1]], "control": {"col_treasures": 8, "solution_length": 30}, "info": {"regions": 1, "players": 2, "exits": 1, "layout": 57, "heuristic": -1, "solution": [], "content": [[1, 1, 1, 1, 0, 5, 4, 1], [4, 2, 0, 6, 0, 7, 1, 0], [5, 0, 0, 1, 1, 6, 6, 0], [0, 5, 1, 7, 5, 7, 0, 0], [1, 7, 5, 6, 0, 1, 0, 4], [0, 6, 0, 5, 5, 6, 0, 4], [0, 0, 6, 1, 1, 0, 0, 6], [5, 0, 7, 0, 7, 0, 1, 1], [1, 0, 1, 1, 0, 4, 1, 1], [1, 1, 1, 7, 6, 4, 1, 6], [2, 3, 6, 1, 4, 7, 0, 1], [4, 0, 0, 0, 0, 7, 0, 1]], "potions": 8, "treasures": 8, "enemies": 20, "solution_length": 0, "enemies_loc": [[3, 1], [5, 1], [5, 2], [6, 2], [3, 3], [5, 3], [1, 4], [3, 4], [1, 5], [5, 5], [2, 6], [7, 6], [2, 7], [4, 7], [3, 9], [4, 9], [7, 9], [2, 10], [5, 10], [5, 11]]}, "quality": 0.3326315789404248, "diversity": 0.2993259736443017, "controlability": 0.0}