{"content": {"layout": [0, 15, 8, 9, 14, 13, 15, 3, 7, 13, 3, 13, 3, 3, 5, 15], "start": 0, "boss": 0, "shop": 2, "treasure": 0}, "control": {"map_size": 14}, "info": {"map_size": 15, "num_regions": 1, "connect_regions": 4, "loose_connections": 16, "locations": 1, "player_boss_distance": -1, "flat": [0, 0, 0, 0, 2, 0, 0, 0, 0, 0, 0, 0, 0, 0, 0, 2, 1, 2, 0, 1, 0, 2, 1, 0, 0, 0, 0, 0, 2, 0, 0, 2, 0, 0, 2, 0, 0, 2, 0, 0, 0, 0, 0, 2, 0, 0, 2, 0, 0, 1, 2, 2, 1, 2, 2, 1, 2, 2, 1, 0, 0, 2, 0, 0, 2, 0, 0, 2, 0, 0, 0, 0, 0, 2, 0, 0, 0, 0, 0, 2, 0, 0, 0, 0, 2, 1, 2, 2, 1, 2, 2, 1, 0, 2, 1, 2, 0, 0, 0, 0, 2, 0, 0, 0, 0, 0, 2, 0, 0, 2, 0, 0, 2, 0, 0, 0, 0, 0, 2, 0, 2, 1, 0, 2, 1, 0, 2, 1, 2, 2, 1, 2, 0, 0, 0, 0, 0, 0, 0, 0, 0, 0, 2, 0], "dead_end": 1}, "quality": 0.56999999992, "diversity": 0.16806175335509288, "controlability": 0.6562499989746094}