{"content": [[1, 1, 1, 0, 1, 1, 1, 1, 0, 1, 0], [1, 1, 1, 1, 0, 1, 1, 0, 0, 1, 0], [1, 5, 2, 1, 1, 1, 0, 5, 1, 1, 0], [2, 1, 0, 0, 0, 1, 0, 1, 0, 1, 0], [1, 5, 1, 1, 1, 1, 1, 1, 0, 1, 1], [1, 0, 1, 1, 4, 0, 1, 1, 0, 0, 1], [1, 0, 0, 0, 1, 1, 0, 0, 1, 3, 1]], "control": {"player_key": 17, "key_door": 17}, "info": {"regions": 1, "players": 2, "keys": 1, "doors": 1, "enemies": 3, "player_key": 17, "key_door": 14, "pk_path": [[2, 2], [3, 2], [4, 2], [5, 2], [5, 3], [5, 4], [6, 4], [7, 4], [7, 3], [7, 2], [8, 2], [9, 2], [9, 3], [9, 4], [10, 4], [10, 5], [10, 6], [9, 6]], "kd_path": []}, "quality": 0.4991776315708319, "diversity": 1.0, "controlability": 0.9666666663555555}