{"content": [[1, 1, 1, 0, 1, 1, 1, 0, 0, 0, 0], [1, 1, 1, 1, 0, 1, 1, 0, 0, 1, 0], [1, 1, 1, 1, 1, 1, 1, 5, 1, 1, 0], [5, 1, 0, 0, 1, 1, 0, 2, 0, 1, 0], [1, 5, 1, 1, 1, 1, 1, 1, 1, 1, 1], [1, 0, 1, 1, 4, 0, 1, 1, 5, 1, 1], [1, 0, 0, 0, 1, 1, 0, 0, 1, 3, 1]], "control": {"player_key": 17, "key_door": 17}, "info": {"regions": 1, "players": 1, "keys": 1, "doors": 1, "enemies": 4, "player_key": 5, "key_door": 8, "pk_path": [[7, 3], [7, 4], [7, 5], [8, 5], [8, 6], [9, 6]], "kd_path": []}, "quality": 0.9305555554552469, "diversity": 0.07692307692307687, "controlability": 0.43333333304444444}