{"content": [[1, 1, 1, 0, 1, 1, 1, 1, 1, 1, 0], [1, 1, 1, 1, 5, 1, 1, 0, 0, 1, 0], [1, 1, 1, 1, 1, 1, 1, 5, 1, 1, 1], [0, 1, 0, 0, 0, 1, 0, 1, 0, 1, 0], [1, 5, 0, 0, 1, 1, 0, 3, 1, 1, 1], [1, 0, 1, 1, 4, 0, 1, 1, 5, 2, 1], [1, 0, 0, 0, 1, 1, 0, 0, 1, 3, 1]], "control": {"player_key": 17, "key_door": 17}, "info": {"regions": 1, "players": 1, "keys": 2, "doors": 1, "enemies": 4, "player_key": 3, "key_door": 8, "pk_path": [[9, 5], [9, 4], [8, 4], [7, 4]], "kd_path": []}, "quality": 0.4991776315708319, "diversity": 0.9987834383617199, "controlability": 0.36666666642222223}