{"content": [[1, 1, 1, 0, 1, 2, 1, 1, 0, 1, 0], [1, 1, 1, 1, 0, 1, 1, 0, 0, 1, 5], [1, 0, 1, 1, 1, 0, 1, 5, 1, 1, 0], [0, 1, 0, 0, 0, 1, 5, 1, 0, 1, 0], [1, 5, 1, 1, 1, 1, 1, 1, 1, 1, 1], [1, 0, 1, 1, 1, 0, 1, 1, 5, 0, 1], [1, 4, 0, 0, 1, 1, 0, 0, 1, 3, 1]], "control": {"player_key": 17, "key_door": 17}, "info": {"regions": 2, "players": 1, "keys": 1, "doors": 1, "enemies": 5, "player_key": 10, "key_door": 14, "pk_path": [[5, 0], [5, 1], [6, 1], [6, 2], [6, 3], [6, 4], [6, 5], [7, 5], [8, 5], [8, 6], [9, 6]], "kd_path": []}, "quality": 0.9618304024547305, "diversity": 0.7725933844115278, "controlability": 0.7999999994666667}