{"content": [[1, 1, 7, 1, 4, 1, 5, 6], [7, 5, 5, 1, 1, 7, 1, 0], [6, 0, 6, 3, 4, 6, 0, 1], [0, 5, 7, 5, 0, 7, 4, 7], [1, 7, 7, 1, 1, 1, 7, 6], [1, 4, 0, 0, 0, 0, 1, 5], [0, 5, 5, 1, 0, 1, 6, 5], [6, 0, 1, 0, 7, 0, 0, 1], [6, 6, 4, 5, 4, 4, 4, 1], [5, 5, 1, 5, 1, 4, 1, 1], [5, 5, 6, 1, 4, 0, 0, 4], [5, 5, 2, 4, 6, 6, 5, 1]], "control": {"col_treasures": 18, "solution_length": 45}, "info": {"regions": 1, "players": 1, "exits": 1, "layout": 42, "heuristic": 132, "solution": [], "content": [[1, 1, 7, 1, 4, 1, 5, 6], [7, 5, 5, 1, 1, 7, 1, 0], [6, 0, 6, 3, 4, 6, 0, 1], [0, 5, 7, 5, 0, 7, 4, 7], [1, 7, 7, 1, 1, 1, 7, 6], [1, 4, 0, 0, 0, 0, 1, 5], [0, 5, 5, 1, 0, 1, 6, 5], [6, 0, 1, 0, 7, 0, 0, 1], [6, 6, 4, 5, 4, 4, 4, 1], [5, 5, 1, 5, 1, 4, 1, 1], [5, 5, 6, 1, 4, 0, 0, 4], [5, 5, 2, 4, 6, 6, 5, 1]], "potions": 12, "treasures": 18, "enemies": 22, "solution_length": 0, "enemies_loc": [[2, 0], [7, 0], [0, 1], [5, 1], [0, 2], [2, 2], [5, 2], [2, 3], [5, 3], [7, 3], [1, 4], [2, 4], [6, 4], [7, 4], [6, 6], [0, 7], [4, 7], [0, 8], [1, 8], [2, 10], [4, 11], [5, 11]], "status": "running", "health": 5, "col_treasures": 7, "col_potions": 0, "col_enemies": 0}, "quality": 0.4892795138765578, "diversity": 0.3545138816927085, "controlability": 0.24999999982142856}