{"content": [[6, 2, 1, 7, 7, 1, 7, 0], [5, 0, 0, 0, 1, 6, 5, 7], [0, 7, 1, 1, 5, 4, 5, 1], [0, 5, 6, 0, 0, 7, 7, 0], [1, 0, 5, 1, 6, 1, 6, 6], [7, 6, 3, 1, 1, 7, 7, 6], [0, 5, 6, 0, 1, 7, 0, 5], [0, 0, 0, 0, 4, 0, 1, 1], [5, 0, 1, 5, 1, 3, 1, 4], [1, 0, 1, 7, 0, 7, 5, 6], [6, 7, 1, 1, 7, 6, 0, 4], [5, 5, 6, 7, 7, 7, 1, 1]], "control": {"col_treasures": 18, "solution_length": 45}, "info": {"regions": 1, "players": 1, "exits": 2, "layout": 45, "heuristic": -1, "solution": [], "content": [[6, 2, 1, 7, 7, 1, 7, 0], [5, 0, 0, 0, 1, 6, 5, 7], [0, 7, 1, 1, 5, 4, 5, 1], [0, 5, 6, 0, 0, 7, 7, 0], [1, 0, 5, 1, 6, 1, 6, 6], [7, 6, 3, 1, 1, 7, 7, 6], [0, 5, 6, 0, 1, 7, 0, 5], [0, 0, 0, 0, 4, 0, 1, 1], [5, 0, 1, 5, 1, 3, 1, 4], [1, 0, 1, 7, 0, 7, 5, 6], [6, 7, 1, 1, 7, 6, 0, 4], [5, 5, 6, 7, 7, 7, 1, 1]], "potions": 4, "treasures": 13, "enemies": 31, "solution_length": 0, "enemies_loc": [[0, 0], [3, 0], [4, 0], [6, 0], [5, 1], [7, 1], [1, 2], [2, 3], [5, 3], [6, 3], [4, 4], [6, 4], [7, 4], [0, 5], [1, 5], [5, 5], [6, 5], [7, 5], [2, 6], [5, 6], [3, 9], [5, 9], [7, 9], [0, 10], [1, 10], [4, 10], [5, 10], [2, 11], [3, 11], [4, 11], [5, 11]]}, "quality": 0.32846491226073726, "diversity": 0.37357953838778435, "controlability": 0.0}