{"content": [[5, 1, 7, 6, 5, 7, 4, 5], [5, 2, 3, 3, 7, 5, 2, 3], [0, 4, 6, 3, 4, 7, 5, 1], [3, 2, 4, 0, 3, 5, 4, 0], [6, 1, 7, 4, 0, 1, 7, 1], [4, 2, 1, 0, 6, 7, 0, 1], [7, 0, 6, 4, 5, 4, 1, 2], [2, 7, 7, 4, 1, 0, 1, 5], [4, 5, 1, 6, 4, 3, 7, 4], [0, 4, 5, 6, 7, 2, 0, 0], [5, 2, 7, 2, 0, 0, 7, 0], [4, 5, 5, 4, 4, 4, 0, 6]], "control": {"col_treasures": 13, "solution_length": 37}, "info": {"regions": 3, "players": 9, "exits": 7, "layout": 26, "heuristic": -1, "solution": [], "content": [[5, 1, 7, 6, 5, 7, 4, 5], [5, 2, 3, 3, 7, 5, 2, 3], [0, 4, 6, 3, 4, 7, 5, 1], [3, 2, 4, 0, 3, 5, 4, 0], [6, 1, 7, 4, 0, 1, 7, 1], [4, 2, 1, 0, 6, 7, 0, 1], [7, 0, 6, 4, 5, 4, 1, 2], [2, 7, 7, 4, 1, 0, 1, 5], [4, 5, 1, 6, 4, 3, 7, 4], [0, 4, 5, 6, 7, 2, 0, 0], [5, 2, 7, 2, 0, 0, 7, 0], [4, 5, 5, 4, 4, 4, 0, 6]], "potions": 18, "treasures": 14, "enemies": 22, "solution_length": 0, "enemies_loc": [[2, 0], [3, 0], [5, 0], [4, 1], [2, 2], [5, 2], [0, 4], [2, 4], [6, 4], [4, 5], [5, 5], [0, 6], [2, 6], [1, 7], [2, 7], [3, 8], [6, 8], [3, 9], [4, 9], [2, 10], [6, 10], [7, 11]]}, "quality": 0.2774493403252611, "diversity": 0.4111657203388346, "controlability": 0.0}