{"content": [[1, 1, 1, 7, 7, 5, 5, 0], [0, 0, 0, 0, 1, 7, 6, 0], [0, 6, 1, 4, 4, 6, 6, 7], [6, 5, 1, 0, 0, 7, 4, 0], [0, 7, 1, 0, 6, 1, 6, 6], [1, 3, 0, 1, 1, 7, 0, 4], [0, 5, 3, 0, 1, 7, 0, 5], [5, 0, 1, 0, 7, 0, 0, 1], [4, 0, 4, 5, 1, 4, 0, 0], [4, 0, 1, 7, 4, 4, 1, 6], [6, 2, 6, 1, 4, 6, 4, 1], [4, 0, 6, 4, 4, 7, 1, 1]], "control": {"col_treasures": 8, "solution_length": 30}, "info": {"regions": 1, "players": 1, "exits": 2, "layout": 47, "heuristic": -1, "solution": [], "content": [[1, 1, 1, 7, 7, 5, 5, 0], [0, 0, 0, 0, 1, 7, 6, 0], [0, 6, 1, 4, 4, 6, 6, 7], [6, 5, 1, 0, 0, 7, 4, 0], [0, 7, 1, 0, 6, 1, 6, 6], [1, 3, 0, 1, 1, 7, 0, 4], [0, 5, 3, 0, 1, 7, 0, 5], [5, 0, 1, 0, 7, 0, 0, 1], [4, 0, 4, 5, 1, 4, 0, 0], [4, 0, 1, 7, 4, 4, 1, 6], [6, 2, 6, 1, 4, 6, 4, 1], [4, 0, 6, 4, 4, 7, 1, 1]], "potions": 15, "treasures": 7, "enemies": 24, "solution_length": 0, "enemies_loc": [[3, 0], [4, 0], [5, 1], [6, 1], [1, 2], [5, 2], [6, 2], [7, 2], [0, 3], [5, 3], [1, 4], [4, 4], [6, 4], [7, 4], [5, 5], [5, 6], [4, 7], [3, 9], [7, 9], [0, 10], [2, 10], [5, 10], [2, 11], [5, 11]]}, "quality": 0.3312426900379363, "diversity": 0.2781096747874541, "controlability": 0.0}