{"content": [[1, 1, 1, 1, 7, 5, 7, 1], [0, 2, 4, 0, 4, 7, 6, 0], [0, 4, 0, 4, 4, 6, 6, 1], [0, 5, 1, 2, 0, 7, 4, 0], [4, 7, 5, 6, 6, 6, 7, 6], [1, 6, 0, 7, 5, 6, 0, 4], [0, 6, 4, 1, 1, 7, 0, 5], [5, 6, 0, 0, 1, 0, 1, 1], [5, 0, 4, 4, 5, 4, 1, 4], [4, 7, 7, 7, 4, 4, 1, 6], [6, 0, 6, 6, 7, 6, 0, 1], [4, 0, 1, 0, 7, 7, 4, 6]], "control": {"col_treasures": 18, "solution_length": 45}, "info": {"regions": 1, "players": 2, "exits": 0, "layout": 37, "heuristic": -1, "solution": [], "content": [[1, 1, 1, 1, 7, 5, 7, 1], [0, 2, 4, 0, 4, 7, 6, 0], [0, 4, 0, 4, 4, 6, 6, 1], [0, 5, 1, 2, 0, 7, 4, 0], [4, 7, 5, 6, 6, 6, 7, 6], [1, 6, 0, 7, 5, 6, 0, 4], [0, 6, 4, 1, 1, 7, 0, 5], [5, 6, 0, 0, 1, 0, 1, 1], [5, 0, 4, 4, 5, 4, 1, 4], [4, 7, 7, 7, 4, 4, 1, 6], [6, 0, 6, 6, 7, 6, 0, 1], [4, 0, 1, 0, 7, 7, 4, 6]], "potions": 18, "treasures": 8, "enemies": 31, "solution_length": 0, "enemies_loc": [[4, 0], [6, 0], [5, 1], [6, 1], [5, 2], [6, 2], [5, 3], [1, 4], [3, 4], [4, 4], [5, 4], [6, 4], [7, 4], [1, 5], [3, 5], [5, 5], [1, 6], [5, 6], [1, 7], [1, 9], [2, 9], [3, 9], [7, 9], [0, 10], [2, 10], [3, 10], [4, 10], [5, 10], [4, 11], [5, 11], [7, 11]]}, "quality": 0.2506871344852743, "diversity": 0.33151040962890654, "controlability": 0.0}