{"content": [[1, 1, 7, 1, 7, 5, 7, 1], [0, 0, 4, 0, 4, 7, 6, 0], [0, 4, 4, 4, 3, 6, 4, 6], [1, 5, 1, 4, 0, 7, 0, 0], [4, 7, 1, 0, 2, 1, 7, 6], [1, 6, 0, 7, 5, 6, 5, 4], [0, 6, 4, 1, 1, 7, 0, 5], [3, 6, 0, 4, 4, 0, 4, 1], [5, 5, 7, 4, 5, 4, 1, 4], [4, 7, 1, 7, 4, 4, 1, 6], [6, 0, 1, 4, 0, 6, 3, 4], [7, 0, 7, 7, 5, 7, 4, 1]], "control": {"col_treasures": 18, "solution_length": 45}, "info": {"regions": 1, "players": 1, "exits": 3, "layout": 34, "heuristic": -1, "solution": [], "content": [[1, 1, 7, 1, 7, 5, 7, 1], [0, 0, 4, 0, 4, 7, 6, 0], [0, 4, 4, 4, 3, 6, 4, 6], [1, 5, 1, 4, 0, 7, 0, 0], [4, 7, 1, 0, 2, 1, 7, 6], [1, 6, 0, 7, 5, 6, 5, 4], [0, 6, 4, 1, 1, 7, 0, 5], [3, 6, 0, 4, 4, 0, 4, 1], [5, 5, 7, 4, 5, 4, 1, 4], [4, 7, 1, 7, 4, 4, 1, 6], [6, 0, 1, 4, 0, 6, 3, 4], [7, 0, 7, 7, 5, 7, 4, 1]], "potions": 22, "treasures": 9, "enemies": 27, "solution_length": 0, "enemies_loc": [[2, 0], [4, 0], [6, 0], [5, 1], [6, 1], [5, 2], [7, 2], [5, 3], [1, 4], [6, 4], [7, 4], [1, 5], [3, 5], [5, 5], [1, 6], [5, 6], [1, 7], [2, 8], [1, 9], [3, 9], [7, 9], [0, 10], [5, 10], [0, 11], [2, 11], [3, 11], [5, 11]]}, "quality": 0.3124853801002513, "diversity": 0.2580492365411934, "controlability": 0.0}