{"content": [[7, 1, 1, 5, 0, 1, 5, 5], [5, 0, 5, 5, 1, 5, 6, 5], [0, 0, 4, 1, 5, 0, 6, 7], [0, 5, 1, 0, 0, 1, 1, 0], [1, 0, 5, 0, 3, 0, 7, 0], [1, 7, 6, 0, 1, 0, 1, 4], [1, 5, 4, 1, 0, 1, 1, 5], [5, 0, 4, 0, 7, 0, 0, 1], [5, 5, 1, 5, 5, 0, 6, 5], [4, 0, 1, 6, 0, 6, 5, 6], [5, 0, 1, 1, 5, 6, 0, 1], [0, 0, 2, 0, 2, 7, 0, 0]], "control": {"col_treasures": 18, "solution_length": 45}, "info": {"regions": 2, "players": 2, "exits": 1, "layout": 52, "heuristic": -1, "solution": [], "content": [[7, 1, 1, 5, 0, 1, 5, 5], [5, 0, 5, 5, 1, 5, 6, 5], [0, 0, 4, 1, 5, 0, 6, 7], [0, 5, 1, 0, 0, 1, 1, 0], [1, 0, 5, 0, 3, 0, 7, 0], [1, 7, 6, 0, 1, 0, 1, 4], [1, 5, 4, 1, 0, 1, 1, 5], [5, 0, 4, 0, 7, 0, 0, 1], [5, 5, 1, 5, 5, 0, 6, 5], [4, 0, 1, 6, 0, 6, 5, 6], [5, 0, 1, 1, 5, 6, 0, 1], [0, 0, 2, 0, 2, 7, 0, 0]], "potions": 5, "treasures": 22, "enemies": 14, "solution_length": 0, "enemies_loc": [[0, 0], [6, 1], [6, 2], [7, 2], [6, 4], [1, 5], [2, 5], [4, 7], [6, 8], [3, 9], [5, 9], [7, 9], [5, 10], [5, 11]]}, "quality": 0.3248796408874231, "diversity": 0.2523674183120266, "controlability": 0.0}