{"content": [[0, 1, 6, 2, 2, 1, 6, 2], [5, 0, 7, 0, 1, 7, 7, 1], [7, 3, 7, 4, 0, 1, 5, 0], [0, 2, 7, 0, 1, 4, 1, 5], [1, 5, 3, 1, 6, 1, 6, 2], [3, 6, 2, 7, 5, 7, 6, 0], [0, 2, 4, 5, 1, 0, 0, 7], [4, 0, 7, 0, 2, 2, 4, 1], [5, 1, 1, 5, 1, 1, 1, 5], [1, 7, 7, 3, 0, 3, 5, 0], [2, 0, 6, 1, 4, 6, 0, 0], [5, 3, 0, 6, 6, 4, 7, 1]], "control": {"col_treasures": 8, "solution_length": 30}, "info": {"regions": 1, "players": 10, "exits": 6, "layout": 39, "heuristic": -1, "solution": [], "content": [[0, 1, 6, 2, 2, 1, 6, 2], [5, 0, 7, 0, 1, 7, 7, 1], [7, 3, 7, 4, 0, 1, 5, 0], [0, 2, 7, 0, 1, 4, 1, 5], [1, 5, 3, 1, 6, 1, 6, 2], [3, 6, 2, 7, 5, 7, 6, 0], [0, 2, 4, 5, 1, 0, 0, 7], [4, 0, 7, 0, 2, 2, 4, 1], [5, 1, 1, 5, 1, 1, 1, 5], [1, 7, 7, 3, 0, 3, 5, 0], [2, 0, 6, 1, 4, 6, 0, 0], [5, 3, 0, 6, 6, 4, 7, 1]], "potions": 7, "treasures": 11, "enemies": 23, "solution_length": 0, "enemies_loc": [[2, 0], [6, 0], [2, 1], [5, 1], [6, 1], [0, 2], [2, 2], [2, 3], [4, 4], [6, 4], [1, 5], [3, 5], [5, 5], [6, 5], [7, 6], [2, 7], [1, 9], [2, 9], [2, 10], [5, 10], [3, 11], [4, 11], [6, 11]]}, "quality": 0.31100877190553894, "diversity": 0.3854166575312502, "controlability": 0.0}