{"content": [[2, 5, 1, 1, 7, 5, 3, 3], [4, 1, 7, 4, 6, 1, 0, 1], [2, 5, 1, 0, 4, 7, 5, 1], [3, 2, 7, 4, 0, 2, 1, 5], [4, 7, 4, 1, 4, 4, 2, 0], [2, 6, 5, 7, 4, 1, 6, 1], [0, 5, 0, 7, 7, 5, 0, 0], [7, 7, 7, 1, 4, 2, 1, 1], [0, 7, 0, 1, 2, 5, 0, 1], [0, 6, 0, 5, 4, 1, 1, 0], [2, 5, 6, 3, 4, 6, 0, 0], [7, 5, 0, 0, 5, 1, 1, 1]], "control": {"col_treasures": 17, "solution_length": 43}, "info": {"regions": 1, "players": 9, "exits": 4, "layout": 39, "heuristic": -1, "solution": [], "content": [[2, 5, 1, 1, 7, 5, 3, 3], [4, 1, 7, 4, 6, 1, 0, 1], [2, 5, 1, 0, 4, 7, 5, 1], [3, 2, 7, 4, 0, 2, 1, 5], [4, 7, 4, 1, 4, 4, 2, 0], [2, 6, 5, 7, 4, 1, 6, 1], [0, 5, 0, 7, 7, 5, 0, 0], [7, 7, 7, 1, 4, 2, 1, 1], [0, 7, 0, 1, 2, 5, 0, 1], [0, 6, 0, 5, 4, 1, 1, 0], [2, 5, 6, 3, 4, 6, 0, 0], [7, 5, 0, 0, 5, 1, 1, 1]], "potions": 12, "treasures": 13, "enemies": 19, "solution_length": 0, "enemies_loc": [[4, 0], [2, 1], [4, 1], [5, 2], [2, 3], [1, 4], [1, 5], [3, 5], [6, 5], [3, 6], [4, 6], [0, 7], [1, 7], [2, 7], [1, 8], [1, 9], [2, 10], [5, 10], [0, 11]]}, "quality": 0.31311403506321206, "diversity": 0.37892758656506176, "controlability": 0.0}