{"content": [[7, 3, 6, 1, 5, 7, 3, 4], [5, 1, 2, 0, 1, 6, 3, 0], [7, 5, 1, 3, 0, 7, 4, 1], [6, 3, 4, 7, 0, 0, 0, 1], [6, 3, 0, 6, 4, 4, 0, 0], [0, 6, 1, 1, 7, 4, 0, 7], [5, 2, 4, 7, 1, 2, 1, 5], [5, 3, 4, 0, 1, 0, 6, 4], [4, 4, 0, 1, 2, 7, 5, 1], [5, 5, 5, 0, 0, 2, 1, 4], [4, 5, 4, 5, 1, 7, 6, 7], [1, 0, 3, 0, 6, 0, 4, 7]], "control": {"col_treasures": 4, "solution_length": 23}, "info": {"regions": 1, "players": 5, "exits": 8, "layout": 35, "heuristic": -1, "solution": [], "content": [[7, 3, 6, 1, 5, 7, 3, 4], [5, 1, 2, 0, 1, 6, 3, 0], [7, 5, 1, 3, 0, 7, 4, 1], [6, 3, 4, 7, 0, 0, 0, 1], [6, 3, 0, 6, 4, 4, 0, 0], [0, 6, 1, 1, 7, 4, 0, 7], [5, 2, 4, 7, 1, 2, 1, 5], [5, 3, 4, 0, 1, 0, 6, 4], [4, 4, 0, 1, 2, 7, 5, 1], [5, 5, 5, 0, 0, 2, 1, 4], [4, 5, 4, 5, 1, 7, 6, 7], [1, 0, 3, 0, 6, 0, 4, 7]], "potions": 15, "treasures": 12, "enemies": 21, "solution_length": 0, "enemies_loc": [[0, 0], [2, 0], [5, 0], [5, 1], [0, 2], [5, 2], [0, 3], [3, 3], [0, 4], [3, 4], [1, 5], [4, 5], [7, 5], [3, 6], [6, 7], [5, 8], [5, 10], [6, 10], [7, 10], [4, 11], [7, 11]]}, "quality": 0.30755847950881393, "diversity": 0.3850081607996325, "controlability": 0.0}