{"content": [[2, 3, 3, 2, 7, 1, 1, 2], [2, 4, 5, 6, 1, 7, 4, 1], [6, 1, 3, 1, 3, 1, 5, 1], [0, 4, 1, 3, 0, 4, 1, 4], [0, 0, 4, 1, 1, 4, 6, 2], [0, 0, 1, 1, 0, 1, 7, 0], [7, 1, 4, 0, 3, 0, 5, 7], [1, 0, 4, 7, 1, 3, 5, 1], [2, 4, 6, 4, 4, 4, 1, 5], [1, 3, 5, 0, 0, 1, 3, 7], [2, 0, 6, 6, 2, 4, 1, 6], [2, 6, 2, 2, 1, 4, 0, 1]], "control": {"col_treasures": 5, "solution_length": 24}, "info": {"regions": 1, "players": 11, "exits": 9, "layout": 40, "heuristic": -1, "solution": [], "content": [[2, 3, 3, 2, 7, 1, 1, 2], [2, 4, 5, 6, 1, 7, 4, 1], [6, 1, 3, 1, 3, 1, 5, 1], [0, 4, 1, 3, 0, 4, 1, 4], [0, 0, 4, 1, 1, 4, 6, 2], [0, 0, 1, 1, 0, 1, 7, 0], [7, 1, 4, 0, 3, 0, 5, 7], [1, 0, 4, 7, 1, 3, 5, 1], [2, 4, 6, 4, 4, 4, 1, 5], [1, 3, 5, 0, 0, 1, 3, 7], [2, 0, 6, 6, 2, 4, 1, 6], [2, 6, 2, 2, 1, 4, 0, 1]], "potions": 15, "treasures": 6, "enemies": 15, "solution_length": 0, "enemies_loc": [[4, 0], [3, 1], [5, 1], [0, 2], [6, 4], [6, 5], [0, 6], [7, 6], [3, 7], [2, 8], [7, 9], [2, 10], [3, 10], [7, 10], [1, 11]]}, "quality": 0.30959064325057434, "diversity": 0.3920223485327746, "controlability": 0.0}