{"content": [[0, 1, 6, 2, 3, 1, 6, 0], [2, 4, 3, 5, 1, 7, 3, 6], [7, 3, 4, 1, 3, 0, 5, 1], [5, 4, 7, 0, 1, 4, 7, 4], [0, 1, 1, 3, 1, 7, 5, 2], [0, 0, 2, 0, 1, 3, 1, 0], [1, 5, 7, 1, 1, 0, 2, 7], [4, 0, 7, 7, 6, 3, 3, 4], [2, 1, 2, 3, 1, 4, 1, 1], [5, 7, 1, 0, 2, 1, 3, 7], [2, 0, 6, 5, 2, 0, 0, 1], [5, 6, 2, 6, 1, 6, 7, 6]], "control": {"col_treasures": 5, "solution_length": 24}, "info": {"regions": 1, "players": 11, "exits": 11, "layout": 37, "heuristic": -1, "solution": [], "content": [[0, 1, 6, 2, 3, 1, 6, 0], [2, 4, 3, 5, 1, 7, 3, 6], [7, 3, 4, 1, 3, 0, 5, 1], [5, 4, 7, 0, 1, 4, 7, 4], [0, 1, 1, 3, 1, 7, 5, 2], [0, 0, 2, 0, 1, 3, 1, 0], [1, 5, 7, 1, 1, 0, 2, 7], [4, 0, 7, 7, 6, 3, 3, 4], [2, 1, 2, 3, 1, 4, 1, 1], [5, 7, 1, 0, 2, 1, 3, 7], [2, 0, 6, 5, 2, 0, 0, 1], [5, 6, 2, 6, 1, 6, 7, 6]], "potions": 8, "treasures": 8, "enemies": 21, "solution_length": 0, "enemies_loc": [[2, 0], [6, 0], [5, 1], [7, 1], [0, 2], [2, 3], [6, 3], [5, 4], [2, 6], [7, 6], [2, 7], [3, 7], [4, 7], [1, 9], [7, 9], [2, 10], [1, 11], [3, 11], [5, 11], [6, 11], [7, 11]]}, "quality": 0.3040204678129936, "diversity": 0.41805115020272965, "controlability": 0.0}