{"content": [[2, 3, 7, 1, 6, 7, 2, 3], [4, 1, 0, 5, 1, 7, 1, 0], [0, 5, 2, 3, 7, 3, 5, 1], [7, 3, 7, 1, 0, 2, 5, 1], [1, 0, 5, 1, 2, 6, 1, 4], [1, 6, 0, 1, 1, 4, 0, 4], [0, 5, 4, 6, 1, 3, 5, 5], [4, 5, 7, 7, 1, 2, 0, 1], [7, 5, 1, 2, 4, 3, 6, 2], [5, 5, 0, 0, 7, 4, 1, 3], [2, 5, 6, 2, 1, 1, 6, 6], [1, 0, 3, 0, 1, 0, 1, 7]], "control": {"col_treasures": 6, "solution_length": 26}, "info": {"regions": 1, "players": 10, "exits": 9, "layout": 37, "heuristic": -1, "solution": [], "content": [[2, 3, 7, 1, 6, 7, 2, 3], [4, 1, 0, 5, 1, 7, 1, 0], [0, 5, 2, 3, 7, 3, 5, 1], [7, 3, 7, 1, 0, 2, 5, 1], [1, 0, 5, 1, 2, 6, 1, 4], [1, 6, 0, 1, 1, 4, 0, 4], [0, 5, 4, 6, 1, 3, 5, 5], [4, 5, 7, 7, 1, 2, 0, 1], [7, 5, 1, 2, 4, 3, 6, 2], [5, 5, 0, 0, 7, 4, 1, 3], [2, 5, 6, 2, 1, 1, 6, 6], [1, 0, 3, 0, 1, 0, 1, 7]], "potions": 8, "treasures": 13, "enemies": 19, "solution_length": 0, "enemies_loc": [[2, 0], [4, 0], [5, 0], [5, 1], [4, 2], [0, 3], [2, 3], [5, 4], [1, 5], [3, 6], [2, 7], [3, 7], [0, 8], [6, 8], [4, 9], [2, 10], [6, 10], [7, 10], [7, 11]]}, "quality": 0.30612573097066675, "diversity": 0.4041444939744019, "controlability": 0.0}