{"content": [[2, 3, 7, 1, 7, 3, 6, 2], [5, 2, 7, 0, 5, 1, 4, 1], [7, 0, 1, 1, 0, 1, 5, 0], [3, 4, 4, 7, 0, 1, 1, 4], [6, 6, 6, 0, 2, 6, 6, 2], [0, 5, 1, 1, 6, 4, 0, 0], [7, 2, 4, 6, 1, 6, 1, 5], [7, 3, 7, 0, 1, 0, 0, 1], [7, 7, 4, 5, 2, 7, 1, 1], [5, 0, 0, 0, 0, 6, 3, 5], [4, 6, 6, 6, 5, 0, 0, 7], [6, 6, 2, 6, 1, 4, 4, 6]], "control": {"col_treasures": 4, "solution_length": 23}, "info": {"regions": 1, "players": 8, "exits": 5, "layout": 35, "heuristic": -1, "solution": [], "content": [[2, 3, 7, 1, 7, 3, 6, 2], [5, 2, 7, 0, 5, 1, 4, 1], [7, 0, 1, 1, 0, 1, 5, 0], [3, 4, 4, 7, 0, 1, 1, 4], [6, 6, 6, 0, 2, 6, 6, 2], [0, 5, 1, 1, 6, 4, 0, 0], [7, 2, 4, 6, 1, 6, 1, 5], [7, 3, 7, 0, 1, 0, 0, 1], [7, 7, 4, 5, 2, 7, 1, 1], [5, 0, 0, 0, 0, 6, 3, 5], [4, 6, 6, 6, 5, 0, 0, 7], [6, 6, 2, 6, 1, 4, 4, 6]], "potions": 10, "treasures": 9, "enemies": 29, "solution_length": 0, "enemies_loc": [[2, 0], [4, 0], [6, 0], [2, 1], [0, 2], [3, 3], [0, 4], [1, 4], [2, 4], [5, 4], [6, 4], [4, 5], [0, 6], [3, 6], [5, 6], [0, 7], [2, 7], [0, 8], [1, 8], [5, 8], [5, 9], [1, 10], [2, 10], [3, 10], [7, 10], [0, 11], [1, 11], [3, 11], [7, 11]]}, "quality": 0.30755847950881393, "diversity": 0.3658359616346917, "controlability": 0.0}