{"content": [[2, 3, 7, 1, 6, 7, 4, 3], [4, 1, 0, 5, 1, 7, 1, 7], [6, 5, 2, 4, 7, 3, 5, 1], [7, 3, 7, 0, 0, 2, 5, 1], [1, 0, 4, 1, 4, 1, 6, 0], [1, 1, 5, 1, 1, 4, 0, 4], [0, 5, 1, 6, 1, 5, 5, 5], [4, 5, 7, 1, 1, 2, 0, 1], [0, 7, 1, 2, 2, 1, 5, 1], [5, 6, 0, 0, 4, 6, 1, 0], [2, 5, 6, 3, 4, 7, 6, 0], [0, 3, 3, 0, 1, 0, 4, 7]], "control": {"col_treasures": 8, "solution_length": 30}, "info": {"regions": 1, "players": 7, "exits": 7, "layout": 39, "heuristic": -1, "solution": [], "content": [[2, 3, 7, 1, 6, 7, 4, 3], [4, 1, 0, 5, 1, 7, 1, 7], [6, 5, 2, 4, 7, 3, 5, 1], [7, 3, 7, 0, 0, 2, 5, 1], [1, 0, 4, 1, 4, 1, 6, 0], [1, 1, 5, 1, 1, 4, 0, 4], [0, 5, 1, 6, 1, 5, 5, 5], [4, 5, 7, 1, 1, 2, 0, 1], [0, 7, 1, 2, 2, 1, 5, 1], [5, 6, 0, 0, 4, 6, 1, 0], [2, 5, 6, 3, 4, 7, 6, 0], [0, 3, 3, 0, 1, 0, 4, 7]], "potions": 11, "treasures": 13, "enemies": 19, "solution_length": 0, "enemies_loc": [[2, 0], [4, 0], [5, 0], [5, 1], [7, 1], [0, 2], [4, 2], [0, 3], [2, 3], [6, 4], [3, 6], [2, 7], [1, 8], [1, 9], [5, 9], [2, 10], [5, 10], [6, 10], [7, 11]]}, "quality": 0.312412280677321, "diversity": 0.3700686966879989, "controlability": 0.0}