{"content": [[0, 3, 3, 1, 7, 3, 6, 5], [5, 7, 5, 4, 1, 6, 2, 0], [7, 0, 1, 1, 0, 1, 5, 1], [3, 4, 1, 0, 1, 4, 2, 4], [0, 5, 1, 0, 1, 6, 6, 2], [1, 6, 2, 1, 5, 2, 0, 0], [1, 1, 7, 0, 4, 6, 2, 5], [4, 1, 7, 4, 4, 4, 0, 1], [2, 1, 6, 1, 3, 4, 1, 1], [1, 2, 0, 0, 0, 3, 2, 5], [5, 0, 3, 5, 2, 3, 0, 1], [6, 6, 2, 3, 1, 4, 2, 6]], "control": {"col_treasures": 18, "solution_length": 45}, "info": {"regions": 1, "players": 12, "exits": 9, "layout": 39, "heuristic": -1, "solution": [], "content": [[0, 3, 3, 1, 7, 3, 6, 5], [5, 7, 5, 4, 1, 6, 2, 0], [7, 0, 1, 1, 0, 1, 5, 1], [3, 4, 1, 0, 1, 4, 2, 4], [0, 5, 1, 0, 1, 6, 6, 2], [1, 6, 2, 1, 5, 2, 0, 0], [1, 1, 7, 0, 4, 6, 2, 5], [4, 1, 7, 4, 4, 4, 0, 1], [2, 1, 6, 1, 3, 4, 1, 1], [1, 2, 0, 0, 0, 3, 2, 5], [5, 0, 3, 5, 2, 3, 0, 1], [6, 6, 2, 3, 1, 4, 2, 6]], "potions": 11, "treasures": 10, "enemies": 15, "solution_length": 0, "enemies_loc": [[4, 0], [6, 0], [1, 1], [5, 1], [0, 2], [5, 4], [6, 4], [1, 5], [2, 6], [5, 6], [2, 7], [2, 8], [0, 11], [1, 11], [7, 11]]}, "quality": 0.30749999997608374, "diversity": 0.5859374916015627, "controlability": 0.0}