{"content": [[5, 1, 7, 1, 2, 4, 6, 6], [5, 0, 7, 0, 5, 1, 7, 1], [0, 3, 6, 4, 0, 1, 5, 0], [0, 2, 0, 0, 0, 7, 1, 1], [1, 6, 3, 1, 6, 1, 6, 2], [0, 2, 1, 1, 5, 7, 6, 0], [0, 2, 4, 7, 0, 2, 1, 7], [0, 0, 7, 0, 2, 2, 4, 1], [5, 2, 1, 5, 1, 7, 1, 1], [1, 6, 7, 6, 0, 3, 6, 0], [2, 0, 6, 3, 4, 6, 0, 7], [0, 3, 0, 6, 6, 5, 5, 7]], "control": {"col_treasures": 4, "solution_length": 23}, "info": {"regions": 2, "players": 10, "exits": 5, "layout": 41, "heuristic": -1, "solution": [], "content": [[5, 1, 7, 1, 2, 4, 6, 6], [5, 0, 7, 0, 5, 1, 7, 1], [0, 3, 6, 4, 0, 1, 5, 0], [0, 2, 0, 0, 0, 7, 1, 1], [1, 6, 3, 1, 6, 1, 6, 2], [0, 2, 1, 1, 5, 7, 6, 0], [0, 2, 4, 7, 0, 2, 1, 7], [0, 0, 7, 0, 2, 2, 4, 1], [5, 2, 1, 5, 1, 7, 1, 1], [1, 6, 7, 6, 0, 3, 6, 0], [2, 0, 6, 3, 4, 6, 0, 7], [0, 3, 0, 6, 6, 5, 5, 7]], "potions": 5, "treasures": 9, "enemies": 26, "solution_length": 0, "enemies_loc": [[2, 0], [6, 0], [7, 0], [2, 1], [6, 1], [2, 2], [5, 3], [1, 4], [4, 4], [6, 4], [5, 5], [6, 5], [3, 6], [7, 6], [2, 7], [5, 8], [1, 9], [2, 9], [3, 9], [6, 9], [2, 10], [5, 10], [7, 10], [3, 11], [4, 11], [7, 11]]}, "quality": 0.3067363660156274, "diversity": 0.3722857891670337, "controlability": 0.0}