{"content": [[2, 3, 4, 1, 6, 5, 4, 3], [5, 1, 0, 5, 5, 7, 1, 1], [6, 0, 2, 4, 0, 1, 5, 1], [0, 2, 1, 0, 0, 7, 5, 1], [1, 0, 4, 1, 6, 1, 6, 0], [1, 6, 5, 7, 1, 4, 6, 4], [2, 5, 4, 7, 0, 7, 0, 5], [4, 5, 7, 0, 1, 3, 1, 6], [5, 0, 1, 2, 5, 1, 5, 5], [1, 6, 7, 6, 0, 6, 1, 0], [2, 5, 6, 1, 4, 6, 0, 0], [0, 3, 3, 0, 6, 1, 4, 1]], "control": {"col_treasures": 4, "solution_length": 23}, "info": {"regions": 1, "players": 6, "exits": 5, "layout": 40, "heuristic": -1, "solution": [], "content": [[2, 3, 4, 1, 6, 5, 4, 3], [5, 1, 0, 5, 5, 7, 1, 1], [6, 0, 2, 4, 0, 1, 5, 1], [0, 2, 1, 0, 0, 7, 5, 1], [1, 0, 4, 1, 6, 1, 6, 0], [1, 6, 5, 7, 1, 4, 6, 4], [2, 5, 4, 7, 0, 7, 0, 5], [4, 5, 7, 0, 1, 3, 1, 6], [5, 0, 1, 2, 5, 1, 5, 5], [1, 6, 7, 6, 0, 6, 1, 0], [2, 5, 6, 1, 4, 6, 0, 0], [0, 3, 3, 0, 6, 1, 4, 1]], "potions": 10, "treasures": 15, "enemies": 20, "solution_length": 0, "enemies_loc": [[4, 0], [5, 1], [0, 2], [5, 3], [4, 4], [6, 4], [1, 5], [3, 5], [6, 5], [3, 6], [5, 6], [2, 7], [7, 7], [1, 9], [2, 9], [3, 9], [5, 9], [2, 10], [5, 10], [4, 11]]}, "quality": 0.3159064327235937, "diversity": 0.3846153754807694, "controlability": 0.0}