{"content": [[2, 3, 1, 2, 7, 1, 2, 2], [2, 4, 5, 2, 1, 6, 4, 1], [6, 1, 1, 5, 4, 3, 5, 1], [0, 4, 1, 3, 4, 4, 1, 4], [6, 0, 1, 3, 3, 4, 1, 2], [0, 0, 0, 1, 4, 1, 7, 0], [6, 1, 4, 7, 3, 1, 0, 0], [1, 3, 4, 7, 1, 4, 0, 0], [1, 1, 2, 1, 6, 4, 1, 1], [1, 5, 6, 0, 2, 1, 3, 7], [4, 0, 5, 6, 5, 2, 1, 0], [6, 6, 2, 1, 1, 4, 0, 1]], "control": {"col_treasures": 11, "solution_length": 35}, "info": {"regions": 3, "players": 11, "exits": 8, "layout": 42, "heuristic": -1, "solution": [], "content": [[2, 3, 1, 2, 7, 1, 2, 2], [2, 4, 5, 2, 1, 6, 4, 1], [6, 1, 1, 5, 4, 3, 5, 1], [0, 4, 1, 3, 4, 4, 1, 4], [6, 0, 1, 3, 3, 4, 1, 2], [0, 0, 0, 1, 4, 1, 7, 0], [6, 1, 4, 7, 3, 1, 0, 0], [1, 3, 4, 7, 1, 4, 0, 0], [1, 1, 2, 1, 6, 4, 1, 1], [1, 5, 6, 0, 2, 1, 3, 7], [4, 0, 5, 6, 5, 2, 1, 0], [6, 6, 2, 1, 1, 4, 0, 1]], "potions": 15, "treasures": 6, "enemies": 14, "solution_length": 0, "enemies_loc": [[4, 0], [5, 1], [0, 2], [0, 4], [6, 5], [0, 6], [3, 6], [3, 7], [4, 8], [2, 9], [7, 9], [3, 10], [0, 11], [1, 11]]}, "quality": 0.29756629938518053, "diversity": 0.39512949530194286, "controlability": 0.0}