{"content": [[0, 1, 6, 5, 3, 5, 6, 6], [4, 0, 7, 5, 1, 7, 3, 6], [7, 3, 7, 3, 3, 1, 5, 1], [0, 2, 7, 0, 1, 3, 1, 5], [0, 5, 1, 1, 6, 0, 6, 2], [0, 2, 2, 0, 5, 7, 6, 0], [1, 5, 4, 1, 7, 5, 6, 7], [4, 0, 7, 0, 2, 3, 4, 1], [5, 1, 1, 3, 1, 4, 1, 5], [1, 3, 1, 0, 2, 3, 5, 0], [2, 0, 7, 2, 2, 6, 0, 0], [5, 6, 5, 6, 6, 0, 7, 1]], "control": {"col_treasures": 8, "solution_length": 30}, "info": {"regions": 2, "players": 9, "exits": 10, "layout": 35, "heuristic": -1, "solution": [], "content": [[0, 1, 6, 5, 3, 5, 6, 6], [4, 0, 7, 5, 1, 7, 3, 6], [7, 3, 7, 3, 3, 1, 5, 1], [0, 2, 7, 0, 1, 3, 1, 5], [0, 5, 1, 1, 6, 0, 6, 2], [0, 2, 2, 0, 5, 7, 6, 0], [1, 5, 4, 1, 7, 5, 6, 7], [4, 0, 7, 0, 2, 3, 4, 1], [5, 1, 1, 3, 1, 4, 1, 5], [1, 3, 1, 0, 2, 3, 5, 0], [2, 0, 7, 2, 2, 6, 0, 0], [5, 6, 5, 6, 6, 0, 7, 1]], "potions": 5, "treasures": 14, "enemies": 23, "solution_length": 0, "enemies_loc": [[2, 0], [6, 0], [7, 0], [2, 1], [5, 1], [7, 1], [0, 2], [2, 2], [2, 3], [4, 4], [6, 4], [5, 5], [6, 5], [4, 6], [6, 6], [7, 6], [2, 7], [2, 10], [5, 10], [1, 11], [3, 11], [4, 11], [6, 11]]}, "quality": 0.295596015140466, "diversity": 0.3784442113722283, "controlability": 0.0}