{"content": [[2, 5, 1, 1, 5, 6, 5, 5], [3, 0, 7, 4, 3, 7, 7, 2], [6, 0, 6, 1, 2, 1, 6, 0], [4, 1, 3, 6, 0, 4, 5, 1], [4, 6, 0, 6, 6, 4, 6, 6], [0, 2, 1, 7, 4, 2, 6, 4], [5, 4, 0, 2, 7, 7, 0, 0], [4, 5, 4, 0, 7, 2, 1, 6], [0, 0, 2, 1, 0, 4, 3, 3], [7, 7, 0, 6, 1, 6, 2, 0], [1, 5, 1, 0, 0, 4, 0, 7], [1, 3, 4, 6, 4, 1, 4, 5]], "control": {"col_treasures": 18, "solution_length": 46}, "info": {"regions": 1, "players": 9, "exits": 6, "layout": 32, "heuristic": -1, "solution": [], "content": [[2, 5, 1, 1, 5, 6, 5, 5], [3, 0, 7, 4, 3, 7, 7, 2], [6, 0, 6, 1, 2, 1, 6, 0], [4, 1, 3, 6, 0, 4, 5, 1], [4, 6, 0, 6, 6, 4, 6, 6], [0, 2, 1, 7, 4, 2, 6, 4], [5, 4, 0, 2, 7, 7, 0, 0], [4, 5, 4, 0, 7, 2, 1, 6], [0, 0, 2, 1, 0, 4, 3, 3], [7, 7, 0, 6, 1, 6, 2, 0], [1, 5, 1, 0, 0, 4, 0, 7], [1, 3, 4, 6, 4, 1, 4, 5]], "potions": 15, "treasures": 9, "enemies": 25, "solution_length": 0, "enemies_loc": [[5, 0], [2, 1], [5, 1], [6, 1], [0, 2], [2, 2], [6, 2], [3, 3], [1, 4], [3, 4], [4, 4], [6, 4], [7, 4], [3, 5], [6, 5], [4, 6], [5, 6], [4, 7], [7, 7], [0, 9], [1, 9], [3, 9], [5, 9], [7, 10], [3, 11]]}, "quality": 0.30198830407123317, "diversity": 0.3786103127885301, "controlability": 0.0}