{"content": [[2, 5, 4, 5, 2, 7, 3, 3], [5, 4, 5, 5, 1, 6, 2, 0], [7, 5, 1, 5, 2, 3, 5, 1], [1, 0, 4, 4, 0, 4, 5, 5], [6, 3, 1, 0, 2, 6, 6, 4], [3, 6, 0, 0, 4, 4, 0, 5], [0, 7, 0, 0, 1, 5, 0, 0], [7, 3, 7, 7, 1, 0, 1, 1], [2, 1, 0, 2, 6, 3, 0, 1], [1, 5, 1, 0, 1, 4, 1, 7], [2, 0, 4, 2, 2, 2, 0, 6], [1, 0, 3, 0, 0, 0, 6, 4]], "control": {"col_treasures": 8, "solution_length": 30}, "info": {"regions": 1, "players": 11, "exits": 8, "layout": 38, "heuristic": -1, "solution": [], "content": [[2, 5, 4, 5, 2, 7, 3, 3], [5, 4, 5, 5, 1, 6, 2, 0], [7, 5, 1, 5, 2, 3, 5, 1], [1, 0, 4, 4, 0, 4, 5, 5], [6, 3, 1, 0, 2, 6, 6, 4], [3, 6, 0, 0, 4, 4, 0, 5], [0, 7, 0, 0, 1, 5, 0, 0], [7, 3, 7, 7, 1, 0, 1, 1], [2, 1, 0, 2, 6, 3, 0, 1], [1, 5, 1, 0, 1, 4, 1, 7], [2, 0, 4, 2, 2, 2, 0, 6], [1, 0, 3, 0, 0, 0, 6, 4]], "potions": 11, "treasures": 13, "enemies": 15, "solution_length": 0, "enemies_loc": [[5, 0], [5, 1], [0, 2], [0, 4], [5, 4], [6, 4], [1, 5], [1, 6], [0, 7], [2, 7], [3, 7], [4, 8], [7, 9], [7, 10], [6, 11]]}, "quality": 0.30751461985926626, "diversity": 0.377372676028646, "controlability": 0.0}