{"content": [[1, 1, 1, 1, 2, 5, 4, 7], [5, 0, 5, 0, 6, 5, 0, 1], [2, 0, 7, 4, 3, 7, 5, 1], [0, 7, 1, 4, 0, 7, 6, 0], [1, 7, 1, 1, 6, 3, 7, 4], [2, 6, 6, 7, 5, 7, 7, 4], [0, 2, 0, 0, 0, 1, 0, 7], [4, 0, 1, 0, 7, 2, 4, 7], [5, 0, 1, 5, 5, 1, 0, 1], [4, 7, 6, 3, 1, 4, 7, 0], [2, 5, 6, 1, 7, 6, 0, 2], [0, 5, 7, 0, 7, 1, 1, 2]], "control": {"col_treasures": 4, "solution_length": 23}, "info": {"regions": 1, "players": 8, "exits": 3, "layout": 39, "heuristic": -1, "solution": [], "content": [[1, 1, 1, 1, 2, 5, 4, 7], [5, 0, 5, 0, 6, 5, 0, 1], [2, 0, 7, 4, 3, 7, 5, 1], [0, 7, 1, 4, 0, 7, 6, 0], [1, 7, 1, 1, 6, 3, 7, 4], [2, 6, 6, 7, 5, 7, 7, 4], [0, 2, 0, 0, 0, 1, 0, 7], [4, 0, 1, 0, 7, 2, 4, 7], [5, 0, 1, 5, 5, 1, 0, 1], [4, 7, 6, 3, 1, 4, 7, 0], [2, 5, 6, 1, 7, 6, 0, 2], [0, 5, 7, 0, 7, 1, 1, 2]], "potions": 9, "treasures": 11, "enemies": 26, "solution_length": 0, "enemies_loc": [[7, 0], [4, 1], [2, 2], [5, 2], [1, 3], [5, 3], [6, 3], [1, 4], [4, 4], [6, 4], [1, 5], [2, 5], [3, 5], [5, 5], [6, 5], [7, 6], [4, 7], [7, 7], [1, 9], [2, 9], [6, 9], [2, 10], [4, 10], [5, 10], [2, 11], [4, 11]]}, "quality": 0.31451754383499414, "diversity": 0.3704954865709462, "controlability": 0.0}