{"content": [[2, 3, 7, 1, 2, 5, 4, 6], [5, 0, 7, 0, 5, 7, 7, 1], [6, 0, 7, 4, 0, 1, 2, 1], [0, 2, 1, 6, 0, 7, 1, 5], [6, 5, 3, 1, 6, 1, 6, 0], [3, 6, 1, 7, 5, 7, 6, 4], [0, 2, 4, 7, 0, 7, 0, 7], [4, 0, 7, 0, 7, 2, 4, 4], [5, 0, 1, 5, 5, 1, 5, 5], [1, 6, 7, 6, 0, 4, 1, 0], [2, 5, 6, 1, 4, 2, 2, 0], [0, 3, 4, 0, 6, 1, 4, 1]], "control": {"col_treasures": 4, "solution_length": 23}, "info": {"regions": 1, "players": 9, "exits": 4, "layout": 34, "heuristic": -1, "solution": [], "content": [[2, 3, 7, 1, 2, 5, 4, 6], [5, 0, 7, 0, 5, 7, 7, 1], [6, 0, 7, 4, 0, 1, 2, 1], [0, 2, 1, 6, 0, 7, 1, 5], [6, 5, 3, 1, 6, 1, 6, 0], [3, 6, 1, 7, 5, 7, 6, 4], [0, 2, 4, 7, 0, 7, 0, 7], [4, 0, 7, 0, 7, 2, 4, 4], [5, 0, 1, 5, 5, 1, 5, 5], [1, 6, 7, 6, 0, 4, 1, 0], [2, 5, 6, 1, 4, 2, 2, 0], [0, 3, 4, 0, 6, 1, 4, 1]], "potions": 11, "treasures": 12, "enemies": 26, "solution_length": 0, "enemies_loc": [[2, 0], [7, 0], [2, 1], [5, 1], [6, 1], [0, 2], [2, 2], [3, 3], [5, 3], [0, 4], [4, 4], [6, 4], [1, 5], [3, 5], [5, 5], [6, 5], [3, 6], [5, 6], [7, 6], [2, 7], [4, 7], [1, 9], [2, 9], [3, 9], [2, 10], [4, 11]]}, "quality": 0.30616959062021437, "diversity": 0.33907312102997467, "controlability": 0.0}