{"content": {"layout": [4, 13, 5, 9, 4, 15, 5, 3, 4, 11, 0, 0, 0, 6, 12, 1], "start": 3, "boss": 15, "shop": 4, "treasure": 0}, "control": {"map_size": 11}, "info": {"map_size": 13, "num_regions": 1, "connect_regions": 2, "loose_connections": 2, "locations": 4, "player_boss_distance": 5, "flat": [0, 0, 0, 0, 0, 0, 0, 0, 0, 0, 0, 0, 0, 1, 2, 2, 1, 2, 2, 1, 2, 2, 1, 0, 0, 0, 0, 0, 2, 0, 0, 0, 0, 0, 2, 0, 0, 0, 0, 0, 2, 0, 0, 0, 0, 0, 2, 0, 0, 1, 2, 2, 1, 2, 2, 1, 2, 2, 1, 0, 0, 0, 0, 0, 2, 0, 0, 0, 0, 0, 0, 0, 0, 0, 0, 0, 2, 0, 0, 0, 0, 0, 0, 0, 0, 1, 2, 2, 1, 0, 0, 0, 0, 0, 0, 0, 0, 0, 0, 0, 2, 0, 0, 0, 0, 0, 0, 0, 0, 0, 0, 0, 2, 0, 0, 0, 0, 0, 0, 0, 0, 0, 0, 0, 1, 2, 0, 1, 2, 2, 1, 0, 0, 0, 0, 0, 0, 0, 0, 2, 0, 0, 0, 0], "dead_end": 3}, "quality": 0.5899999999066667, "diversity": 0.3925253312840917, "controlability": 0.8124999987304689}