{"content": [[1, 1, 1, 0, 5, 1, 1, 1, 0, 4, 0], [1, 1, 1, 1, 0, 1, 1, 0, 0, 1, 0], [1, 1, 1, 1, 1, 1, 1, 0, 1, 1, 1], [0, 1, 5, 0, 0, 1, 2, 1, 0, 1, 0], [5, 5, 5, 1, 1, 5, 1, 1, 1, 1, 1], [1, 0, 0, 1, 5, 0, 1, 4, 5, 4, 1], [1, 1, 0, 0, 1, 1, 1, 2, 1, 3, 1]], "control": {"player_key": 17, "key_door": 17}, "info": {"regions": 1, "players": 2, "keys": 1, "doors": 3, "enemies": 8, "player_key": 6, "key_door": 6, "pk_path": [[6, 3], [6, 4], [6, 5], [6, 6], [7, 6], [8, 6], [9, 6]], "kd_path": []}, "quality": 0.49410823717838026, "diversity": 1.0, "controlability": 0.39999999973333333}