{"content": [[1, 1, 1, 0, 1, 1, 0, 0, 0, 1, 0], [1, 5, 1, 2, 0, 1, 1, 0, 0, 1, 0], [1, 1, 1, 1, 1, 1, 1, 0, 1, 1, 0], [0, 1, 4, 0, 1, 5, 0, 2, 0, 1, 0], [1, 0, 1, 1, 1, 1, 1, 1, 4, 1, 1], [1, 0, 1, 1, 4, 0, 1, 1, 5, 1, 1], [1, 2, 5, 0, 1, 1, 0, 0, 1, 3, 1]], "control": {"player_key": 17, "key_door": 17}, "info": {"regions": 1, "players": 3, "keys": 1, "doors": 3, "enemies": 4, "player_key": 11, "key_door": 10, "pk_path": [[3, 1], [3, 2], [4, 2], [4, 3], [4, 4], [5, 4], [6, 4], [6, 5], [7, 5], [8, 5], [8, 6], [9, 6]], "kd_path": []}, "quality": 0.49671052629977497, "diversity": 0.8282828173400678, "controlability": 0.6999999995333333}