{"content": [[1, 1, 0, 0, 1, 0, 1, 1, 1, 0, 0, 1, 0, 0], [1, 1, 1, 0, 0, 1, 1, 1, 1, 0, 0, 1, 0, 1], [1, 1, 0, 0, 1, 0, 1, 0, 1, 0, 1, 0, 1, 0], [1, 1, 0, 0, 0, 0, 0, 0, 1, 1, 0, 0, 0, 1], [1, 1, 0, 0, 0, 0, 1, 0, 1, 0, 1, 1, 1, 0], [1, 0, 1, 0, 1, 0, 1, 1, 0, 0, 1, 1, 0, 0], [1, 1, 0, 0, 0, 0, 0, 1, 0, 1, 0, 0, 1, 0], [1, 1, 1, 1, 1, 0, 1, 1, 1, 1, 1, 0, 1, 1], [1, 1, 0, 1, 1, 1, 1, 0, 0, 0, 1, 1, 1, 0], [1, 0, 0, 1, 0, 1, 0, 1, 0, 0, 0, 0, 1, 1], [1, 0, 0, 1, 0, 0, 0, 1, 1, 0, 1, 1, 1, 0], [1, 1, 1, 0, 1, 0, 1, 1, 0, 0, 1, 0, 1, 0], [1, 1, 1, 0, 1, 1, 0, 0, 0, 0, 0, 0, 0, 0], [1, 0, 1, 1, 0, 0, 1, 1, 0, 1, 0, 0, 1, 0]], "control": {"path": 38}, "info": {"path": 29, "regions": 17, "flat": [1, 1, 0, 0, 1, 0, 1, 1, 1, 0, 0, 1, 0, 0, 1, 1, 1, 0, 0, 1, 1, 1, 1, 0, 0, 1, 0, 1, 1, 1, 0, 0, 1, 0, 1, 0, 1, 0, 1, 0, 1, 0, 1, 1, 0, 0, 0, 0, 0, 0, 1, 1, 0, 0, 0, 1, 1, 1, 0, 0, 0, 0, 1, 0, 1, 0, 1, 1, 1, 0, 1, 0, 1, 0, 1, 0, 1, 1, 0, 0, 1, 1, 0, 0, 1, 1, 0, 0, 0, 0, 0, 1, 0, 1, 0, 0, 1, 0, 1, 1, 1, 1, 1, 0, 1, 1, 1, 1, 1, 0, 1, 1, 1, 1, 0, 1, 1, 1, 1, 0, 0, 0, 1, 1, 1, 0, 1, 0, 0, 1, 0, 1, 0, 1, 0, 0, 0, 0, 1, 1, 1, 0, 0, 1, 0, 0, 0, 1, 1, 0, 1, 1, 1, 0, 1, 1, 1, 0, 1, 0, 1, 1, 0, 0, 1, 0, 1, 0, 1, 1, 1, 0, 1, 1, 0, 0, 0, 0, 0, 0, 0, 0, 1, 0, 1, 1, 0, 0, 1, 1, 0, 1, 0, 0, 1, 0]}, "quality": 0.569892473080703, "diversity": 0.8840445268005045, "controlability": 0.9354838706659729}