{"content": [[1, 1, 1, 7, 4, 5, 7, 1], [0, 2, 0, 0, 4, 7, 4, 5], [0, 7, 3, 4, 5, 6, 6, 1], [0, 5, 6, 5, 0, 7, 4, 1], [6, 0, 7, 6, 6, 1, 7, 6], [1, 6, 0, 7, 1, 7, 0, 4], [6, 7, 6, 1, 1, 7, 0, 5], [0, 6, 7, 0, 6, 0, 1, 1], [4, 5, 4, 1, 0, 4, 1, 1], [4, 5, 7, 7, 0, 4, 1, 6], [6, 5, 6, 1, 7, 1, 0, 1], [4, 1, 7, 0, 7, 7, 1, 1]], "control": {"col_treasures": 18, "solution_length": 45}, "info": {"regions": 1, "players": 1, "exits": 1, "layout": 40, "heuristic": 0, "solution": [{"x": 2, "y": 2, "action": {"x": 0, "y": 1}}, {"x": 2, "y": 3, "action": {"x": 1, "y": 0}}, {"x": 3, "y": 3, "action": {"x": 0, "y": 0}}], "content": [[1, 1, 1, 7, 4, 5, 7, 1], [0, 2, 0, 0, 4, 7, 4, 5], [0, 7, 3, 4, 5, 6, 6, 1], [0, 5, 6, 5, 0, 7, 4, 1], [6, 0, 7, 6, 6, 1, 7, 6], [1, 6, 0, 7, 1, 7, 0, 4], [6, 7, 6, 1, 1, 7, 0, 5], [0, 6, 7, 0, 6, 0, 1, 1], [4, 5, 4, 1, 0, 4, 1, 1], [4, 5, 7, 7, 0, 4, 1, 6], [6, 5, 6, 1, 7, 1, 0, 1], [4, 1, 7, 0, 7, 7, 1, 1]], "potions": 12, "treasures": 9, "enemies": 33, "solution_length": 3, "enemies_loc": [[3, 0], [6, 0], [5, 1], [1, 2], [5, 2], [6, 2], [2, 3], [5, 3], [0, 4], [2, 4], [3, 4], [4, 4], [6, 4], [7, 4], [1, 5], [3, 5], [5, 5], [0, 6], [1, 6], [2, 6], [5, 6], [1, 7], [2, 7], [4, 7], [2, 9], [3, 9], [7, 9], [0, 10], [2, 10], [4, 10], [2, 11], [4, 11], [5, 11]], "status": "win", "health": 3, "col_treasures": 0, "col_potions": 0, "col_enemies": 1}, "quality": 0.8347222221421586, "diversity": 0.21989154735659255, "controlability": 0.036585365844735276}