{"content": [[0, 1, 0, 0, 1, 1, 1, 0, 1, 1, 1, 1, 0, 0], [1, 1, 1, 0, 0, 1, 1, 0, 0, 1, 1, 0, 0, 1], [1, 1, 1, 1, 1, 1, 0, 0, 0, 0, 0, 1, 1, 0], [1, 0, 0, 0, 0, 1, 1, 1, 0, 1, 0, 0, 1, 1], [1, 0, 1, 0, 1, 0, 1, 1, 0, 1, 0, 1, 1, 0], [0, 1, 1, 0, 0, 1, 1, 0, 0, 1, 1, 1, 1, 0], [1, 1, 1, 0, 1, 1, 1, 1, 0, 1, 0, 0, 0, 1], [0, 0, 0, 0, 1, 0, 1, 0, 0, 0, 0, 0, 1, 0], [0, 0, 1, 0, 1, 0, 0, 0, 1, 0, 1, 0, 1, 0], [1, 1, 0, 0, 0, 0, 0, 1, 1, 0, 0, 1, 1, 1], [0, 1, 0, 0, 1, 0, 1, 0, 1, 0, 1, 0, 0, 1], [0, 1, 0, 0, 0, 0, 1, 1, 0, 1, 1, 1, 1, 0], [1, 0, 0, 1, 1, 1, 0, 0, 0, 1, 1, 0, 0, 1], [0, 0, 0, 0, 1, 0, 0, 1, 1, 0, 0, 0, 0, 0]], "control": {"path": 65}, "info": {"path": 16, "regions": 19, "flat": [0, 1, 0, 0, 1, 1, 1, 0, 1, 1, 1, 1, 0, 0, 1, 1, 1, 0, 0, 1, 1, 0, 0, 1, 1, 0, 0, 1, 1, 1, 1, 1, 1, 1, 0, 0, 0, 0, 0, 1, 1, 0, 1, 0, 0, 0, 0, 1, 1, 1, 0, 1, 0, 0, 1, 1, 1, 0, 1, 0, 1, 0, 1, 1, 0, 1, 0, 1, 1, 0, 0, 1, 1, 0, 0, 1, 1, 0, 0, 1, 1, 1, 1, 0, 1, 1, 1, 0, 1, 1, 1, 1, 0, 1, 0, 0, 0, 1, 0, 0, 0, 0, 1, 0, 1, 0, 0, 0, 0, 0, 1, 0, 0, 0, 1, 0, 1, 0, 0, 0, 1, 0, 1, 0, 1, 0, 1, 1, 0, 0, 0, 0, 0, 1, 1, 0, 0, 1, 1, 1, 0, 1, 0, 0, 1, 0, 1, 0, 1, 0, 1, 0, 0, 1, 0, 1, 0, 0, 0, 0, 1, 1, 0, 1, 1, 1, 1, 0, 1, 0, 0, 1, 1, 1, 0, 0, 0, 1, 1, 0, 0, 1, 0, 0, 0, 0, 1, 0, 0, 1, 1, 0, 0, 0, 0, 0]}, "quality": 0.3018433178616379, "diversity": 0.9974489795283866, "controlability": 0.27586206891795484}