{"content": [[1, 1, 1, 0, 1, 1, 1, 1, 0, 1, 0], [1, 5, 1, 1, 0, 0, 1, 0, 1, 1, 0], [1, 1, 1, 1, 0, 1, 1, 5, 1, 1, 0], [0, 1, 0, 0, 0, 1, 0, 1, 0, 1, 0], [1, 1, 0, 1, 1, 1, 0, 1, 5, 1, 1], [1, 0, 1, 1, 1, 0, 1, 1, 0, 1, 2], [1, 4, 0, 0, 1, 1, 0, 0, 1, 3, 1]], "control": {"player_key": 17, "key_door": 17}, "info": {"regions": 2, "players": 1, "keys": 1, "doors": 1, "enemies": 3, "player_key": 2, "key_door": -1, "pk_path": [[10, 5], [10, 6], [9, 6]], "kd_path": []}, "quality": 0.5876865668467365, "diversity": 0.647342984702094, "controlability": 0.06666666662222222}