{"content": {"layout": [13, 15, 12, 9, 7, 10, 15, 10, 8, 10, 0, 13, 5, 7, 5, 5], "start": 8, "boss": 13, "shop": 13, "treasure": 8}, "control": {"map_size": 10}, "info": {"map_size": 15, "num_regions": 1, "connect_regions": 4, "loose_connections": 15, "locations": 2, "player_boss_distance": 2, "flat": [0, 0, 0, 0, 2, 0, 0, 0, 0, 0, 0, 0, 2, 1, 2, 2, 1, 2, 0, 1, 2, 2, 1, 0, 0, 2, 0, 0, 2, 0, 0, 2, 0, 0, 2, 0, 0, 2, 0, 0, 2, 0, 0, 2, 0, 0, 2, 0, 2, 1, 2, 0, 1, 0, 2, 1, 2, 0, 1, 0, 0, 0, 0, 0, 2, 0, 0, 2, 0, 0, 2, 0, 0, 0, 0, 0, 2, 0, 0, 0, 0, 0, 0, 0, 0, 1, 0, 0, 1, 0, 0, 0, 0, 2, 1, 2, 0, 2, 0, 0, 2, 0, 0, 0, 0, 0, 2, 0, 0, 0, 0, 0, 2, 0, 0, 0, 0, 0, 0, 0, 2, 1, 2, 2, 1, 2, 2, 1, 2, 2, 1, 2, 0, 0, 0, 0, 0, 0, 0, 0, 0, 0, 0, 0], "dead_end": 1}, "quality": 0.56999999992, "diversity": 0.11946614484829365, "controlability": 1.0}