{"content": {"layout": [13, 15, 14, 5, 0, 14, 15, 5, 4, 15, 4, 13, 6, 14, 5, 15], "start": 11, "boss": 3, "shop": 8, "treasure": 15}, "control": {"map_size": 14}, "info": {"map_size": 15, "num_regions": 1, "connect_regions": 2, "loose_connections": 15, "locations": 4, "player_boss_distance": 2, "flat": [0, 0, 0, 0, 2, 0, 0, 2, 0, 0, 0, 0, 2, 1, 2, 2, 1, 2, 0, 1, 2, 2, 1, 2, 0, 2, 0, 0, 2, 0, 0, 2, 0, 0, 0, 0, 0, 0, 0, 0, 2, 0, 0, 2, 0, 0, 0, 0, 0, 0, 0, 0, 1, 2, 2, 1, 2, 2, 1, 2, 0, 0, 0, 0, 2, 0, 0, 2, 0, 0, 0, 0, 0, 0, 0, 0, 2, 0, 0, 0, 0, 0, 0, 0, 0, 1, 2, 2, 1, 2, 0, 1, 2, 2, 1, 2, 0, 0, 0, 0, 2, 0, 0, 0, 0, 0, 2, 0, 0, 2, 0, 0, 2, 0, 0, 0, 0, 0, 2, 0, 0, 1, 2, 0, 1, 2, 2, 1, 2, 2, 1, 2, 0, 0, 0, 0, 2, 0, 0, 0, 0, 0, 2, 0], "dead_end": 1}, "quality": 0.5899999999066667, "diversity": 0.16377314579656155, "controlability": 0.6562499989746094}