{"content": [[1, 1, 1, 1, 7, 5, 4, 1], [7, 2, 0, 6, 6, 6, 0, 0], [0, 5, 0, 4, 4, 6, 6, 1], [0, 2, 7, 0, 0, 7, 0, 0], [1, 7, 1, 6, 0, 1, 7, 6], [1, 1, 0, 7, 5, 0, 0, 4], [0, 4, 7, 1, 1, 7, 5, 7], [1, 0, 1, 0, 5, 0, 0, 1], [4, 0, 4, 1, 1, 4, 0, 1], [7, 0, 1, 5, 4, 0, 1, 3], [6, 3, 6, 1, 4, 1, 0, 1], [1, 4, 1, 0, 0, 1, 0, 1]], "control": {"col_treasures": 8, "solution_length": 30}, "info": {"regions": 1, "players": 2, "exits": 2, "layout": 55, "heuristic": -1, "solution": [], "content": [[1, 1, 1, 1, 7, 5, 4, 1], [7, 2, 0, 6, 6, 6, 0, 0], [0, 5, 0, 4, 4, 6, 6, 1], [0, 2, 7, 0, 0, 7, 0, 0], [1, 7, 1, 6, 0, 1, 7, 6], [1, 1, 0, 7, 5, 0, 0, 4], [0, 4, 7, 1, 1, 7, 5, 7], [1, 0, 1, 0, 5, 0, 0, 1], [4, 0, 4, 1, 1, 4, 0, 1], [7, 0, 1, 5, 4, 0, 1, 3], [6, 3, 6, 1, 4, 1, 0, 1], [1, 4, 1, 0, 0, 1, 0, 1]], "potions": 11, "treasures": 6, "enemies": 20, "solution_length": 0, "enemies_loc": [[4, 0], [0, 1], [3, 1], [4, 1], [5, 1], [5, 2], [6, 2], [2, 3], [5, 3], [1, 4], [3, 4], [6, 4], [7, 4], [3, 5], [2, 6], [5, 6], [7, 6], [0, 9], [0, 10], [2, 10]]}, "quality": 0.3319298245475162, "diversity": 0.2939918085728238, "controlability": 0.0}