{"content": {"layout": [4, 9, 15, 8, 13, 15, 15, 15, 12, 11, 6, 3, 2, 14, 5, 5], "start": 3, "boss": 12, "shop": 12, "treasure": 4}, "control": {"map_size": 11}, "info": {"map_size": 16, "num_regions": 1, "connect_regions": 1, "loose_connections": 8, "locations": 3, "player_boss_distance": 10, "flat": [0, 0, 0, 0, 0, 0, 0, 2, 0, 0, 0, 0, 0, 1, 2, 2, 1, 0, 2, 1, 2, 0, 1, 0, 0, 0, 0, 0, 2, 0, 0, 2, 0, 0, 2, 0, 0, 0, 0, 0, 2, 0, 0, 2, 0, 0, 2, 0, 2, 1, 2, 2, 1, 2, 2, 1, 2, 2, 1, 2, 0, 2, 0, 0, 2, 0, 0, 2, 0, 0, 2, 0, 0, 0, 0, 0, 2, 0, 0, 2, 0, 0, 2, 0, 0, 1, 2, 2, 1, 0, 0, 1, 2, 2, 1, 0, 0, 2, 0, 0, 2, 0, 0, 0, 0, 0, 0, 0, 0, 2, 0, 0, 2, 0, 0, 0, 0, 0, 0, 0, 0, 1, 0, 0, 1, 2, 2, 1, 2, 2, 1, 2, 0, 0, 0, 0, 2, 0, 0, 0, 0, 0, 0, 0], "dead_end": 2}, "quality": 0.8624999997187501, "diversity": 0.043216765331579365, "controlability": 1.0}