{"content": [[1, 1, 1, 1, 6, 1, 7, 1], [0, 2, 0, 0, 1, 6, 1, 0], [0, 1, 0, 4, 7, 0, 6, 1], [0, 0, 1, 4, 0, 7, 4, 0], [1, 6, 1, 3, 6, 1, 7, 6], [7, 6, 0, 7, 5, 6, 0, 4], [1, 0, 6, 1, 1, 1, 0, 5], [1, 0, 7, 0, 1, 0, 1, 1], [1, 0, 4, 1, 6, 1, 0, 1], [4, 0, 7, 0, 0, 4, 3, 6], [6, 3, 6, 1, 6, 6, 0, 1], [4, 6, 1, 0, 7, 1, 0, 1]], "control": {"col_treasures": 8, "solution_length": 30}, "info": {"regions": 1, "players": 1, "exits": 3, "layout": 57, "heuristic": -1, "solution": [], "content": [[1, 1, 1, 1, 6, 1, 7, 1], [0, 2, 0, 0, 1, 6, 1, 0], [0, 1, 0, 4, 7, 0, 6, 1], [0, 0, 1, 4, 0, 7, 4, 0], [1, 6, 1, 3, 6, 1, 7, 6], [7, 6, 0, 7, 5, 6, 0, 4], [1, 0, 6, 1, 1, 1, 0, 5], [1, 0, 7, 0, 1, 0, 1, 1], [1, 0, 4, 1, 6, 1, 0, 1], [4, 0, 7, 0, 0, 4, 3, 6], [6, 3, 6, 1, 6, 6, 0, 1], [4, 6, 1, 0, 7, 1, 0, 1]], "potions": 8, "treasures": 2, "enemies": 25, "solution_length": 0, "enemies_loc": [[4, 0], [6, 0], [5, 1], [4, 2], [6, 2], [5, 3], [1, 4], [4, 4], [6, 4], [7, 4], [0, 5], [1, 5], [3, 5], [5, 5], [2, 6], [2, 7], [4, 8], [2, 9], [7, 9], [0, 10], [2, 10], [4, 10], [5, 10], [1, 11], [4, 11]]}, "quality": 0.3319298245545337, "diversity": 0.331140343914474, "controlability": 0.0}