{"content": [[1, 1, 1, 1, 7, 1, 7, 1], [5, 2, 1, 6, 4, 6, 4, 0], [4, 0, 0, 4, 4, 6, 3, 1], [0, 5, 5, 0, 0, 7, 4, 1], [7, 7, 1, 6, 6, 1, 2, 6], [1, 1, 0, 0, 0, 6, 0, 4], [0, 0, 6, 1, 1, 1, 0, 5], [1, 0, 0, 0, 1, 1, 1, 1], [4, 0, 4, 1, 0, 4, 0, 1], [4, 0, 5, 7, 1, 4, 1, 6], [6, 3, 6, 0, 7, 6, 0, 1], [4, 4, 1, 0, 7, 1, 1, 1]], "control": {"col_treasures": 18, "solution_length": 45}, "info": {"regions": 1, "players": 2, "exits": 2, "layout": 53, "heuristic": -1, "solution": [], "content": [[1, 1, 1, 1, 7, 1, 7, 1], [5, 2, 1, 6, 4, 6, 4, 0], [4, 0, 0, 4, 4, 6, 3, 1], [0, 5, 5, 0, 0, 7, 4, 1], [7, 7, 1, 6, 6, 1, 2, 6], [1, 1, 0, 0, 0, 6, 0, 4], [0, 0, 6, 1, 1, 1, 0, 5], [1, 0, 0, 0, 1, 1, 1, 1], [4, 0, 4, 1, 0, 4, 0, 1], [4, 0, 5, 7, 1, 4, 1, 6], [6, 3, 6, 0, 7, 6, 0, 1], [4, 4, 1, 0, 7, 1, 1, 1]], "potions": 14, "treasures": 5, "enemies": 20, "solution_length": 0, "enemies_loc": [[4, 0], [6, 0], [3, 1], [5, 1], [5, 2], [5, 3], [0, 4], [1, 4], [3, 4], [4, 4], [7, 4], [5, 5], [2, 6], [3, 9], [7, 9], [0, 10], [2, 10], [4, 10], [5, 10], [4, 11]]}, "quality": 0.3319298245475162, "diversity": 0.8851057663267203, "controlability": 0.0}