{"content": [[1, 1, 1, 1, 7, 1, 6, 0], [7, 0, 0, 0, 1, 7, 6, 0], [0, 2, 1, 1, 7, 1, 7, 1], [7, 5, 1, 0, 0, 7, 1, 0], [1, 0, 1, 0, 6, 1, 7, 0], [1, 7, 5, 7, 7, 6, 7, 4], [6, 5, 6, 1, 0, 0, 1, 6], [4, 0, 1, 0, 1, 6, 0, 1], [7, 0, 4, 5, 2, 3, 0, 1], [4, 0, 1, 7, 6, 4, 7, 6], [6, 7, 0, 1, 7, 6, 0, 1], [2, 0, 1, 0, 7, 7, 1, 1]], "control": {"col_treasures": 8, "solution_length": 30}, "info": {"regions": 2, "players": 3, "exits": 1, "layout": 52, "heuristic": -1, "solution": [], "content": [[1, 1, 1, 1, 7, 1, 6, 0], [7, 0, 0, 0, 1, 7, 6, 0], [0, 2, 1, 1, 7, 1, 7, 1], [7, 5, 1, 0, 0, 7, 1, 0], [1, 0, 1, 0, 6, 1, 7, 0], [1, 7, 5, 7, 7, 6, 7, 4], [6, 5, 6, 1, 0, 0, 1, 6], [4, 0, 1, 0, 1, 6, 0, 1], [7, 0, 4, 5, 2, 3, 0, 1], [4, 0, 1, 7, 6, 4, 7, 6], [6, 7, 0, 1, 7, 6, 0, 1], [2, 0, 1, 0, 7, 7, 1, 1]], "potions": 5, "treasures": 4, "enemies": 31, "solution_length": 0, "enemies_loc": [[4, 0], [6, 0], [0, 1], [5, 1], [6, 1], [4, 2], [6, 2], [0, 3], [5, 3], [4, 4], [6, 4], [1, 5], [3, 5], [4, 5], [5, 5], [6, 5], [0, 6], [2, 6], [7, 6], [5, 7], [0, 8], [3, 9], [4, 9], [6, 9], [7, 9], [0, 10], [1, 10], [4, 10], [5, 10], [4, 11], [5, 11]]}, "quality": 0.3241778865015321, "diversity": 0.361378198016827, "controlability": 0.0}