{"content": {"layout": [3, 7, 2, 11, 2, 0, 10, 5, 15, 13, 5, 6, 2, 4, 13, 9], "start": 4, "boss": 4, "shop": 4, "treasure": 4}, "control": {"map_size": 8}, "info": {"map_size": 15, "num_regions": 1, "connect_regions": 10, "loose_connections": 22, "locations": 1, "player_boss_distance": -1, "flat": [0, 2, 0, 0, 2, 0, 0, 2, 0, 0, 2, 0, 2, 1, 0, 2, 1, 2, 0, 1, 0, 2, 1, 0, 0, 0, 0, 0, 0, 0, 0, 0, 0, 0, 2, 0, 0, 2, 0, 0, 0, 0, 0, 2, 0, 0, 0, 0, 0, 1, 0, 0, 0, 0, 0, 1, 0, 2, 1, 2, 0, 0, 0, 0, 0, 0, 0, 2, 0, 0, 0, 0, 0, 2, 0, 0, 0, 0, 0, 0, 0, 0, 2, 0, 2, 1, 2, 2, 1, 2, 2, 1, 2, 0, 1, 2, 0, 2, 0, 0, 2, 0, 0, 0, 0, 0, 0, 0, 0, 2, 0, 0, 0, 0, 0, 0, 0, 0, 0, 0, 0, 1, 0, 0, 1, 2, 2, 1, 2, 2, 1, 0, 0, 0, 0, 0, 0, 0, 0, 2, 0, 0, 2, 0], "dead_end": 3}, "quality": 0.50999999996, "diversity": 0.04078885716688374, "controlability": 1.0}