{"content": [[1, 1, 1, 0, 5, 1, 1, 1, 0, 1, 0], [1, 1, 1, 1, 0, 1, 1, 0, 0, 1, 0], [1, 1, 1, 1, 1, 1, 1, 0, 1, 1, 0], [0, 1, 0, 0, 0, 1, 0, 1, 0, 1, 2], [1, 5, 1, 1, 1, 1, 1, 1, 1, 1, 1], [1, 0, 1, 1, 4, 0, 1, 1, 0, 1, 1], [1, 0, 0, 0, 1, 1, 0, 0, 1, 3, 1]], "control": {"player_key": 17, "key_door": 17}, "info": {"regions": 1, "players": 1, "keys": 1, "doors": 1, "enemies": 2, "player_key": 4, "key_door": 8, "pk_path": [[10, 3], [10, 4], [10, 5], [10, 6], [9, 6]], "kd_path": []}, "quality": 0.916666666574074, "diversity": 1.0, "controlability": 0.39999999973333333}