{"content": {"layout": [6, 15, 13, 9, 13, 15, 15, 11, 15, 15, 15, 3, 15, 14, 15, 11], "start": 11, "boss": 12, "shop": 14, "treasure": 0}, "control": {"map_size": 11}, "info": {"map_size": 16, "num_regions": 1, "connect_regions": 1, "loose_connections": 11, "locations": 4, "player_boss_distance": 8, "flat": [0, 2, 0, 0, 2, 0, 0, 0, 0, 0, 0, 0, 0, 1, 2, 2, 1, 2, 2, 1, 2, 2, 1, 0, 0, 0, 0, 0, 2, 0, 0, 2, 0, 0, 2, 0, 0, 0, 0, 0, 2, 0, 0, 2, 0, 0, 2, 0, 2, 1, 2, 2, 1, 2, 2, 1, 2, 2, 1, 0, 0, 2, 0, 0, 2, 0, 0, 2, 0, 0, 2, 0, 0, 2, 0, 0, 2, 0, 0, 2, 0, 0, 2, 0, 2, 1, 2, 2, 1, 2, 2, 1, 2, 2, 1, 0, 0, 2, 0, 0, 2, 0, 0, 2, 0, 0, 0, 0, 0, 2, 0, 0, 2, 0, 0, 2, 0, 0, 2, 0, 2, 1, 2, 0, 1, 2, 2, 1, 2, 2, 1, 0, 0, 2, 0, 0, 2, 0, 0, 2, 0, 0, 2, 0], "dead_end": 0}, "quality": 0.9312499999804688, "diversity": 0.44298985767217425, "controlability": 1.0}