{"content": {"layout": [2, 13, 5, 9, 3, 15, 5, 1, 12, 11, 13, 3, 2, 6, 5, 1], "start": 3, "boss": 12, "shop": 3, "treasure": 3}, "control": {"map_size": 11}, "info": {"map_size": 16, "num_regions": 1, "connect_regions": 4, "loose_connections": 9, "locations": 2, "player_boss_distance": -1, "flat": [0, 2, 0, 0, 0, 0, 0, 0, 0, 0, 0, 0, 0, 1, 0, 2, 1, 2, 2, 1, 2, 2, 1, 0, 0, 0, 0, 0, 2, 0, 0, 0, 0, 0, 2, 0, 0, 2, 0, 0, 2, 0, 0, 0, 0, 0, 0, 0, 2, 1, 0, 2, 1, 2, 2, 1, 2, 2, 1, 0, 0, 0, 0, 0, 2, 0, 0, 0, 0, 0, 0, 0, 0, 0, 0, 0, 2, 0, 0, 0, 0, 0, 2, 0, 0, 1, 2, 2, 1, 0, 2, 1, 2, 2, 1, 0, 0, 2, 0, 0, 2, 0, 0, 2, 0, 0, 0, 0, 0, 2, 0, 0, 2, 0, 0, 0, 0, 0, 0, 0, 0, 1, 0, 0, 1, 2, 2, 1, 2, 2, 1, 0, 0, 0, 0, 0, 0, 0, 0, 0, 0, 0, 0, 0], "dead_end": 1}, "quality": 0.56999999992, "diversity": 0.6980229474665844, "controlability": 1.0}