{"content": [[0, 1, 0, 0, 0, 1, 1, 1, 1, 0, 0, 0, 1, 1], [0, 0, 1, 1, 1, 0, 0, 1, 1, 1, 1, 1, 0, 1], [1, 0, 1, 1, 0, 0, 1, 1, 1, 1, 0, 1, 0, 1], [0, 1, 1, 1, 1, 0, 1, 1, 1, 0, 0, 0, 0, 0], [0, 0, 1, 0, 0, 1, 1, 0, 1, 0, 0, 1, 1, 0], [1, 1, 1, 1, 0, 1, 1, 1, 1, 1, 1, 1, 1, 0], [0, 1, 1, 1, 1, 1, 1, 0, 0, 0, 1, 0, 1, 1], [1, 0, 1, 1, 0, 0, 1, 0, 0, 0, 1, 1, 1, 1], [1, 0, 1, 0, 0, 1, 0, 1, 1, 1, 0, 0, 1, 0], [1, 1, 1, 1, 1, 1, 1, 1, 1, 0, 1, 1, 1, 1], [0, 1, 1, 0, 1, 1, 0, 0, 1, 1, 1, 0, 0, 0], [0, 1, 0, 0, 0, 1, 1, 0, 0, 0, 1, 1, 1, 0], [1, 1, 1, 1, 1, 0, 0, 1, 1, 1, 1, 1, 1, 1], [1, 0, 0, 0, 1, 1, 1, 1, 0, 0, 1, 1, 0, 1]], "control": {"path": 62}, "info": {"path": 26, "regions": 4, "flat": [0, 1, 0, 0, 0, 1, 1, 1, 1, 0, 0, 0, 1, 1, 0, 0, 1, 1, 1, 0, 0, 1, 1, 1, 1, 1, 0, 1, 1, 0, 1, 1, 0, 0, 1, 1, 1, 1, 0, 1, 0, 1, 0, 1, 1, 1, 1, 0, 1, 1, 1, 0, 0, 0, 0, 0, 0, 0, 1, 0, 0, 1, 1, 0, 1, 0, 0, 1, 1, 0, 1, 1, 1, 1, 0, 1, 1, 1, 1, 1, 1, 1, 1, 0, 0, 1, 1, 1, 1, 1, 1, 0, 0, 0, 1, 0, 1, 1, 1, 0, 1, 1, 0, 0, 1, 0, 0, 0, 1, 1, 1, 1, 1, 0, 1, 0, 0, 1, 0, 1, 1, 1, 0, 0, 1, 0, 1, 1, 1, 1, 1, 1, 1, 1, 1, 0, 1, 1, 1, 1, 0, 1, 1, 0, 1, 1, 0, 0, 1, 1, 1, 0, 0, 0, 0, 1, 0, 0, 0, 1, 1, 0, 0, 0, 1, 1, 1, 0, 1, 1, 1, 1, 1, 0, 0, 1, 1, 1, 1, 1, 1, 1, 1, 0, 0, 0, 1, 1, 1, 1, 0, 0, 1, 1, 0, 1]}, "quality": 0.8836405526041158, "diversity": 0.8033974952622058, "controlability": 0.4727272726413223}