{"content": [[0, 1, 0, 0, 1, 1, 1, 0, 1, 1, 0, 0, 1, 1], [1, 1, 1, 1, 1, 0, 0, 1, 1, 1, 1, 1, 0, 1], [1, 1, 0, 1, 1, 0, 1, 0, 1, 1, 0, 1, 1, 1], [0, 1, 1, 1, 0, 1, 1, 1, 1, 0, 0, 0, 1, 1], [0, 0, 1, 0, 0, 1, 1, 1, 1, 0, 1, 1, 0, 0], [1, 1, 1, 1, 0, 1, 1, 1, 1, 1, 1, 0, 1, 0], [0, 1, 1, 1, 1, 1, 1, 1, 0, 0, 1, 0, 1, 0], [0, 0, 1, 1, 1, 0, 1, 1, 0, 1, 1, 1, 1, 1], [1, 1, 0, 0, 0, 1, 0, 1, 1, 1, 1, 0, 0, 0], [1, 0, 1, 0, 0, 0, 1, 1, 1, 0, 1, 0, 1, 1], [0, 0, 0, 0, 1, 1, 0, 0, 0, 1, 1, 1, 1, 0], [0, 0, 0, 0, 1, 1, 1, 0, 0, 1, 0, 1, 1, 0], [0, 1, 1, 1, 0, 0, 1, 1, 1, 1, 1, 1, 1, 0], [0, 0, 0, 0, 1, 1, 0, 1, 1, 1, 1, 1, 0, 1]], "control": {"path": 92}, "info": {"path": 32, "regions": 7, "flat": [0, 1, 0, 0, 1, 1, 1, 0, 1, 1, 0, 0, 1, 1, 1, 1, 1, 1, 1, 0, 0, 1, 1, 1, 1, 1, 0, 1, 1, 1, 0, 1, 1, 0, 1, 0, 1, 1, 0, 1, 1, 1, 0, 1, 1, 1, 0, 1, 1, 1, 1, 0, 0, 0, 1, 1, 0, 0, 1, 0, 0, 1, 1, 1, 1, 0, 1, 1, 0, 0, 1, 1, 1, 1, 0, 1, 1, 1, 1, 1, 1, 0, 1, 0, 0, 1, 1, 1, 1, 1, 1, 1, 0, 0, 1, 0, 1, 0, 0, 0, 1, 1, 1, 0, 1, 1, 0, 1, 1, 1, 1, 1, 1, 1, 0, 0, 0, 1, 0, 1, 1, 1, 1, 0, 0, 0, 1, 0, 1, 0, 0, 0, 1, 1, 1, 0, 1, 0, 1, 1, 0, 0, 0, 0, 1, 1, 0, 0, 0, 1, 1, 1, 1, 0, 0, 0, 0, 0, 1, 1, 1, 0, 0, 1, 0, 1, 1, 0, 0, 1, 1, 1, 0, 0, 1, 1, 1, 1, 1, 1, 1, 0, 0, 0, 0, 0, 1, 1, 0, 1, 1, 1, 1, 1, 0, 1]}, "quality": 0.8387096772372529, "diversity": 1.0, "controlability": 0.3764705881910035}