{"content": [[1, 1, 0, 0, 1, 1, 1, 1, 1, 1, 0, 1, 0, 1], [0, 1, 1, 1, 1, 0, 0, 1, 1, 1, 0, 0, 1, 0], [1, 1, 0, 0, 1, 0, 1, 1, 0, 1, 1, 1, 0, 1], [0, 0, 1, 1, 1, 0, 1, 0, 1, 0, 0, 1, 1, 0], [1, 0, 1, 0, 0, 1, 1, 1, 1, 0, 1, 1, 1, 0], [1, 1, 1, 1, 0, 1, 1, 1, 0, 1, 1, 1, 1, 0], [1, 1, 1, 1, 1, 1, 1, 0, 0, 1, 0, 0, 1, 1], [0, 1, 1, 1, 0, 0, 1, 0, 0, 1, 1, 1, 1, 1], [1, 1, 1, 1, 1, 0, 1, 0, 1, 1, 1, 1, 1, 0], [1, 0, 0, 0, 1, 1, 1, 1, 0, 0, 1, 1, 1, 1], [0, 1, 0, 1, 1, 1, 0, 0, 0, 1, 1, 0, 0, 0], [0, 0, 1, 0, 0, 0, 1, 0, 0, 1, 0, 0, 1, 1], [0, 1, 1, 0, 0, 0, 1, 0, 1, 1, 1, 1, 1, 0], [1, 0, 1, 1, 1, 1, 1, 1, 1, 0, 1, 0, 0, 1]], "control": {"path": 93}, "info": {"path": 44, "regions": 8, "flat": [1, 1, 0, 0, 1, 1, 1, 1, 1, 1, 0, 1, 0, 1, 0, 1, 1, 1, 1, 0, 0, 1, 1, 1, 0, 0, 1, 0, 1, 1, 0, 0, 1, 0, 1, 1, 0, 1, 1, 1, 0, 1, 0, 0, 1, 1, 1, 0, 1, 0, 1, 0, 0, 1, 1, 0, 1, 0, 1, 0, 0, 1, 1, 1, 1, 0, 1, 1, 1, 0, 1, 1, 1, 1, 0, 1, 1, 1, 0, 1, 1, 1, 1, 0, 1, 1, 1, 1, 1, 1, 1, 0, 0, 1, 0, 0, 1, 1, 0, 1, 1, 1, 0, 0, 1, 0, 0, 1, 1, 1, 1, 1, 1, 1, 1, 1, 1, 0, 1, 0, 1, 1, 1, 1, 1, 0, 1, 0, 0, 0, 1, 1, 1, 1, 0, 0, 1, 1, 1, 1, 0, 1, 0, 1, 1, 1, 0, 0, 0, 1, 1, 0, 0, 0, 0, 0, 1, 0, 0, 0, 1, 0, 0, 1, 0, 0, 1, 1, 0, 1, 1, 0, 0, 0, 1, 0, 1, 1, 1, 1, 1, 0, 1, 0, 1, 1, 1, 1, 1, 1, 1, 0, 1, 0, 0, 1]}, "quality": 0.8118279568215978, "diversity": 0.638888888812122, "controlability": 0.5116279069172526}