{"content": [[0, 1, 0, 0, 1, 0, 1, 1, 1, 0, 0, 0, 1, 0], [1, 1, 0, 0, 0, 1, 1, 1, 1, 1, 0, 1, 0, 1], [1, 1, 0, 0, 0, 1, 1, 1, 1, 0, 1, 1, 1, 0], [1, 1, 0, 1, 0, 1, 1, 1, 1, 0, 0, 0, 1, 1], [1, 1, 0, 1, 0, 0, 1, 1, 0, 0, 1, 0, 1, 1], [1, 0, 1, 1, 0, 0, 1, 1, 0, 0, 1, 1, 0, 0], [1, 1, 0, 1, 1, 0, 0, 1, 0, 0, 1, 0, 1, 0], [1, 1, 0, 1, 1, 0, 1, 1, 1, 1, 1, 1, 1, 0], [1, 0, 0, 1, 0, 1, 0, 0, 0, 0, 0, 1, 0, 0], [1, 0, 1, 1, 1, 1, 1, 1, 0, 1, 0, 0, 1, 1], [1, 0, 0, 1, 1, 1, 0, 0, 1, 0, 1, 1, 1, 0], [1, 1, 1, 0, 1, 1, 1, 0, 0, 0, 1, 0, 1, 0], [1, 0, 1, 1, 1, 1, 0, 0, 0, 0, 0, 1, 0, 0], [0, 0, 0, 1, 1, 1, 1, 1, 1, 1, 0, 0, 0, 0]], "control": {"path": 38}, "info": {"path": 27, "regions": 10, "flat": [0, 1, 0, 0, 1, 0, 1, 1, 1, 0, 0, 0, 1, 0, 1, 1, 0, 0, 0, 1, 1, 1, 1, 1, 0, 1, 0, 1, 1, 1, 0, 0, 0, 1, 1, 1, 1, 0, 1, 1, 1, 0, 1, 1, 0, 1, 0, 1, 1, 1, 1, 0, 0, 0, 1, 1, 1, 1, 0, 1, 0, 0, 1, 1, 0, 0, 1, 0, 1, 1, 1, 0, 1, 1, 0, 0, 1, 1, 0, 0, 1, 1, 0, 0, 1, 1, 0, 1, 1, 0, 0, 1, 0, 0, 1, 0, 1, 0, 1, 1, 0, 1, 1, 0, 1, 1, 1, 1, 1, 1, 1, 0, 1, 0, 0, 1, 0, 1, 0, 0, 0, 0, 0, 1, 0, 0, 1, 0, 1, 1, 1, 1, 1, 1, 0, 1, 0, 0, 1, 1, 1, 0, 0, 1, 1, 1, 0, 0, 1, 0, 1, 1, 1, 0, 1, 1, 1, 0, 1, 1, 1, 0, 0, 0, 1, 0, 1, 0, 1, 0, 1, 1, 1, 1, 0, 0, 0, 0, 0, 1, 0, 0, 0, 0, 0, 1, 1, 1, 1, 1, 1, 1, 0, 0, 0, 0]}, "quality": 0.7402073729609511, "diversity": 0.9060760666863772, "controlability": 0.8709677416545265}