{"content": [[1, 0, 0, 0, 0, 1, 1, 1, 0, 0, 0, 0, 0, 1], [1, 1, 1, 1, 1, 1, 1, 0, 1, 1, 1, 1, 1, 1], [1, 1, 1, 0, 0, 0, 1, 1, 1, 1, 1, 0, 1, 0], [0, 1, 0, 1, 1, 1, 0, 1, 0, 1, 0, 1, 0, 1], [1, 1, 0, 0, 1, 1, 1, 0, 1, 1, 1, 0, 1, 1], [1, 0, 1, 1, 1, 1, 1, 1, 1, 0, 1, 1, 1, 0], [0, 1, 0, 1, 1, 1, 0, 1, 1, 0, 0, 0, 0, 0], [1, 1, 0, 1, 0, 1, 1, 1, 1, 1, 1, 1, 1, 1], [0, 1, 1, 1, 1, 1, 1, 0, 0, 0, 1, 1, 1, 0], [1, 0, 1, 0, 1, 1, 1, 1, 0, 0, 1, 0, 1, 1], [0, 0, 0, 1, 1, 1, 0, 1, 0, 1, 0, 0, 1, 0], [1, 1, 0, 1, 1, 0, 1, 1, 0, 0, 0, 0, 1, 1], [1, 1, 1, 0, 1, 1, 0, 1, 0, 0, 0, 1, 1, 0], [0, 0, 1, 1, 1, 1, 1, 1, 0, 0, 1, 1, 0, 1]], "control": {"path": 93}, "info": {"path": 36, "regions": 5, "flat": [1, 0, 0, 0, 0, 1, 1, 1, 0, 0, 0, 0, 0, 1, 1, 1, 1, 1, 1, 1, 1, 0, 1, 1, 1, 1, 1, 1, 1, 1, 1, 0, 0, 0, 1, 1, 1, 1, 1, 0, 1, 0, 0, 1, 0, 1, 1, 1, 0, 1, 0, 1, 0, 1, 0, 1, 1, 1, 0, 0, 1, 1, 1, 0, 1, 1, 1, 0, 1, 1, 1, 0, 1, 1, 1, 1, 1, 1, 1, 0, 1, 1, 1, 0, 0, 1, 0, 1, 1, 1, 0, 1, 1, 0, 0, 0, 0, 0, 1, 1, 0, 1, 0, 1, 1, 1, 1, 1, 1, 1, 1, 1, 0, 1, 1, 1, 1, 1, 1, 0, 0, 0, 1, 1, 1, 0, 1, 0, 1, 0, 1, 1, 1, 1, 0, 0, 1, 0, 1, 1, 0, 0, 0, 1, 1, 1, 0, 1, 0, 1, 0, 0, 1, 0, 1, 1, 0, 1, 1, 0, 1, 1, 0, 0, 0, 0, 1, 1, 1, 1, 1, 0, 1, 1, 0, 1, 0, 0, 0, 1, 1, 0, 0, 0, 1, 1, 1, 1, 1, 1, 0, 0, 1, 1, 0, 1]}, "quality": 0.8924731180685628, "diversity": 0.7201380551327354, "controlability": 0.41860465111411577}