{"content": [[1, 1, 0, 0, 0, 1, 1, 1, 0, 0, 0, 0, 0, 1], [1, 1, 1, 1, 1, 1, 0, 0, 1, 0, 1, 1, 1, 1], [1, 1, 1, 0, 0, 0, 1, 1, 1, 1, 1, 0, 1, 0], [0, 1, 0, 1, 1, 1, 0, 1, 0, 1, 0, 1, 0, 1], [1, 1, 0, 0, 1, 1, 1, 0, 1, 1, 1, 0, 1, 1], [1, 0, 1, 1, 1, 1, 1, 1, 1, 0, 1, 1, 1, 0], [0, 1, 0, 1, 1, 1, 0, 1, 1, 0, 0, 0, 0, 0], [1, 1, 0, 1, 0, 1, 1, 1, 1, 1, 0, 1, 1, 1], [0, 1, 1, 1, 1, 1, 1, 0, 0, 0, 1, 1, 1, 0], [1, 0, 1, 0, 1, 1, 1, 1, 0, 0, 1, 0, 1, 1], [0, 0, 0, 1, 1, 1, 0, 1, 0, 1, 0, 0, 1, 0], [1, 1, 0, 0, 1, 0, 1, 1, 0, 0, 0, 0, 1, 1], [1, 1, 1, 0, 1, 1, 0, 1, 0, 1, 0, 1, 1, 0], [0, 0, 1, 1, 1, 1, 1, 1, 0, 1, 1, 1, 1, 1]], "control": {"path": 93}, "info": {"path": 28, "regions": 6, "flat": [1, 1, 0, 0, 0, 1, 1, 1, 0, 0, 0, 0, 0, 1, 1, 1, 1, 1, 1, 1, 0, 0, 1, 0, 1, 1, 1, 1, 1, 1, 1, 0, 0, 0, 1, 1, 1, 1, 1, 0, 1, 0, 0, 1, 0, 1, 1, 1, 0, 1, 0, 1, 0, 1, 0, 1, 1, 1, 0, 0, 1, 1, 1, 0, 1, 1, 1, 0, 1, 1, 1, 0, 1, 1, 1, 1, 1, 1, 1, 0, 1, 1, 1, 0, 0, 1, 0, 1, 1, 1, 0, 1, 1, 0, 0, 0, 0, 0, 1, 1, 0, 1, 0, 1, 1, 1, 1, 1, 0, 1, 1, 1, 0, 1, 1, 1, 1, 1, 1, 0, 0, 0, 1, 1, 1, 0, 1, 0, 1, 0, 1, 1, 1, 1, 0, 0, 1, 0, 1, 1, 0, 0, 0, 1, 1, 1, 0, 1, 0, 1, 0, 0, 1, 0, 1, 1, 0, 0, 1, 0, 1, 1, 0, 0, 0, 0, 1, 1, 1, 1, 1, 0, 1, 1, 0, 1, 0, 1, 0, 1, 1, 0, 0, 0, 1, 1, 1, 1, 1, 1, 0, 1, 1, 1, 1, 1]}, "quality": 0.8655913976529078, "diversity": 0.7264941690126556, "controlability": 0.3255813953109789}