{"content": [[0, 1, 0, 0, 0, 1, 0, 1, 1, 0, 0, 0, 1, 1], [0, 1, 0, 1, 1, 0, 0, 1, 1, 1, 1, 1, 0, 1], [1, 1, 0, 1, 0, 1, 1, 0, 1, 1, 1, 0, 1, 1], [0, 1, 1, 1, 0, 1, 1, 1, 1, 0, 1, 0, 1, 1], [0, 1, 1, 0, 0, 1, 1, 1, 1, 1, 1, 1, 0, 0], [1, 1, 1, 1, 0, 1, 1, 1, 1, 0, 1, 0, 1, 0], [0, 1, 0, 0, 1, 0, 1, 1, 0, 0, 1, 1, 1, 1], [0, 0, 1, 1, 1, 0, 1, 0, 0, 1, 1, 1, 1, 1], [1, 0, 0, 0, 0, 1, 0, 1, 1, 1, 0, 0, 1, 0], [1, 1, 1, 0, 1, 1, 1, 1, 1, 1, 1, 0, 1, 1], [0, 1, 0, 0, 1, 1, 1, 0, 1, 1, 0, 0, 1, 0], [0, 0, 1, 0, 1, 1, 1, 0, 0, 1, 1, 0, 1, 0], [0, 0, 1, 1, 0, 0, 1, 1, 1, 1, 0, 1, 1, 0], [0, 0, 0, 0, 0, 1, 1, 1, 1, 1, 1, 1, 0, 1]], "control": {"path": 62}, "info": {"path": 21, "regions": 8, "flat": [0, 1, 0, 0, 0, 1, 0, 1, 1, 0, 0, 0, 1, 1, 0, 1, 0, 1, 1, 0, 0, 1, 1, 1, 1, 1, 0, 1, 1, 1, 0, 1, 0, 1, 1, 0, 1, 1, 1, 0, 1, 1, 0, 1, 1, 1, 0, 1, 1, 1, 1, 0, 1, 0, 1, 1, 0, 1, 1, 0, 0, 1, 1, 1, 1, 1, 1, 1, 0, 0, 1, 1, 1, 1, 0, 1, 1, 1, 1, 0, 1, 0, 1, 0, 0, 1, 0, 0, 1, 0, 1, 1, 0, 0, 1, 1, 1, 1, 0, 0, 1, 1, 1, 0, 1, 0, 0, 1, 1, 1, 1, 1, 1, 0, 0, 0, 0, 1, 0, 1, 1, 1, 0, 0, 1, 0, 1, 1, 1, 0, 1, 1, 1, 1, 1, 1, 1, 0, 1, 1, 0, 1, 0, 0, 1, 1, 1, 0, 1, 1, 0, 0, 1, 0, 0, 0, 1, 0, 1, 1, 1, 0, 0, 1, 1, 0, 1, 0, 0, 0, 1, 1, 0, 0, 1, 1, 1, 1, 0, 1, 1, 0, 0, 0, 0, 0, 0, 1, 1, 1, 1, 1, 1, 1, 0, 1]}, "quality": 0.6868279566876693, "diversity": 0.7571252638064891, "controlability": 0.3818181817487603}