{"content": [[1, 1, 0, 0, 1, 1, 1, 0, 1, 1, 0, 0, 0, 1], [0, 1, 1, 1, 1, 0, 0, 1, 1, 1, 1, 1, 1, 1], [1, 0, 0, 1, 1, 0, 1, 0, 0, 1, 0, 1, 0, 1], [0, 0, 1, 1, 0, 0, 1, 0, 1, 0, 0, 1, 1, 0], [1, 0, 1, 0, 0, 1, 1, 1, 1, 0, 1, 1, 0, 0], [0, 1, 1, 1, 0, 1, 1, 1, 1, 1, 1, 1, 1, 0], [1, 1, 1, 1, 1, 1, 1, 1, 0, 1, 0, 0, 1, 0], [0, 1, 1, 1, 1, 0, 1, 0, 0, 1, 1, 1, 1, 1], [1, 1, 0, 0, 1, 0, 1, 1, 1, 1, 1, 0, 0, 0], [1, 0, 0, 1, 0, 1, 1, 1, 1, 0, 0, 0, 1, 1], [0, 0, 0, 1, 1, 1, 0, 0, 0, 1, 1, 1, 0, 0], [0, 0, 1, 0, 0, 0, 1, 0, 0, 1, 1, 0, 1, 0], [0, 0, 1, 1, 0, 1, 1, 1, 1, 1, 1, 1, 1, 0], [1, 0, 1, 1, 1, 1, 0, 1, 0, 0, 0, 0, 1, 1]], "control": {"path": 92}, "info": {"path": 28, "regions": 6, "flat": [1, 1, 0, 0, 1, 1, 1, 0, 1, 1, 0, 0, 0, 1, 0, 1, 1, 1, 1, 0, 0, 1, 1, 1, 1, 1, 1, 1, 1, 0, 0, 1, 1, 0, 1, 0, 0, 1, 0, 1, 0, 1, 0, 0, 1, 1, 0, 0, 1, 0, 1, 0, 0, 1, 1, 0, 1, 0, 1, 0, 0, 1, 1, 1, 1, 0, 1, 1, 0, 0, 0, 1, 1, 1, 0, 1, 1, 1, 1, 1, 1, 1, 1, 0, 1, 1, 1, 1, 1, 1, 1, 1, 0, 1, 0, 0, 1, 0, 0, 1, 1, 1, 1, 0, 1, 0, 0, 1, 1, 1, 1, 1, 1, 1, 0, 0, 1, 0, 1, 1, 1, 1, 1, 0, 0, 0, 1, 0, 0, 1, 0, 1, 1, 1, 1, 0, 0, 0, 1, 1, 0, 0, 0, 1, 1, 1, 0, 0, 0, 1, 1, 1, 0, 0, 0, 0, 1, 0, 0, 0, 1, 0, 0, 1, 1, 0, 1, 0, 0, 0, 1, 1, 0, 1, 1, 1, 1, 1, 1, 1, 1, 0, 1, 0, 1, 1, 1, 1, 0, 1, 0, 0, 0, 0, 1, 1]}, "quality": 0.8655913976529078, "diversity": 0.9178571427485727, "controlability": 0.32941176466712807}