{"content": [[1, 1, 0, 0, 1, 0, 1, 1, 1, 1, 0, 0, 1, 1], [0, 1, 1, 1, 1, 0, 0, 1, 1, 1, 1, 1, 1, 1], [1, 0, 1, 1, 1, 0, 1, 1, 1, 1, 0, 1, 0, 1], [0, 0, 1, 1, 0, 0, 1, 1, 1, 0, 0, 0, 0, 0], [1, 0, 1, 0, 0, 1, 1, 1, 1, 1, 1, 1, 0, 0], [0, 0, 1, 1, 0, 1, 0, 1, 1, 1, 0, 1, 1, 0], [0, 1, 1, 1, 1, 1, 0, 0, 0, 1, 0, 0, 1, 0], [1, 1, 1, 1, 0, 0, 1, 0, 1, 0, 1, 1, 1, 1], [1, 1, 1, 0, 0, 1, 1, 1, 1, 1, 0, 0, 1, 0], [1, 0, 0, 0, 1, 1, 1, 1, 0, 0, 1, 1, 1, 1], [0, 1, 1, 0, 0, 1, 1, 0, 0, 1, 1, 0, 0, 0], [0, 1, 0, 0, 0, 0, 1, 0, 0, 0, 0, 1, 1, 0], [1, 1, 1, 0, 1, 0, 0, 1, 0, 1, 1, 1, 1, 1], [1, 0, 1, 1, 1, 1, 1, 1, 0, 0, 1, 1, 0, 1]], "control": {"path": 93}, "info": {"path": 29, "regions": 6, "flat": [1, 1, 0, 0, 1, 0, 1, 1, 1, 1, 0, 0, 1, 1, 0, 1, 1, 1, 1, 0, 0, 1, 1, 1, 1, 1, 1, 1, 1, 0, 1, 1, 1, 0, 1, 1, 1, 1, 0, 1, 0, 1, 0, 0, 1, 1, 0, 0, 1, 1, 1, 0, 0, 0, 0, 0, 1, 0, 1, 0, 0, 1, 1, 1, 1, 1, 1, 1, 0, 0, 0, 0, 1, 1, 0, 1, 0, 1, 1, 1, 0, 1, 1, 0, 0, 1, 1, 1, 1, 1, 0, 0, 0, 1, 0, 0, 1, 0, 1, 1, 1, 1, 0, 0, 1, 0, 1, 0, 1, 1, 1, 1, 1, 1, 1, 0, 0, 1, 1, 1, 1, 1, 0, 0, 1, 0, 1, 0, 0, 0, 1, 1, 1, 1, 0, 0, 1, 1, 1, 1, 0, 1, 1, 0, 0, 1, 1, 0, 0, 1, 1, 0, 0, 0, 0, 1, 0, 0, 0, 0, 1, 0, 0, 0, 0, 1, 1, 0, 1, 1, 1, 0, 1, 0, 0, 1, 0, 1, 1, 1, 1, 1, 1, 0, 1, 1, 1, 1, 1, 1, 0, 0, 1, 1, 0, 1]}, "quality": 0.8655913976529078, "diversity": 0.8886827457238462, "controlability": 0.337209302286371}