{"content": [[1, 1, 1, 1, 7, 5, 5, 2], [5, 5, 5, 7, 1, 7, 5, 5], [0, 0, 6, 0, 5, 1, 5, 1], [0, 5, 7, 0, 0, 1, 6, 0], [1, 5, 1, 0, 0, 0, 5, 6], [1, 4, 0, 4, 1, 0, 0, 5], [1, 5, 5, 0, 5, 7, 1, 5], [5, 0, 1, 0, 7, 5, 1, 0], [1, 4, 4, 5, 0, 4, 0, 1], [1, 1, 5, 0, 5, 4, 1, 0], [1, 0, 3, 1, 4, 1, 0, 1], [5, 0, 2, 0, 6, 1, 1, 1]], "control": {"col_treasures": 18, "solution_length": 45}, "info": {"regions": 2, "players": 2, "exits": 1, "layout": 53, "heuristic": -1, "solution": [], "content": [[1, 1, 1, 1, 7, 5, 5, 2], [5, 5, 5, 7, 1, 7, 5, 5], [0, 0, 6, 0, 5, 1, 5, 1], [0, 5, 7, 0, 0, 1, 6, 0], [1, 5, 1, 0, 0, 0, 5, 6], [1, 4, 0, 4, 1, 0, 0, 5], [1, 5, 5, 0, 5, 7, 1, 5], [5, 0, 1, 0, 7, 5, 1, 0], [1, 4, 4, 5, 0, 4, 0, 1], [1, 1, 5, 0, 5, 4, 1, 0], [1, 0, 3, 1, 4, 1, 0, 1], [5, 0, 2, 0, 6, 1, 1, 1]], "potions": 7, "treasures": 23, "enemies": 10, "solution_length": 0, "enemies_loc": [[4, 0], [3, 1], [5, 1], [2, 2], [2, 3], [6, 3], [7, 4], [5, 6], [4, 7], [4, 11]]}, "quality": 0.3248796408874231, "diversity": 0.3055555485119049, "controlability": 0.0}