{"content": [[4, 1, 6, 1, 4, 5, 7, 1], [0, 0, 5, 0, 1, 7, 4, 0], [0, 0, 1, 4, 4, 3, 6, 1], [0, 1, 7, 2, 0, 4, 0, 0], [0, 4, 1, 0, 1, 1, 7, 0], [1, 6, 0, 7, 1, 4, 6, 4], [0, 0, 0, 0, 6, 7, 0, 5], [5, 0, 1, 0, 4, 0, 0, 1], [4, 5, 4, 1, 0, 7, 0, 1], [5, 0, 1, 0, 0, 4, 1, 1], [5, 3, 1, 1, 7, 1, 1, 4], [4, 5, 6, 0, 0, 1, 4, 1]], "control": {"col_treasures": 8, "solution_length": 30}, "info": {"regions": 1, "players": 1, "exits": 2, "layout": 55, "heuristic": -1, "solution": [], "content": [[4, 1, 6, 1, 4, 5, 7, 1], [0, 0, 5, 0, 1, 7, 4, 0], [0, 0, 1, 4, 4, 3, 6, 1], [0, 1, 7, 2, 0, 4, 0, 0], [0, 4, 1, 0, 1, 1, 7, 0], [1, 6, 0, 7, 1, 4, 6, 4], [0, 0, 0, 0, 6, 7, 0, 5], [5, 0, 1, 0, 4, 0, 0, 1], [4, 5, 4, 1, 0, 7, 0, 1], [5, 0, 1, 0, 0, 4, 1, 1], [5, 3, 1, 1, 7, 1, 1, 4], [4, 5, 6, 0, 0, 1, 4, 1]], "potions": 16, "treasures": 8, "enemies": 14, "solution_length": 0, "enemies_loc": [[2, 0], [6, 0], [5, 1], [6, 2], [2, 3], [6, 4], [1, 5], [3, 5], [6, 5], [4, 6], [5, 6], [5, 8], [4, 10], [2, 11]]}, "quality": 0.3326315789404248, "diversity": 0.7046695526410642, "controlability": 0.0}