{"content": [[2, 3, 3, 1, 2, 4, 3, 0], [6, 0, 7, 4, 3, 6, 4, 0], [6, 0, 7, 4, 0, 1, 2, 1], [4, 1, 1, 0, 0, 1, 0, 5], [0, 0, 0, 2, 2, 1, 2, 2], [1, 6, 1, 1, 1, 7, 0, 4], [0, 1, 4, 0, 2, 6, 6, 5], [5, 0, 7, 0, 0, 4, 1, 0], [4, 0, 4, 5, 2, 4, 1, 1], [5, 0, 0, 0, 0, 4, 2, 5], [2, 0, 6, 1, 1, 6, 0, 1], [5, 6, 6, 3, 6, 1, 4, 6]], "control": {"col_treasures": 18, "solution_length": 45}, "info": {"regions": 1, "players": 11, "exits": 5, "layout": 44, "heuristic": -1, "solution": [], "content": [[2, 3, 3, 1, 2, 4, 3, 0], [6, 0, 7, 4, 3, 6, 4, 0], [6, 0, 7, 4, 0, 1, 2, 1], [4, 1, 1, 0, 0, 1, 0, 5], [0, 0, 0, 2, 2, 1, 2, 2], [1, 6, 1, 1, 1, 7, 0, 4], [0, 1, 4, 0, 2, 6, 6, 5], [5, 0, 7, 0, 0, 4, 1, 0], [4, 0, 4, 5, 2, 4, 1, 1], [5, 0, 0, 0, 0, 4, 2, 5], [2, 0, 6, 1, 1, 6, 0, 1], [5, 6, 6, 3, 6, 1, 4, 6]], "potions": 13, "treasures": 7, "enemies": 16, "solution_length": 0, "enemies_loc": [[0, 1], [2, 1], [5, 1], [0, 2], [2, 2], [1, 5], [5, 5], [5, 6], [6, 6], [2, 7], [2, 10], [5, 10], [1, 11], [2, 11], [4, 11], [7, 11]]}, "quality": 0.31795321634853657, "diversity": 0.3203124923046877, "controlability": 0.0}