{"content": [[3, 5, 1, 1, 6, 3, 6, 5], [3, 0, 5, 5, 2, 7, 4, 0], [3, 0, 6, 3, 4, 1, 3, 0], [6, 3, 4, 3, 2, 0, 0, 0], [0, 0, 6, 7, 2, 6, 7, 0], [6, 6, 1, 1, 7, 2, 6, 7], [7, 4, 7, 0, 4, 6, 1, 5], [1, 2, 7, 7, 3, 5, 0, 1], [5, 0, 2, 0, 2, 1, 5, 7], [1, 7, 7, 5, 5, 4, 1, 1], [5, 5, 7, 5, 5, 1, 0, 1], [1, 6, 6, 2, 4, 1, 0, 5]], "control": {"col_treasures": 18, "solution_length": 45}, "info": {"regions": 1, "players": 8, "exits": 9, "layout": 32, "heuristic": -1, "solution": [], "content": [[3, 5, 1, 1, 6, 3, 6, 5], [3, 0, 5, 5, 2, 7, 4, 0], [3, 0, 6, 3, 4, 1, 3, 0], [6, 3, 4, 3, 2, 0, 0, 0], [0, 0, 6, 7, 2, 6, 7, 0], [6, 6, 1, 1, 7, 2, 6, 7], [7, 4, 7, 0, 4, 6, 1, 5], [1, 2, 7, 7, 3, 5, 0, 1], [5, 0, 2, 0, 2, 1, 5, 7], [1, 7, 7, 5, 5, 4, 1, 1], [5, 5, 7, 5, 5, 1, 0, 1], [1, 6, 6, 2, 4, 1, 0, 5]], "potions": 7, "treasures": 15, "enemies": 25, "solution_length": 0, "enemies_loc": [[4, 0], [6, 0], [5, 1], [2, 2], [0, 3], [2, 4], [3, 4], [5, 4], [6, 4], [0, 5], [1, 5], [4, 5], [6, 5], [7, 5], [0, 6], [2, 6], [5, 6], [2, 7], [3, 7], [7, 8], [1, 9], [2, 9], [2, 10], [1, 11], [2, 11]]}, "quality": 0.3005847952994511, "diversity": 0.4118589647035261, "controlability": 0.0}