{"content": [[1, 1, 1, 1, 7, 5, 4, 7], [5, 0, 5, 6, 1, 6, 5, 0], [2, 0, 1, 1, 3, 1, 5, 1], [0, 7, 6, 4, 0, 4, 1, 4], [1, 7, 1, 0, 1, 3, 3, 2], [1, 6, 0, 1, 1, 7, 0, 4], [7, 1, 4, 0, 4, 1, 0, 5], [5, 0, 2, 0, 7, 2, 4, 7], [5, 0, 7, 5, 5, 4, 0, 2], [1, 7, 1, 3, 0, 4, 7, 0], [5, 0, 6, 4, 7, 1, 0, 1], [0, 5, 2, 1, 2, 1, 1, 2]], "control": {"col_treasures": 18, "solution_length": 45}, "info": {"regions": 1, "players": 8, "exits": 4, "layout": 44, "heuristic": -1, "solution": [], "content": [[1, 1, 1, 1, 7, 5, 4, 7], [5, 0, 5, 6, 1, 6, 5, 0], [2, 0, 1, 1, 3, 1, 5, 1], [0, 7, 6, 4, 0, 4, 1, 4], [1, 7, 1, 0, 1, 3, 3, 2], [1, 6, 0, 1, 1, 7, 0, 4], [7, 1, 4, 0, 4, 1, 0, 5], [5, 0, 2, 0, 7, 2, 4, 7], [5, 0, 7, 5, 5, 4, 0, 2], [1, 7, 1, 3, 0, 4, 7, 0], [5, 0, 6, 4, 7, 1, 0, 1], [0, 5, 2, 1, 2, 1, 1, 2]], "potions": 11, "treasures": 12, "enemies": 17, "solution_length": 0, "enemies_loc": [[4, 0], [7, 0], [3, 1], [5, 1], [1, 3], [2, 3], [1, 4], [1, 5], [5, 5], [0, 6], [4, 7], [7, 7], [2, 8], [1, 9], [6, 9], [2, 10], [4, 10]]}, "quality": 0.3207602338921008, "diversity": 0.32979909919549877, "controlability": 0.0}