{"content": [[0, 0, 7, 2, 2, 4, 5, 7], [5, 2, 5, 0, 3, 7, 1, 1], [0, 2, 1, 4, 0, 1, 2, 1], [0, 7, 1, 6, 0, 7, 1, 5], [0, 5, 6, 0, 6, 1, 5, 0], [1, 5, 1, 7, 6, 7, 0, 0], [0, 0, 4, 1, 5, 7, 0, 1], [4, 0, 7, 0, 1, 4, 0, 6], [7, 3, 1, 1, 0, 2, 1, 5], [5, 6, 6, 6, 0, 0, 1, 2], [2, 5, 6, 1, 4, 0, 6, 1], [6, 3, 6, 2, 7, 1, 4, 1]], "control": {"col_treasures": 4, "solution_length": 23}, "info": {"regions": 1, "players": 9, "exits": 3, "layout": 43, "heuristic": -1, "solution": [], "content": [[0, 0, 7, 2, 2, 4, 5, 7], [5, 2, 5, 0, 3, 7, 1, 1], [0, 2, 1, 4, 0, 1, 2, 1], [0, 7, 1, 6, 0, 7, 1, 5], [0, 5, 6, 0, 6, 1, 5, 0], [1, 5, 1, 7, 6, 7, 0, 0], [0, 0, 4, 1, 5, 7, 0, 1], [4, 0, 7, 0, 1, 4, 0, 6], [7, 3, 1, 1, 0, 2, 1, 5], [5, 6, 6, 6, 0, 0, 1, 2], [2, 5, 6, 1, 4, 0, 6, 1], [6, 3, 6, 2, 7, 1, 4, 1]], "potions": 7, "treasures": 11, "enemies": 23, "solution_length": 0, "enemies_loc": [[2, 0], [7, 0], [5, 1], [1, 3], [3, 3], [5, 3], [2, 4], [4, 4], [3, 5], [4, 5], [5, 5], [5, 6], [2, 7], [7, 7], [0, 8], [1, 9], [2, 9], [3, 9], [2, 10], [6, 10], [0, 11], [2, 11], [4, 11]]}, "quality": 0.31937134500350123, "diversity": 0.3316735267814219, "controlability": 0.0}