{"content": [[2, 5, 1, 1, 2, 1, 3, 3], [5, 4, 5, 5, 1, 7, 3, 0], [6, 5, 1, 1, 2, 5, 5, 1], [4, 5, 4, 5, 0, 4, 1, 5], [6, 0, 1, 1, 2, 6, 5, 4], [3, 6, 0, 0, 4, 4, 0, 4], [1, 7, 7, 0, 4, 5, 0, 0], [4, 3, 7, 4, 5, 2, 1, 1], [2, 4, 0, 3, 0, 4, 3, 1], [1, 2, 0, 0, 1, 0, 1, 7], [1, 0, 4, 2, 2, 2, 0, 1], [1, 6, 3, 0, 0, 0, 7, 5]], "control": {"col_treasures": 18, "solution_length": 46}, "info": {"regions": 1, "players": 10, "exits": 8, "layout": 39, "heuristic": -1, "solution": [], "content": [[2, 5, 1, 1, 2, 1, 3, 3], [5, 4, 5, 5, 1, 7, 3, 0], [6, 5, 1, 1, 2, 5, 5, 1], [4, 5, 4, 5, 0, 4, 1, 5], [6, 0, 1, 1, 2, 6, 5, 4], [3, 6, 0, 0, 4, 4, 0, 4], [1, 7, 7, 0, 4, 5, 0, 0], [4, 3, 7, 4, 5, 2, 1, 1], [2, 4, 0, 3, 0, 4, 3, 1], [1, 2, 0, 0, 1, 0, 1, 7], [1, 0, 4, 2, 2, 2, 0, 1], [1, 6, 3, 0, 0, 0, 7, 5]], "potions": 14, "treasures": 14, "enemies": 11, "solution_length": 0, "enemies_loc": [[5, 1], [0, 2], [0, 4], [5, 4], [1, 5], [1, 6], [2, 6], [2, 7], [7, 9], [1, 11], [6, 11]]}, "quality": 0.30960526313375686, "diversity": 0.3658434052356355, "controlability": 0.0}