{"content": [[1, 7, 4, 6, 7, 5, 4, 7], [5, 0, 5, 5, 1, 7, 1, 0], [2, 0, 4, 7, 0, 1, 5, 1], [0, 2, 1, 0, 0, 4, 1, 4], [1, 7, 1, 0, 6, 3, 2, 0], [1, 6, 0, 7, 1, 7, 7, 4], [2, 1, 4, 7, 0, 1, 0, 5], [5, 0, 7, 0, 7, 2, 4, 3], [5, 0, 1, 2, 5, 4, 0, 4], [1, 1, 1, 1, 0, 6, 4, 0], [3, 0, 6, 1, 4, 1, 0, 1], [0, 3, 2, 1, 6, 1, 4, 1]], "control": {"col_treasures": 18, "solution_length": 45}, "info": {"regions": 1, "players": 7, "exits": 4, "layout": 45, "heuristic": -1, "solution": [], "content": [[1, 7, 4, 6, 7, 5, 4, 7], [5, 0, 5, 5, 1, 7, 1, 0], [2, 0, 4, 7, 0, 1, 5, 1], [0, 2, 1, 0, 0, 4, 1, 4], [1, 7, 1, 0, 6, 3, 2, 0], [1, 6, 0, 7, 1, 7, 7, 4], [2, 1, 4, 7, 0, 1, 0, 5], [5, 0, 7, 0, 7, 2, 4, 3], [5, 0, 1, 2, 5, 4, 0, 4], [1, 1, 1, 1, 0, 6, 4, 0], [3, 0, 6, 1, 4, 1, 0, 1], [0, 3, 2, 1, 6, 1, 4, 1]], "potions": 13, "treasures": 9, "enemies": 18, "solution_length": 0, "enemies_loc": [[1, 0], [3, 0], [4, 0], [7, 0], [5, 1], [3, 2], [1, 4], [4, 4], [1, 5], [3, 5], [5, 5], [6, 5], [3, 6], [2, 7], [4, 7], [5, 9], [2, 10], [4, 11]]}, "quality": 0.3228508771665914, "diversity": 0.3956068752547557, "controlability": 0.0}