{"content": [[1, 1, 7, 4, 2, 4, 5, 7], [5, 0, 5, 3, 1, 5, 0, 0], [2, 0, 1, 1, 4, 1, 5, 1], [0, 2, 5, 4, 0, 7, 1, 0], [1, 1, 1, 3, 1, 7, 2, 2], [3, 6, 0, 4, 1, 7, 0, 4], [7, 1, 5, 0, 4, 4, 0, 5], [4, 0, 0, 0, 2, 4, 4, 1], [2, 0, 4, 5, 5, 4, 1, 1], [1, 7, 1, 0, 1, 0, 7, 0], [2, 0, 6, 4, 7, 1, 7, 1], [0, 6, 7, 1, 7, 1, 4, 2]], "control": {"col_treasures": 4, "solution_length": 23}, "info": {"regions": 1, "players": 9, "exits": 3, "layout": 44, "heuristic": -1, "solution": [], "content": [[1, 1, 7, 4, 2, 4, 5, 7], [5, 0, 5, 3, 1, 5, 0, 0], [2, 0, 1, 1, 4, 1, 5, 1], [0, 2, 5, 4, 0, 7, 1, 0], [1, 1, 1, 3, 1, 7, 2, 2], [3, 6, 0, 4, 1, 7, 0, 4], [7, 1, 5, 0, 4, 4, 0, 5], [4, 0, 0, 0, 2, 4, 4, 1], [2, 0, 4, 5, 5, 4, 1, 1], [1, 7, 1, 0, 1, 0, 7, 0], [2, 0, 6, 4, 7, 1, 7, 1], [0, 6, 7, 1, 7, 1, 4, 2]], "potions": 15, "treasures": 10, "enemies": 15, "solution_length": 0, "enemies_loc": [[2, 0], [7, 0], [5, 3], [5, 4], [1, 5], [5, 5], [0, 6], [1, 9], [6, 9], [2, 10], [4, 10], [6, 10], [1, 11], [2, 11], [4, 11]]}, "quality": 0.3207602338921008, "diversity": 0.36967328678089517, "controlability": 0.0}