{"content": [[2, 3, 5, 1, 6, 5, 5, 3], [5, 2, 0, 0, 5, 7, 1, 1], [6, 0, 7, 4, 0, 6, 0, 1], [0, 2, 1, 0, 0, 7, 0, 5], [3, 0, 4, 1, 1, 1, 6, 6], [1, 6, 5, 7, 1, 4, 6, 4], [0, 5, 7, 0, 0, 7, 1, 0], [5, 5, 3, 0, 7, 3, 1, 1], [5, 1, 1, 2, 2, 1, 1, 1], [1, 1, 7, 5, 0, 6, 1, 5], [2, 4, 6, 1, 4, 6, 0, 0], [0, 3, 3, 0, 6, 1, 7, 1]], "control": {"col_treasures": 4, "solution_length": 23}, "info": {"regions": 1, "players": 6, "exits": 7, "layout": 44, "heuristic": -1, "solution": [], "content": [[2, 3, 5, 1, 6, 5, 5, 3], [5, 2, 0, 0, 5, 7, 1, 1], [6, 0, 7, 4, 0, 6, 0, 1], [0, 2, 1, 0, 0, 7, 0, 5], [3, 0, 4, 1, 1, 1, 6, 6], [1, 6, 5, 7, 1, 4, 6, 4], [0, 5, 7, 0, 0, 7, 1, 0], [5, 5, 3, 0, 7, 3, 1, 1], [5, 1, 1, 2, 2, 1, 1, 1], [1, 1, 7, 5, 0, 6, 1, 5], [2, 4, 6, 1, 4, 6, 0, 0], [0, 3, 3, 0, 6, 1, 7, 1]], "potions": 6, "treasures": 13, "enemies": 20, "solution_length": 0, "enemies_loc": [[4, 0], [5, 1], [0, 2], [2, 2], [5, 2], [5, 3], [6, 4], [7, 4], [1, 5], [3, 5], [6, 5], [2, 6], [5, 6], [4, 7], [2, 9], [5, 9], [2, 10], [5, 10], [4, 11], [6, 11]]}, "quality": 0.32005847950620975, "diversity": 0.40900734418658113, "controlability": 0.0}