{"content": [[0, 0, 7, 5, 2, 0, 1, 3], [0, 6, 6, 7, 3, 5, 6, 2], [3, 7, 7, 2, 0, 7, 7, 6], [4, 2, 0, 3, 7, 6, 0, 7], [2, 3, 0, 5, 7, 3, 6, 2], [3, 0, 6, 7, 3, 0, 6, 0], [1, 3, 7, 6, 5, 3, 2, 3], [1, 0, 5, 4, 1, 7, 0, 0], [5, 7, 5, 2, 5, 6, 0, 5], [4, 1, 5, 0, 6, 1, 3, 2], [7, 0, 2, 5, 0, 4, 3, 2], [6, 3, 7, 3, 1, 2, 1, 4]], "control": {"col_treasures": 8, "solution_length": 30}, "info": {"regions": 1, "players": 12, "exits": 15, "layout": 26, "heuristic": -1, "solution": [], "content": [[0, 0, 7, 5, 2, 0, 1, 3], [0, 6, 6, 7, 3, 5, 6, 2], [3, 7, 7, 2, 0, 7, 7, 6], [4, 2, 0, 3, 7, 6, 0, 7], [2, 3, 0, 5, 7, 3, 6, 2], [3, 0, 6, 7, 3, 0, 6, 0], [1, 3, 7, 6, 5, 3, 2, 3], [1, 0, 5, 4, 1, 7, 0, 0], [5, 7, 5, 2, 5, 6, 0, 5], [4, 1, 5, 0, 6, 1, 3, 2], [7, 0, 2, 5, 0, 4, 3, 2], [6, 3, 7, 3, 1, 2, 1, 4]], "potions": 5, "treasures": 11, "enemies": 27, "solution_length": 0, "enemies_loc": [[2, 0], [1, 1], [2, 1], [3, 1], [6, 1], [1, 2], [2, 2], [5, 2], [6, 2], [7, 2], [4, 3], [5, 3], [7, 3], [4, 4], [6, 4], [2, 5], [3, 5], [6, 5], [2, 6], [3, 6], [5, 7], [1, 8], [5, 8], [4, 9], [0, 10], [0, 11], [2, 11]]}, "quality": 0.2852339181089435, "diversity": 0.44531248922433075, "controlability": 0.0}