{"content": [[1, 1, 1, 0, 0, 1, 1, 1, 1, 1, 0, 0, 0, 1], [0, 1, 1, 1, 1, 0, 0, 0, 1, 1, 1, 0, 1, 1], [1, 0, 1, 1, 1, 0, 1, 1, 1, 1, 1, 0, 1, 1], [1, 1, 0, 1, 1, 1, 1, 1, 0, 1, 0, 1, 0, 1], [1, 1, 1, 0, 1, 1, 1, 0, 1, 1, 1, 0, 1, 1], [1, 1, 1, 1, 0, 1, 1, 1, 1, 1, 1, 1, 1, 0], [0, 1, 0, 1, 1, 1, 0, 0, 1, 1, 0, 0, 1, 1], [1, 1, 0, 1, 1, 1, 1, 0, 1, 0, 1, 1, 1, 1], [0, 1, 1, 1, 1, 1, 1, 0, 0, 1, 1, 0, 1, 0], [1, 1, 1, 0, 0, 1, 1, 1, 0, 0, 1, 1, 1, 1], [0, 1, 1, 1, 1, 1, 0, 0, 0, 1, 1, 0, 1, 0], [0, 1, 1, 0, 1, 0, 1, 1, 0, 0, 0, 1, 1, 1], [1, 1, 1, 0, 1, 1, 1, 1, 1, 1, 1, 1, 1, 1], [0, 0, 1, 1, 1, 1, 1, 1, 0, 0, 1, 1, 0, 1]], "control": {"path": 93}, "info": {"path": 26, "regions": 2, "flat": [1, 1, 1, 0, 0, 1, 1, 1, 1, 1, 0, 0, 0, 1, 0, 1, 1, 1, 1, 0, 0, 0, 1, 1, 1, 0, 1, 1, 1, 0, 1, 1, 1, 0, 1, 1, 1, 1, 1, 0, 1, 1, 1, 1, 0, 1, 1, 1, 1, 1, 0, 1, 0, 1, 0, 1, 1, 1, 1, 0, 1, 1, 1, 0, 1, 1, 1, 0, 1, 1, 1, 1, 1, 1, 0, 1, 1, 1, 1, 1, 1, 1, 1, 0, 0, 1, 0, 1, 1, 1, 0, 0, 1, 1, 0, 0, 1, 1, 1, 1, 0, 1, 1, 1, 1, 0, 1, 0, 1, 1, 1, 1, 0, 1, 1, 1, 1, 1, 1, 0, 0, 1, 1, 0, 1, 0, 1, 1, 1, 0, 0, 1, 1, 1, 0, 0, 1, 1, 1, 1, 0, 1, 1, 1, 1, 1, 0, 0, 0, 1, 1, 0, 1, 0, 0, 1, 1, 0, 1, 0, 1, 1, 0, 0, 0, 1, 1, 1, 1, 1, 1, 0, 1, 1, 1, 1, 1, 1, 1, 1, 1, 1, 0, 0, 1, 1, 1, 1, 1, 1, 0, 0, 1, 1, 0, 1]}, "quality": 0.9374039934354257, "diversity": 0.6905914907476978, "controlability": 0.3023255813601947}