{"content": [[0, 1, 0, 0, 0, 1, 1, 0, 1, 1, 1, 0, 0, 1], [0, 1, 1, 1, 1, 0, 1, 0, 0, 0, 1, 0, 0, 1], [1, 0, 1, 1, 1, 0, 0, 0, 0, 1, 1, 1, 0, 1], [0, 0, 1, 0, 0, 0, 1, 1, 1, 0, 1, 0, 1, 1], [1, 0, 0, 0, 0, 1, 1, 1, 0, 0, 1, 0, 1, 0], [1, 1, 1, 0, 0, 1, 1, 0, 1, 1, 1, 0, 1, 0], [1, 1, 1, 1, 1, 1, 1, 1, 1, 0, 0, 0, 1, 0], [0, 1, 0, 1, 1, 0, 1, 0, 1, 1, 0, 0, 0, 1], [0, 0, 0, 0, 0, 0, 0, 1, 1, 1, 1, 0, 1, 1], [1, 0, 0, 1, 0, 0, 0, 1, 1, 1, 1, 0, 1, 0], [0, 1, 0, 0, 0, 0, 0, 0, 1, 1, 0, 0, 1, 0], [0, 0, 1, 0, 0, 0, 1, 0, 0, 1, 0, 0, 1, 0], [1, 0, 0, 0, 0, 0, 1, 1, 0, 0, 1, 1, 0, 0], [0, 0, 1, 1, 1, 0, 0, 1, 0, 0, 0, 1, 0, 1]], "control": {"path": 45}, "info": {"path": 20, "regions": 15, "flat": [0, 1, 0, 0, 0, 1, 1, 0, 1, 1, 1, 0, 0, 1, 0, 1, 1, 1, 1, 0, 1, 0, 0, 0, 1, 0, 0, 1, 1, 0, 1, 1, 1, 0, 0, 0, 0, 1, 1, 1, 0, 1, 0, 0, 1, 0, 0, 0, 1, 1, 1, 0, 1, 0, 1, 1, 1, 0, 0, 0, 0, 1, 1, 1, 0, 0, 1, 0, 1, 0, 1, 1, 1, 0, 0, 1, 1, 0, 1, 1, 1, 0, 1, 0, 1, 1, 1, 1, 1, 1, 1, 1, 1, 0, 0, 0, 1, 0, 0, 1, 0, 1, 1, 0, 1, 0, 1, 1, 0, 0, 0, 1, 0, 0, 0, 0, 0, 0, 0, 1, 1, 1, 1, 0, 1, 1, 1, 0, 0, 1, 0, 0, 0, 1, 1, 1, 1, 0, 1, 0, 0, 1, 0, 0, 0, 0, 0, 0, 1, 1, 0, 0, 1, 0, 0, 0, 1, 0, 0, 0, 1, 0, 0, 1, 0, 0, 1, 0, 1, 0, 0, 0, 0, 0, 1, 1, 0, 0, 1, 1, 0, 0, 0, 0, 1, 1, 1, 0, 0, 1, 0, 0, 0, 1, 0, 1]}, "quality": 0.4807987709273191, "diversity": 0.8667582416574975, "controlability": 0.5263157893351801}