{"content": [[0, 0, 1, 1, 1, 1, 0, 1, 1, 1, 0, 1, 1, 1], [1, 0, 1, 0, 1, 0, 0, 1, 0, 1, 1, 1, 0, 0], [1, 0, 1, 0, 0, 1, 1, 0, 0, 1, 0, 1, 1, 1], [1, 0, 1, 1, 0, 0, 0, 1, 1, 1, 0, 1, 0, 1], [0, 0, 0, 0, 0, 1, 0, 1, 1, 1, 0, 1, 1, 0], [1, 0, 1, 0, 1, 1, 1, 0, 1, 1, 1, 0, 0, 0], [1, 1, 1, 1, 0, 0, 1, 0, 0, 0, 0, 1, 0, 1], [1, 0, 1, 1, 0, 0, 1, 0, 1, 1, 1, 0, 0, 1], [1, 0, 1, 1, 0, 0, 0, 1, 1, 0, 1, 1, 0, 1], [1, 1, 0, 1, 0, 1, 1, 1, 0, 1, 1, 1, 1, 1], [1, 0, 0, 1, 0, 0, 1, 1, 1, 0, 0, 1, 1, 1], [0, 0, 1, 1, 0, 0, 1, 1, 0, 0, 1, 1, 1, 0], [1, 0, 1, 0, 0, 0, 0, 0, 0, 1, 1, 0, 1, 1], [0, 1, 0, 1, 1, 1, 1, 0, 1, 1, 1, 0, 1, 1]], "control": {"path": 50}, "info": {"path": 18, "regions": 11, "flat": [0, 0, 1, 1, 1, 1, 0, 1, 1, 1, 0, 1, 1, 1, 1, 0, 1, 0, 1, 0, 0, 1, 0, 1, 1, 1, 0, 0, 1, 0, 1, 0, 0, 1, 1, 0, 0, 1, 0, 1, 1, 1, 1, 0, 1, 1, 0, 0, 0, 1, 1, 1, 0, 1, 0, 1, 0, 0, 0, 0, 0, 1, 0, 1, 1, 1, 0, 1, 1, 0, 1, 0, 1, 0, 1, 1, 1, 0, 1, 1, 1, 0, 0, 0, 1, 1, 1, 1, 0, 0, 1, 0, 0, 0, 0, 1, 0, 1, 1, 0, 1, 1, 0, 0, 1, 0, 1, 1, 1, 0, 0, 1, 1, 0, 1, 1, 0, 0, 0, 1, 1, 0, 1, 1, 0, 1, 1, 1, 0, 1, 0, 1, 1, 1, 0, 1, 1, 1, 1, 1, 1, 0, 0, 1, 0, 0, 1, 1, 1, 0, 0, 1, 1, 1, 0, 0, 1, 1, 0, 0, 1, 1, 0, 0, 1, 1, 1, 0, 1, 0, 1, 0, 0, 0, 0, 0, 0, 1, 1, 0, 1, 1, 0, 1, 0, 1, 1, 1, 1, 0, 1, 1, 1, 0, 1, 1]}, "quality": 0.5526113668884084, "diversity": 0.904518950340167, "controlability": 0.41860465106544076}