{"content": [[1, 1, 1, 1, 7, 4, 7, 2], [0, 7, 0, 0, 1, 7, 6, 0], [0, 6, 7, 5, 0, 6, 6, 1], [0, 1, 1, 0, 0, 7, 6, 5], [1, 7, 1, 0, 3, 1, 0, 0], [0, 1, 0, 7, 5, 7, 0, 1], [0, 1, 0, 0, 4, 6, 0, 5], [0, 0, 0, 0, 1, 0, 7, 1], [7, 0, 4, 1, 0, 6, 1, 1], [1, 0, 7, 7, 6, 4, 7, 4], [7, 7, 6, 1, 5, 6, 0, 1], [0, 0, 2, 0, 0, 1, 0, 1]], "control": {"col_treasures": 18, "solution_length": 45}, "info": {"regions": 2, "players": 2, "exits": 1, "layout": 57, "heuristic": -1, "solution": [], "content": [[1, 1, 1, 1, 7, 4, 7, 2], [0, 7, 0, 0, 1, 7, 6, 0], [0, 6, 7, 5, 0, 6, 6, 1], [0, 1, 1, 0, 0, 7, 6, 5], [1, 7, 1, 0, 3, 1, 0, 0], [0, 1, 0, 7, 5, 7, 0, 1], [0, 1, 0, 0, 4, 6, 0, 5], [0, 0, 0, 0, 1, 0, 7, 1], [7, 0, 4, 1, 0, 6, 1, 1], [1, 0, 7, 7, 6, 4, 7, 4], [7, 7, 6, 1, 5, 6, 0, 1], [0, 0, 2, 0, 0, 1, 0, 1]], "potions": 5, "treasures": 5, "enemies": 26, "solution_length": 0, "enemies_loc": [[4, 0], [6, 0], [1, 1], [5, 1], [6, 1], [1, 2], [2, 2], [5, 2], [6, 2], [5, 3], [6, 3], [1, 4], [3, 5], [5, 5], [5, 6], [6, 7], [0, 8], [5, 8], [2, 9], [3, 9], [4, 9], [6, 9], [0, 10], [1, 10], [2, 10], [5, 10]]}, "quality": 0.3248796408874231, "diversity": 0.31640624298270115, "controlability": 0.0}