{"content": [[1, 1, 1, 0, 1, 1, 1, 1, 0, 1, 0], [1, 1, 1, 1, 0, 0, 1, 0, 0, 1, 3], [1, 1, 1, 1, 1, 1, 1, 5, 1, 1, 0], [0, 1, 0, 0, 0, 1, 5, 1, 0, 1, 0], [1, 5, 1, 1, 1, 1, 1, 1, 0, 1, 1], [1, 0, 1, 1, 1, 0, 1, 1, 5, 1, 1], [1, 4, 0, 0, 2, 1, 1, 0, 1, 3, 1]], "control": {"player_key": 17, "key_door": 17}, "info": {"regions": 1, "players": 1, "keys": 2, "doors": 1, "enemies": 4, "player_key": 11, "key_door": 16, "pk_path": [[4, 6], [4, 5], [4, 4], [5, 4], [5, 3], [5, 2], [6, 2], [7, 2], [8, 2], [9, 2], [9, 1], [10, 1]], "kd_path": []}, "quality": 0.4991776315708319, "diversity": 0.974140359429763, "controlability": 0.8666666664222222}