{"content": [[1, 1, 1, 0, 1, 1, 1, 1, 0, 1, 0], [1, 1, 1, 1, 0, 1, 1, 0, 0, 1, 5], [1, 1, 1, 1, 1, 0, 1, 5, 1, 1, 0], [0, 1, 0, 0, 0, 4, 0, 1, 0, 1, 0], [1, 5, 1, 1, 1, 1, 1, 1, 1, 1, 1], [1, 0, 1, 1, 4, 0, 1, 1, 2, 1, 1], [2, 0, 0, 0, 1, 1, 0, 0, 1, 3, 1]], "control": {"player_key": 17, "key_door": 17}, "info": {"regions": 1, "players": 2, "keys": 1, "doors": 2, "enemies": 3, "player_key": 2, "key_door": 7, "pk_path": [[8, 5], [8, 6], [9, 6]], "kd_path": []}, "quality": 0.4983552631416638, "diversity": 0.8258108571423948, "controlability": 0.2999999998}