{"content": [[1, 2, 1, 0, 0, 3, 1, 0, 1, 0, 0], [0, 5, 1, 1, 0, 1, 2, 2, 3, 5, 0], [2, 1, 5, 1, 0, 0, 1, 2, 0, 2, 0], [0, 1, 0, 0, 1, 2, 0, 5, 5, 1, 1], [1, 4, 5, 1, 1, 1, 1, 1, 0, 1, 3], [1, 2, 1, 1, 4, 0, 4, 0, 4, 5, 3], [1, 2, 3, 0, 4, 3, 0, 0, 1, 4, 1]], "control": {"player_key": 17, "key_door": 17}, "info": {"regions": 1, "players": 9, "keys": 6, "doors": 6, "enemies": 7, "player_key": -1, "key_door": 12, "pk_path": [], "kd_path": []}, "quality": 0.4826288752394346, "diversity": 0.3676470485294121, "controlability": 0.39999999973333333}