{"content": [[2, 4, 1, 0, 1, 3, 1, 3, 1, 0, 0], [5, 5, 1, 4, 0, 0, 5, 2, 2, 5, 0], [2, 5, 3, 1, 1, 1, 4, 2, 0, 2, 2], [0, 1, 0, 0, 1, 2, 1, 5, 1, 1, 2], [0, 5, 5, 1, 0, 1, 0, 1, 1, 1, 1], [1, 2, 3, 1, 4, 0, 4, 0, 3, 5, 3], [5, 2, 4, 0, 4, 1, 1, 0, 5, 3, 1]], "control": {"player_key": 17, "key_door": 17}, "info": {"regions": 1, "players": 11, "keys": 7, "doors": 7, "enemies": 11, "player_key": 15, "key_door": 10, "pk_path": [[0, 0], [0, 1], [0, 2], [1, 2], [2, 2], [3, 2], [4, 2], [4, 3], [5, 3], [6, 3], [7, 3], [7, 2], [7, 1], [7, 0], [6, 0], [5, 0]], "kd_path": []}, "quality": 0.4759147440218794, "diversity": 0.04347826086956519, "controlability": 0.833333333111111}