{"content": [[1, 4, 1, 0, 0, 3, 1, 0, 1, 0, 0], [0, 5, 3, 1, 0, 1, 2, 2, 3, 5, 2], [2, 5, 3, 4, 0, 1, 1, 1, 5, 3, 0], [0, 1, 0, 0, 1, 2, 0, 2, 4, 1, 1], [1, 4, 5, 0, 1, 1, 1, 1, 1, 1, 3], [1, 0, 1, 1, 4, 0, 4, 0, 4, 5, 4], [1, 2, 2, 0, 4, 2, 0, 0, 1, 5, 1]], "control": {"player_key": 17, "key_door": 17}, "info": {"regions": 1, "players": 9, "keys": 6, "doors": 9, "enemies": 7, "player_key": 2, "key_door": 14, "pk_path": [[6, 1], [6, 0], [5, 0]], "kd_path": []}, "quality": 0.4801617699766013, "diversity": 1.0, "controlability": 0.5333333329777777}