{"content": [[1, 4, 3, 0, 0, 2, 1, 0, 0, 0, 0], [0, 5, 2, 1, 0, 1, 5, 2, 3, 5, 0], [3, 1, 3, 1, 1, 0, 1, 2, 0, 2, 0], [0, 4, 0, 0, 1, 0, 0, 5, 4, 3, 2], [1, 5, 5, 1, 1, 1, 1, 2, 1, 1, 0], [1, 2, 4, 1, 0, 0, 1, 0, 2, 5, 3], [1, 2, 4, 0, 4, 2, 1, 0, 3, 5, 0]], "control": {"player_key": 17, "key_door": 17}, "info": {"regions": 1, "players": 11, "keys": 7, "doors": 6, "enemies": 8, "player_key": 15, "key_door": 1, "pk_path": [[5, 0], [5, 1], [6, 1], [6, 2], [7, 2], [7, 3], [7, 4], [6, 4], [5, 4], [4, 4], [4, 3], [4, 2], [3, 2], [3, 1], [2, 1], [2, 0]], "kd_path": []}, "quality": 0.47930560559315694, "diversity": 0.4379084858387803, "controlability": 0.5333333333111111}