{"content": [[1, 4, 1, 0, 0, 3, 1, 0, 0, 0, 0], [0, 5, 3, 1, 0, 1, 1, 2, 3, 5, 0], [2, 5, 3, 1, 1, 1, 1, 2, 0, 2, 0], [0, 1, 0, 0, 1, 2, 0, 5, 4, 1, 1], [1, 4, 5, 1, 1, 1, 1, 1, 1, 1, 1], [1, 0, 2, 1, 4, 0, 3, 2, 4, 5, 3], [1, 2, 4, 0, 5, 2, 0, 0, 1, 5, 1]], "control": {"player_key": 17, "key_door": 17}, "info": {"regions": 1, "players": 9, "keys": 6, "doors": 6, "enemies": 8, "player_key": 3, "key_door": 8, "pk_path": [[7, 1], [6, 1], [6, 0], [5, 0]], "kd_path": []}, "quality": 0.4817727108559902, "diversity": 0.5630251960784318, "controlability": 0.36666666642222223}