{"content": [[5, 4, 1, 2, 2, 3, 1, 0, 1, 0, 0], [0, 5, 1, 3, 0, 1, 1, 2, 3, 3, 0], [3, 5, 3, 1, 1, 1, 4, 1, 0, 3, 0], [0, 1, 4, 0, 1, 0, 0, 5, 5, 1, 1], [1, 4, 5, 1, 1, 1, 1, 1, 1, 1, 1], [1, 2, 4, 1, 3, 0, 4, 1, 4, 4, 3], [1, 2, 4, 0, 4, 1, 0, 0, 4, 3, 0]], "control": {"player_key": 17, "key_door": 17}, "info": {"regions": 1, "players": 5, "keys": 10, "doors": 11, "enemies": 6, "player_key": 2, "key_door": 4, "pk_path": [[3, 0], [4, 0], [5, 0]], "kd_path": []}, "quality": 0.4793731975181568, "diversity": 0.32843136437908527, "controlability": 0.19999999986666667}