{"content": [[1, 5, 1, 0, 7, 0, 4, 6], [7, 2, 0, 1, 4, 7, 5, 6], [0, 6, 6, 1, 7, 5, 6, 6], [0, 5, 7, 0, 4, 7, 0, 0], [6, 7, 7, 0, 6, 6, 6, 5], [1, 4, 0, 7, 5, 7, 1, 4], [0, 5, 4, 1, 1, 6, 0, 5], [5, 0, 0, 0, 7, 0, 1, 4], [4, 0, 1, 1, 0, 4, 0, 0], [4, 4, 1, 5, 0, 4, 1, 6], [6, 3, 6, 1, 0, 6, 4, 4], [4, 0, 6, 6, 7, 1, 0, 6]], "control": {"col_treasures": 18, "solution_length": 45}, "info": {"regions": 2, "players": 1, "exits": 1, "layout": 39, "heuristic": -1, "solution": [], "content": [[1, 5, 1, 0, 7, 0, 4, 6], [7, 2, 0, 1, 4, 7, 5, 6], [0, 6, 6, 1, 7, 5, 6, 6], [0, 5, 7, 0, 4, 7, 0, 0], [6, 7, 7, 0, 6, 6, 6, 5], [1, 4, 0, 7, 5, 7, 1, 4], [0, 5, 4, 1, 1, 6, 0, 5], [5, 0, 0, 0, 7, 0, 1, 4], [4, 0, 1, 1, 0, 4, 0, 0], [4, 4, 1, 5, 0, 4, 1, 6], [6, 3, 6, 1, 0, 6, 4, 4], [4, 0, 6, 6, 7, 1, 0, 6]], "potions": 15, "treasures": 10, "enemies": 30, "solution_length": 0, "enemies_loc": [[4, 0], [7, 0], [0, 1], [5, 1], [7, 1], [1, 2], [2, 2], [4, 2], [6, 2], [7, 2], [2, 3], [5, 3], [0, 4], [1, 4], [2, 4], [4, 4], [5, 4], [6, 4], [3, 5], [5, 5], [5, 6], [4, 7], [7, 9], [0, 10], [2, 10], [5, 10], [2, 11], [3, 11], [4, 11], [7, 11]]}, "quality": 0.313081395269047, "diversity": 0.655632989121208, "controlability": 0.0}