{"content": [[1, 1, 0, 0, 0, 1, 1, 1, 0, 0, 0, 1, 0, 1], [0, 1, 1, 0, 1, 0, 0, 0, 0, 1, 0, 1, 1, 0], [0, 1, 0, 0, 1, 0, 0, 1, 1, 1, 1, 1, 0, 1], [0, 0, 0, 1, 1, 1, 0, 1, 1, 0, 0, 0, 0, 0], [1, 1, 0, 0, 1, 1, 1, 1, 1, 1, 1, 1, 1, 1], [1, 0, 1, 1, 1, 1, 1, 1, 0, 1, 1, 1, 1, 0], [1, 1, 0, 1, 1, 1, 0, 0, 0, 0, 0, 0, 0, 1], [0, 1, 0, 1, 0, 1, 1, 1, 1, 0, 1, 1, 0, 1], [0, 1, 1, 1, 1, 1, 1, 0, 1, 0, 0, 1, 1, 0], [1, 0, 0, 0, 1, 1, 1, 0, 1, 0, 0, 1, 1, 1], [0, 1, 1, 0, 1, 1, 1, 0, 0, 1, 1, 0, 0, 0], [0, 0, 0, 0, 0, 0, 0, 1, 0, 1, 0, 0, 1, 0], [1, 0, 1, 0, 1, 0, 1, 1, 1, 0, 0, 1, 1, 1], [0, 0, 1, 0, 0, 1, 1, 1, 1, 1, 1, 1, 0, 1]], "control": {"path": 93}, "info": {"path": 24, "regions": 14, "flat": [1, 1, 0, 0, 0, 1, 1, 1, 0, 0, 0, 1, 0, 1, 0, 1, 1, 0, 1, 0, 0, 0, 0, 1, 0, 1, 1, 0, 0, 1, 0, 0, 1, 0, 0, 1, 1, 1, 1, 1, 0, 1, 0, 0, 0, 1, 1, 1, 0, 1, 1, 0, 0, 0, 0, 0, 1, 1, 0, 0, 1, 1, 1, 1, 1, 1, 1, 1, 1, 1, 1, 0, 1, 1, 1, 1, 1, 1, 0, 1, 1, 1, 1, 0, 1, 1, 0, 1, 1, 1, 0, 0, 0, 0, 0, 0, 0, 1, 0, 1, 0, 1, 0, 1, 1, 1, 1, 0, 1, 1, 0, 1, 0, 1, 1, 1, 1, 1, 1, 0, 1, 0, 0, 1, 1, 0, 1, 0, 0, 0, 1, 1, 1, 0, 1, 0, 0, 1, 1, 1, 0, 1, 1, 0, 1, 1, 1, 0, 0, 1, 1, 0, 0, 0, 0, 0, 0, 0, 0, 0, 0, 1, 0, 1, 0, 0, 1, 0, 1, 0, 1, 0, 1, 0, 1, 1, 1, 0, 0, 1, 1, 1, 0, 0, 1, 0, 0, 1, 1, 1, 1, 1, 1, 1, 0, 1]}, "quality": 0.5791090627460352, "diversity": 0.5653061223832518, "controlability": 0.27906976740941053}