{"content": [[0, 1, 1, 1, 1, 1, 0, 1, 0, 1, 0, 0, 1, 1], [1, 0, 1, 1, 1, 0, 0, 1, 1, 1, 1, 1, 0, 1], [1, 0, 0, 0, 0, 1, 1, 1, 0, 0, 1, 1, 0, 0], [1, 1, 1, 1, 0, 1, 1, 1, 1, 1, 1, 0, 0, 1], [0, 0, 0, 0, 0, 1, 0, 1, 0, 1, 0, 1, 0, 1], [1, 0, 1, 0, 0, 1, 1, 1, 1, 1, 1, 0, 0, 0], [0, 1, 1, 0, 1, 1, 0, 1, 1, 0, 0, 1, 1, 1], [0, 0, 0, 1, 1, 1, 1, 0, 1, 1, 1, 0, 0, 1], [1, 0, 1, 1, 0, 1, 0, 1, 0, 1, 1, 1, 0, 1], [1, 1, 1, 1, 0, 1, 1, 1, 0, 1, 1, 1, 1, 0], [1, 1, 0, 1, 1, 1, 1, 1, 1, 0, 0, 1, 1, 1], [0, 0, 1, 0, 0, 1, 1, 0, 0, 0, 1, 0, 1, 0], [1, 0, 1, 0, 0, 0, 0, 0, 0, 1, 0, 0, 0, 0], [0, 1, 0, 0, 0, 1, 1, 1, 1, 1, 1, 0, 1, 1]], "control": {"path": 62}, "info": {"path": 23, "regions": 15, "flat": [0, 1, 1, 1, 1, 1, 0, 1, 0, 1, 0, 0, 1, 1, 1, 0, 1, 1, 1, 0, 0, 1, 1, 1, 1, 1, 0, 1, 1, 0, 0, 0, 0, 1, 1, 1, 0, 0, 1, 1, 0, 0, 1, 1, 1, 1, 0, 1, 1, 1, 1, 1, 1, 0, 0, 1, 0, 0, 0, 0, 0, 1, 0, 1, 0, 1, 0, 1, 0, 1, 1, 0, 1, 0, 0, 1, 1, 1, 1, 1, 1, 0, 0, 0, 0, 1, 1, 0, 1, 1, 0, 1, 1, 0, 0, 1, 1, 1, 0, 0, 0, 1, 1, 1, 1, 0, 1, 1, 1, 0, 0, 1, 1, 0, 1, 1, 0, 1, 0, 1, 0, 1, 1, 1, 0, 1, 1, 1, 1, 1, 0, 1, 1, 1, 0, 1, 1, 1, 1, 0, 1, 1, 0, 1, 1, 1, 1, 1, 1, 0, 0, 1, 1, 1, 0, 0, 1, 0, 0, 1, 1, 0, 0, 0, 1, 0, 1, 0, 1, 0, 1, 0, 0, 0, 0, 0, 0, 1, 0, 0, 0, 0, 0, 1, 0, 0, 0, 1, 1, 1, 1, 1, 1, 0, 1, 1]}, "quality": 0.5343701994796151, "diversity": 1.0, "controlability": 0.41818181810578514}