{"content": [[0, 1, 1, 0, 1, 1, 1, 0, 0, 1, 0, 0, 1, 1], [1, 1, 1, 0, 0, 0, 1, 0, 0, 1, 1, 1, 0, 1], [1, 0, 0, 0, 1, 0, 1, 0, 0, 1, 0, 0, 0, 0], [0, 0, 1, 1, 1, 0, 0, 1, 1, 0, 1, 1, 0, 0], [1, 1, 1, 0, 0, 1, 0, 1, 1, 0, 1, 1, 1, 1], [1, 1, 1, 1, 1, 1, 0, 1, 1, 0, 1, 1, 1, 0], [0, 1, 1, 1, 1, 1, 1, 1, 1, 1, 0, 0, 1, 0], [1, 1, 1, 1, 0, 0, 0, 0, 0, 1, 1, 1, 1, 1], [0, 0, 0, 0, 0, 1, 1, 1, 1, 1, 1, 1, 1, 0], [0, 0, 0, 1, 0, 1, 1, 1, 0, 1, 0, 1, 1, 1], [0, 0, 0, 1, 0, 1, 1, 1, 0, 0, 1, 1, 0, 0], [0, 0, 1, 0, 0, 0, 1, 0, 0, 1, 0, 1, 1, 0], [1, 0, 1, 1, 0, 1, 1, 0, 0, 1, 1, 1, 1, 1], [0, 0, 1, 1, 1, 1, 0, 0, 0, 0, 0, 1, 1, 1]], "control": {"path": 92}, "info": {"path": 29, "regions": 7, "flat": [0, 1, 1, 0, 1, 1, 1, 0, 0, 1, 0, 0, 1, 1, 1, 1, 1, 0, 0, 0, 1, 0, 0, 1, 1, 1, 0, 1, 1, 0, 0, 0, 1, 0, 1, 0, 0, 1, 0, 0, 0, 0, 0, 0, 1, 1, 1, 0, 0, 1, 1, 0, 1, 1, 0, 0, 1, 1, 1, 0, 0, 1, 0, 1, 1, 0, 1, 1, 1, 1, 1, 1, 1, 1, 1, 1, 0, 1, 1, 0, 1, 1, 1, 0, 0, 1, 1, 1, 1, 1, 1, 1, 1, 1, 0, 0, 1, 0, 1, 1, 1, 1, 0, 0, 0, 0, 0, 1, 1, 1, 1, 1, 0, 0, 0, 0, 0, 1, 1, 1, 1, 1, 1, 1, 1, 0, 0, 0, 0, 1, 0, 1, 1, 1, 0, 1, 0, 1, 1, 1, 0, 0, 0, 1, 0, 1, 1, 1, 0, 0, 1, 1, 0, 0, 0, 0, 1, 0, 0, 0, 1, 0, 0, 1, 0, 1, 1, 0, 1, 0, 1, 1, 0, 1, 1, 0, 0, 1, 1, 1, 1, 1, 0, 0, 1, 1, 1, 1, 0, 0, 0, 0, 0, 1, 1, 1]}, "quality": 0.8387096772372529, "diversity": 0.9638605441160042, "controlability": 0.3411764705480969}