{"content": [[1, 1, 1, 1, 0, 1, 1, 0, 0, 1, 0, 0, 1, 0], [1, 1, 0, 0, 0, 1, 1, 0, 0, 1, 0, 0, 0, 1], [1, 1, 0, 0, 0, 1, 1, 1, 0, 1, 1, 0, 1, 0], [0, 1, 0, 0, 1, 0, 1, 0, 1, 0, 1, 1, 0, 1], [1, 1, 1, 0, 0, 0, 1, 0, 1, 0, 0, 0, 1, 1], [1, 1, 0, 1, 1, 1, 1, 0, 1, 0, 1, 0, 0, 0], [0, 1, 1, 1, 0, 1, 0, 1, 1, 1, 1, 1, 1, 0], [1, 1, 0, 0, 1, 1, 1, 0, 0, 1, 0, 1, 1, 0], [1, 1, 0, 1, 0, 1, 1, 1, 1, 1, 0, 1, 1, 0], [0, 0, 0, 1, 0, 0, 1, 1, 0, 0, 1, 0, 1, 1], [0, 1, 0, 0, 0, 0, 1, 0, 0, 0, 0, 1, 0, 0], [1, 1, 1, 0, 0, 0, 0, 1, 0, 1, 0, 0, 1, 1], [1, 1, 1, 1, 1, 0, 0, 0, 0, 1, 0, 0, 0, 0], [0, 0, 1, 1, 1, 1, 1, 0, 0, 0, 1, 0, 1, 0]], "control": {"path": 52}, "info": {"path": 29, "regions": 16, "flat": [1, 1, 1, 1, 0, 1, 1, 0, 0, 1, 0, 0, 1, 0, 1, 1, 0, 0, 0, 1, 1, 0, 0, 1, 0, 0, 0, 1, 1, 1, 0, 0, 0, 1, 1, 1, 0, 1, 1, 0, 1, 0, 0, 1, 0, 0, 1, 0, 1, 0, 1, 0, 1, 1, 0, 1, 1, 1, 1, 0, 0, 0, 1, 0, 1, 0, 0, 0, 1, 1, 1, 1, 0, 1, 1, 1, 1, 0, 1, 0, 1, 0, 0, 0, 0, 1, 1, 1, 0, 1, 0, 1, 1, 1, 1, 1, 1, 0, 1, 1, 0, 0, 1, 1, 1, 0, 0, 1, 0, 1, 1, 0, 1, 1, 0, 1, 0, 1, 1, 1, 1, 1, 0, 1, 1, 0, 0, 0, 0, 1, 0, 0, 1, 1, 0, 0, 1, 0, 1, 1, 0, 1, 0, 0, 0, 0, 1, 0, 0, 0, 0, 1, 0, 0, 1, 1, 1, 0, 0, 0, 0, 1, 0, 1, 0, 0, 1, 1, 1, 1, 1, 1, 1, 0, 0, 0, 0, 1, 0, 0, 0, 0, 0, 0, 1, 1, 1, 1, 1, 0, 0, 0, 1, 0, 1, 0]}, "quality": 0.596774193496358, "diversity": 0.9213435373187061, "controlability": 0.6444444443012346}