{"content": [[0, 0, 0, 1, 1, 0, 1, 1, 0, 0, 0, 0, 1, 1], [1, 1, 1, 0, 1, 0, 0, 0, 0, 1, 1, 1, 0, 0], [1, 0, 1, 0, 0, 1, 1, 0, 0, 1, 0, 1, 1, 1], [0, 0, 1, 1, 1, 1, 0, 1, 1, 1, 0, 1, 0, 1], [0, 1, 0, 0, 0, 1, 0, 1, 1, 1, 1, 0, 1, 1], [1, 0, 1, 0, 1, 1, 1, 1, 1, 1, 1, 0, 1, 0], [1, 1, 1, 0, 0, 0, 1, 0, 0, 0, 0, 1, 0, 1], [1, 1, 0, 1, 0, 1, 1, 1, 1, 0, 1, 1, 0, 1], [0, 1, 1, 1, 0, 1, 0, 1, 1, 0, 1, 1, 1, 1], [1, 1, 0, 1, 0, 1, 1, 0, 0, 0, 0, 1, 1, 1], [0, 1, 0, 1, 0, 1, 1, 0, 1, 0, 1, 0, 0, 1], [0, 1, 1, 1, 0, 0, 1, 1, 0, 0, 1, 0, 1, 0], [1, 0, 1, 0, 0, 0, 0, 1, 1, 1, 1, 1, 1, 1], [0, 0, 1, 0, 1, 1, 1, 1, 1, 1, 1, 1, 1, 0]], "control": {"path": 93}, "info": {"path": 32, "regions": 9, "flat": [0, 0, 0, 1, 1, 0, 1, 1, 0, 0, 0, 0, 1, 1, 1, 1, 1, 0, 1, 0, 0, 0, 0, 1, 1, 1, 0, 0, 1, 0, 1, 0, 0, 1, 1, 0, 0, 1, 0, 1, 1, 1, 0, 0, 1, 1, 1, 1, 0, 1, 1, 1, 0, 1, 0, 1, 0, 1, 0, 0, 0, 1, 0, 1, 1, 1, 1, 0, 1, 1, 1, 0, 1, 0, 1, 1, 1, 1, 1, 1, 1, 0, 1, 0, 1, 1, 1, 0, 0, 0, 1, 0, 0, 0, 0, 1, 0, 1, 1, 1, 0, 1, 0, 1, 1, 1, 1, 0, 1, 1, 0, 1, 0, 1, 1, 1, 0, 1, 0, 1, 1, 0, 1, 1, 1, 1, 1, 1, 0, 1, 0, 1, 1, 0, 0, 0, 0, 1, 1, 1, 0, 1, 0, 1, 0, 1, 1, 0, 1, 0, 1, 0, 0, 1, 0, 1, 1, 1, 0, 0, 1, 1, 0, 0, 1, 0, 1, 0, 1, 0, 1, 0, 0, 0, 0, 1, 1, 1, 1, 1, 1, 1, 0, 0, 1, 0, 1, 1, 1, 1, 1, 1, 1, 1, 1, 0]}, "quality": 0.784946236405943, "diversity": 1.0, "controlability": 0.37209302321254734}