{"content": [[0, 0, 0, 0, 1, 0, 1, 0, 1, 0, 0, 0, 0, 0], [1, 1, 1, 1, 0, 0, 1, 1, 1, 0, 1, 1, 0, 1], [0, 1, 1, 1, 0, 0, 1, 0, 0, 0, 0, 0, 1, 0], [0, 1, 0, 1, 0, 0, 1, 1, 1, 1, 1, 0, 0, 1], [1, 1, 0, 1, 1, 1, 1, 1, 1, 0, 0, 1, 1, 1], [1, 1, 1, 1, 0, 1, 0, 1, 1, 1, 1, 0, 1, 1], [0, 0, 0, 0, 0, 1, 0, 1, 1, 0, 1, 0, 0, 0], [0, 0, 0, 1, 1, 1, 0, 1, 1, 1, 0, 0, 1, 0], [1, 0, 1, 1, 1, 0, 1, 1, 1, 0, 1, 1, 1, 0], [1, 0, 1, 0, 0, 0, 0, 0, 1, 1, 1, 1, 1, 1], [0, 0, 1, 0, 1, 1, 1, 1, 1, 0, 1, 0, 0, 1], [0, 0, 0, 1, 1, 0, 0, 1, 0, 0, 0, 1, 0, 1], [0, 0, 0, 0, 0, 0, 1, 0, 1, 0, 1, 1, 0, 0], [0, 1, 1, 1, 1, 0, 1, 0, 1, 0, 1, 0, 1, 1]], "control": {"path": 44}, "info": {"path": 24, "regions": 12, "flat": [0, 0, 0, 0, 1, 0, 1, 0, 1, 0, 0, 0, 0, 0, 1, 1, 1, 1, 0, 0, 1, 1, 1, 0, 1, 1, 0, 1, 0, 1, 1, 1, 0, 0, 1, 0, 0, 0, 0, 0, 1, 0, 0, 1, 0, 1, 0, 0, 1, 1, 1, 1, 1, 0, 0, 1, 1, 1, 0, 1, 1, 1, 1, 1, 1, 0, 0, 1, 1, 1, 1, 1, 1, 1, 0, 1, 0, 1, 1, 1, 1, 0, 1, 1, 0, 0, 0, 0, 0, 1, 0, 1, 1, 0, 1, 0, 0, 0, 0, 0, 0, 1, 1, 1, 0, 1, 1, 1, 0, 0, 1, 0, 1, 0, 1, 1, 1, 0, 1, 1, 1, 0, 1, 1, 1, 0, 1, 0, 1, 0, 0, 0, 0, 0, 1, 1, 1, 1, 1, 1, 0, 0, 1, 0, 1, 1, 1, 1, 1, 0, 1, 0, 0, 1, 0, 0, 0, 1, 1, 0, 0, 1, 0, 0, 0, 1, 0, 1, 0, 0, 0, 0, 0, 0, 1, 0, 1, 0, 1, 1, 0, 0, 0, 1, 1, 1, 1, 0, 1, 0, 1, 0, 1, 0, 1, 1]}, "quality": 0.6328725035773453, "diversity": 0.6814625849555958, "controlability": 0.6486486484733381}