{"content": [[0, 1, 1, 1, 0, 1, 1, 1, 1, 1, 1, 0, 1, 1], [0, 1, 1, 1, 0, 0, 1, 0, 0, 1, 1, 0, 1, 1], [1, 1, 0, 0, 0, 0, 1, 0, 1, 0, 0, 0, 0, 1], [1, 1, 1, 1, 0, 0, 1, 1, 1, 0, 1, 0, 1, 1], [0, 0, 0, 1, 1, 1, 1, 1, 0, 0, 1, 0, 1, 0], [1, 1, 0, 0, 0, 0, 0, 1, 1, 1, 1, 0, 0, 1], [1, 1, 0, 0, 0, 0, 1, 0, 1, 0, 0, 0, 1, 0], [1, 1, 0, 0, 1, 1, 1, 0, 1, 1, 0, 0, 0, 0], [0, 0, 1, 1, 1, 0, 0, 1, 1, 0, 0, 0, 0, 1], [1, 0, 0, 0, 0, 1, 0, 0, 1, 1, 0, 1, 1, 0], [0, 0, 0, 1, 1, 1, 1, 1, 1, 1, 0, 0, 1, 1], [1, 1, 1, 1, 0, 0, 1, 1, 0, 0, 0, 0, 1, 0], [1, 0, 0, 0, 1, 0, 0, 1, 0, 1, 1, 0, 0, 0], [0, 1, 1, 1, 0, 0, 1, 0, 1, 0, 0, 1, 0, 0]], "control": {"path": 72}, "info": {"path": 29, "regions": 15, "flat": [0, 1, 1, 1, 0, 1, 1, 1, 1, 1, 1, 0, 1, 1, 0, 1, 1, 1, 0, 0, 1, 0, 0, 1, 1, 0, 1, 1, 1, 1, 0, 0, 0, 0, 1, 0, 1, 0, 0, 0, 0, 1, 1, 1, 1, 1, 0, 0, 1, 1, 1, 0, 1, 0, 1, 1, 0, 0, 0, 1, 1, 1, 1, 1, 0, 0, 1, 0, 1, 0, 1, 1, 0, 0, 0, 0, 0, 1, 1, 1, 1, 0, 0, 1, 1, 1, 0, 0, 0, 0, 1, 0, 1, 0, 0, 0, 1, 0, 1, 1, 0, 0, 1, 1, 1, 0, 1, 1, 0, 0, 0, 0, 0, 0, 1, 1, 1, 0, 0, 1, 1, 0, 0, 0, 0, 1, 1, 0, 0, 0, 0, 1, 0, 0, 1, 1, 0, 1, 1, 0, 0, 0, 0, 1, 1, 1, 1, 1, 1, 1, 0, 0, 1, 1, 1, 1, 1, 1, 0, 0, 1, 1, 0, 0, 0, 0, 1, 0, 1, 0, 0, 0, 1, 0, 0, 1, 0, 1, 1, 0, 0, 0, 0, 1, 1, 1, 0, 0, 1, 0, 1, 0, 0, 1, 0, 0]}, "quality": 0.623655913912013, "diversity": 0.9204081631564105, "controlability": 0.44615384608520714}