{"content": [[0, 1, 1, 1, 1, 1, 1, 0, 0, 1, 0, 0, 1, 1], [1, 1, 0, 0, 1, 0, 1, 1, 1, 1, 0, 0, 0, 1], [0, 1, 1, 0, 1, 1, 0, 1, 1, 0, 1, 1, 1, 0], [0, 1, 0, 1, 1, 0, 1, 0, 0, 1, 1, 0, 0, 1], [0, 1, 1, 0, 1, 1, 1, 0, 0, 0, 0, 0, 0, 1], [1, 1, 1, 0, 0, 0, 1, 0, 1, 1, 1, 0, 0, 0], [0, 1, 1, 1, 0, 0, 1, 1, 1, 1, 1, 1, 1, 0], [1, 0, 0, 0, 1, 0, 1, 0, 0, 1, 1, 1, 0, 0], [1, 1, 1, 1, 1, 0, 1, 1, 0, 1, 0, 1, 0, 1], [0, 0, 0, 1, 1, 0, 1, 0, 0, 0, 1, 1, 1, 1], [1, 0, 0, 0, 0, 1, 1, 0, 0, 0, 1, 1, 0, 0], [1, 1, 1, 0, 0, 1, 0, 1, 1, 1, 0, 0, 1, 1], [1, 1, 1, 1, 0, 1, 1, 0, 0, 1, 0, 0, 1, 0], [1, 0, 1, 1, 0, 1, 1, 0, 1, 0, 1, 0, 0, 0]], "control": {"path": 62}, "info": {"path": 30, "regions": 10, "flat": [0, 1, 1, 1, 1, 1, 1, 0, 0, 1, 0, 0, 1, 1, 1, 1, 0, 0, 1, 0, 1, 1, 1, 1, 0, 0, 0, 1, 0, 1, 1, 0, 1, 1, 0, 1, 1, 0, 1, 1, 1, 0, 0, 1, 0, 1, 1, 0, 1, 0, 0, 1, 1, 0, 0, 1, 0, 1, 1, 0, 1, 1, 1, 0, 0, 0, 0, 0, 0, 1, 1, 1, 1, 0, 0, 0, 1, 0, 1, 1, 1, 0, 0, 0, 0, 1, 1, 1, 0, 0, 1, 1, 1, 1, 1, 1, 1, 0, 1, 0, 0, 0, 1, 0, 1, 0, 0, 1, 1, 1, 0, 0, 1, 1, 1, 1, 1, 0, 1, 1, 0, 1, 0, 1, 0, 1, 0, 0, 0, 1, 1, 0, 1, 0, 0, 0, 1, 1, 1, 1, 1, 0, 0, 0, 0, 1, 1, 0, 0, 0, 1, 1, 0, 0, 1, 1, 1, 0, 0, 1, 0, 1, 1, 1, 0, 0, 1, 1, 1, 1, 1, 1, 0, 1, 1, 0, 0, 1, 0, 0, 1, 0, 1, 0, 1, 1, 0, 1, 1, 0, 1, 0, 1, 0, 0, 0]}, "quality": 0.7580645159902879, "diversity": 0.5383867832221445, "controlability": 0.5454545453553719}