{"content": [[0, 1, 0, 1, 0, 0, 1, 0, 0, 1, 1, 0, 0, 0], [0, 0, 1, 1, 1, 1, 1, 0, 0, 1, 0, 0, 1, 1], [1, 1, 1, 1, 1, 1, 0, 0, 0, 1, 1, 0, 0, 0], [0, 1, 1, 0, 0, 1, 0, 1, 1, 1, 1, 1, 1, 1], [1, 1, 0, 0, 1, 1, 1, 1, 0, 0, 0, 0, 0, 0], [1, 1, 1, 0, 0, 1, 1, 1, 1, 0, 1, 0, 1, 0], [1, 0, 0, 0, 1, 1, 1, 0, 0, 1, 0, 0, 0, 0], [1, 0, 0, 1, 1, 1, 1, 0, 1, 1, 0, 0, 0, 1], [0, 0, 1, 1, 1, 0, 0, 0, 1, 1, 0, 1, 0, 0], [0, 0, 1, 1, 0, 0, 1, 0, 0, 1, 1, 0, 0, 1], [1, 1, 1, 0, 0, 0, 1, 1, 0, 1, 1, 1, 1, 1], [1, 1, 1, 1, 0, 0, 1, 1, 1, 0, 0, 1, 1, 1], [1, 1, 1, 1, 0, 0, 1, 1, 0, 0, 1, 1, 0, 0], [1, 0, 0, 1, 0, 1, 1, 0, 0, 1, 0, 0, 0, 0]], "control": {"path": 44}, "info": {"path": 26, "regions": 10, "flat": [0, 1, 0, 1, 0, 0, 1, 0, 0, 1, 1, 0, 0, 0, 0, 0, 1, 1, 1, 1, 1, 0, 0, 1, 0, 0, 1, 1, 1, 1, 1, 1, 1, 1, 0, 0, 0, 1, 1, 0, 0, 0, 0, 1, 1, 0, 0, 1, 0, 1, 1, 1, 1, 1, 1, 1, 1, 1, 0, 0, 1, 1, 1, 1, 0, 0, 0, 0, 0, 0, 1, 1, 1, 0, 0, 1, 1, 1, 1, 0, 1, 0, 1, 0, 1, 0, 0, 0, 1, 1, 1, 0, 0, 1, 0, 0, 0, 0, 1, 0, 0, 1, 1, 1, 1, 0, 1, 1, 0, 0, 0, 1, 0, 0, 1, 1, 1, 0, 0, 0, 1, 1, 0, 1, 0, 0, 0, 0, 1, 1, 0, 0, 1, 0, 0, 1, 1, 0, 0, 1, 1, 1, 1, 0, 0, 0, 1, 1, 0, 1, 1, 1, 1, 1, 1, 1, 1, 1, 0, 0, 1, 1, 1, 0, 0, 1, 1, 1, 1, 1, 1, 1, 0, 0, 1, 1, 0, 0, 1, 1, 0, 0, 1, 0, 0, 1, 0, 1, 1, 0, 0, 1, 0, 0, 0, 0]}, "quality": 0.7223502301101858, "diversity": 0.5637755101503932, "controlability": 0.702702702512783}