{"content": [[0, 1, 1, 0, 1, 1, 0, 0, 0, 0, 0, 0, 1, 1], [1, 1, 0, 1, 1, 0, 0, 1, 1, 1, 0, 0, 0, 1], [0, 1, 0, 0, 1, 1, 1, 1, 1, 0, 1, 1, 0, 0], [1, 1, 0, 1, 1, 0, 0, 1, 0, 1, 1, 0, 1, 0], [1, 0, 1, 0, 1, 1, 1, 0, 0, 1, 0, 0, 0, 0], [1, 1, 1, 1, 0, 0, 1, 0, 1, 0, 1, 0, 0, 0], [0, 1, 0, 1, 1, 1, 0, 1, 1, 0, 1, 1, 0, 0], [1, 0, 0, 1, 1, 1, 1, 0, 0, 1, 1, 1, 0, 0], [1, 0, 1, 1, 0, 1, 1, 1, 0, 1, 0, 1, 0, 0], [1, 0, 0, 1, 1, 1, 1, 0, 0, 0, 1, 0, 1, 0], [1, 1, 0, 0, 1, 1, 1, 0, 0, 0, 1, 0, 1, 0], [1, 0, 1, 0, 1, 1, 0, 0, 0, 1, 1, 0, 1, 1], [1, 1, 1, 0, 0, 0, 0, 0, 0, 1, 0, 0, 1, 0], [1, 0, 0, 0, 0, 1, 1, 0, 1, 1, 1, 1, 0, 0]], "control": {"path": 62}, "info": {"path": 18, "regions": 11, "flat": [0, 1, 1, 0, 1, 1, 0, 0, 0, 0, 0, 0, 1, 1, 1, 1, 0, 1, 1, 0, 0, 1, 1, 1, 0, 0, 0, 1, 0, 1, 0, 0, 1, 1, 1, 1, 1, 0, 1, 1, 0, 0, 1, 1, 0, 1, 1, 0, 0, 1, 0, 1, 1, 0, 1, 0, 1, 0, 1, 0, 1, 1, 1, 0, 0, 1, 0, 0, 0, 0, 1, 1, 1, 1, 0, 0, 1, 0, 1, 0, 1, 0, 0, 0, 0, 1, 0, 1, 1, 1, 0, 1, 1, 0, 1, 1, 0, 0, 1, 0, 0, 1, 1, 1, 1, 0, 0, 1, 1, 1, 0, 0, 1, 0, 1, 1, 0, 1, 1, 1, 0, 1, 0, 1, 0, 0, 1, 0, 0, 1, 1, 1, 1, 0, 0, 0, 1, 0, 1, 0, 1, 1, 0, 0, 1, 1, 1, 0, 0, 0, 1, 0, 1, 0, 1, 0, 1, 0, 1, 1, 0, 0, 0, 1, 1, 0, 1, 1, 1, 1, 1, 0, 0, 0, 0, 0, 0, 1, 0, 0, 1, 0, 1, 0, 0, 0, 0, 1, 1, 0, 1, 1, 1, 1, 0, 0]}, "quality": 0.5526113668884084, "diversity": 0.6280612244224412, "controlability": 0.32727272721322315}