{"content": [[1, 1, 1, 1, 1, 0, 0, 0, 0, 0, 0, 0, 0, 1], [1, 0, 0, 0, 0, 0, 0, 0, 0, 1, 1, 1, 1, 1], [0, 0, 0, 0, 1, 1, 1, 0, 0, 1, 1, 0, 0, 1], [0, 1, 0, 0, 1, 1, 0, 0, 1, 1, 1, 0, 0, 0], [1, 1, 0, 1, 1, 0, 1, 0, 1, 1, 0, 0, 1, 0], [1, 1, 0, 1, 0, 1, 1, 0, 1, 0, 0, 1, 1, 0], [1, 1, 1, 1, 0, 1, 0, 1, 1, 0, 1, 1, 0, 0], [0, 1, 0, 0, 0, 1, 0, 1, 0, 0, 1, 1, 1, 0], [0, 0, 0, 1, 1, 0, 1, 1, 1, 1, 0, 1, 1, 1], [0, 0, 1, 0, 1, 1, 0, 0, 0, 1, 0, 1, 0, 1], [0, 1, 0, 0, 0, 1, 1, 1, 0, 0, 0, 1, 1, 0], [1, 0, 1, 1, 0, 0, 0, 0, 0, 1, 0, 0, 0, 1], [0, 1, 0, 0, 0, 1, 0, 1, 1, 1, 1, 0, 0, 0], [1, 0, 1, 1, 0, 1, 1, 1, 1, 1, 1, 0, 1, 0]], "control": {"path": 46}, "info": {"path": 17, "regions": 16, "flat": [1, 1, 1, 1, 1, 0, 0, 0, 0, 0, 0, 0, 0, 1, 1, 0, 0, 0, 0, 0, 0, 0, 0, 1, 1, 1, 1, 1, 0, 0, 0, 0, 1, 1, 1, 0, 0, 1, 1, 0, 0, 1, 0, 1, 0, 0, 1, 1, 0, 0, 1, 1, 1, 0, 0, 0, 1, 1, 0, 1, 1, 0, 1, 0, 1, 1, 0, 0, 1, 0, 1, 1, 0, 1, 0, 1, 1, 0, 1, 0, 0, 1, 1, 0, 1, 1, 1, 1, 0, 1, 0, 1, 1, 0, 1, 1, 0, 0, 0, 1, 0, 0, 0, 1, 0, 1, 0, 0, 1, 1, 1, 0, 0, 0, 0, 1, 1, 0, 1, 1, 1, 1, 0, 1, 1, 1, 0, 0, 1, 0, 1, 1, 0, 0, 0, 1, 0, 1, 0, 1, 0, 1, 0, 0, 0, 1, 1, 1, 0, 0, 0, 1, 1, 0, 1, 0, 1, 1, 0, 0, 0, 0, 0, 1, 0, 0, 0, 1, 0, 1, 0, 0, 0, 1, 0, 1, 1, 1, 1, 0, 0, 0, 1, 0, 1, 1, 0, 1, 1, 1, 1, 1, 1, 0, 1, 0]}, "quality": 0.4003456219593682, "diversity": 1.0, "controlability": 0.4358974357856673}