{"content": [[1, 1, 0, 0, 0, 1, 1, 1, 0, 0, 0, 1, 1, 0], [1, 1, 0, 1, 0, 1, 1, 1, 1, 0, 0, 1, 0, 1], [1, 1, 0, 0, 0, 1, 1, 1, 1, 0, 1, 0, 1, 0], [1, 1, 0, 0, 0, 1, 0, 1, 1, 1, 0, 0, 0, 1], [1, 0, 0, 0, 0, 1, 1, 0, 0, 1, 1, 1, 1, 0], [1, 0, 1, 1, 0, 0, 1, 1, 1, 0, 1, 0, 0, 0], [0, 1, 0, 0, 1, 1, 0, 1, 1, 0, 1, 0, 1, 0], [0, 1, 0, 1, 1, 1, 1, 1, 0, 1, 1, 1, 0, 1], [0, 1, 0, 1, 0, 1, 0, 1, 0, 1, 1, 1, 1, 0], [1, 0, 1, 1, 1, 1, 0, 1, 0, 0, 0, 0, 1, 0], [1, 0, 0, 1, 1, 1, 0, 1, 1, 0, 0, 0, 1, 0], [1, 0, 0, 0, 1, 0, 0, 1, 0, 0, 1, 0, 1, 0], [1, 1, 1, 0, 1, 1, 0, 1, 0, 0, 0, 0, 0, 0], [0, 0, 1, 1, 1, 1, 1, 1, 1, 1, 0, 1, 0, 0]], "control": {"path": 62}, "info": {"path": 40, "regions": 14, "flat": [1, 1, 0, 0, 0, 1, 1, 1, 0, 0, 0, 1, 1, 0, 1, 1, 0, 1, 0, 1, 1, 1, 1, 0, 0, 1, 0, 1, 1, 1, 0, 0, 0, 1, 1, 1, 1, 0, 1, 0, 1, 0, 1, 1, 0, 0, 0, 1, 0, 1, 1, 1, 0, 0, 0, 1, 1, 0, 0, 0, 0, 1, 1, 0, 0, 1, 1, 1, 1, 0, 1, 0, 1, 1, 0, 0, 1, 1, 1, 0, 1, 0, 0, 0, 0, 1, 0, 0, 1, 1, 0, 1, 1, 0, 1, 0, 1, 0, 0, 1, 0, 1, 1, 1, 1, 1, 0, 1, 1, 1, 0, 1, 0, 1, 0, 1, 0, 1, 0, 1, 0, 1, 1, 1, 1, 0, 1, 0, 1, 1, 1, 1, 0, 1, 0, 0, 0, 0, 1, 0, 1, 0, 0, 1, 1, 1, 0, 1, 1, 0, 0, 0, 1, 0, 1, 0, 0, 0, 1, 0, 0, 1, 0, 0, 1, 0, 1, 0, 1, 1, 1, 0, 1, 1, 0, 1, 0, 0, 0, 0, 0, 0, 0, 0, 1, 1, 1, 1, 1, 1, 1, 1, 0, 1, 0, 0]}, "quality": 0.650537634327668, "diversity": 0.8824568287826536, "controlability": 0.7272727271404958}