{"content": [[1, 1, 4, 5, 4, 1, 5, 5], [5, 0, 5, 5, 1, 4, 6, 1], [4, 0, 4, 1, 5, 1, 6, 7], [0, 5, 1, 5, 0, 7, 1, 0], [1, 0, 1, 0, 3, 1, 7, 0], [1, 7, 5, 0, 1, 6, 1, 4], [1, 5, 4, 1, 0, 0, 1, 5], [5, 0, 4, 0, 7, 0, 0, 1], [5, 0, 1, 5, 5, 4, 6, 4], [4, 0, 1, 7, 0, 4, 4, 6], [5, 0, 5, 1, 5, 6, 0, 1], [0, 0, 2, 0, 0, 7, 6, 1]], "control": {"col_treasures": 18, "solution_length": 45}, "info": {"regions": 1, "players": 1, "exits": 1, "layout": 48, "heuristic": 133, "solution": [], "content": [[1, 1, 4, 5, 4, 1, 5, 5], [5, 0, 5, 5, 1, 4, 6, 1], [4, 0, 4, 1, 5, 1, 6, 7], [0, 5, 1, 5, 0, 7, 1, 0], [1, 0, 1, 0, 3, 1, 7, 0], [1, 7, 5, 0, 1, 6, 1, 4], [1, 5, 4, 1, 0, 0, 1, 5], [5, 0, 4, 0, 7, 0, 0, 1], [5, 0, 1, 5, 5, 4, 6, 4], [4, 0, 1, 7, 0, 4, 4, 6], [5, 0, 5, 1, 5, 6, 0, 1], [0, 0, 2, 0, 0, 7, 6, 1]], "potions": 13, "treasures": 19, "enemies": 14, "solution_length": 0, "enemies_loc": [[6, 1], [6, 2], [7, 2], [5, 3], [6, 4], [1, 5], [5, 5], [4, 7], [6, 8], [3, 9], [7, 9], [5, 10], [5, 11], [6, 11]], "status": "running", "health": 5, "col_treasures": 5, "col_potions": 2, "col_enemies": 1}, "quality": 0.49759476273130326, "diversity": 1.0, "controlability": 0.17857142844387755}