{"content": {"layout": [15, 14, 15, 13, 11, 14, 15, 3, 15, 11, 14, 15, 2, 14, 7, 11], "start": 3, "boss": 12, "shop": 8, "treasure": 8}, "control": {"map_size": 11}, "info": {"map_size": 16, "num_regions": 1, "connect_regions": 1, "loose_connections": 12, "locations": 3, "player_boss_distance": 16, "flat": [0, 2, 0, 0, 2, 0, 0, 2, 0, 0, 0, 0, 2, 1, 2, 0, 1, 2, 2, 1, 2, 2, 1, 2, 0, 2, 0, 0, 2, 0, 0, 2, 0, 0, 2, 0, 0, 2, 0, 0, 2, 0, 0, 2, 0, 0, 2, 0, 2, 1, 0, 0, 1, 2, 2, 1, 2, 2, 1, 0, 0, 2, 0, 0, 2, 0, 0, 2, 0, 0, 0, 0, 0, 2, 0, 0, 2, 0, 0, 2, 0, 0, 2, 0, 2, 1, 2, 2, 1, 0, 0, 1, 2, 2, 1, 2, 0, 2, 0, 0, 2, 0, 0, 2, 0, 0, 2, 0, 0, 2, 0, 0, 2, 0, 0, 2, 0, 0, 2, 0, 0, 1, 0, 0, 1, 2, 2, 1, 2, 2, 1, 0, 0, 0, 0, 0, 2, 0, 0, 0, 0, 0, 2, 0], "dead_end": 1}, "quality": 0.8624999997187501, "diversity": 0.5612980678823618, "controlability": 1.0}