{"content": [[0, 1, 0, 1, 1, 1, 1, 1, 1, 1, 1, 0, 1, 1], [1, 1, 1, 1, 0, 0, 1, 1, 0, 1, 1, 1, 0, 1], [1, 1, 1, 0, 0, 0, 0, 0, 1, 1, 0, 1, 1, 1], [0, 0, 1, 0, 1, 1, 1, 1, 0, 1, 0, 0, 1, 1], [0, 0, 1, 1, 0, 1, 1, 1, 1, 0, 0, 1, 1, 1], [1, 1, 1, 1, 1, 0, 1, 0, 1, 1, 1, 0, 0, 0], [0, 1, 1, 1, 1, 0, 1, 0, 0, 0, 1, 1, 1, 1], [0, 0, 0, 1, 1, 0, 0, 1, 0, 0, 0, 1, 1, 0], [0, 0, 0, 0, 0, 1, 0, 1, 1, 0, 0, 1, 0, 0], [1, 1, 1, 1, 1, 1, 1, 1, 1, 1, 1, 1, 1, 1], [0, 1, 0, 0, 0, 1, 1, 0, 0, 1, 0, 1, 1, 0], [0, 1, 0, 0, 0, 0, 1, 0, 0, 0, 0, 0, 1, 0], [0, 0, 1, 1, 0, 0, 1, 0, 0, 1, 1, 1, 1, 1], [0, 0, 0, 1, 0, 1, 1, 1, 1, 0, 1, 1, 0, 0]], "control": {"path": 62}, "info": {"path": 25, "regions": 3, "flat": [0, 1, 0, 1, 1, 1, 1, 1, 1, 1, 1, 0, 1, 1, 1, 1, 1, 1, 0, 0, 1, 1, 0, 1, 1, 1, 0, 1, 1, 1, 1, 0, 0, 0, 0, 0, 1, 1, 0, 1, 1, 1, 0, 0, 1, 0, 1, 1, 1, 1, 0, 1, 0, 0, 1, 1, 0, 0, 1, 1, 0, 1, 1, 1, 1, 0, 0, 1, 1, 1, 1, 1, 1, 1, 1, 0, 1, 0, 1, 1, 1, 0, 0, 0, 0, 1, 1, 1, 1, 0, 1, 0, 0, 0, 1, 1, 1, 1, 0, 0, 0, 1, 1, 0, 0, 1, 0, 0, 0, 1, 1, 0, 0, 0, 0, 0, 0, 1, 0, 1, 1, 0, 0, 1, 0, 0, 1, 1, 1, 1, 1, 1, 1, 1, 1, 1, 1, 1, 1, 1, 0, 1, 0, 0, 0, 1, 1, 0, 0, 1, 0, 1, 1, 0, 0, 1, 0, 0, 0, 0, 1, 0, 0, 0, 0, 0, 1, 0, 0, 0, 1, 1, 0, 0, 1, 0, 0, 1, 1, 1, 1, 1, 0, 0, 0, 1, 0, 1, 1, 1, 1, 0, 1, 1, 0, 0]}, "quality": 0.8926651301690054, "diversity": 0.5155700210483307, "controlability": 0.4545454544628099}