{"content": [[0, 1, 0, 1, 1, 1, 1, 1, 1, 1, 0, 0, 1, 1], [0, 1, 1, 1, 0, 0, 1, 1, 1, 1, 1, 1, 0, 1], [1, 1, 1, 0, 0, 0, 0, 0, 1, 1, 0, 1, 1, 1], [0, 1, 1, 1, 1, 1, 1, 1, 1, 1, 0, 0, 1, 1], [0, 0, 1, 1, 0, 1, 1, 1, 0, 1, 0, 1, 1, 0], [1, 1, 1, 0, 0, 0, 1, 0, 0, 0, 1, 1, 0, 0], [0, 1, 1, 1, 1, 1, 1, 0, 0, 1, 1, 1, 1, 1], [0, 0, 1, 1, 0, 0, 0, 0, 0, 0, 0, 1, 1, 1], [0, 0, 0, 0, 0, 1, 0, 1, 1, 0, 0, 0, 1, 0], [1, 1, 1, 1, 1, 1, 1, 1, 1, 0, 1, 1, 1, 1], [0, 1, 0, 0, 1, 1, 1, 0, 0, 0, 0, 0, 1, 0], [0, 1, 0, 0, 0, 1, 1, 0, 0, 0, 0, 0, 1, 1], [1, 1, 1, 1, 0, 1, 1, 0, 1, 1, 1, 1, 1, 1], [0, 0, 1, 1, 0, 0, 1, 1, 1, 0, 1, 0, 0, 0]], "control": {"path": 62}, "info": {"path": 51, "regions": 1, "flat": [0, 1, 0, 1, 1, 1, 1, 1, 1, 1, 0, 0, 1, 1, 0, 1, 1, 1, 0, 0, 1, 1, 1, 1, 1, 1, 0, 1, 1, 1, 1, 0, 0, 0, 0, 0, 1, 1, 0, 1, 1, 1, 0, 1, 1, 1, 1, 1, 1, 1, 1, 1, 0, 0, 1, 1, 0, 0, 1, 1, 0, 1, 1, 1, 0, 1, 0, 1, 1, 0, 1, 1, 1, 0, 0, 0, 1, 0, 0, 0, 1, 1, 0, 0, 0, 1, 1, 1, 1, 1, 1, 0, 0, 1, 1, 1, 1, 1, 0, 0, 1, 1, 0, 0, 0, 0, 0, 0, 0, 1, 1, 1, 0, 0, 0, 0, 0, 1, 0, 1, 1, 0, 0, 0, 1, 0, 1, 1, 1, 1, 1, 1, 1, 1, 1, 0, 1, 1, 1, 1, 0, 1, 0, 0, 1, 1, 1, 0, 0, 0, 0, 0, 1, 0, 0, 1, 0, 0, 0, 1, 1, 0, 0, 0, 0, 0, 1, 1, 1, 1, 1, 1, 0, 1, 1, 0, 1, 1, 1, 1, 1, 1, 0, 0, 1, 1, 0, 0, 1, 1, 1, 0, 1, 0, 0, 0]}, "quality": 1.0, "diversity": 0.6880102040066314, "controlability": 0.9272727271041322}