{"content": [[1, 3, 7, 1, 0, 1, 7, 6], [7, 5, 5, 7, 0, 7, 5, 0], [4, 0, 6, 3, 4, 6, 5, 1], [5, 5, 7, 5, 0, 7, 0, 6], [1, 7, 7, 1, 1, 1, 7, 6], [1, 4, 0, 0, 0, 0, 1, 5], [6, 4, 5, 1, 0, 1, 6, 5], [6, 0, 7, 0, 7, 0, 1, 1], [6, 6, 4, 5, 6, 4, 7, 1], [5, 5, 1, 5, 1, 4, 1, 1], [1, 5, 6, 1, 4, 7, 0, 4], [5, 5, 2, 0, 5, 6, 1, 1]], "control": {"col_treasures": 18, "solution_length": 45}, "info": {"regions": 1, "players": 1, "exits": 2, "layout": 39, "heuristic": -1, "solution": [], "content": [[1, 3, 7, 1, 0, 1, 7, 6], [7, 5, 5, 7, 0, 7, 5, 0], [4, 0, 6, 3, 4, 6, 5, 1], [5, 5, 7, 5, 0, 7, 0, 6], [1, 7, 7, 1, 1, 1, 7, 6], [1, 4, 0, 0, 0, 0, 1, 5], [6, 4, 5, 1, 0, 1, 6, 5], [6, 0, 7, 0, 7, 0, 1, 1], [6, 6, 4, 5, 6, 4, 7, 1], [5, 5, 1, 5, 1, 4, 1, 1], [1, 5, 6, 1, 4, 7, 0, 4], [5, 5, 2, 0, 5, 6, 1, 1]], "potions": 9, "treasures": 18, "enemies": 27, "solution_length": 0, "enemies_loc": [[2, 0], [6, 0], [7, 0], [0, 1], [3, 1], [5, 1], [2, 2], [5, 2], [2, 3], [5, 3], [7, 3], [1, 4], [2, 4], [6, 4], [7, 4], [0, 6], [6, 6], [0, 7], [2, 7], [4, 7], [0, 8], [1, 8], [4, 8], [6, 8], [2, 10], [5, 10], [5, 11]]}, "quality": 0.32013157892914007, "diversity": 0.2961687783302437, "controlability": 0.0}