{"content": [[1, 1, 7, 1, 7, 0, 4, 1], [1, 2, 0, 6, 0, 7, 4, 0], [0, 6, 4, 4, 7, 6, 6, 1], [0, 5, 1, 0, 1, 7, 4, 0], [1, 7, 1, 0, 0, 1, 7, 6], [1, 1, 0, 1, 5, 0, 0, 4], [0, 0, 4, 1, 1, 7, 4, 0], [1, 0, 1, 0, 1, 0, 1, 4], [4, 0, 4, 0, 0, 1, 0, 1], [7, 0, 7, 7, 4, 4, 1, 6], [6, 3, 6, 1, 6, 6, 0, 1], [4, 4, 1, 0, 0, 1, 0, 1]], "control": {"col_treasures": 8, "solution_length": 30}, "info": {"regions": 2, "players": 1, "exits": 1, "layout": 56, "heuristic": -1, "solution": [], "content": [[1, 1, 7, 1, 7, 0, 4, 1], [1, 2, 0, 6, 0, 7, 4, 0], [0, 6, 4, 4, 7, 6, 6, 1], [0, 5, 1, 0, 1, 7, 4, 0], [1, 7, 1, 0, 0, 1, 7, 6], [1, 1, 0, 1, 5, 0, 0, 4], [0, 0, 4, 1, 1, 7, 4, 0], [1, 0, 1, 0, 1, 0, 1, 4], [4, 0, 4, 0, 0, 1, 0, 1], [7, 0, 7, 7, 4, 4, 1, 6], [6, 3, 6, 1, 6, 6, 0, 1], [4, 4, 1, 0, 0, 1, 0, 1]], "potions": 15, "treasures": 2, "enemies": 21, "solution_length": 0, "enemies_loc": [[2, 0], [4, 0], [3, 1], [5, 1], [1, 2], [4, 2], [5, 2], [6, 2], [5, 3], [1, 4], [6, 4], [7, 4], [5, 6], [0, 9], [2, 9], [3, 9], [7, 9], [0, 10], [2, 10], [4, 10], [5, 10]]}, "quality": 0.3255813952803317, "diversity": 0.3245738566583808, "controlability": 0.0}