{"content": [[1, 1, 1, 0, 1, 1, 1, 1, 0, 1, 3], [1, 1, 2, 1, 0, 1, 1, 0, 0, 1, 0], [1, 1, 1, 1, 1, 1, 1, 5, 1, 1, 1], [0, 1, 0, 0, 0, 1, 0, 1, 0, 1, 0], [1, 5, 5, 1, 1, 1, 1, 1, 1, 1, 1], [1, 0, 2, 1, 4, 0, 1, 1, 5, 1, 1], [1, 0, 0, 0, 1, 1, 0, 0, 1, 3, 1]], "control": {"player_key": 17, "key_door": 17}, "info": {"regions": 1, "players": 2, "keys": 2, "doors": 1, "enemies": 4, "player_key": 11, "key_door": 11, "pk_path": [[2, 1], [2, 2], [3, 2], [4, 2], [5, 2], [6, 2], [7, 2], [8, 2], [9, 2], [9, 1], [9, 0], [10, 0]], "kd_path": []}, "quality": 0.4983552631416638, "diversity": 0.11111111111111116, "controlability": 0.7333333328444444}