{"content": [[1, 1, 1, 5, 5, 3, 0, 1, 0, 0, 0], [1, 5, 4, 1, 0, 1, 1, 3, 0, 1, 0], [1, 1, 1, 4, 0, 0, 0, 1, 1, 1, 0], [0, 1, 0, 1, 1, 1, 0, 1, 0, 1, 0], [1, 5, 5, 1, 1, 1, 1, 2, 1, 1, 1], [1, 0, 0, 1, 4, 0, 1, 2, 4, 1, 1], [1, 0, 0, 0, 1, 1, 0, 0, 1, 1, 1]], "control": {"player_key": 17, "key_door": 17}, "info": {"regions": 1, "players": 2, "keys": 2, "doors": 4, "enemies": 5, "player_key": 6, "key_door": 4, "pk_path": [[7, 4], [7, 3], [7, 2], [7, 1], [6, 1], [5, 1], [5, 0]], "kd_path": []}, "quality": 0.49503199347860083, "diversity": 1.0, "controlability": 0.33333333311111113}