{"content": [[2, 5, 7, 1, 4, 4, 4, 5], [4, 4, 5, 4, 3, 7, 4, 2], [6, 5, 3, 4, 2, 1, 1, 1], [4, 2, 4, 0, 0, 4, 1, 0], [4, 0, 4, 1, 4, 4, 6, 6], [3, 6, 5, 6, 1, 1, 5, 4], [0, 4, 0, 3, 0, 6, 0, 5], [4, 7, 4, 1, 7, 5, 6, 7], [0, 0, 4, 5, 0, 4, 5, 0], [7, 6, 0, 6, 4, 6, 2, 3], [1, 5, 6, 3, 4, 4, 1, 0], [0, 6, 4, 6, 6, 1, 1, 7]], "control": {"col_treasures": 18, "solution_length": 46}, "info": {"regions": 1, "players": 5, "exits": 6, "layout": 28, "heuristic": -1, "solution": [], "content": [[2, 5, 7, 1, 4, 4, 4, 5], [4, 4, 5, 4, 3, 7, 4, 2], [6, 5, 3, 4, 2, 1, 1, 1], [4, 2, 4, 0, 0, 4, 1, 0], [4, 0, 4, 1, 4, 4, 6, 6], [3, 6, 5, 6, 1, 1, 5, 4], [0, 4, 0, 3, 0, 6, 0, 5], [4, 7, 4, 1, 7, 5, 6, 7], [0, 0, 4, 5, 0, 4, 5, 0], [7, 6, 0, 6, 4, 6, 2, 3], [1, 5, 6, 3, 4, 4, 1, 0], [0, 6, 4, 6, 6, 1, 1, 7]], "potions": 25, "treasures": 11, "enemies": 21, "solution_length": 0, "enemies_loc": [[2, 0], [5, 1], [0, 2], [6, 4], [7, 4], [1, 5], [3, 5], [5, 6], [1, 7], [4, 7], [6, 7], [7, 7], [0, 9], [1, 9], [3, 9], [5, 9], [2, 10], [1, 11], [3, 11], [4, 11], [7, 11]]}, "quality": 0.2992397660603992, "diversity": 0.37195121082317106, "controlability": 0.0}