{"content": [[0, 1, 1, 1, 7, 0, 4, 1], [0, 2, 0, 6, 0, 7, 4, 0], [0, 6, 4, 4, 7, 4, 6, 1], [0, 5, 1, 0, 1, 4, 4, 5], [1, 7, 1, 6, 3, 1, 6, 6], [7, 6, 0, 1, 5, 0, 0, 4], [7, 0, 4, 1, 1, 0, 1, 5], [1, 0, 1, 5, 1, 0, 1, 4], [4, 0, 4, 0, 0, 4, 0, 1], [1, 0, 7, 7, 4, 4, 1, 6], [6, 3, 6, 1, 4, 6, 1, 1], [4, 0, 1, 4, 0, 1, 0, 1]], "control": {"col_treasures": 8, "solution_length": 30}, "info": {"regions": 1, "players": 1, "exits": 2, "layout": 51, "heuristic": -1, "solution": [], "content": [[0, 1, 1, 1, 7, 0, 4, 1], [0, 2, 0, 6, 0, 7, 4, 0], [0, 6, 4, 4, 7, 4, 6, 1], [0, 5, 1, 0, 1, 4, 4, 5], [1, 7, 1, 6, 3, 1, 6, 6], [7, 6, 0, 1, 5, 0, 0, 4], [7, 0, 4, 1, 1, 0, 1, 5], [1, 0, 1, 5, 1, 0, 1, 4], [4, 0, 4, 0, 0, 4, 0, 1], [1, 0, 7, 7, 4, 4, 1, 6], [6, 3, 6, 1, 4, 6, 1, 1], [4, 0, 1, 4, 0, 1, 0, 1]], "potions": 18, "treasures": 5, "enemies": 19, "solution_length": 0, "enemies_loc": [[4, 0], [3, 1], [5, 1], [1, 2], [4, 2], [6, 2], [1, 4], [3, 4], [6, 4], [7, 4], [0, 5], [1, 5], [0, 6], [2, 9], [3, 9], [7, 9], [0, 10], [2, 10], [5, 10]]}, "quality": 0.3326315789404248, "diversity": 0.29437499364062514, "controlability": 0.0}