{"content": [[1, 1, 1, 1, 0, 5, 0, 0], [5, 6, 0, 1, 1, 6, 5, 0], [0, 0, 1, 1, 0, 4, 6, 7], [3, 1, 7, 0, 0, 1, 0, 1], [6, 7, 1, 0, 1, 1, 7, 0], [1, 1, 0, 1, 7, 0, 0, 4], [1, 5, 4, 1, 1, 0, 1, 5], [5, 0, 6, 0, 7, 0, 1, 0], [6, 0, 0, 3, 1, 4, 4, 4], [5, 7, 1, 7, 0, 4, 1, 1], [6, 5, 1, 0, 5, 0, 0, 1], [5, 0, 2, 6, 5, 1, 1, 4]], "control": {"col_treasures": 18, "solution_length": 45}, "info": {"regions": 1, "players": 1, "exits": 2, "layout": 58, "heuristic": -1, "solution": [], "content": [[1, 1, 1, 1, 0, 5, 0, 0], [5, 6, 0, 1, 1, 6, 5, 0], [0, 0, 1, 1, 0, 4, 6, 7], [3, 1, 7, 0, 0, 1, 0, 1], [6, 7, 1, 0, 1, 1, 7, 0], [1, 1, 0, 1, 7, 0, 0, 4], [1, 5, 4, 1, 1, 0, 1, 5], [5, 0, 6, 0, 7, 0, 1, 0], [6, 0, 0, 3, 1, 4, 4, 4], [5, 7, 1, 7, 0, 4, 1, 1], [6, 5, 1, 0, 5, 0, 0, 1], [5, 0, 2, 6, 5, 1, 1, 4]], "potions": 8, "treasures": 11, "enemies": 16, "solution_length": 0, "enemies_loc": [[1, 1], [5, 1], [6, 2], [7, 2], [2, 3], [0, 4], [1, 4], [6, 4], [4, 5], [2, 7], [4, 7], [0, 8], [1, 9], [3, 9], [0, 10], [3, 11]]}, "quality": 0.3326315789404248, "diversity": 0.3498774437040444, "controlability": 0.0}