{"content": [[0, 4, 0, 0, 0, 3, 1, 3, 1, 0, 0], [4, 2, 2, 1, 0, 1, 5, 2, 5, 5, 0], [3, 5, 3, 1, 1, 1, 2, 2, 0, 2, 4], [0, 1, 4, 0, 1, 2, 0, 5, 4, 4, 1], [4, 5, 5, 1, 1, 3, 0, 2, 1, 4, 0], [1, 2, 3, 1, 0, 0, 4, 3, 2, 5, 3], [5, 1, 3, 5, 0, 1, 2, 0, 5, 3, 0]], "control": {"player_key": 17, "key_door": 17}, "info": {"regions": 1, "players": 11, "keys": 10, "doors": 9, "enemies": 11, "player_key": 7, "key_door": 8, "pk_path": [[1, 1], [1, 2], [2, 2], [3, 2], [4, 2], [5, 2], [5, 1], [5, 0]], "kd_path": []}, "quality": 0.47180290191715735, "diversity": 0.038461538461538436, "controlability": 0.49999999966666664}