{"content": [[4, 0, 0, 0, 5, 3, 0, 1, 1, 0, 0], [3, 4, 1, 1, 3, 4, 2, 1, 3, 2, 2], [5, 4, 4, 5, 3, 5, 1, 5, 0, 0, 2], [1, 0, 5, 2, 1, 2, 0, 1, 5, 0, 1], [5, 2, 3, 5, 0, 0, 1, 4, 1, 3, 4], [2, 2, 3, 0, 5, 1, 2, 1, 5, 4, 1], [5, 4, 2, 3, 0, 0, 5, 1, 1, 4, 0]], "control": {"player_key": 12, "key_door": 12}, "info": {"regions": 1, "players": 11, "keys": 9, "doors": 10, "enemies": 13, "player_key": 6, "key_door": 7, "pk_path": [[6, 1], [6, 2], [5, 2], [4, 2], [4, 1], [4, 0], [5, 0]], "kd_path": []}, "quality": 0.4700905731502686, "diversity": 0.03448275862068961, "controlability": 0.6499999993499999}