{"content": [[5, 4, 2, 3, 2, 5, 1, 2, 4, 2, 4], [4, 5, 3, 0, 1, 0, 4, 4, 4, 5, 4], [1, 4, 4, 5, 3, 3, 3, 3, 2, 0, 2], [1, 0, 5, 4, 4, 4, 2, 0, 3, 5, 5], [2, 0, 1, 1, 1, 2, 0, 1, 1, 2, 0], [1, 4, 4, 1, 0, 5, 4, 3, 5, 3, 3], [2, 1, 3, 2, 3, 1, 4, 0, 3, 2, 2]], "control": {"player_key": 11, "key_door": 11}, "info": {"regions": 1, "players": 14, "keys": 13, "doors": 17, "enemies": 10, "player_key": 1, "key_door": 2, "pk_path": [[2, 0], [3, 0]], "kd_path": []}, "quality": 0.46114590840737973, "diversity": 1.0, "controlability": 0.16666666648148146}