{"content": [[5, 4, 1, 0, 2, 2, 1, 0, 1, 4, 0], [0, 5, 2, 1, 0, 1, 5, 2, 3, 5, 0], [3, 5, 3, 1, 1, 0, 2, 2, 0, 2, 0], [0, 1, 0, 0, 1, 5, 0, 5, 4, 4, 2], [1, 5, 5, 1, 1, 4, 1, 1, 1, 1, 5], [1, 0, 4, 1, 4, 0, 4, 0, 2, 5, 3], [1, 2, 4, 0, 4, 2, 1, 0, 4, 5, 1]], "control": {"player_key": 18, "key_door": 18}, "info": {"regions": 1, "players": 11, "keys": 4, "doors": 11, "enemies": 12, "player_key": 5, "key_door": 14, "pk_path": [[4, 0], [5, 0], [5, 1], [6, 1], [7, 1], [8, 1]], "kd_path": []}, "quality": 0.47423621121749066, "diversity": 0.5357166312581154, "controlability": 0.5937499996289063}