{"content": [[0, 2, 3, 2, 1, 3, 1, 3, 1, 0, 0], [0, 5, 2, 5, 5, 1, 0, 2, 0, 5, 4], [3, 1, 3, 1, 0, 1, 1, 2, 5, 2, 4], [0, 2, 4, 0, 1, 5, 4, 0, 0, 4, 2], [4, 5, 5, 2, 0, 0, 4, 2, 2, 1, 5], [0, 4, 3, 1, 0, 0, 4, 0, 4, 3, 5], [1, 1, 3, 5, 4, 1, 1, 1, 5, 3, 0]], "control": {"player_key": 17, "key_door": 17}, "info": {"regions": 1, "players": 11, "keys": 9, "doors": 11, "enemies": 12, "player_key": 1, "key_door": 11, "pk_path": [[1, 0], [2, 0]], "kd_path": []}, "quality": 0.4701243691127685, "diversity": 0.1428571428571429, "controlability": 0.3999999997333333}