{"content": [[5, 4, 1, 0, 1, 3, 1, 3, 1, 0, 5], [0, 4, 1, 1, 5, 1, 5, 2, 0, 5, 4], [3, 5, 3, 5, 1, 1, 2, 1, 0, 1, 2], [0, 2, 4, 0, 0, 5, 4, 5, 0, 4, 4], [4, 3, 5, 1, 0, 2, 0, 3, 1, 1, 5], [1, 2, 2, 1, 0, 5, 4, 0, 4, 3, 5], [5, 2, 3, 1, 4, 1, 1, 1, 5, 5, 1]], "control": {"player_key": 18, "key_door": 18}, "info": {"regions": 1, "players": 8, "keys": 8, "doors": 11, "enemies": 16, "player_key": 3, "key_door": 6, "pk_path": [[7, 1], [7, 0], [6, 0], [5, 0]], "kd_path": []}, "quality": 0.4699891852627688, "diversity": 1.0, "controlability": 0.2812499998242187}