{"content": [[3, 1, 0, 4, 0, 5, 0, 5, 1, 0, 1], [2, 5, 3, 3, 2, 0, 4, 2, 1, 2, 3], [3, 2, 3, 4, 5, 2, 3, 3, 5, 0, 5], [1, 3, 5, 1, 1, 3, 0, 3, 1, 5, 5], [4, 1, 4, 4, 1, 4, 0, 1, 1, 2, 2], [2, 0, 0, 4, 3, 3, 0, 4, 4, 2, 4], [1, 2, 1, 2, 3, 3, 1, 3, 1, 4, 0]], "control": {"player_key": 14, "key_door": 14}, "info": {"regions": 2, "players": 12, "keys": 16, "doors": 12, "enemies": 9, "player_key": 1, "key_door": 5, "pk_path": [[0, 1], [0, 0]], "kd_path": []}, "quality": 0.4279781133213383, "diversity": 0.038461538461538436, "controlability": 0.24999999979166665}