{"content": {"layout": [13, 15, 15, 5, 0, 14, 5, 5, 4, 15, 0, 13, 10, 14, 5, 0], "start": 11, "boss": 13, "shop": 8, "treasure": 8}, "control": {"map_size": 14}, "info": {"map_size": 13, "num_regions": 1, "connect_regions": 3, "loose_connections": 15, "locations": 3, "player_boss_distance": 5, "flat": [0, 0, 0, 0, 2, 0, 0, 2, 0, 0, 0, 0, 2, 1, 2, 2, 1, 2, 2, 1, 2, 2, 1, 2, 0, 2, 0, 0, 2, 0, 0, 2, 0, 0, 0, 0, 0, 0, 0, 0, 2, 0, 0, 0, 0, 0, 0, 0, 0, 0, 0, 0, 1, 2, 2, 1, 2, 2, 1, 2, 0, 0, 0, 0, 2, 0, 0, 0, 0, 0, 0, 0, 0, 0, 0, 0, 2, 0, 0, 0, 0, 0, 0, 0, 0, 1, 2, 2, 1, 2, 0, 0, 0, 2, 1, 2, 0, 0, 0, 0, 2, 0, 0, 0, 0, 0, 2, 0, 0, 2, 0, 0, 2, 0, 0, 0, 0, 0, 0, 0, 0, 1, 0, 0, 1, 2, 2, 1, 2, 0, 0, 0, 0, 2, 0, 0, 2, 0, 0, 0, 0, 0, 0, 0], "dead_end": 2}, "quality": 0.5799999999133333, "diversity": 0.9409722117151332, "controlability": 0.3437499994628906}