{"content": {"layout": [4, 15, 15, 5, 0, 14, 5, 5, 4, 15, 0, 15, 10, 3, 5, 15], "start": 11, "boss": 13, "shop": 4, "treasure": 0}, "control": {"map_size": 14}, "info": {"map_size": 14, "num_regions": 1, "connect_regions": 3, "loose_connections": 15, "locations": 3, "player_boss_distance": -1, "flat": [0, 0, 0, 0, 2, 0, 0, 2, 0, 0, 0, 0, 0, 1, 2, 2, 1, 2, 2, 1, 2, 2, 1, 2, 0, 0, 0, 0, 2, 0, 0, 2, 0, 0, 0, 0, 0, 0, 0, 0, 2, 0, 0, 0, 0, 0, 0, 0, 0, 0, 0, 0, 1, 2, 2, 1, 2, 2, 1, 2, 0, 0, 0, 0, 2, 0, 0, 0, 0, 0, 0, 0, 0, 0, 0, 0, 2, 0, 0, 0, 0, 0, 2, 0, 0, 1, 2, 2, 1, 2, 0, 0, 0, 2, 1, 2, 0, 0, 0, 0, 2, 0, 0, 0, 0, 0, 2, 0, 0, 2, 0, 0, 2, 0, 0, 0, 0, 0, 2, 0, 0, 1, 0, 2, 1, 0, 2, 1, 2, 2, 1, 2, 0, 2, 0, 0, 0, 0, 0, 0, 0, 0, 2, 0], "dead_end": 1}, "quality": 0.5799999999133333, "diversity": 0.1787840108668598, "controlability": 0.49999999921875}