{"content": [[1, 1, 1, 0, 1, 1, 1, 1, 5, 1, 0], [1, 1, 1, 1, 0, 0, 1, 0, 0, 1, 0], [1, 1, 1, 1, 1, 1, 1, 0, 1, 2, 2], [0, 1, 0, 0, 0, 1, 5, 1, 0, 1, 0], [1, 1, 0, 1, 1, 5, 0, 1, 0, 1, 5], [1, 0, 1, 1, 1, 0, 1, 1, 1, 0, 1], [1, 4, 0, 0, 1, 1, 0, 0, 1, 3, 1]], "control": {"player_key": 17, "key_door": 17}, "info": {"regions": 1, "players": 2, "keys": 1, "doors": 1, "enemies": 4, "player_key": 6, "key_door": 18, "pk_path": [[9, 2], [9, 3], [9, 4], [10, 4], [10, 5], [10, 6], [9, 6]], "kd_path": []}, "quality": 0.4991776315708319, "diversity": 1.0, "controlability": 0.6999999998666666}