{"content": {"layout": [4, 13, 13, 1, 6, 15, 15, 11, 12, 15, 7, 3, 2, 6, 5, 1], "start": 11, "boss": 12, "shop": 15, "treasure": 0}, "control": {"map_size": 11}, "info": {"map_size": 16, "num_regions": 1, "connect_regions": 1, "loose_connections": 2, "locations": 4, "player_boss_distance": 8, "flat": [0, 0, 0, 0, 0, 0, 0, 0, 0, 0, 0, 0, 0, 1, 2, 2, 1, 2, 2, 1, 2, 2, 1, 0, 0, 0, 0, 0, 2, 0, 0, 2, 0, 0, 0, 0, 0, 2, 0, 0, 2, 0, 0, 2, 0, 0, 2, 0, 0, 1, 2, 2, 1, 2, 2, 1, 2, 2, 1, 0, 0, 0, 0, 0, 2, 0, 0, 2, 0, 0, 2, 0, 0, 0, 0, 0, 2, 0, 0, 2, 0, 0, 2, 0, 0, 1, 2, 2, 1, 2, 2, 1, 2, 2, 1, 0, 0, 2, 0, 0, 2, 0, 0, 0, 0, 0, 0, 0, 0, 2, 0, 0, 2, 0, 0, 0, 0, 0, 0, 0, 0, 1, 0, 0, 1, 2, 2, 1, 2, 2, 1, 0, 0, 0, 0, 0, 0, 0, 0, 0, 0, 0, 0, 0], "dead_end": 3}, "quality": 0.9874999999453126, "diversity": 0.7296874882470704, "controlability": 1.0}