{"content": [[6, 5, 1, 1, 7, 5, 7, 1], [1, 2, 0, 0, 4, 7, 5, 0], [0, 1, 4, 4, 4, 6, 6, 1], [0, 2, 1, 0, 0, 7, 4, 5], [6, 7, 1, 0, 6, 1, 6, 6], [2, 6, 0, 7, 1, 5, 0, 4], [0, 0, 4, 5, 1, 7, 0, 6], [5, 0, 1, 5, 7, 4, 1, 1], [5, 5, 4, 1, 0, 4, 0, 1], [4, 0, 5, 7, 4, 4, 1, 6], [7, 7, 7, 4, 4, 6, 4, 1], [4, 5, 4, 0, 0, 1, 0, 7]], "control": {"col_treasures": 8, "solution_length": 30}, "info": {"regions": 1, "players": 3, "exits": 0, "layout": 39, "heuristic": -1, "solution": [], "content": [[6, 5, 1, 1, 7, 5, 7, 1], [1, 2, 0, 0, 4, 7, 5, 0], [0, 1, 4, 4, 4, 6, 6, 1], [0, 2, 1, 0, 0, 7, 4, 5], [6, 7, 1, 0, 6, 1, 6, 6], [2, 6, 0, 7, 1, 5, 0, 4], [0, 0, 4, 5, 1, 7, 0, 6], [5, 0, 1, 5, 7, 4, 1, 1], [5, 5, 4, 1, 0, 4, 0, 1], [4, 0, 5, 7, 4, 4, 1, 6], [7, 7, 7, 4, 4, 6, 4, 1], [4, 5, 4, 0, 0, 1, 0, 7]], "potions": 18, "treasures": 12, "enemies": 24, "solution_length": 0, "enemies_loc": [[0, 0], [4, 0], [6, 0], [5, 1], [5, 2], [6, 2], [5, 3], [0, 4], [1, 4], [4, 4], [6, 4], [7, 4], [1, 5], [3, 5], [5, 6], [7, 6], [4, 7], [3, 9], [7, 9], [0, 10], [1, 10], [2, 10], [5, 10], [7, 11]]}, "quality": 0.2527631578765823, "diversity": 0.27026168054020605, "controlability": 0.0}