{"content": [[1, 0, 1, 0, 1, 1, 1, 1, 1, 1, 0, 0, 0, 1], [0, 1, 1, 1, 1, 1, 1, 1, 1, 1, 1, 1, 1, 1], [1, 1, 0, 0, 0, 0, 0, 1, 1, 1, 0, 1, 1, 0], [0, 0, 0, 1, 1, 1, 0, 0, 0, 0, 0, 1, 0, 1], [0, 0, 0, 0, 1, 1, 1, 1, 1, 1, 1, 1, 1, 1], [1, 1, 0, 0, 0, 1, 0, 1, 1, 1, 1, 0, 1, 0], [1, 1, 0, 1, 0, 1, 0, 1, 1, 1, 0, 1, 1, 0], [0, 1, 0, 1, 0, 1, 1, 1, 1, 1, 1, 1, 1, 1], [1, 1, 1, 0, 0, 1, 0, 1, 1, 1, 1, 1, 1, 0], [1, 0, 0, 0, 0, 1, 1, 0, 0, 0, 1, 1, 1, 1], [1, 1, 1, 0, 1, 1, 1, 0, 0, 0, 1, 0, 1, 1], [0, 1, 0, 0, 1, 0, 0, 0, 0, 0, 0, 0, 1, 0], [1, 1, 1, 0, 0, 0, 1, 1, 1, 1, 1, 1, 1, 1], [1, 0, 1, 1, 1, 1, 1, 1, 0, 0, 0, 0, 0, 0]], "control": {"path": 93}, "info": {"path": 47, "regions": 3, "flat": [1, 0, 1, 0, 1, 1, 1, 1, 1, 1, 0, 0, 0, 1, 0, 1, 1, 1, 1, 1, 1, 1, 1, 1, 1, 1, 1, 1, 1, 1, 0, 0, 0, 0, 0, 1, 1, 1, 0, 1, 1, 0, 0, 0, 0, 1, 1, 1, 0, 0, 0, 0, 0, 1, 0, 1, 0, 0, 0, 0, 1, 1, 1, 1, 1, 1, 1, 1, 1, 1, 1, 1, 0, 0, 0, 1, 0, 1, 1, 1, 1, 0, 1, 0, 1, 1, 0, 1, 0, 1, 0, 1, 1, 1, 0, 1, 1, 0, 0, 1, 0, 1, 0, 1, 1, 1, 1, 1, 1, 1, 1, 1, 1, 1, 1, 0, 0, 1, 0, 1, 1, 1, 1, 1, 1, 0, 1, 0, 0, 0, 0, 1, 1, 0, 0, 0, 1, 1, 1, 1, 1, 1, 1, 0, 1, 1, 1, 0, 0, 0, 1, 0, 1, 1, 0, 1, 0, 0, 1, 0, 0, 0, 0, 0, 0, 0, 1, 0, 1, 1, 1, 0, 0, 0, 1, 1, 1, 1, 1, 1, 1, 1, 1, 0, 1, 1, 1, 1, 1, 1, 0, 0, 0, 0, 0, 0]}, "quality": 0.9462365588998728, "diversity": 0.7647594751302238, "controlability": 0.5465116278434289}