{"content": [[1, 1, 7, 6, 7, 5, 7, 1], [0, 2, 6, 0, 4, 0, 5, 0], [0, 6, 0, 7, 7, 6, 6, 1], [0, 7, 1, 0, 4, 7, 4, 1], [6, 7, 5, 6, 6, 6, 7, 6], [7, 6, 6, 1, 5, 0, 0, 4], [0, 0, 6, 1, 1, 7, 0, 5], [7, 0, 0, 0, 1, 0, 1, 1], [4, 0, 4, 1, 6, 4, 1, 1], [4, 0, 7, 4, 6, 4, 1, 6], [6, 3, 6, 1, 7, 6, 0, 7], [0, 0, 1, 6, 6, 1, 0, 1]], "control": {"col_treasures": 8, "solution_length": 30}, "info": {"regions": 1, "players": 1, "exits": 1, "layout": 43, "heuristic": 149, "solution": [], "content": [[1, 1, 7, 6, 7, 5, 7, 1], [0, 2, 6, 0, 4, 0, 5, 0], [0, 6, 0, 7, 7, 6, 6, 1], [0, 7, 1, 0, 4, 7, 4, 1], [6, 7, 5, 6, 6, 6, 7, 6], [7, 6, 6, 1, 5, 0, 0, 4], [0, 0, 6, 1, 1, 7, 0, 5], [7, 0, 0, 0, 1, 0, 1, 1], [4, 0, 4, 1, 6, 4, 1, 1], [4, 0, 7, 4, 6, 4, 1, 6], [6, 3, 6, 1, 7, 6, 0, 7], [0, 0, 1, 6, 6, 1, 0, 1]], "potions": 10, "treasures": 5, "enemies": 36, "solution_length": 0, "enemies_loc": [[2, 0], [3, 0], [4, 0], [6, 0], [2, 1], [1, 2], [3, 2], [4, 2], [5, 2], [6, 2], [1, 3], [5, 3], [0, 4], [1, 4], [3, 4], [4, 4], [5, 4], [6, 4], [7, 4], [0, 5], [1, 5], [2, 5], [2, 6], [5, 6], [0, 7], [4, 8], [2, 9], [4, 9], [7, 9], [0, 10], [2, 10], [4, 10], [5, 10], [7, 10], [3, 11], [4, 11]], "status": "running", "health": 5, "col_treasures": 0, "col_potions": 0, "col_enemies": 0}, "quality": 0.49036096642256505, "diversity": 0.7905537634982642, "controlability": 0.0}