{"content": [[4, 4, 1, 0, 1, 3, 1, 1, 2, 2, 0], [1, 5, 4, 1, 0, 1, 1, 0, 0, 1, 0], [1, 1, 1, 1, 0, 0, 1, 5, 1, 1, 0], [0, 1, 0, 0, 1, 1, 0, 1, 0, 1, 0], [1, 1, 5, 1, 1, 1, 1, 4, 1, 1, 5], [1, 0, 1, 1, 4, 0, 1, 0, 5, 1, 1], [1, 2, 1, 0, 1, 1, 0, 0, 1, 3, 1]], "control": {"player_key": 17, "key_door": 17}, "info": {"regions": 1, "players": 3, "keys": 2, "doors": 5, "enemies": 5, "player_key": 3, "key_door": 17, "pk_path": [[8, 0], [7, 0], [6, 0], [5, 0]], "kd_path": []}, "quality": 0.493387256636712, "diversity": 0.7097505448223742, "controlability": 0.5999999999333333}