{"content": [[1, 0, 2, 0, 1, 3, 0, 0, 0, 0, 0], [1, 5, 4, 1, 0, 1, 1, 0, 0, 1, 0], [1, 1, 1, 1, 0, 0, 1, 1, 1, 1, 0], [0, 1, 0, 0, 1, 1, 0, 1, 0, 1, 0], [1, 5, 5, 1, 1, 1, 1, 1, 1, 1, 1], [1, 0, 0, 1, 4, 0, 1, 1, 5, 1, 1], [1, 2, 0, 0, 1, 0, 0, 0, 1, 1, 1]], "control": {"player_key": 17, "key_door": 17}, "info": {"regions": 1, "players": 2, "keys": 1, "doors": 2, "enemies": 4, "player_key": -1, "key_door": 16, "pk_path": [], "kd_path": []}, "quality": 0.4983552631416638, "diversity": 0.7955970921463772, "controlability": 0.5}