{"content": [[1, 1, 1, 0, 1, 1, 1, 1, 0, 0, 0], [1, 1, 1, 1, 0, 1, 1, 0, 0, 1, 0], [1, 0, 1, 1, 0, 1, 1, 5, 1, 1, 0], [0, 0, 0, 0, 0, 1, 0, 1, 0, 1, 0], [1, 2, 1, 1, 5, 1, 1, 1, 0, 1, 1], [1, 0, 1, 5, 4, 0, 1, 1, 0, 1, 1], [1, 0, 0, 0, 1, 1, 0, 0, 1, 3, 1]], "control": {"player_key": 17, "key_door": 17}, "info": {"regions": 2, "players": 1, "keys": 1, "doors": 1, "enemies": 3, "player_key": 14, "key_door": 12, "pk_path": [[1, 4], [2, 4], [3, 4], [4, 4], [5, 4], [5, 3], [5, 2], [6, 2], [7, 2], [8, 2], [9, 2], [9, 3], [9, 4], [9, 5], [9, 6]], "kd_path": []}, "quality": 0.9626865668467365, "diversity": 1.0, "controlability": 0.8666666660888889}