{"content": [[0, 1, 1, 1, 0, 7, 7, 1], [0, 5, 5, 1, 4, 7, 5, 6], [0, 0, 6, 1, 4, 4, 6, 1], [7, 5, 7, 5, 0, 7, 0, 0], [1, 7, 1, 6, 6, 1, 6, 6], [1, 4, 3, 1, 0, 7, 0, 4], [1, 4, 6, 0, 6, 1, 1, 5], [6, 0, 7, 0, 1, 0, 1, 1], [5, 5, 1, 5, 5, 4, 1, 4], [4, 5, 1, 7, 4, 4, 1, 1], [6, 7, 1, 4, 4, 6, 4, 4], [5, 0, 6, 6, 7, 7, 0, 1]], "control": {"col_treasures": 18, "solution_length": 45}, "info": {"regions": 1, "players": 0, "exits": 1, "layout": 41, "heuristic": -1, "solution": [], "content": [[0, 1, 1, 1, 0, 7, 7, 1], [0, 5, 5, 1, 4, 7, 5, 6], [0, 0, 6, 1, 4, 4, 6, 1], [7, 5, 7, 5, 0, 7, 0, 0], [1, 7, 1, 6, 6, 1, 6, 6], [1, 4, 3, 1, 0, 7, 0, 4], [1, 4, 6, 0, 6, 1, 1, 5], [6, 0, 7, 0, 1, 0, 1, 1], [5, 5, 1, 5, 5, 4, 1, 4], [4, 5, 1, 7, 4, 4, 1, 1], [6, 7, 1, 4, 4, 6, 4, 4], [5, 0, 6, 6, 7, 7, 0, 1]], "potions": 15, "treasures": 12, "enemies": 27, "solution_length": 0, "enemies_loc": [[5, 0], [6, 0], [5, 1], [7, 1], [2, 2], [6, 2], [0, 3], [2, 3], [5, 3], [1, 4], [3, 4], [4, 4], [6, 4], [7, 4], [5, 5], [2, 6], [4, 6], [0, 7], [2, 7], [3, 9], [0, 10], [1, 10], [5, 10], [2, 11], [3, 11], [4, 11], [5, 11]]}, "quality": 0.256944444432581, "diversity": 0.32581017796585665, "controlability": 0.0}