{"content": [[1, 1, 1, 1, 0, 7, 5, 2], [5, 0, 5, 7, 1, 1, 3, 5], [0, 0, 4, 0, 5, 1, 5, 1], [4, 7, 1, 0, 0, 1, 0, 0], [6, 0, 1, 6, 0, 1, 7, 0], [1, 4, 4, 4, 1, 7, 1, 5], [1, 0, 3, 0, 5, 7, 1, 0], [5, 0, 4, 0, 7, 4, 0, 1], [5, 0, 1, 0, 5, 4, 1, 1], [1, 0, 1, 5, 5, 4, 4, 0], [5, 0, 4, 1, 5, 1, 0, 0], [4, 0, 2, 0, 7, 1, 1, 1]], "control": {"col_treasures": 18, "solution_length": 45}, "info": {"regions": 1, "players": 2, "exits": 2, "layout": 55, "heuristic": -1, "solution": [], "content": [[1, 1, 1, 1, 0, 7, 5, 2], [5, 0, 5, 7, 1, 1, 3, 5], [0, 0, 4, 0, 5, 1, 5, 1], [4, 7, 1, 0, 0, 1, 0, 0], [6, 0, 1, 6, 0, 1, 7, 0], [1, 4, 4, 4, 1, 7, 1, 5], [1, 0, 3, 0, 5, 7, 1, 0], [5, 0, 4, 0, 7, 4, 0, 1], [5, 0, 1, 0, 5, 4, 1, 1], [1, 0, 1, 5, 5, 4, 4, 0], [5, 0, 4, 1, 5, 1, 0, 0], [4, 0, 2, 0, 7, 1, 1, 1]], "potions": 12, "treasures": 15, "enemies": 10, "solution_length": 0, "enemies_loc": [[5, 0], [3, 1], [1, 3], [0, 4], [3, 4], [6, 4], [5, 5], [5, 6], [4, 7], [4, 11]]}, "quality": 0.3319298245475162, "diversity": 0.31283601449092757, "controlability": 0.0}