{"content": [[4, 1, 1, 5, 0, 1, 5, 0], [5, 0, 5, 5, 1, 2, 6, 1], [0, 1, 4, 1, 5, 1, 6, 1], [0, 5, 3, 0, 0, 7, 1, 0], [1, 0, 1, 0, 7, 1, 7, 0], [1, 7, 5, 0, 1, 5, 1, 4], [1, 5, 4, 1, 0, 0, 1, 5], [5, 0, 4, 7, 1, 0, 0, 1], [5, 0, 1, 5, 5, 4, 0, 4], [4, 0, 1, 7, 0, 4, 1, 6], [5, 0, 1, 1, 7, 6, 1, 1], [0, 4, 2, 0, 6, 4, 1, 5]], "control": {"col_treasures": 8, "solution_length": 30}, "info": {"regions": 1, "players": 2, "exits": 1, "layout": 53, "heuristic": -1, "solution": [], "content": [[4, 1, 1, 5, 0, 1, 5, 0], [5, 0, 5, 5, 1, 2, 6, 1], [0, 1, 4, 1, 5, 1, 6, 1], [0, 5, 3, 0, 0, 7, 1, 0], [1, 0, 1, 0, 7, 1, 7, 0], [1, 7, 5, 0, 1, 5, 1, 4], [1, 5, 4, 1, 0, 0, 1, 5], [5, 0, 4, 7, 1, 0, 0, 1], [5, 0, 1, 5, 5, 4, 0, 4], [4, 0, 1, 7, 0, 4, 1, 6], [5, 0, 1, 1, 7, 6, 1, 1], [0, 4, 2, 0, 6, 4, 1, 5]], "potions": 11, "treasures": 17, "enemies": 12, "solution_length": 0, "enemies_loc": [[6, 1], [6, 2], [5, 3], [4, 4], [6, 4], [1, 5], [3, 7], [3, 9], [7, 9], [4, 10], [5, 10], [4, 11]]}, "quality": 0.3326315789404248, "diversity": 0.28917100023600284, "controlability": 0.0}