{"content": [[1, 1, 1, 5, 0, 5, 4, 5], [5, 6, 0, 1, 1, 6, 5, 0], [0, 0, 1, 1, 5, 4, 6, 7], [3, 5, 7, 0, 0, 7, 0, 0], [1, 0, 1, 0, 6, 5, 5, 0], [1, 1, 5, 1, 1, 6, 1, 4], [1, 5, 5, 1, 5, 0, 1, 7], [4, 0, 4, 0, 7, 3, 0, 1], [5, 4, 1, 5, 5, 4, 6, 4], [5, 1, 1, 0, 4, 4, 2, 4], [5, 0, 1, 1, 5, 6, 0, 1], [5, 0, 0, 6, 5, 7, 6, 1]], "control": {"col_treasures": 18, "solution_length": 45}, "info": {"regions": 1, "players": 1, "exits": 2, "layout": 46, "heuristic": -1, "solution": [], "content": [[1, 1, 1, 5, 0, 5, 4, 5], [5, 6, 0, 1, 1, 6, 5, 0], [0, 0, 1, 1, 5, 4, 6, 7], [3, 5, 7, 0, 0, 7, 0, 0], [1, 0, 1, 0, 6, 5, 5, 0], [1, 1, 5, 1, 1, 6, 1, 4], [1, 5, 5, 1, 5, 0, 1, 7], [4, 0, 4, 0, 7, 3, 0, 1], [5, 4, 1, 5, 5, 4, 6, 4], [5, 1, 1, 0, 4, 4, 2, 4], [5, 0, 1, 1, 5, 6, 0, 1], [5, 0, 0, 6, 5, 7, 6, 1]], "potions": 11, "treasures": 21, "enemies": 15, "solution_length": 0, "enemies_loc": [[1, 1], [5, 1], [6, 2], [7, 2], [2, 3], [5, 3], [4, 4], [5, 5], [7, 6], [4, 7], [6, 8], [5, 10], [3, 11], [5, 11], [6, 11]]}, "quality": 0.3298538011493368, "diversity": 0.30451388183159733, "controlability": 0.0}