{"content": [[6, 1, 7, 7, 7, 1, 5, 0], [5, 0, 5, 7, 1, 7, 2, 5], [0, 0, 4, 1, 5, 1, 5, 1], [0, 5, 1, 5, 4, 7, 0, 6], [1, 7, 7, 1, 6, 1, 7, 6], [1, 7, 0, 0, 1, 6, 1, 5], [0, 5, 6, 1, 0, 7, 1, 5], [5, 0, 7, 0, 7, 0, 0, 1], [6, 6, 4, 4, 6, 7, 0, 4], [4, 2, 1, 7, 0, 4, 1, 3], [6, 5, 4, 5, 7, 6, 5, 1], [6, 0, 7, 0, 1, 7, 4, 1]], "control": {"col_treasures": 18, "solution_length": 45}, "info": {"regions": 1, "players": 2, "exits": 1, "layout": 39, "heuristic": -1, "solution": [], "content": [[6, 1, 7, 7, 7, 1, 5, 0], [5, 0, 5, 7, 1, 7, 2, 5], [0, 0, 4, 1, 5, 1, 5, 1], [0, 5, 1, 5, 4, 7, 0, 6], [1, 7, 7, 1, 6, 1, 7, 6], [1, 7, 0, 0, 1, 6, 1, 5], [0, 5, 6, 1, 0, 7, 1, 5], [5, 0, 7, 0, 7, 0, 0, 1], [6, 6, 4, 4, 6, 7, 0, 4], [4, 2, 1, 7, 0, 4, 1, 3], [6, 5, 4, 5, 7, 6, 5, 1], [6, 0, 7, 0, 1, 7, 4, 1]], "potions": 9, "treasures": 15, "enemies": 30, "solution_length": 0, "enemies_loc": [[0, 0], [2, 0], [3, 0], [4, 0], [3, 1], [5, 1], [5, 3], [7, 3], [1, 4], [2, 4], [4, 4], [6, 4], [7, 4], [1, 5], [5, 5], [2, 6], [5, 6], [2, 7], [4, 7], [0, 8], [1, 8], [4, 8], [5, 8], [3, 9], [0, 10], [4, 10], [5, 10], [0, 11], [2, 11], [5, 11]]}, "quality": 0.32013157892914007, "diversity": 0.26524848764589626, "controlability": 0.0}