{"content": [[1, 1, 1, 0, 0, 1, 1, 1, 1, 1, 0], [1, 1, 1, 1, 0, 1, 5, 0, 0, 1, 0], [1, 1, 1, 1, 1, 1, 2, 0, 1, 1, 1], [0, 1, 0, 0, 0, 1, 0, 1, 0, 1, 0], [1, 5, 0, 1, 1, 5, 0, 1, 1, 1, 1], [1, 5, 1, 1, 4, 0, 1, 1, 0, 0, 1], [1, 0, 0, 0, 1, 1, 0, 0, 1, 3, 1]], "control": {"player_key": 17, "key_door": 17}, "info": {"regions": 1, "players": 1, "keys": 1, "doors": 1, "enemies": 4, "player_key": 13, "key_door": 18, "pk_path": [[6, 2], [6, 1], [6, 0], [7, 0], [8, 0], [9, 0], [9, 1], [9, 2], [9, 3], [9, 4], [10, 4], [10, 5], [10, 6], [9, 6]], "kd_path": []}, "quality": 1.0, "diversity": 0.8863134529065493, "controlability": 0.9333333330444444}