{"content": [[1, 1, 1, 0, 1, 1, 1, 1, 0, 1, 0], [1, 1, 1, 1, 0, 5, 1, 0, 0, 1, 0], [1, 0, 1, 5, 1, 0, 1, 5, 1, 1, 0], [0, 1, 0, 0, 0, 1, 0, 1, 0, 1, 0], [1, 5, 1, 1, 1, 1, 1, 1, 1, 1, 1], [1, 2, 1, 5, 4, 0, 1, 1, 5, 1, 1], [1, 0, 0, 0, 1, 1, 0, 0, 1, 3, 1]], "control": {"player_key": 17, "key_door": 17}, "info": {"regions": 2, "players": 1, "keys": 1, "doors": 1, "enemies": 6, "player_key": 11, "key_door": 8, "pk_path": [[1, 5], [1, 4], [2, 4], [3, 4], [4, 4], [5, 4], [6, 4], [6, 5], [7, 5], [8, 5], [8, 6], [9, 6]], "kd_path": []}, "quality": 0.9609742380712861, "diversity": 1.0, "controlability": 0.633333332911111}