{"content": [[5, 3, 3, 1, 4, 5, 5, 0], [6, 0, 5, 7, 1, 7, 7, 1], [0, 1, 7, 1, 0, 6, 5, 1], [0, 5, 1, 0, 0, 7, 1, 0], [1, 0, 6, 1, 6, 1, 5, 0], [1, 6, 2, 1, 1, 7, 3, 0], [1, 3, 7, 0, 0, 6, 1, 5], [5, 0, 0, 0, 7, 2, 4, 1], [2, 7, 1, 5, 0, 4, 0, 0], [1, 0, 7, 5, 0, 0, 1, 7], [5, 0, 6, 4, 7, 1, 0, 1], [0, 5, 5, 7, 7, 1, 5, 4]], "control": {"col_treasures": 8, "solution_length": 30}, "info": {"regions": 1, "players": 3, "exits": 4, "layout": 48, "heuristic": -1, "solution": [], "content": [[5, 3, 3, 1, 4, 5, 5, 0], [6, 0, 5, 7, 1, 7, 7, 1], [0, 1, 7, 1, 0, 6, 5, 1], [0, 5, 1, 0, 0, 7, 1, 0], [1, 0, 6, 1, 6, 1, 5, 0], [1, 6, 2, 1, 1, 7, 3, 0], [1, 3, 7, 0, 0, 6, 1, 5], [5, 0, 0, 0, 7, 2, 4, 1], [2, 7, 1, 5, 0, 4, 0, 0], [1, 0, 7, 5, 0, 0, 1, 7], [5, 0, 6, 4, 7, 1, 0, 1], [0, 5, 5, 7, 7, 1, 5, 4]], "potions": 5, "treasures": 15, "enemies": 21, "solution_length": 0, "enemies_loc": [[0, 1], [3, 1], [5, 1], [6, 1], [2, 2], [5, 2], [5, 3], [2, 4], [4, 4], [1, 5], [5, 5], [2, 6], [5, 6], [4, 7], [1, 8], [2, 9], [7, 9], [2, 10], [4, 10], [3, 11], [4, 11]]}, "quality": 0.329824561389843, "diversity": 0.2772389780307115, "controlability": 0.0}