{"content": [[1, 3, 1, 4, 2, 5, 6, 7], [7, 0, 5, 6, 6, 5, 4, 1], [6, 0, 7, 1, 3, 1, 5, 1], [3, 7, 1, 3, 0, 6, 1, 4], [1, 7, 6, 1, 1, 6, 2, 4], [1, 7, 0, 7, 5, 7, 0, 4], [7, 2, 4, 7, 0, 6, 0, 5], [4, 0, 7, 7, 7, 2, 4, 7], [5, 4, 4, 7, 5, 4, 1, 1], [4, 7, 1, 0, 0, 0, 7, 5], [2, 0, 6, 1, 5, 6, 0, 2], [7, 6, 2, 0, 7, 1, 0, 6]], "control": {"col_treasures": 4, "solution_length": 23}, "info": {"regions": 1, "players": 7, "exits": 4, "layout": 32, "heuristic": -1, "solution": [], "content": [[1, 3, 1, 4, 2, 5, 6, 7], [7, 0, 5, 6, 6, 5, 4, 1], [6, 0, 7, 1, 3, 1, 5, 1], [3, 7, 1, 3, 0, 6, 1, 4], [1, 7, 6, 1, 1, 6, 2, 4], [1, 7, 0, 7, 5, 7, 0, 4], [7, 2, 4, 7, 0, 6, 0, 5], [4, 0, 7, 7, 7, 2, 4, 7], [5, 4, 4, 7, 5, 4, 1, 1], [4, 7, 1, 0, 0, 0, 7, 5], [2, 0, 6, 1, 5, 6, 0, 2], [7, 6, 2, 0, 7, 1, 0, 6]], "potions": 12, "treasures": 10, "enemies": 31, "solution_length": 0, "enemies_loc": [[6, 0], [7, 0], [0, 1], [3, 1], [4, 1], [0, 2], [2, 2], [1, 3], [5, 3], [1, 4], [2, 4], [5, 4], [1, 5], [3, 5], [5, 5], [0, 6], [3, 6], [5, 6], [2, 7], [3, 7], [4, 7], [7, 7], [3, 8], [1, 9], [6, 9], [2, 10], [5, 10], [0, 11], [1, 11], [4, 11], [7, 11]]}, "quality": 0.3047953216147974, "diversity": 0.34374999166666687, "controlability": 0.0}