{"content": [[1, 3, 1, 1, 0, 1, 5, 0], [5, 5, 5, 1, 1, 7, 5, 0], [0, 0, 4, 3, 5, 6, 5, 1], [0, 5, 7, 5, 0, 7, 0, 0], [1, 1, 7, 1, 6, 1, 7, 6], [1, 6, 0, 0, 1, 0, 1, 5], [0, 4, 5, 1, 0, 7, 1, 5], [5, 0, 4, 0, 7, 0, 0, 1], [6, 0, 1, 4, 4, 4, 1, 1], [5, 0, 5, 5, 1, 4, 1, 1], [5, 4, 6, 1, 5, 0, 7, 1], [5, 2, 2, 0, 6, 6, 1, 1]], "control": {"col_treasures": 18, "solution_length": 45}, "info": {"regions": 1, "players": 2, "exits": 2, "layout": 49, "heuristic": -1, "solution": [], "content": [[1, 3, 1, 1, 0, 1, 5, 0], [5, 5, 5, 1, 1, 7, 5, 0], [0, 0, 4, 3, 5, 6, 5, 1], [0, 5, 7, 5, 0, 7, 0, 0], [1, 1, 7, 1, 6, 1, 7, 6], [1, 6, 0, 0, 1, 0, 1, 5], [0, 4, 5, 1, 0, 7, 1, 5], [5, 0, 4, 0, 7, 0, 0, 1], [6, 0, 1, 4, 4, 4, 1, 1], [5, 0, 5, 5, 1, 4, 1, 1], [5, 4, 6, 1, 5, 0, 7, 1], [5, 2, 2, 0, 6, 6, 1, 1]], "potions": 8, "treasures": 19, "enemies": 16, "solution_length": 0, "enemies_loc": [[5, 1], [5, 2], [2, 3], [5, 3], [2, 4], [4, 4], [6, 4], [7, 4], [1, 5], [5, 6], [4, 7], [0, 8], [2, 10], [6, 10], [4, 11], [5, 11]]}, "quality": 0.3319298245475162, "diversity": 0.26765751393864345, "controlability": 0.0}