{"content": [[0, 4, 7, 2, 5, 1, 1, 6], [5, 0, 5, 0, 5, 7, 7, 6], [5, 0, 0, 3, 0, 1, 2, 0], [0, 4, 4, 3, 1, 0, 4, 1], [6, 0, 4, 6, 0, 4, 6, 2], [5, 2, 1, 1, 5, 7, 6, 1], [6, 3, 4, 7, 0, 0, 1, 7], [1, 5, 4, 0, 7, 2, 2, 6], [5, 1, 1, 6, 4, 0, 0, 5], [5, 1, 7, 6, 0, 6, 6, 5], [5, 4, 1, 4, 4, 2, 1, 1], [4, 0, 6, 0, 6, 5, 6, 5]], "control": {"col_treasures": 5, "solution_length": 24}, "info": {"regions": 2, "players": 7, "exits": 3, "layout": 35, "heuristic": -1, "solution": [], "content": [[0, 4, 7, 2, 5, 1, 1, 6], [5, 0, 5, 0, 5, 7, 7, 6], [5, 0, 0, 3, 0, 1, 2, 0], [0, 4, 4, 3, 1, 0, 4, 1], [6, 0, 4, 6, 0, 4, 6, 2], [5, 2, 1, 1, 5, 7, 6, 1], [6, 3, 4, 7, 0, 0, 1, 7], [1, 5, 4, 0, 7, 2, 2, 6], [5, 1, 1, 6, 4, 0, 0, 5], [5, 1, 7, 6, 0, 6, 6, 5], [5, 4, 1, 4, 4, 2, 1, 1], [4, 0, 6, 0, 6, 5, 6, 5]], "potions": 13, "treasures": 15, "enemies": 23, "solution_length": 0, "enemies_loc": [[2, 0], [7, 0], [5, 1], [6, 1], [7, 1], [0, 4], [3, 4], [6, 4], [5, 5], [6, 5], [0, 6], [3, 6], [7, 6], [4, 7], [7, 7], [3, 8], [2, 9], [3, 9], [5, 9], [6, 9], [2, 11], [4, 11], [6, 11]]}, "quality": 0.30191180461348543, "diversity": 0.47187499070312533, "controlability": 0.0}