{"content": [[6, 1, 1, 6, 0, 1, 4, 0], [5, 0, 5, 5, 1, 7, 7, 1], [0, 0, 7, 1, 3, 6, 5, 1], [7, 3, 6, 0, 0, 7, 5, 0], [1, 7, 1, 1, 1, 5, 5, 2], [1, 6, 0, 1, 5, 7, 0, 0], [0, 1, 4, 1, 0, 7, 1, 5], [5, 0, 7, 0, 7, 0, 4, 5], [5, 1, 4, 4, 2, 6, 0, 1], [1, 1, 1, 5, 0, 4, 1, 0], [5, 0, 5, 1, 5, 1, 0, 5], [0, 5, 7, 7, 0, 7, 1, 1]], "control": {"col_treasures": 18, "solution_length": 45}, "info": {"regions": 1, "players": 2, "exits": 2, "layout": 49, "heuristic": -1, "solution": [], "content": [[6, 1, 1, 6, 0, 1, 4, 0], [5, 0, 5, 5, 1, 7, 7, 1], [0, 0, 7, 1, 3, 6, 5, 1], [7, 3, 6, 0, 0, 7, 5, 0], [1, 7, 1, 1, 1, 5, 5, 2], [1, 6, 0, 1, 5, 7, 0, 0], [0, 1, 4, 1, 0, 7, 1, 5], [5, 0, 7, 0, 7, 0, 4, 5], [5, 1, 4, 4, 2, 6, 0, 1], [1, 1, 1, 5, 0, 4, 1, 0], [5, 0, 5, 1, 5, 1, 0, 5], [0, 5, 7, 7, 0, 7, 1, 1]], "potions": 6, "treasures": 18, "enemies": 19, "solution_length": 0, "enemies_loc": [[0, 0], [3, 0], [5, 1], [6, 1], [2, 2], [5, 2], [0, 3], [2, 3], [5, 3], [1, 4], [1, 5], [5, 5], [5, 6], [2, 7], [4, 7], [5, 8], [2, 11], [3, 11], [5, 11]]}, "quality": 0.3319298245475162, "diversity": 0.3155241864667342, "controlability": 0.0}