{"content": [[1, 1, 1, 0, 1, 1, 1, 1, 0, 1, 0, 0, 0, 1], [0, 1, 1, 1, 1, 0, 1, 0, 1, 1, 1, 1, 1, 1], [1, 1, 0, 1, 0, 0, 1, 1, 1, 1, 1, 0, 1, 0], [0, 0, 0, 1, 1, 1, 0, 0, 0, 0, 0, 0, 0, 1], [0, 0, 0, 0, 0, 1, 1, 1, 1, 1, 1, 1, 0, 1], [1, 1, 1, 0, 1, 1, 0, 1, 1, 1, 1, 0, 1, 1], [1, 1, 1, 1, 1, 1, 0, 1, 1, 1, 0, 1, 1, 0], [0, 1, 0, 0, 0, 1, 1, 1, 1, 1, 1, 1, 1, 1], [1, 1, 1, 0, 0, 1, 0, 0, 1, 1, 1, 1, 1, 1], [1, 0, 0, 0, 0, 1, 1, 0, 0, 0, 1, 1, 1, 1], [0, 1, 1, 0, 1, 1, 1, 0, 0, 0, 1, 0, 0, 1], [0, 1, 0, 0, 1, 0, 0, 0, 0, 0, 1, 0, 1, 0], [1, 1, 1, 0, 1, 0, 1, 1, 1, 0, 1, 1, 1, 0], [0, 0, 1, 1, 1, 1, 1, 1, 0, 0, 1, 0, 0, 0]], "control": {"path": 93}, "info": {"path": 37, "regions": 1, "flat": [1, 1, 1, 0, 1, 1, 1, 1, 0, 1, 0, 0, 0, 1, 0, 1, 1, 1, 1, 0, 1, 0, 1, 1, 1, 1, 1, 1, 1, 1, 0, 1, 0, 0, 1, 1, 1, 1, 1, 0, 1, 0, 0, 0, 0, 1, 1, 1, 0, 0, 0, 0, 0, 0, 0, 1, 0, 0, 0, 0, 0, 1, 1, 1, 1, 1, 1, 1, 0, 1, 1, 1, 1, 0, 1, 1, 0, 1, 1, 1, 1, 0, 1, 1, 1, 1, 1, 1, 1, 1, 0, 1, 1, 1, 0, 1, 1, 0, 0, 1, 0, 0, 0, 1, 1, 1, 1, 1, 1, 1, 1, 1, 1, 1, 1, 0, 0, 1, 0, 0, 1, 1, 1, 1, 1, 1, 1, 0, 0, 0, 0, 1, 1, 0, 0, 0, 1, 1, 1, 1, 0, 1, 1, 0, 1, 1, 1, 0, 0, 0, 1, 0, 0, 1, 0, 1, 0, 0, 1, 0, 0, 0, 0, 0, 1, 0, 1, 0, 1, 1, 1, 0, 1, 0, 1, 1, 1, 0, 1, 1, 1, 0, 0, 0, 1, 1, 1, 1, 1, 1, 0, 0, 1, 0, 0, 0]}, "quality": 1.0, "diversity": 0.7459483792603457, "controlability": 0.4302325580895079}