{"content": [[1, 1, 1, 0, 1, 3, 0, 0, 0, 0, 0], [1, 5, 1, 1, 0, 1, 1, 2, 2, 1, 0], [1, 5, 1, 1, 0, 0, 3, 1, 1, 1, 0], [0, 1, 0, 0, 1, 1, 0, 1, 0, 1, 0], [1, 5, 1, 1, 1, 1, 1, 1, 1, 1, 1], [1, 0, 0, 1, 4, 0, 1, 1, 5, 1, 1], [1, 0, 0, 0, 1, 1, 0, 0, 1, 1, 1]], "control": {"player_key": 17, "key_door": 17}, "info": {"regions": 1, "players": 2, "keys": 2, "doors": 1, "enemies": 4, "player_key": 3, "key_door": 10, "pk_path": [[7, 1], [6, 1], [5, 1], [5, 0]], "kd_path": []}, "quality": 0.4983552631416638, "diversity": 0.6579840690318584, "controlability": 0.43333333304444444}