{"content": {"layout": [15, 15, 15, 0, 7, 14, 15, 0, 12, 15, 6, 15, 6, 14, 0, 0], "start": 3, "boss": 12, "shop": 8, "treasure": 0}, "control": {"map_size": 11}, "info": {"map_size": 12, "num_regions": 1, "connect_regions": 1, "loose_connections": 15, "locations": 3, "player_boss_distance": 6, "flat": [0, 2, 0, 0, 2, 0, 0, 2, 0, 0, 0, 0, 2, 1, 2, 2, 1, 2, 2, 1, 2, 0, 0, 0, 0, 2, 0, 0, 2, 0, 0, 2, 0, 0, 0, 0, 0, 2, 0, 0, 2, 0, 0, 2, 0, 0, 0, 0, 2, 1, 2, 0, 1, 2, 2, 1, 2, 0, 0, 0, 0, 0, 0, 0, 2, 0, 0, 2, 0, 0, 0, 0, 0, 0, 0, 0, 2, 0, 0, 2, 0, 0, 2, 0, 0, 1, 2, 2, 1, 2, 0, 1, 2, 2, 1, 2, 0, 2, 0, 0, 2, 0, 0, 0, 0, 0, 2, 0, 0, 2, 0, 0, 2, 0, 0, 0, 0, 0, 0, 0, 0, 1, 2, 0, 1, 2, 0, 0, 0, 0, 0, 0, 0, 0, 0, 0, 2, 0, 0, 0, 0, 0, 0, 0], "dead_end": 0}, "quality": 0.8249999995781249, "diversity": 0.8248697795647517, "controlability": 0.6562499989746094}