{"content": {"layout": [15, 15, 15, 5, 0, 14, 5, 5, 12, 15, 0, 13, 10, 3, 5, 11], "start": 13, "boss": 13, "shop": 8, "treasure": 4}, "control": {"map_size": 14}, "info": {"map_size": 14, "num_regions": 1, "connect_regions": 2, "loose_connections": 15, "locations": 2, "player_boss_distance": -1, "flat": [0, 2, 0, 0, 2, 0, 0, 2, 0, 0, 0, 0, 2, 1, 2, 2, 1, 2, 2, 1, 2, 2, 1, 2, 0, 2, 0, 0, 2, 0, 0, 2, 0, 0, 0, 0, 0, 0, 0, 0, 2, 0, 0, 0, 0, 0, 0, 0, 0, 0, 0, 0, 1, 2, 2, 1, 2, 2, 1, 2, 0, 0, 0, 0, 2, 0, 0, 0, 0, 0, 0, 0, 0, 0, 0, 0, 2, 0, 0, 0, 0, 0, 0, 0, 0, 1, 2, 2, 1, 2, 0, 0, 0, 2, 1, 2, 0, 2, 0, 0, 2, 0, 0, 0, 0, 0, 2, 0, 0, 2, 0, 0, 2, 0, 0, 0, 0, 0, 2, 0, 0, 1, 0, 2, 1, 0, 2, 1, 2, 2, 1, 0, 0, 2, 0, 0, 0, 0, 0, 0, 0, 0, 2, 0], "dead_end": 0}, "quality": 0.5899999999066667, "diversity": 0.7260416575705296, "controlability": 0.49999999921875}