{"content": [[1, 0, 0, 0, 1, 0, 1, 0, 1, 1, 1, 1, 1, 0], [1, 0, 1, 0, 0, 1, 0, 0, 0, 0, 1, 0, 0, 0], [1, 0, 1, 1, 0, 0, 1, 0, 1, 1, 0, 0, 0, 0], [1, 1, 1, 0, 1, 0, 1, 0, 0, 0, 0, 1, 1, 0], [1, 1, 0, 1, 1, 1, 0, 1, 0, 0, 0, 0, 0, 0], [1, 0, 0, 0, 1, 0, 0, 0, 0, 0, 0, 0, 1, 1], [1, 0, 1, 1, 0, 0, 1, 0, 0, 0, 0, 0, 1, 1], [0, 0, 0, 1, 1, 0, 1, 1, 1, 0, 0, 0, 1, 1], [0, 1, 0, 0, 1, 1, 1, 0, 0, 1, 0, 1, 1, 1], [0, 0, 0, 1, 0, 0, 1, 0, 0, 1, 1, 1, 1, 1], [0, 0, 1, 0, 0, 0, 0, 0, 1, 0, 1, 0, 1, 0], [0, 0, 1, 0, 1, 1, 1, 1, 0, 1, 0, 0, 1, 1], [1, 1, 0, 0, 1, 1, 1, 1, 0, 0, 0, 0, 0, 1], [1, 0, 0, 1, 0, 0, 1, 0, 1, 0, 0, 0, 0, 1]], "control": {"path": 83}, "info": {"path": 10, "regions": 21, "flat": [1, 0, 0, 0, 1, 0, 1, 0, 1, 1, 1, 1, 1, 0, 1, 0, 1, 0, 0, 1, 0, 0, 0, 0, 1, 0, 0, 0, 1, 0, 1, 1, 0, 0, 1, 0, 1, 1, 0, 0, 0, 0, 1, 1, 1, 0, 1, 0, 1, 0, 0, 0, 0, 1, 1, 0, 1, 1, 0, 1, 1, 1, 0, 1, 0, 0, 0, 0, 0, 0, 1, 0, 0, 0, 1, 0, 0, 0, 0, 0, 0, 0, 1, 1, 1, 0, 1, 1, 0, 0, 1, 0, 0, 0, 0, 0, 1, 1, 0, 0, 0, 1, 1, 0, 1, 1, 1, 0, 0, 0, 1, 1, 0, 1, 0, 0, 1, 1, 1, 0, 0, 1, 0, 1, 1, 1, 0, 0, 0, 1, 0, 0, 1, 0, 0, 1, 1, 1, 1, 1, 0, 0, 1, 0, 0, 0, 0, 0, 1, 0, 1, 0, 1, 0, 0, 0, 1, 0, 1, 1, 1, 1, 0, 1, 0, 0, 1, 1, 1, 1, 0, 0, 1, 1, 1, 1, 0, 0, 0, 0, 0, 1, 1, 0, 0, 1, 0, 0, 1, 0, 1, 0, 0, 0, 0, 1]}, "quality": 0.17857142850765306, "diversity": 1.0, "controlability": 0.13157894735110803}