{"content": [[4, 4, 7, 1, 0, 5, 4, 4], [7, 5, 5, 0, 1, 7, 5, 0], [0, 1, 4, 1, 4, 6, 4, 1], [0, 2, 4, 2, 0, 7, 0, 0], [1, 7, 1, 0, 0, 1, 7, 6], [5, 7, 0, 0, 1, 0, 1, 4], [0, 4, 7, 0, 1, 7, 1, 5], [5, 0, 1, 0, 5, 0, 4, 1], [5, 0, 1, 0, 1, 4, 0, 1], [5, 0, 1, 5, 0, 0, 1, 3], [5, 5, 0, 1, 4, 6, 7, 0], [5, 5, 4, 4, 0, 6, 4, 1]], "control": {"col_treasures": 18, "solution_length": 45}, "info": {"regions": 1, "players": 2, "exits": 1, "layout": 48, "heuristic": -1, "solution": [], "content": [[4, 4, 7, 1, 0, 5, 4, 4], [7, 5, 5, 0, 1, 7, 5, 0], [0, 1, 4, 1, 4, 6, 4, 1], [0, 2, 4, 2, 0, 7, 0, 0], [1, 7, 1, 0, 0, 1, 7, 6], [5, 7, 0, 0, 1, 0, 1, 4], [0, 4, 7, 0, 1, 7, 1, 5], [5, 0, 1, 0, 5, 0, 4, 1], [5, 0, 1, 0, 1, 4, 0, 1], [5, 0, 1, 5, 0, 0, 1, 3], [5, 5, 0, 1, 4, 6, 7, 0], [5, 5, 4, 4, 0, 6, 4, 1]], "potions": 16, "treasures": 15, "enemies": 14, "solution_length": 0, "enemies_loc": [[2, 0], [0, 1], [5, 1], [5, 2], [5, 3], [1, 4], [6, 4], [7, 4], [1, 5], [2, 6], [5, 6], [5, 10], [6, 10], [5, 11]]}, "quality": 0.3326315789404248, "diversity": 0.3787878715909092, "controlability": 0.0}