{"content": [[6, 1, 7, 1, 0, 5, 5, 2], [2, 0, 5, 1, 1, 1, 5, 5], [0, 0, 4, 1, 4, 1, 5, 1], [0, 5, 1, 5, 0, 7, 0, 0], [1, 7, 5, 1, 1, 1, 7, 0], [1, 4, 0, 4, 0, 0, 7, 5], [0, 7, 3, 1, 5, 1, 0, 5], [4, 0, 7, 0, 7, 4, 0, 1], [5, 0, 4, 5, 4, 4, 1, 7], [1, 5, 1, 5, 5, 4, 1, 0], [5, 5, 6, 1, 5, 1, 0, 1], [5, 0, 7, 7, 6, 1, 1, 1]], "control": {"col_treasures": 18, "solution_length": 45}, "info": {"regions": 1, "players": 2, "exits": 1, "layout": 48, "heuristic": -1, "solution": [], "content": [[6, 1, 7, 1, 0, 5, 5, 2], [2, 0, 5, 1, 1, 1, 5, 5], [0, 0, 4, 1, 4, 1, 5, 1], [0, 5, 1, 5, 0, 7, 0, 0], [1, 7, 5, 1, 1, 1, 7, 0], [1, 4, 0, 4, 0, 0, 7, 5], [0, 7, 3, 1, 5, 1, 0, 5], [4, 0, 7, 0, 7, 4, 0, 1], [5, 0, 4, 5, 4, 4, 1, 7], [1, 5, 1, 5, 5, 4, 1, 0], [5, 5, 6, 1, 5, 1, 0, 1], [5, 0, 7, 7, 6, 1, 1, 1]], "potions": 10, "treasures": 21, "enemies": 14, "solution_length": 0, "enemies_loc": [[0, 0], [2, 0], [5, 3], [1, 4], [6, 4], [6, 5], [1, 6], [2, 7], [4, 7], [7, 8], [2, 10], [2, 11], [3, 11], [4, 11]]}, "quality": 0.3326315789404248, "diversity": 0.3493055484895836, "controlability": 0.0}