{"content": [[4, 1, 5, 6, 7, 5, 5, 1], [1, 0, 4, 0, 1, 1, 5, 4], [7, 5, 4, 4, 4, 4, 4, 1], [0, 5, 1, 2, 4, 7, 0, 0], [1, 4, 1, 6, 6, 1, 7, 5], [1, 6, 0, 1, 5, 7, 1, 4], [0, 6, 4, 7, 0, 7, 0, 5], [0, 0, 1, 0, 4, 0, 1, 1], [5, 5, 7, 3, 5, 4, 1, 4], [1, 0, 1, 7, 0, 4, 1, 5], [6, 0, 1, 4, 4, 6, 5, 4], [4, 0, 7, 7, 5, 7, 4, 3]], "control": {"col_treasures": 18, "solution_length": 45}, "info": {"regions": 1, "players": 1, "exits": 2, "layout": 38, "heuristic": -1, "solution": [], "content": [[4, 1, 5, 6, 7, 5, 5, 1], [1, 0, 4, 0, 1, 1, 5, 4], [7, 5, 4, 4, 4, 4, 4, 1], [0, 5, 1, 2, 4, 7, 0, 0], [1, 4, 1, 6, 6, 1, 7, 5], [1, 6, 0, 1, 5, 7, 1, 4], [0, 6, 4, 7, 0, 7, 0, 5], [0, 0, 1, 0, 4, 0, 1, 1], [5, 5, 7, 3, 5, 4, 1, 4], [1, 0, 1, 7, 0, 4, 1, 5], [6, 0, 1, 4, 4, 6, 5, 4], [4, 0, 7, 7, 5, 7, 4, 3]], "potions": 21, "treasures": 15, "enemies": 19, "solution_length": 0, "enemies_loc": [[3, 0], [4, 0], [0, 2], [5, 3], [3, 4], [4, 4], [6, 4], [1, 5], [5, 5], [1, 6], [3, 6], [5, 6], [2, 8], [3, 9], [0, 10], [5, 10], [2, 11], [3, 11], [5, 11]]}, "quality": 0.3187426900405405, "diversity": 0.9036458232421878, "controlability": 0.0}