{"content": [[1, 1, 1, 1, 7, 0, 4, 1], [0, 2, 0, 6, 0, 7, 7, 0], [0, 0, 4, 4, 7, 6, 6, 1], [0, 0, 1, 0, 1, 7, 4, 5], [1, 6, 1, 6, 6, 1, 6, 6], [7, 6, 0, 7, 0, 6, 6, 4], [7, 0, 6, 1, 1, 7, 0, 7], [1, 0, 0, 0, 1, 0, 1, 1], [4, 0, 4, 1, 0, 4, 0, 1], [1, 0, 7, 7, 4, 6, 1, 6], [6, 3, 6, 1, 7, 6, 0, 1], [4, 0, 1, 0, 7, 1, 0, 1]], "control": {"col_treasures": 8, "solution_length": 30}, "info": {"regions": 1, "players": 1, "exits": 1, "layout": 52, "heuristic": 147, "solution": [], "content": [[1, 1, 1, 1, 7, 0, 4, 1], [0, 2, 0, 6, 0, 7, 7, 0], [0, 0, 4, 4, 7, 6, 6, 1], [0, 0, 1, 0, 1, 7, 4, 5], [1, 6, 1, 6, 6, 1, 6, 6], [7, 6, 0, 7, 0, 6, 6, 4], [7, 0, 6, 1, 1, 7, 0, 7], [1, 0, 0, 0, 1, 0, 1, 1], [4, 0, 4, 1, 0, 4, 0, 1], [1, 0, 7, 7, 4, 6, 1, 6], [6, 3, 6, 1, 7, 6, 0, 1], [4, 0, 1, 0, 7, 1, 0, 1]], "potions": 10, "treasures": 1, "enemies": 31, "solution_length": 0, "enemies_loc": [[4, 0], [3, 1], [5, 1], [6, 1], [4, 2], [5, 2], [6, 2], [5, 3], [1, 4], [3, 4], [4, 4], [6, 4], [7, 4], [0, 5], [1, 5], [3, 5], [5, 5], [6, 5], [0, 6], [2, 6], [5, 6], [7, 6], [2, 9], [3, 9], [5, 9], [7, 9], [0, 10], [2, 10], [4, 10], [5, 10], [4, 11]], "status": "running", "health": 5, "col_treasures": 0, "col_potions": 2, "col_enemies": 1}, "quality": 0.49734157986093314, "diversity": 0.3127264425441578, "controlability": 0.0}