{"content": [[4, 4, 7, 1, 7, 5, 4, 7], [7, 5, 5, 0, 6, 7, 5, 0], [0, 5, 4, 1, 4, 6, 6, 5], [0, 5, 7, 0, 0, 6, 7, 0], [6, 7, 1, 0, 0, 1, 7, 4], [5, 6, 0, 5, 1, 0, 0, 4], [0, 4, 7, 6, 0, 0, 1, 5], [5, 0, 7, 0, 5, 0, 0, 2], [5, 5, 1, 0, 5, 4, 7, 1], [1, 0, 1, 4, 5, 4, 1, 3], [5, 5, 6, 4, 4, 1, 7, 0], [5, 5, 7, 4, 0, 1, 4, 6]], "control": {"col_treasures": 8, "solution_length": 30}, "info": {"regions": 1, "players": 1, "exits": 1, "layout": 36, "heuristic": 0, "solution": [{"x": 8, "y": 8, "action": {"x": 0, "y": 1}}, {"x": 8, "y": 9, "action": {"x": 0, "y": 1}}, {"x": 8, "y": 10, "action": {"x": 0, "y": 0}}], "content": [[4, 4, 7, 1, 7, 5, 4, 7], [7, 5, 5, 0, 6, 7, 5, 0], [0, 5, 4, 1, 4, 6, 6, 5], [0, 5, 7, 0, 0, 6, 7, 0], [6, 7, 1, 0, 0, 1, 7, 4], [5, 6, 0, 5, 1, 0, 0, 4], [0, 4, 7, 6, 0, 0, 1, 5], [5, 0, 7, 0, 5, 0, 0, 2], [5, 5, 1, 0, 5, 4, 7, 1], [1, 0, 1, 4, 5, 4, 1, 3], [5, 5, 6, 4, 4, 1, 7, 0], [5, 5, 7, 4, 0, 1, 4, 6]], "potions": 15, "treasures": 20, "enemies": 23, "solution_length": 3, "enemies_loc": [[2, 0], [4, 0], [7, 0], [0, 1], [4, 1], [5, 1], [5, 2], [6, 2], [2, 3], [5, 3], [6, 3], [0, 4], [1, 4], [6, 4], [1, 5], [2, 6], [3, 6], [2, 7], [6, 8], [2, 10], [6, 10], [2, 11], [7, 11]], "status": "win", "health": 5, "col_treasures": 0, "col_potions": 0, "col_enemies": 0}, "quality": 0.8041666665893229, "diversity": 0.306955638293851, "controlability": 0.05769230767011834}