{"content": [[2, 3, 6, 2, 3, 1, 0, 1], [2, 4, 6, 7, 5, 7, 3, 6], [7, 5, 0, 1, 3, 0, 5, 1], [5, 5, 5, 0, 0, 2, 1, 0], [1, 0, 6, 1, 1, 1, 0, 0], [0, 6, 2, 0, 1, 1, 1, 4], [1, 5, 7, 1, 1, 0, 5, 5], [0, 0, 3, 0, 5, 0, 0, 1], [2, 1, 1, 3, 1, 7, 5, 1], [5, 7, 7, 7, 7, 0, 1, 7], [6, 0, 1, 2, 0, 0, 0, 1], [5, 6, 3, 6, 0, 2, 7, 6]], "control": {"col_treasures": 8, "solution_length": 30}, "info": {"regions": 1, "players": 8, "exits": 7, "layout": 46, "heuristic": -1, "solution": [], "content": [[2, 3, 6, 2, 3, 1, 0, 1], [2, 4, 6, 7, 5, 7, 3, 6], [7, 5, 0, 1, 3, 0, 5, 1], [5, 5, 5, 0, 0, 2, 1, 0], [1, 0, 6, 1, 1, 1, 0, 0], [0, 6, 2, 0, 1, 1, 1, 4], [1, 5, 7, 1, 1, 0, 5, 5], [0, 0, 3, 0, 5, 0, 0, 1], [2, 1, 1, 3, 1, 7, 5, 1], [5, 7, 7, 7, 7, 0, 1, 7], [6, 0, 1, 2, 0, 0, 0, 1], [5, 6, 3, 6, 0, 2, 7, 6]], "potions": 2, "treasures": 13, "enemies": 20, "solution_length": 0, "enemies_loc": [[2, 0], [2, 1], [3, 1], [5, 1], [7, 1], [0, 2], [2, 4], [1, 5], [2, 6], [5, 8], [1, 9], [2, 9], [3, 9], [4, 9], [7, 9], [0, 10], [1, 11], [3, 11], [6, 11], [7, 11]]}, "quality": 0.32143274851162673, "diversity": 0.36599391498209666, "controlability": 0.0}