{"content": [[1, 1, 7, 5, 0, 5, 5, 0], [5, 5, 5, 4, 1, 7, 5, 0], [0, 0, 5, 3, 5, 6, 6, 1], [0, 5, 1, 5, 0, 7, 5, 6], [1, 7, 1, 1, 1, 1, 7, 1], [1, 7, 0, 0, 3, 0, 7, 5], [0, 4, 5, 0, 0, 1, 1, 5], [5, 0, 7, 0, 1, 0, 0, 1], [7, 0, 1, 5, 5, 3, 4, 1], [4, 5, 1, 5, 6, 4, 1, 6], [5, 5, 6, 1, 4, 6, 0, 1], [5, 0, 2, 7, 6, 6, 1, 1]], "control": {"col_treasures": 18, "solution_length": 45}, "info": {"regions": 1, "players": 1, "exits": 3, "layout": 44, "heuristic": -1, "solution": [], "content": [[1, 1, 7, 5, 0, 5, 5, 0], [5, 5, 5, 4, 1, 7, 5, 0], [0, 0, 5, 3, 5, 6, 6, 1], [0, 5, 1, 5, 0, 7, 5, 6], [1, 7, 1, 1, 1, 1, 7, 1], [1, 7, 0, 0, 3, 0, 7, 5], [0, 4, 5, 0, 0, 1, 1, 5], [5, 0, 7, 0, 1, 0, 0, 1], [7, 0, 1, 5, 5, 3, 4, 1], [4, 5, 1, 5, 6, 4, 1, 6], [5, 5, 6, 1, 4, 6, 0, 1], [5, 0, 2, 7, 6, 6, 1, 1]], "potions": 6, "treasures": 23, "enemies": 19, "solution_length": 0, "enemies_loc": [[2, 0], [5, 1], [5, 2], [6, 2], [5, 3], [7, 3], [1, 4], [6, 4], [1, 5], [6, 5], [2, 7], [0, 8], [4, 9], [7, 9], [2, 10], [5, 10], [3, 11], [4, 11], [5, 11]]}, "quality": 0.3263742689862467, "diversity": 0.30617558817894364, "controlability": 0.0}