{"content": [[6, 1, 1, 1, 7, 5, 1, 4], [7, 0, 0, 0, 1, 6, 5, 7], [0, 2, 1, 1, 3, 6, 5, 1], [0, 5, 1, 0, 0, 7, 1, 0], [6, 0, 1, 6, 6, 1, 7, 6], [7, 6, 3, 7, 7, 6, 7, 6], [0, 5, 6, 1, 0, 7, 0, 5], [5, 0, 0, 7, 1, 0, 0, 1], [5, 0, 4, 5, 1, 3, 1, 4], [4, 6, 4, 7, 6, 4, 5, 6], [6, 7, 7, 1, 7, 6, 4, 1], [5, 0, 6, 5, 7, 7, 0, 1]], "control": {"col_treasures": 18, "solution_length": 45}, "info": {"regions": 1, "players": 1, "exits": 3, "layout": 39, "heuristic": -1, "solution": [], "content": [[6, 1, 1, 1, 7, 5, 1, 4], [7, 0, 0, 0, 1, 6, 5, 7], [0, 2, 1, 1, 3, 6, 5, 1], [0, 5, 1, 0, 0, 7, 1, 0], [6, 0, 1, 6, 6, 1, 7, 6], [7, 6, 3, 7, 7, 6, 7, 6], [0, 5, 6, 1, 0, 7, 0, 5], [5, 0, 0, 7, 1, 0, 0, 1], [5, 0, 4, 5, 1, 3, 1, 4], [4, 6, 4, 7, 6, 4, 5, 6], [6, 7, 7, 1, 7, 6, 4, 1], [5, 0, 6, 5, 7, 7, 0, 1]], "potions": 7, "treasures": 12, "enemies": 34, "solution_length": 0, "enemies_loc": [[0, 0], [4, 0], [0, 1], [5, 1], [7, 1], [5, 2], [5, 3], [0, 4], [3, 4], [4, 4], [6, 4], [7, 4], [0, 5], [1, 5], [3, 5], [4, 5], [5, 5], [6, 5], [7, 5], [2, 6], [5, 6], [3, 7], [1, 9], [3, 9], [4, 9], [7, 9], [0, 10], [1, 10], [2, 10], [4, 10], [5, 10], [2, 11], [4, 11], [5, 11]]}, "quality": 0.319429824543249, "diversity": 0.31597221508049267, "controlability": 0.0}