{"content": [[1, 1, 1, 5, 0, 1, 5, 1], [5, 0, 5, 5, 1, 5, 6, 1], [0, 0, 4, 1, 5, 1, 6, 7], [0, 3, 1, 0, 0, 7, 1, 0], [1, 0, 1, 0, 3, 1, 7, 0], [1, 7, 5, 0, 1, 6, 1, 4], [1, 5, 4, 1, 0, 0, 1, 5], [5, 0, 4, 0, 7, 0, 0, 1], [5, 0, 1, 5, 5, 4, 6, 4], [4, 0, 1, 7, 0, 4, 7, 6], [5, 0, 1, 1, 5, 6, 0, 1], [0, 0, 2, 0, 0, 1, 6, 1]], "control": {"col_treasures": 18, "solution_length": 45}, "info": {"regions": 1, "players": 1, "exits": 2, "layout": 55, "heuristic": -1, "solution": [], "content": [[1, 1, 1, 5, 0, 1, 5, 1], [5, 0, 5, 5, 1, 5, 6, 1], [0, 0, 4, 1, 5, 1, 6, 7], [0, 3, 1, 0, 0, 7, 1, 0], [1, 0, 1, 0, 3, 1, 7, 0], [1, 7, 5, 0, 1, 6, 1, 4], [1, 5, 4, 1, 0, 0, 1, 5], [5, 0, 4, 0, 7, 0, 0, 1], [5, 0, 1, 5, 5, 4, 6, 4], [4, 0, 1, 7, 0, 4, 7, 6], [5, 0, 1, 1, 5, 6, 0, 1], [0, 0, 2, 0, 0, 1, 6, 1]], "potions": 8, "treasures": 16, "enemies": 14, "solution_length": 0, "enemies_loc": [[6, 1], [6, 2], [7, 2], [5, 3], [6, 4], [1, 5], [5, 5], [4, 7], [6, 8], [3, 9], [6, 9], [7, 9], [5, 10], [6, 11]]}, "quality": 0.3326315789404248, "diversity": 0.30246442394245443, "controlability": 0.0}