{"content": [[1, 1, 1, 5, 5, 4, 5, 0], [0, 0, 0, 4, 1, 7, 5, 1], [0, 0, 4, 5, 7, 6, 6, 1], [0, 5, 1, 0, 0, 7, 5, 0], [0, 7, 1, 0, 6, 0, 7, 3], [1, 7, 5, 1, 1, 7, 0, 4], [1, 5, 4, 0, 1, 7, 0, 5], [5, 1, 1, 0, 7, 0, 0, 1], [4, 0, 4, 4, 2, 4, 1, 4], [4, 0, 1, 5, 6, 4, 1, 6], [5, 3, 6, 1, 4, 6, 6, 1], [4, 0, 1, 0, 6, 1, 4, 1]], "control": {"col_treasures": 18, "solution_length": 45}, "info": {"regions": 1, "players": 1, "exits": 2, "layout": 47, "heuristic": -1, "solution": [], "content": [[1, 1, 1, 5, 5, 4, 5, 0], [0, 0, 0, 4, 1, 7, 5, 1], [0, 0, 4, 5, 7, 6, 6, 1], [0, 5, 1, 0, 0, 7, 5, 0], [0, 7, 1, 0, 6, 0, 7, 3], [1, 7, 5, 1, 1, 7, 0, 4], [1, 5, 4, 0, 1, 7, 0, 5], [5, 1, 1, 0, 7, 0, 0, 1], [4, 0, 4, 4, 2, 4, 1, 4], [4, 0, 1, 5, 6, 4, 1, 6], [5, 3, 6, 1, 4, 6, 6, 1], [4, 0, 1, 0, 6, 1, 4, 1]], "potions": 15, "treasures": 13, "enemies": 18, "solution_length": 0, "enemies_loc": [[5, 1], [4, 2], [5, 2], [6, 2], [5, 3], [1, 4], [4, 4], [6, 4], [1, 5], [5, 5], [5, 6], [4, 7], [4, 9], [7, 9], [2, 10], [5, 10], [6, 10], [4, 11]]}, "quality": 0.3312426900379363, "diversity": 0.3611111041666669, "controlability": 0.0}