{"content": [[6, 1, 7, 1, 7, 5, 5, 0], [0, 0, 0, 0, 1, 6, 5, 7], [0, 0, 1, 4, 4, 4, 1, 1], [5, 5, 2, 0, 0, 1, 0, 0], [5, 7, 1, 0, 6, 1, 6, 0], [1, 6, 3, 2, 1, 7, 0, 4], [0, 5, 6, 0, 1, 7, 0, 5], [5, 0, 1, 0, 7, 6, 0, 1], [4, 2, 4, 7, 5, 7, 0, 4], [4, 0, 1, 7, 4, 4, 1, 6], [6, 7, 1, 4, 4, 6, 4, 4], [5, 0, 6, 6, 5, 7, 4, 7]], "control": {"col_treasures": 18, "solution_length": 45}, "info": {"regions": 1, "players": 3, "exits": 1, "layout": 40, "heuristic": -1, "solution": [], "content": [[6, 1, 7, 1, 7, 5, 5, 0], [0, 0, 0, 0, 1, 6, 5, 7], [0, 0, 1, 4, 4, 4, 1, 1], [5, 5, 2, 0, 0, 1, 0, 0], [5, 7, 1, 0, 6, 1, 6, 0], [1, 6, 3, 2, 1, 7, 0, 4], [0, 5, 6, 0, 1, 7, 0, 5], [5, 0, 1, 0, 7, 6, 0, 1], [4, 2, 4, 7, 5, 7, 0, 4], [4, 0, 1, 7, 4, 4, 1, 6], [6, 7, 1, 4, 4, 6, 4, 4], [5, 0, 6, 6, 5, 7, 4, 7]], "potions": 15, "treasures": 12, "enemies": 25, "solution_length": 0, "enemies_loc": [[0, 0], [2, 0], [4, 0], [5, 1], [7, 1], [1, 4], [4, 4], [6, 4], [1, 5], [5, 5], [2, 6], [5, 6], [4, 7], [5, 7], [3, 8], [5, 8], [3, 9], [7, 9], [0, 10], [1, 10], [5, 10], [2, 11], [3, 11], [5, 11], [7, 11]]}, "quality": 0.32081871343184853, "diversity": 0.2966485438519023, "controlability": 0.0}