{"content": [[1, 1, 1, 1, 0, 5, 6, 1], [0, 0, 0, 0, 1, 6, 5, 7], [0, 0, 1, 4, 4, 6, 6, 1], [0, 6, 7, 5, 0, 7, 0, 4], [7, 7, 1, 6, 1, 1, 6, 6], [1, 6, 3, 1, 1, 0, 7, 4], [1, 4, 5, 0, 6, 0, 1, 5], [4, 7, 7, 0, 7, 0, 1, 1], [5, 3, 1, 3, 4, 4, 4, 1], [1, 6, 1, 7, 4, 4, 1, 6], [6, 7, 1, 1, 5, 6, 4, 1], [5, 0, 7, 6, 6, 7, 1, 7]], "control": {"col_treasures": 18, "solution_length": 45}, "info": {"regions": 2, "players": 0, "exits": 3, "layout": 43, "heuristic": -1, "solution": [], "content": [[1, 1, 1, 1, 0, 5, 6, 1], [0, 0, 0, 0, 1, 6, 5, 7], [0, 0, 1, 4, 4, 6, 6, 1], [0, 6, 7, 5, 0, 7, 0, 4], [7, 7, 1, 6, 1, 1, 6, 6], [1, 6, 3, 1, 1, 0, 7, 4], [1, 4, 5, 0, 6, 0, 1, 5], [4, 7, 7, 0, 7, 0, 1, 1], [5, 3, 1, 3, 4, 4, 4, 1], [1, 6, 1, 7, 4, 4, 1, 6], [6, 7, 1, 1, 5, 6, 4, 1], [5, 0, 7, 6, 6, 7, 1, 7]], "potions": 12, "treasures": 8, "enemies": 30, "solution_length": 0, "enemies_loc": [[6, 0], [5, 1], [7, 1], [5, 2], [6, 2], [1, 3], [2, 3], [5, 3], [0, 4], [1, 4], [3, 4], [6, 4], [7, 4], [1, 5], [6, 5], [4, 6], [1, 7], [2, 7], [4, 7], [1, 9], [3, 9], [7, 9], [0, 10], [1, 10], [5, 10], [2, 11], [3, 11], [4, 11], [5, 11], [7, 11]]}, "quality": 0.25056677537797883, "diversity": 0.26521914953835246, "controlability": 0.0}