{"content": [[1, 1, 7, 5, 0, 1, 7, 1], [0, 5, 5, 7, 4, 7, 5, 0], [0, 0, 6, 1, 4, 6, 5, 1], [7, 5, 1, 5, 0, 7, 0, 6], [1, 7, 7, 1, 1, 1, 7, 6], [1, 4, 2, 7, 0, 0, 1, 4], [6, 4, 4, 1, 6, 1, 0, 5], [6, 0, 7, 7, 1, 0, 1, 1], [6, 0, 4, 5, 4, 4, 7, 1], [5, 5, 3, 5, 1, 4, 1, 1], [5, 5, 6, 4, 4, 0, 0, 5], [5, 5, 2, 6, 5, 6, 3, 1]], "control": {"col_treasures": 18, "solution_length": 45}, "info": {"regions": 1, "players": 2, "exits": 2, "layout": 38, "heuristic": -1, "solution": [], "content": [[1, 1, 7, 5, 0, 1, 7, 1], [0, 5, 5, 7, 4, 7, 5, 0], [0, 0, 6, 1, 4, 6, 5, 1], [7, 5, 1, 5, 0, 7, 0, 6], [1, 7, 7, 1, 1, 1, 7, 6], [1, 4, 2, 7, 0, 0, 1, 4], [6, 4, 4, 1, 6, 1, 0, 5], [6, 0, 7, 7, 1, 0, 1, 1], [6, 0, 4, 5, 4, 4, 7, 1], [5, 5, 3, 5, 1, 4, 1, 1], [5, 5, 6, 4, 4, 0, 0, 5], [5, 5, 2, 6, 5, 6, 3, 1]], "potions": 12, "treasures": 18, "enemies": 24, "solution_length": 0, "enemies_loc": [[2, 0], [6, 0], [3, 1], [5, 1], [2, 2], [5, 2], [0, 3], [5, 3], [7, 3], [1, 4], [2, 4], [6, 4], [7, 4], [3, 5], [0, 6], [4, 6], [0, 7], [2, 7], [3, 7], [0, 8], [6, 8], [2, 10], [3, 11], [5, 11]]}, "quality": 0.3180409356476319, "diversity": 0.34497548304227954, "controlability": 0.0}