{"content": {"layout": [0, 13, 5, 5, 6, 15, 5, 11, 4, 15, 0, 0, 0, 6, 5, 1], "start": 3, "boss": 13, "shop": 10, "treasure": 8}, "control": {"map_size": 11}, "info": {"map_size": 12, "num_regions": 1, "connect_regions": 1, "loose_connections": 6, "locations": 3, "player_boss_distance": 9, "flat": [0, 0, 0, 0, 0, 0, 0, 0, 0, 0, 0, 0, 0, 0, 0, 2, 1, 2, 2, 1, 2, 2, 1, 2, 0, 0, 0, 0, 2, 0, 0, 0, 0, 0, 0, 0, 0, 2, 0, 0, 2, 0, 0, 0, 0, 0, 2, 0, 0, 1, 2, 2, 1, 2, 2, 1, 2, 2, 1, 0, 0, 0, 0, 0, 2, 0, 0, 0, 0, 0, 2, 0, 0, 0, 0, 0, 2, 0, 0, 0, 0, 0, 0, 0, 0, 1, 2, 2, 1, 2, 0, 0, 0, 0, 0, 0, 0, 0, 0, 0, 2, 0, 0, 0, 0, 0, 0, 0, 0, 0, 0, 0, 2, 0, 0, 0, 0, 0, 0, 0, 0, 0, 0, 0, 1, 2, 2, 1, 2, 2, 1, 0, 0, 0, 0, 0, 0, 0, 0, 0, 0, 0, 0, 0], "dead_end": 1}, "quality": 0.8624999997187501, "diversity": 0.8815104057467991, "controlability": 0.6562499989746094}