{"content": [[1, 1, 1, 1, 0, 5, 4, 0], [4, 6, 0, 1, 1, 6, 5, 0], [0, 3, 1, 1, 0, 4, 6, 1], [7, 5, 7, 2, 0, 1, 0, 0], [1, 7, 1, 0, 6, 7, 5, 2], [1, 1, 0, 1, 7, 7, 0, 0], [1, 4, 5, 0, 4, 0, 1, 7], [4, 0, 4, 0, 7, 0, 1, 0], [5, 4, 1, 5, 5, 4, 4, 4], [5, 1, 1, 1, 0, 4, 1, 4], [1, 0, 1, 0, 0, 6, 0, 1], [5, 5, 0, 3, 6, 1, 1, 1]], "control": {"col_treasures": 18, "solution_length": 45}, "info": {"regions": 1, "players": 2, "exits": 2, "layout": 54, "heuristic": -1, "solution": [], "content": [[1, 1, 1, 1, 0, 5, 4, 0], [4, 6, 0, 1, 1, 6, 5, 0], [0, 3, 1, 1, 0, 4, 6, 1], [7, 5, 7, 2, 0, 1, 0, 0], [1, 7, 1, 0, 6, 7, 5, 2], [1, 1, 0, 1, 7, 7, 0, 0], [1, 4, 5, 0, 4, 0, 1, 7], [4, 0, 4, 0, 7, 0, 1, 0], [5, 4, 1, 5, 5, 4, 4, 4], [5, 1, 1, 1, 0, 4, 1, 4], [1, 0, 1, 0, 0, 6, 0, 1], [5, 5, 0, 3, 6, 1, 1, 1]], "potions": 13, "treasures": 11, "enemies": 14, "solution_length": 0, "enemies_loc": [[1, 1], [5, 1], [6, 2], [0, 3], [2, 3], [1, 4], [4, 4], [5, 4], [4, 5], [5, 5], [7, 6], [4, 7], [5, 10], [4, 11]]}, "quality": 0.3319298245475162, "diversity": 0.31510415962239624, "controlability": 0.0}