{"content": [[7, 2, 1, 1, 7, 5, 7, 1], [1, 6, 0, 6, 4, 7, 7, 0], [0, 4, 4, 7, 7, 6, 6, 1], [0, 5, 2, 0, 0, 7, 4, 1], [6, 7, 1, 6, 6, 1, 6, 6], [7, 6, 7, 7, 5, 6, 0, 4], [0, 7, 6, 1, 1, 7, 0, 5], [7, 6, 0, 0, 1, 0, 1, 1], [4, 7, 4, 1, 0, 4, 0, 1], [4, 0, 7, 7, 4, 4, 1, 6], [6, 3, 6, 4, 7, 6, 0, 1], [4, 0, 1, 0, 7, 1, 0, 1]], "control": {"col_treasures": 8, "solution_length": 30}, "info": {"regions": 1, "players": 2, "exits": 1, "layout": 39, "heuristic": -1, "solution": [], "content": [[7, 2, 1, 1, 7, 5, 7, 1], [1, 6, 0, 6, 4, 7, 7, 0], [0, 4, 4, 7, 7, 6, 6, 1], [0, 5, 2, 0, 0, 7, 4, 1], [6, 7, 1, 6, 6, 1, 6, 6], [7, 6, 7, 7, 5, 6, 0, 4], [0, 7, 6, 1, 1, 7, 0, 5], [7, 6, 0, 0, 1, 0, 1, 1], [4, 7, 4, 1, 0, 4, 0, 1], [4, 0, 7, 7, 4, 4, 1, 6], [6, 3, 6, 4, 7, 6, 0, 1], [4, 0, 1, 0, 7, 1, 0, 1]], "potions": 13, "treasures": 4, "enemies": 37, "solution_length": 0, "enemies_loc": [[0, 0], [4, 0], [6, 0], [1, 1], [3, 1], [5, 1], [6, 1], [3, 2], [4, 2], [5, 2], [6, 2], [5, 3], [0, 4], [1, 4], [3, 4], [4, 4], [6, 4], [7, 4], [0, 5], [1, 5], [2, 5], [3, 5], [5, 5], [1, 6], [2, 6], [5, 6], [0, 7], [1, 7], [1, 8], [2, 9], [3, 9], [7, 9], [0, 10], [2, 10], [4, 10], [5, 10], [4, 11]]}, "quality": 0.32013157892914007, "diversity": 0.2709374937265626, "controlability": 0.0}