{"content": [[1, 1, 1, 0, 1, 1, 1, 1, 0, 1, 0, 0, 0, 1], [0, 1, 1, 1, 1, 0, 1, 0, 1, 1, 1, 1, 1, 1], [1, 1, 0, 1, 0, 0, 1, 1, 1, 1, 1, 0, 1, 0], [0, 0, 0, 1, 1, 1, 0, 0, 0, 0, 0, 0, 0, 1], [0, 0, 0, 0, 0, 1, 1, 1, 1, 1, 1, 1, 0, 1], [1, 1, 1, 0, 1, 1, 0, 0, 1, 1, 1, 0, 1, 1], [1, 1, 1, 1, 1, 1, 0, 1, 1, 1, 0, 1, 1, 0], [0, 1, 0, 0, 0, 1, 1, 1, 1, 1, 1, 1, 0, 1], [0, 1, 1, 0, 0, 1, 0, 0, 1, 1, 1, 1, 1, 1], [0, 0, 0, 0, 0, 1, 1, 0, 0, 0, 1, 1, 1, 1], [0, 1, 1, 0, 0, 1, 1, 0, 0, 0, 1, 0, 0, 1], [1, 1, 0, 0, 1, 0, 0, 0, 0, 0, 1, 0, 1, 0], [1, 1, 1, 0, 1, 0, 1, 1, 1, 0, 1, 1, 1, 0], [0, 0, 1, 1, 1, 1, 1, 1, 0, 0, 1, 0, 0, 0]], "control": {"path": 93}, "info": {"path": 36, "regions": 2, "flat": [1, 1, 1, 0, 1, 1, 1, 1, 0, 1, 0, 0, 0, 1, 0, 1, 1, 1, 1, 0, 1, 0, 1, 1, 1, 1, 1, 1, 1, 1, 0, 1, 0, 0, 1, 1, 1, 1, 1, 0, 1, 0, 0, 0, 0, 1, 1, 1, 0, 0, 0, 0, 0, 0, 0, 1, 0, 0, 0, 0, 0, 1, 1, 1, 1, 1, 1, 1, 0, 1, 1, 1, 1, 0, 1, 1, 0, 0, 1, 1, 1, 0, 1, 1, 1, 1, 1, 1, 1, 1, 0, 1, 1, 1, 0, 1, 1, 0, 0, 1, 0, 0, 0, 1, 1, 1, 1, 1, 1, 1, 0, 1, 0, 1, 1, 0, 0, 1, 0, 0, 1, 1, 1, 1, 1, 1, 0, 0, 0, 0, 0, 1, 1, 0, 0, 0, 1, 1, 1, 1, 0, 1, 1, 0, 0, 1, 1, 0, 0, 0, 1, 0, 0, 1, 1, 1, 0, 0, 1, 0, 0, 0, 0, 0, 1, 0, 1, 0, 1, 1, 1, 0, 1, 0, 1, 1, 1, 0, 1, 1, 1, 0, 0, 0, 1, 1, 1, 1, 1, 1, 0, 0, 1, 0, 0, 0]}, "quality": 0.9731182793155277, "diversity": 0.7274659863048057, "controlability": 0.41860465111411577}