{"content": [[1, 1, 0, 0, 1, 1, 0, 0, 0, 0, 1, 0, 1, 0], [1, 1, 1, 1, 0, 0, 0, 1, 1, 0, 1, 0, 0, 0], [0, 0, 0, 1, 0, 1, 1, 1, 0, 1, 1, 1, 1, 0], [0, 0, 1, 1, 0, 0, 1, 0, 1, 1, 1, 1, 1, 1], [1, 0, 0, 1, 0, 1, 0, 1, 0, 0, 0, 0, 0, 0], [1, 0, 1, 0, 0, 0, 0, 1, 0, 1, 0, 0, 0, 0], [1, 0, 1, 0, 0, 0, 0, 0, 1, 1, 1, 1, 1, 0], [1, 0, 1, 0, 1, 1, 1, 0, 1, 1, 1, 1, 0, 1], [0, 1, 0, 0, 1, 0, 0, 0, 1, 0, 0, 0, 0, 0], [0, 0, 0, 0, 1, 0, 1, 1, 0, 0, 0, 0, 1, 0], [0, 1, 0, 1, 1, 0, 1, 0, 0, 0, 1, 1, 1, 1], [1, 0, 1, 0, 1, 1, 0, 0, 0, 1, 1, 0, 1, 0], [0, 0, 1, 0, 0, 1, 0, 1, 1, 1, 0, 1, 1, 1], [1, 1, 1, 1, 0, 0, 0, 1, 1, 0, 0, 1, 0, 0]], "control": {"path": 57}, "info": {"path": 12, "regions": 18, "flat": [1, 1, 0, 0, 1, 1, 0, 0, 0, 0, 1, 0, 1, 0, 1, 1, 1, 1, 0, 0, 0, 1, 1, 0, 1, 0, 0, 0, 0, 0, 0, 1, 0, 1, 1, 1, 0, 1, 1, 1, 1, 0, 0, 0, 1, 1, 0, 0, 1, 0, 1, 1, 1, 1, 1, 1, 1, 0, 0, 1, 0, 1, 0, 1, 0, 0, 0, 0, 0, 0, 1, 0, 1, 0, 0, 0, 0, 1, 0, 1, 0, 0, 0, 0, 1, 0, 1, 0, 0, 0, 0, 0, 1, 1, 1, 1, 1, 0, 1, 0, 1, 0, 1, 1, 1, 0, 1, 1, 1, 1, 0, 1, 0, 1, 0, 0, 1, 0, 0, 0, 1, 0, 0, 0, 0, 0, 0, 0, 0, 0, 1, 0, 1, 1, 0, 0, 0, 0, 1, 0, 0, 1, 0, 1, 1, 0, 1, 0, 0, 0, 1, 1, 1, 1, 1, 0, 1, 0, 1, 1, 0, 0, 0, 1, 1, 0, 1, 0, 0, 0, 1, 0, 0, 1, 0, 1, 1, 1, 0, 1, 1, 1, 1, 1, 1, 1, 0, 0, 0, 1, 1, 0, 0, 1, 0, 0]}, "quality": 0.2572964668742317, "diversity": 0.8780293366306723, "controlability": 0.239999999952}