{"content": [[1, 1, 1, 1, 7, 1, 5, 0], [0, 0, 0, 0, 1, 6, 2, 1], [0, 0, 4, 1, 5, 4, 6, 1], [0, 5, 6, 0, 0, 7, 0, 0], [1, 7, 1, 1, 6, 1, 7, 6], [2, 3, 0, 1, 1, 0, 0, 4], [7, 5, 5, 1, 1, 7, 1, 5], [6, 0, 1, 0, 7, 0, 0, 1], [5, 0, 1, 4, 7, 4, 1, 1], [1, 6, 6, 7, 1, 4, 1, 6], [6, 3, 1, 4, 7, 6, 4, 1], [0, 0, 6, 0, 2, 1, 1, 1]], "control": {"col_treasures": 8, "solution_length": 30}, "info": {"regions": 1, "players": 3, "exits": 2, "layout": 54, "heuristic": -1, "solution": [], "content": [[1, 1, 1, 1, 7, 1, 5, 0], [0, 0, 0, 0, 1, 6, 2, 1], [0, 0, 4, 1, 5, 4, 6, 1], [0, 5, 6, 0, 0, 7, 0, 0], [1, 7, 1, 1, 6, 1, 7, 6], [2, 3, 0, 1, 1, 0, 0, 4], [7, 5, 5, 1, 1, 7, 1, 5], [6, 0, 1, 0, 7, 0, 0, 1], [5, 0, 1, 4, 7, 4, 1, 1], [1, 6, 6, 7, 1, 4, 1, 6], [6, 3, 1, 4, 7, 6, 4, 1], [0, 0, 6, 0, 2, 1, 1, 1]], "potions": 8, "treasures": 7, "enemies": 22, "solution_length": 0, "enemies_loc": [[4, 0], [5, 1], [6, 2], [2, 3], [5, 3], [1, 4], [4, 4], [6, 4], [7, 4], [0, 6], [5, 6], [0, 7], [4, 7], [4, 8], [1, 9], [2, 9], [3, 9], [7, 9], [0, 10], [4, 10], [5, 10], [2, 11]]}, "quality": 0.33122807016162514, "diversity": 0.2924999931875003, "controlability": 0.0}