{"content": [[1, 1, 7, 1, 7, 3, 6, 6], [7, 5, 0, 1, 1, 7, 4, 0], [0, 2, 4, 1, 5, 6, 6, 1], [0, 6, 1, 6, 0, 7, 0, 5], [7, 0, 7, 6, 1, 0, 7, 6], [1, 4, 5, 7, 7, 6, 1, 4], [0, 4, 6, 7, 0, 0, 6, 2], [4, 0, 7, 0, 1, 0, 1, 1], [7, 6, 3, 5, 5, 4, 0, 1], [4, 1, 1, 7, 1, 4, 1, 1], [6, 7, 6, 7, 4, 0, 0, 1], [6, 4, 7, 0, 6, 7, 5, 1]], "control": {"col_treasures": 18, "solution_length": 45}, "info": {"regions": 1, "players": 2, "exits": 2, "layout": 40, "heuristic": -1, "solution": [], "content": [[1, 1, 7, 1, 7, 3, 6, 6], [7, 5, 0, 1, 1, 7, 4, 0], [0, 2, 4, 1, 5, 6, 6, 1], [0, 6, 1, 6, 0, 7, 0, 5], [7, 0, 7, 6, 1, 0, 7, 6], [1, 4, 5, 7, 7, 6, 1, 4], [0, 4, 6, 7, 0, 0, 6, 2], [4, 0, 7, 0, 1, 0, 1, 1], [7, 6, 3, 5, 5, 4, 0, 1], [4, 1, 1, 7, 1, 4, 1, 1], [6, 7, 6, 7, 4, 0, 0, 1], [6, 4, 7, 0, 6, 7, 5, 1]], "potions": 11, "treasures": 7, "enemies": 34, "solution_length": 0, "enemies_loc": [[2, 0], [4, 0], [6, 0], [7, 0], [0, 1], [5, 1], [5, 2], [6, 2], [1, 3], [3, 3], [5, 3], [0, 4], [2, 4], [3, 4], [6, 4], [7, 4], [3, 5], [4, 5], [5, 5], [2, 6], [3, 6], [6, 6], [2, 7], [0, 8], [1, 8], [3, 9], [0, 10], [1, 10], [2, 10], [3, 10], [0, 11], [2, 11], [4, 11], [5, 11]]}, "quality": 0.32081871342483104, "diversity": 0.3031643010686912, "controlability": 0.0}