{"content": [[4, 1, 1, 1, 1, 5, 7, 7], [1, 0, 0, 6, 1, 7, 7, 0], [0, 0, 4, 1, 4, 6, 6, 1], [0, 2, 1, 0, 0, 7, 4, 1], [6, 0, 1, 0, 6, 1, 7, 6], [1, 6, 7, 7, 1, 7, 1, 4], [0, 7, 6, 1, 1, 7, 0, 6], [7, 0, 0, 0, 1, 1, 1, 1], [4, 3, 1, 2, 5, 4, 0, 1], [4, 0, 7, 7, 0, 4, 1, 6], [0, 4, 6, 4, 7, 6, 0, 1], [4, 6, 7, 0, 0, 1, 4, 1]], "control": {"col_treasures": 8, "solution_length": 30}, "info": {"regions": 1, "players": 2, "exits": 1, "layout": 49, "heuristic": -1, "solution": [], "content": [[4, 1, 1, 1, 1, 5, 7, 7], [1, 0, 0, 6, 1, 7, 7, 0], [0, 0, 4, 1, 4, 6, 6, 1], [0, 2, 1, 0, 0, 7, 4, 1], [6, 0, 1, 0, 6, 1, 7, 6], [1, 6, 7, 7, 1, 7, 1, 4], [0, 7, 6, 1, 1, 7, 0, 6], [7, 0, 0, 0, 1, 1, 1, 1], [4, 3, 1, 2, 5, 4, 0, 1], [4, 0, 7, 7, 0, 4, 1, 6], [0, 4, 6, 4, 7, 6, 0, 1], [4, 6, 7, 0, 0, 1, 4, 1]], "potions": 13, "treasures": 2, "enemies": 29, "solution_length": 0, "enemies_loc": [[6, 0], [7, 0], [3, 1], [5, 1], [6, 1], [5, 2], [6, 2], [5, 3], [0, 4], [4, 4], [6, 4], [7, 4], [1, 5], [2, 5], [3, 5], [5, 5], [1, 6], [2, 6], [5, 6], [7, 6], [0, 7], [2, 9], [3, 9], [7, 9], [2, 10], [4, 10], [5, 10], [1, 11], [2, 11]]}, "quality": 0.3326315789404248, "diversity": 0.2536122252457159, "controlability": 0.0}