{"content": {"layout": [15, 0, 1, 13, 14, 13, 9, 7, 14, 0, 1, 12, 3, 0, 0, 0], "start": 13, "boss": 13, "shop": 13, "treasure": 10}, "control": {"map_size": 12}, "info": {"map_size": 11, "num_regions": 1, "connect_regions": 5, "loose_connections": 15, "locations": 1, "player_boss_distance": -1, "flat": [0, 2, 0, 0, 0, 0, 0, 0, 0, 0, 0, 0, 2, 1, 2, 0, 0, 0, 2, 1, 0, 2, 1, 2, 0, 2, 0, 0, 0, 0, 0, 0, 0, 0, 2, 0, 0, 2, 0, 0, 0, 0, 0, 0, 0, 0, 2, 0, 0, 1, 2, 2, 1, 2, 2, 1, 0, 2, 1, 2, 0, 2, 0, 0, 2, 0, 0, 2, 0, 0, 0, 0, 0, 2, 0, 0, 0, 0, 0, 0, 0, 0, 0, 0, 0, 1, 2, 0, 0, 0, 2, 1, 0, 0, 1, 2, 0, 2, 0, 0, 0, 0, 0, 0, 0, 0, 2, 0, 0, 2, 0, 0, 0, 0, 0, 0, 0, 0, 0, 0, 2, 1, 0, 0, 0, 0, 0, 0, 0, 0, 0, 0, 0, 0, 0, 0, 0, 0, 0, 0, 0, 0, 0, 0], "dead_end": 1}, "quality": 0.5599999999266667, "diversity": 0.09208333243272582, "controlability": 0.3437499994628906}