{"content": [[1, 4, 1, 0, 1, 3, 0, 0, 0, 0, 0], [1, 5, 4, 1, 0, 1, 1, 0, 0, 1, 0], [1, 5, 1, 1, 0, 5, 1, 1, 1, 1, 0], [0, 1, 0, 0, 1, 1, 0, 1, 5, 1, 0], [4, 5, 5, 1, 1, 1, 1, 1, 1, 1, 1], [1, 1, 0, 1, 4, 3, 1, 1, 5, 1, 1], [1, 1, 0, 0, 1, 1, 0, 0, 1, 1, 2]], "control": {"player_key": 17, "key_door": 17}, "info": {"regions": 1, "players": 1, "keys": 2, "doors": 4, "enemies": 7, "player_key": 11, "key_door": 12, "pk_path": [[10, 6], [10, 5], [10, 4], [9, 4], [9, 3], [9, 2], [8, 2], [7, 2], [6, 2], [6, 1], [5, 1], [5, 0]], "kd_path": []}, "quality": 0.49414203314088023, "diversity": 0.6736560085356015, "controlability": 0.7666666661555555}