{"content": [[1, 1, 1, 0, 1, 1, 1, 1, 2, 1, 0], [1, 1, 1, 1, 0, 1, 1, 0, 0, 1, 0], [1, 1, 1, 1, 1, 1, 1, 5, 1, 1, 0], [2, 1, 0, 0, 0, 1, 0, 1, 0, 1, 0], [1, 5, 1, 1, 0, 1, 1, 1, 1, 1, 1], [1, 0, 1, 1, 4, 0, 1, 1, 5, 1, 1], [1, 0, 0, 0, 1, 1, 0, 0, 0, 3, 1]], "control": {"player_key": 17, "key_door": 17}, "info": {"regions": 1, "players": 2, "keys": 1, "doors": 1, "enemies": 3, "player_key": 7, "key_door": 18, "pk_path": [[8, 0], [9, 0], [9, 1], [9, 2], [9, 3], [9, 4], [9, 5], [9, 6]], "kd_path": []}, "quality": 0.4991776315708319, "diversity": 0.05882352941176472, "controlability": 0.7333333331777778}