{"content": [[1, 1, 4, 0, 1, 1, 1, 1, 0, 1, 0], [1, 1, 1, 1, 0, 0, 1, 0, 0, 1, 0], [1, 1, 1, 1, 1, 1, 1, 5, 1, 1, 1], [0, 1, 0, 0, 0, 1, 0, 1, 0, 1, 0], [1, 5, 1, 1, 1, 1, 0, 1, 1, 1, 1], [1, 0, 1, 1, 1, 0, 1, 1, 5, 0, 1], [1, 2, 0, 0, 1, 1, 0, 0, 1, 3, 1]], "control": {"player_key": 17, "key_door": 17}, "info": {"regions": 1, "players": 1, "keys": 1, "doors": 1, "enemies": 3, "player_key": 18, "key_door": 13, "pk_path": [[1, 6], [0, 6], [0, 5], [0, 4], [1, 4], [1, 3], [1, 2], [2, 2], [3, 2], [4, 2], [5, 2], [6, 2], [7, 2], [7, 3], [7, 4], [7, 5], [8, 5], [8, 6], [9, 6]], "kd_path": []}, "quality": 1.0, "diversity": 0.09090909090909094, "controlability": 0.9333333330444444}