{"content": [[1, 5, 1, 0, 1, 1, 1, 1, 0, 1, 0], [1, 5, 1, 1, 0, 0, 1, 0, 0, 1, 0], [1, 1, 1, 5, 0, 4, 1, 5, 1, 1, 0], [0, 1, 0, 0, 0, 1, 5, 1, 0, 1, 0], [0, 1, 1, 1, 1, 1, 0, 1, 1, 1, 2], [1, 0, 1, 1, 1, 0, 1, 5, 0, 0, 1], [1, 0, 0, 0, 1, 1, 0, 0, 1, 3, 1]], "control": {"player_key": 17, "key_door": 17}, "info": {"regions": 2, "players": 1, "keys": 1, "doors": 1, "enemies": 6, "player_key": 3, "key_door": 10, "pk_path": [[10, 4], [10, 5], [10, 6], [9, 6]], "kd_path": []}, "quality": 0.891529793526533, "diversity": 0.8529637453534549, "controlability": 0.43333333304444444}