{"content": [[1, 1, 1, 0, 1, 1, 1, 4, 0, 1, 0], [1, 5, 1, 1, 0, 0, 1, 0, 0, 1, 0], [1, 1, 1, 1, 0, 1, 1, 5, 1, 1, 0], [0, 1, 0, 3, 0, 5, 0, 1, 0, 1, 0], [1, 5, 1, 2, 1, 1, 1, 1, 1, 1, 2], [1, 0, 1, 1, 1, 0, 1, 1, 0, 1, 1], [1, 2, 0, 0, 1, 1, 0, 0, 1, 3, 1]], "control": {"player_key": 17, "key_door": 17}, "info": {"regions": 1, "players": 3, "keys": 2, "doors": 1, "enemies": 4, "player_key": 1, "key_door": 9, "pk_path": [[3, 4], [3, 3]], "kd_path": []}, "quality": 0.4975328947207194, "diversity": 0.6186129783065724, "controlability": 0.3333333331111111}