{"content": [[1, 1, 1, 1, 0, 1, 5, 0], [0, 0, 5, 3, 1, 7, 5, 1], [0, 0, 4, 5, 5, 1, 6, 1], [0, 5, 1, 0, 0, 7, 1, 5], [1, 0, 1, 0, 3, 1, 7, 0], [1, 3, 5, 0, 1, 6, 0, 4], [0, 5, 4, 1, 0, 0, 0, 5], [5, 0, 6, 0, 7, 0, 0, 1], [5, 0, 1, 5, 1, 4, 1, 4], [4, 0, 1, 7, 4, 4, 7, 5], [5, 2, 7, 1, 4, 6, 0, 1], [0, 0, 6, 0, 6, 7, 4, 1]], "control": {"col_treasures": 18, "solution_length": 45}, "info": {"regions": 1, "players": 1, "exits": 3, "layout": 53, "heuristic": -1, "solution": [], "content": [[1, 1, 1, 1, 0, 1, 5, 0], [0, 0, 5, 3, 1, 7, 5, 1], [0, 0, 4, 5, 5, 1, 6, 1], [0, 5, 1, 0, 0, 7, 1, 5], [1, 0, 1, 0, 3, 1, 7, 0], [1, 3, 5, 0, 1, 6, 0, 4], [0, 5, 4, 1, 0, 0, 0, 5], [5, 0, 6, 0, 7, 0, 0, 1], [5, 0, 1, 5, 1, 4, 1, 4], [4, 0, 1, 7, 4, 4, 7, 5], [5, 2, 7, 1, 4, 6, 0, 1], [0, 0, 6, 0, 6, 7, 4, 1]], "potions": 10, "treasures": 15, "enemies": 14, "solution_length": 0, "enemies_loc": [[5, 1], [6, 2], [5, 3], [6, 4], [5, 5], [2, 7], [4, 7], [3, 9], [6, 9], [2, 10], [5, 10], [2, 11], [4, 11], [5, 11]]}, "quality": 0.3319298245545337, "diversity": 0.310169949043997, "controlability": 0.0}