{"content": [[1, 1, 7, 1, 0, 1, 5, 5], [7, 0, 5, 1, 1, 7, 6, 0], [0, 0, 4, 1, 4, 6, 6, 7], [0, 5, 7, 5, 0, 7, 0, 0], [7, 6, 7, 6, 1, 1, 7, 6], [5, 4, 0, 0, 1, 6, 1, 5], [1, 5, 5, 1, 6, 1, 6, 5], [5, 0, 7, 0, 7, 0, 0, 6], [5, 0, 1, 5, 5, 4, 6, 1], [6, 6, 1, 7, 1, 4, 7, 6], [5, 0, 6, 1, 5, 6, 0, 1], [6, 0, 7, 6, 0, 6, 4, 1]], "control": {"col_treasures": 18, "solution_length": 45}, "info": {"regions": 1, "players": 0, "exits": 0, "layout": 41, "heuristic": -1, "solution": [], "content": [[1, 1, 7, 1, 0, 1, 5, 5], [7, 0, 5, 1, 1, 7, 6, 0], [0, 0, 4, 1, 4, 6, 6, 7], [0, 5, 7, 5, 0, 7, 0, 0], [7, 6, 7, 6, 1, 1, 7, 6], [5, 4, 0, 0, 1, 6, 1, 5], [1, 5, 5, 1, 6, 1, 6, 5], [5, 0, 7, 0, 7, 0, 0, 6], [5, 0, 1, 5, 5, 4, 6, 1], [6, 6, 1, 7, 1, 4, 7, 6], [5, 0, 6, 1, 5, 6, 0, 1], [6, 0, 7, 6, 0, 6, 4, 1]], "potions": 6, "treasures": 16, "enemies": 33, "solution_length": 0, "enemies_loc": [[2, 0], [0, 1], [5, 1], [6, 1], [5, 2], [6, 2], [7, 2], [2, 3], [5, 3], [0, 4], [1, 4], [2, 4], [3, 4], [6, 4], [7, 4], [5, 5], [4, 6], [6, 6], [2, 7], [4, 7], [7, 7], [6, 8], [0, 9], [1, 9], [3, 9], [6, 9], [7, 9], [2, 10], [5, 10], [0, 11], [2, 11], [3, 11], [5, 11]]}, "quality": 0.19027777776591434, "diversity": 0.31975445718470996, "controlability": 0.0}