{"content": {"layout": [15, 14, 15, 0, 13, 14, 15, 15, 13, 11, 14, 15, 2, 13, 5, 11], "start": 3, "boss": 12, "shop": 12, "treasure": 0}, "control": {"map_size": 11}, "info": {"map_size": 15, "num_regions": 1, "connect_regions": 3, "loose_connections": 19, "locations": 2, "player_boss_distance": -1, "flat": [0, 2, 0, 0, 2, 0, 0, 2, 0, 0, 0, 0, 2, 1, 2, 0, 1, 2, 2, 1, 2, 0, 0, 0, 0, 2, 0, 0, 2, 0, 0, 2, 0, 0, 0, 0, 0, 0, 0, 0, 2, 0, 0, 2, 0, 0, 2, 0, 2, 1, 2, 0, 1, 2, 2, 1, 2, 2, 1, 2, 0, 2, 0, 0, 2, 0, 0, 2, 0, 0, 2, 0, 0, 0, 0, 0, 2, 0, 0, 2, 0, 0, 2, 0, 2, 1, 2, 2, 1, 0, 0, 1, 2, 2, 1, 2, 0, 2, 0, 0, 2, 0, 0, 2, 0, 0, 2, 0, 0, 2, 0, 0, 0, 0, 0, 0, 0, 0, 2, 0, 0, 1, 0, 2, 1, 2, 2, 1, 2, 2, 1, 0, 0, 0, 0, 0, 2, 0, 0, 0, 0, 0, 2, 0], "dead_end": 2}, "quality": 0.5799999999133333, "diversity": 0.7901041547336156, "controlability": 1.0}