{"content": [[1, 1, 1, 0, 1, 1, 1, 1, 5, 1, 0], [1, 1, 1, 1, 0, 1, 1, 1, 0, 1, 0], [1, 1, 1, 1, 1, 1, 1, 5, 1, 1, 1], [0, 1, 2, 0, 5, 1, 1, 0, 0, 1, 0], [1, 5, 1, 1, 1, 5, 0, 1, 1, 1, 1], [1, 0, 1, 1, 4, 1, 1, 1, 0, 0, 1], [1, 0, 0, 0, 1, 1, 0, 0, 0, 3, 1]], "control": {"player_key": 17, "key_door": 17}, "info": {"regions": 1, "players": 1, "keys": 1, "doors": 1, "enemies": 5, "player_key": 14, "key_door": 10, "pk_path": [[2, 3], [2, 4], [3, 4], [4, 4], [5, 4], [5, 5], [6, 5], [7, 5], [7, 4], [8, 4], [9, 4], [10, 4], [10, 5], [10, 6], [9, 6]], "kd_path": []}, "quality": 0.999143835607994, "diversity": 0.7693899573290806, "controlability": 0.7999999994666667}