{"content": [[1, 1, 1, 0, 1, 1, 1, 1, 1, 1, 0, 1, 1, 1], [0, 1, 0, 1, 1, 0, 1, 1, 0, 1, 1, 1, 0, 1], [1, 1, 1, 1, 0, 0, 0, 0, 1, 1, 0, 1, 1, 1], [0, 1, 1, 1, 1, 1, 1, 0, 0, 1, 0, 0, 1, 1], [0, 0, 1, 1, 0, 1, 1, 0, 1, 0, 1, 1, 1, 0], [1, 1, 1, 1, 0, 1, 1, 0, 1, 1, 1, 0, 1, 0], [1, 1, 1, 1, 0, 1, 1, 0, 1, 0, 1, 1, 1, 1], [1, 0, 1, 1, 1, 0, 1, 0, 0, 0, 0, 1, 1, 1], [1, 0, 0, 0, 0, 1, 0, 0, 1, 1, 0, 1, 1, 0], [1, 1, 0, 1, 1, 1, 0, 1, 1, 0, 1, 1, 1, 1], [1, 1, 1, 0, 1, 1, 1, 1, 1, 1, 0, 0, 1, 0], [1, 1, 1, 0, 0, 1, 0, 0, 1, 1, 1, 1, 1, 1], [1, 1, 1, 1, 0, 0, 1, 0, 1, 1, 1, 1, 1, 1], [0, 1, 1, 0, 0, 1, 1, 1, 1, 0, 1, 1, 0, 0]], "control": {"path": 62}, "info": {"path": 49, "regions": 1, "flat": [1, 1, 1, 0, 1, 1, 1, 1, 1, 1, 0, 1, 1, 1, 0, 1, 0, 1, 1, 0, 1, 1, 0, 1, 1, 1, 0, 1, 1, 1, 1, 1, 0, 0, 0, 0, 1, 1, 0, 1, 1, 1, 0, 1, 1, 1, 1, 1, 1, 0, 0, 1, 0, 0, 1, 1, 0, 0, 1, 1, 0, 1, 1, 0, 1, 0, 1, 1, 1, 0, 1, 1, 1, 1, 0, 1, 1, 0, 1, 1, 1, 0, 1, 0, 1, 1, 1, 1, 0, 1, 1, 0, 1, 0, 1, 1, 1, 1, 1, 0, 1, 1, 1, 0, 1, 0, 0, 0, 0, 1, 1, 1, 1, 0, 0, 0, 0, 1, 0, 0, 1, 1, 0, 1, 1, 0, 1, 1, 0, 1, 1, 1, 0, 1, 1, 0, 1, 1, 1, 1, 1, 1, 1, 0, 1, 1, 1, 1, 1, 1, 0, 0, 1, 0, 1, 1, 1, 0, 0, 1, 0, 0, 1, 1, 1, 1, 1, 1, 1, 1, 1, 1, 0, 0, 1, 0, 1, 1, 1, 1, 1, 1, 0, 1, 1, 0, 0, 1, 1, 1, 1, 0, 1, 1, 0, 0]}, "quality": 1.0, "diversity": 0.5011091392453665, "controlability": 0.8909090907471074}