{"content": [[0, 1, 0, 0, 1, 0, 1, 1, 1, 1, 1, 1, 1, 1], [0, 1, 1, 1, 1, 1, 1, 0, 1, 1, 1, 1, 1, 1], [1, 1, 1, 1, 0, 1, 0, 1, 1, 1, 1, 1, 1, 1], [0, 1, 1, 1, 1, 1, 1, 1, 1, 1, 0, 0, 1, 1], [0, 0, 1, 1, 1, 1, 1, 1, 1, 0, 1, 1, 1, 0], [1, 1, 1, 1, 0, 1, 1, 0, 1, 1, 1, 1, 1, 0], [0, 1, 1, 1, 1, 1, 1, 0, 1, 0, 1, 1, 1, 0], [1, 0, 1, 1, 0, 0, 0, 1, 1, 1, 0, 1, 1, 1], [1, 1, 1, 0, 0, 1, 1, 1, 1, 1, 0, 1, 1, 1], [1, 0, 1, 0, 1, 1, 1, 1, 1, 0, 1, 1, 1, 1], [1, 1, 0, 0, 1, 1, 1, 0, 1, 1, 1, 0, 0, 0], [0, 1, 0, 0, 1, 0, 1, 0, 0, 0, 1, 1, 1, 0], [1, 1, 1, 1, 0, 0, 1, 0, 1, 0, 1, 0, 1, 1], [0, 0, 1, 0, 0, 1, 1, 1, 1, 0, 1, 1, 0, 1]], "control": {"path": 62}, "info": {"path": 33, "regions": 1, "flat": [0, 1, 0, 0, 1, 0, 1, 1, 1, 1, 1, 1, 1, 1, 0, 1, 1, 1, 1, 1, 1, 0, 1, 1, 1, 1, 1, 1, 1, 1, 1, 1, 0, 1, 0, 1, 1, 1, 1, 1, 1, 1, 0, 1, 1, 1, 1, 1, 1, 1, 1, 1, 0, 0, 1, 1, 0, 0, 1, 1, 1, 1, 1, 1, 1, 0, 1, 1, 1, 0, 1, 1, 1, 1, 0, 1, 1, 0, 1, 1, 1, 1, 1, 0, 0, 1, 1, 1, 1, 1, 1, 0, 1, 0, 1, 1, 1, 0, 1, 0, 1, 1, 0, 0, 0, 1, 1, 1, 0, 1, 1, 1, 1, 1, 1, 0, 0, 1, 1, 1, 1, 1, 0, 1, 1, 1, 1, 0, 1, 0, 1, 1, 1, 1, 1, 0, 1, 1, 1, 1, 1, 1, 0, 0, 1, 1, 1, 0, 1, 1, 1, 0, 0, 0, 0, 1, 0, 0, 1, 0, 1, 0, 0, 0, 1, 1, 1, 0, 1, 1, 1, 1, 0, 0, 1, 0, 1, 0, 1, 0, 1, 1, 0, 0, 1, 0, 0, 1, 1, 1, 1, 0, 1, 1, 0, 1]}, "quality": 1.0, "diversity": 0.5009195538056491, "controlability": 0.5999999998909091}