{"content": [[1, 1, 0, 0, 1, 1, 1, 0, 1, 1, 0, 0, 0, 1], [0, 1, 1, 0, 0, 0, 0, 1, 0, 1, 1, 1, 1, 0], [1, 1, 0, 0, 0, 0, 0, 0, 1, 1, 0, 1, 1, 0], [0, 0, 1, 1, 0, 1, 1, 1, 1, 0, 0, 1, 0, 0], [0, 1, 0, 0, 0, 1, 1, 1, 1, 1, 1, 1, 1, 0], [0, 0, 1, 0, 0, 1, 1, 1, 1, 1, 1, 1, 1, 0], [1, 1, 1, 1, 1, 1, 1, 0, 0, 0, 1, 0, 0, 0], [0, 1, 1, 1, 1, 1, 1, 0, 0, 1, 1, 1, 1, 0], [1, 1, 0, 1, 1, 0, 1, 0, 1, 0, 0, 0, 1, 0], [1, 0, 0, 1, 1, 1, 1, 1, 0, 0, 0, 0, 1, 1], [0, 0, 0, 0, 1, 1, 1, 0, 0, 1, 1, 0, 0, 0], [0, 1, 0, 0, 0, 0, 1, 1, 0, 0, 0, 0, 1, 1], [0, 1, 0, 0, 1, 1, 1, 1, 1, 1, 1, 1, 1, 0], [0, 0, 1, 1, 1, 1, 1, 1, 1, 1, 0, 1, 0, 1]], "control": {"path": 93}, "info": {"path": 26, "regions": 11, "flat": [1, 1, 0, 0, 1, 1, 1, 0, 1, 1, 0, 0, 0, 1, 0, 1, 1, 0, 0, 0, 0, 1, 0, 1, 1, 1, 1, 0, 1, 1, 0, 0, 0, 0, 0, 0, 1, 1, 0, 1, 1, 0, 0, 0, 1, 1, 0, 1, 1, 1, 1, 0, 0, 1, 0, 0, 0, 1, 0, 0, 0, 1, 1, 1, 1, 1, 1, 1, 1, 0, 0, 0, 1, 0, 0, 1, 1, 1, 1, 1, 1, 1, 1, 0, 1, 1, 1, 1, 1, 1, 1, 0, 0, 0, 1, 0, 0, 0, 0, 1, 1, 1, 1, 1, 1, 0, 0, 1, 1, 1, 1, 0, 1, 1, 0, 1, 1, 0, 1, 0, 1, 0, 0, 0, 1, 0, 1, 0, 0, 1, 1, 1, 1, 1, 0, 0, 0, 0, 1, 1, 0, 0, 0, 0, 1, 1, 1, 0, 0, 1, 1, 0, 0, 0, 0, 1, 0, 0, 0, 0, 1, 1, 0, 0, 0, 0, 1, 1, 0, 1, 0, 0, 1, 1, 1, 1, 1, 1, 1, 1, 1, 0, 0, 0, 1, 1, 1, 1, 1, 1, 1, 1, 0, 1, 0, 1]}, "quality": 0.6954685096945309, "diversity": 0.8326612902184312, "controlability": 0.3023255813601947}