{"content": {"layout": [13, 15, 5, 13, 0, 14, 5, 10, 14, 11, 0, 8, 15, 3, 5, 15], "start": 5, "boss": 13, "shop": 8, "treasure": 11}, "control": {"map_size": 14}, "info": {"map_size": 14, "num_regions": 1, "connect_regions": 2, "loose_connections": 12, "locations": 4, "player_boss_distance": 2, "flat": [0, 0, 0, 0, 2, 0, 0, 0, 0, 0, 0, 0, 2, 1, 2, 2, 1, 2, 2, 1, 2, 2, 1, 2, 0, 2, 0, 0, 2, 0, 0, 0, 0, 0, 2, 0, 0, 0, 0, 0, 2, 0, 0, 0, 0, 0, 2, 0, 0, 0, 0, 0, 1, 2, 2, 1, 2, 0, 1, 0, 0, 0, 0, 0, 2, 0, 0, 0, 0, 0, 2, 0, 0, 2, 0, 0, 2, 0, 0, 0, 0, 0, 0, 0, 0, 1, 2, 2, 1, 0, 0, 0, 0, 0, 1, 0, 0, 2, 0, 0, 2, 0, 0, 0, 0, 0, 2, 0, 0, 2, 0, 0, 2, 0, 0, 0, 0, 0, 2, 0, 2, 1, 2, 2, 1, 0, 2, 1, 2, 2, 1, 2, 0, 2, 0, 0, 0, 0, 0, 0, 0, 0, 2, 0], "dead_end": 1}, "quality": 0.5899999999066667, "diversity": 0.06141492967371065, "controlability": 0.49999999921875}