{"content": [[1, 7, 1, 1, 7, 3, 7, 1], [0, 7, 1, 0, 1, 7, 1, 6], [0, 6, 0, 1, 7, 6, 6, 1], [0, 1, 0, 0, 4, 7, 4, 1], [1, 7, 1, 6, 6, 1, 0, 6], [1, 6, 0, 7, 0, 2, 0, 4], [0, 7, 6, 1, 1, 7, 0, 5], [7, 7, 0, 0, 1, 0, 1, 1], [7, 0, 1, 1, 0, 4, 0, 1], [1, 0, 7, 7, 6, 4, 1, 6], [5, 3, 6, 1, 7, 6, 0, 1], [1, 0, 6, 6, 7, 1, 0, 1]], "control": {"col_treasures": 8, "solution_length": 30}, "info": {"regions": 1, "players": 1, "exits": 2, "layout": 53, "heuristic": -1, "solution": [], "content": [[1, 7, 1, 1, 7, 3, 7, 1], [0, 7, 1, 0, 1, 7, 1, 6], [0, 6, 0, 1, 7, 6, 6, 1], [0, 1, 0, 0, 4, 7, 4, 1], [1, 7, 1, 6, 6, 1, 0, 6], [1, 6, 0, 7, 0, 2, 0, 4], [0, 7, 6, 1, 1, 7, 0, 5], [7, 7, 0, 0, 1, 0, 1, 1], [7, 0, 1, 1, 0, 4, 0, 1], [1, 0, 7, 7, 6, 4, 1, 6], [5, 3, 6, 1, 7, 6, 0, 1], [1, 0, 6, 6, 7, 1, 0, 1]], "potions": 5, "treasures": 2, "enemies": 33, "solution_length": 0, "enemies_loc": [[1, 0], [4, 0], [6, 0], [1, 1], [5, 1], [7, 1], [1, 2], [4, 2], [5, 2], [6, 2], [5, 3], [1, 4], [3, 4], [4, 4], [7, 4], [1, 5], [3, 5], [1, 6], [2, 6], [5, 6], [0, 7], [1, 7], [0, 8], [2, 9], [3, 9], [4, 9], [7, 9], [2, 10], [4, 10], [5, 10], [2, 11], [3, 11], [4, 11]]}, "quality": 0.3326315789404248, "diversity": 0.2804330000153187, "controlability": 0.0}