{"content": [[1, 5, 5, 5, 7, 1, 4, 4], [0, 0, 4, 0, 1, 7, 5, 6], [0, 0, 6, 7, 4, 7, 7, 1], [0, 4, 7, 5, 0, 7, 6, 7], [1, 7, 6, 6, 6, 0, 7, 5], [1, 7, 0, 5, 7, 7, 1, 5], [6, 5, 4, 7, 0, 0, 6, 1], [7, 0, 1, 0, 7, 0, 0, 1], [6, 7, 4, 4, 7, 4, 4, 6], [7, 1, 1, 5, 6, 0, 1, 3], [4, 7, 6, 4, 4, 6, 0, 4], [5, 5, 2, 6, 6, 0, 4, 7]], "control": {"col_treasures": 18, "solution_length": 45}, "info": {"regions": 1, "players": 1, "exits": 1, "layout": 31, "heuristic": 138, "solution": [], "content": [[1, 5, 5, 5, 7, 1, 4, 4], [0, 0, 4, 0, 1, 7, 5, 6], [0, 0, 6, 7, 4, 7, 7, 1], [0, 4, 7, 5, 0, 7, 6, 7], [1, 7, 6, 6, 6, 0, 7, 5], [1, 7, 0, 5, 7, 7, 1, 5], [6, 5, 4, 7, 0, 0, 6, 1], [7, 0, 1, 0, 7, 0, 0, 1], [6, 7, 4, 4, 7, 4, 4, 6], [7, 1, 1, 5, 6, 0, 1, 3], [4, 7, 6, 4, 4, 6, 0, 4], [5, 5, 2, 6, 6, 0, 4, 7]], "potions": 15, "treasures": 12, "enemies": 36, "solution_length": 0, "enemies_loc": [[4, 0], [5, 1], [7, 1], [2, 2], [3, 2], [5, 2], [6, 2], [2, 3], [5, 3], [6, 3], [7, 3], [1, 4], [2, 4], [3, 4], [4, 4], [6, 4], [1, 5], [4, 5], [5, 5], [0, 6], [3, 6], [6, 6], [0, 7], [4, 7], [0, 8], [1, 8], [4, 8], [7, 8], [0, 9], [4, 9], [1, 10], [2, 10], [5, 10], [3, 11], [4, 11], [7, 11]], "status": "running", "health": 5, "col_treasures": 3, "col_potions": 1, "col_enemies": 1}, "quality": 0.4738932291575186, "diversity": 0.256842314330576, "controlability": 0.10714285706632652}