{"content": [[7, 5, 1, 1, 4, 4, 3, 3], [4, 7, 2, 4, 3, 6, 4, 2], [4, 7, 1, 7, 2, 1, 5, 1], [4, 1, 1, 0, 4, 4, 2, 1], [4, 3, 1, 2, 1, 4, 3, 4], [3, 7, 5, 1, 7, 5, 4, 4], [0, 1, 0, 2, 2, 5, 0, 0], [4, 2, 4, 2, 2, 0, 1, 7], [2, 0, 0, 1, 0, 4, 3, 1], [7, 2, 0, 0, 5, 2, 2, 3], [1, 7, 3, 0, 2, 2, 0, 0], [2, 1, 4, 6, 2, 1, 1, 3]], "control": {"col_treasures": 18, "solution_length": 46}, "info": {"regions": 1, "players": 18, "exits": 10, "layout": 33, "heuristic": -1, "solution": [], "content": [[7, 5, 1, 1, 4, 4, 3, 3], [4, 7, 2, 4, 3, 6, 4, 2], [4, 7, 1, 7, 2, 1, 5, 1], [4, 1, 1, 0, 4, 4, 2, 1], [4, 3, 1, 2, 1, 4, 3, 4], [3, 7, 5, 1, 7, 5, 4, 4], [0, 1, 0, 2, 2, 5, 0, 0], [4, 2, 4, 2, 2, 0, 1, 7], [2, 0, 0, 1, 0, 4, 3, 1], [7, 2, 0, 0, 5, 2, 2, 3], [1, 7, 3, 0, 2, 2, 0, 0], [2, 1, 4, 6, 2, 1, 1, 3]], "potions": 18, "treasures": 6, "enemies": 11, "solution_length": 0, "enemies_loc": [[0, 0], [1, 1], [5, 1], [1, 2], [3, 2], [1, 5], [4, 5], [7, 7], [0, 9], [1, 10], [3, 11]]}, "quality": 0.2942543859432492, "diversity": 0.429002182695998, "controlability": 0.0}