{"content": [[4, 1, 5, 6, 7, 5, 5, 1], [1, 0, 4, 0, 1, 1, 5, 4], [0, 5, 4, 4, 4, 4, 4, 1], [0, 5, 1, 2, 4, 7, 1, 0], [1, 4, 1, 6, 6, 1, 7, 6], [1, 6, 0, 1, 5, 7, 1, 4], [1, 6, 4, 0, 0, 7, 0, 5], [0, 0, 1, 0, 4, 4, 1, 1], [5, 5, 7, 4, 5, 4, 1, 4], [1, 0, 1, 7, 0, 4, 4, 5], [0, 0, 1, 4, 4, 6, 5, 4], [4, 0, 7, 7, 5, 7, 4, 3]], "control": {"col_treasures": 18, "solution_length": 45}, "info": {"regions": 2, "players": 1, "exits": 1, "layout": 39, "heuristic": -1, "solution": [], "content": [[4, 1, 5, 6, 7, 5, 5, 1], [1, 0, 4, 0, 1, 1, 5, 4], [0, 5, 4, 4, 4, 4, 4, 1], [0, 5, 1, 2, 4, 7, 1, 0], [1, 4, 1, 6, 6, 1, 7, 6], [1, 6, 0, 1, 5, 7, 1, 4], [1, 6, 4, 0, 0, 7, 0, 5], [0, 0, 1, 0, 4, 4, 1, 1], [5, 5, 7, 4, 5, 4, 1, 4], [1, 0, 1, 7, 0, 4, 4, 5], [0, 0, 1, 4, 4, 6, 5, 4], [4, 0, 7, 7, 5, 7, 4, 3]], "potions": 24, "treasures": 14, "enemies": 17, "solution_length": 0, "enemies_loc": [[3, 0], [4, 0], [5, 3], [3, 4], [4, 4], [6, 4], [7, 4], [1, 5], [5, 5], [1, 6], [5, 6], [2, 8], [3, 9], [5, 10], [2, 11], [3, 11], [5, 11]]}, "quality": 0.313081395269047, "diversity": 0.30615941372282607, "controlability": 0.0}