{"content": [[1, 0, 0, 0, 1, 0, 1, 1, 0, 1, 1, 0, 1, 1], [1, 0, 1, 0, 1, 1, 0, 0, 1, 0, 1, 0, 0, 0], [0, 1, 1, 0, 0, 0, 1, 1, 0, 1, 0, 0, 0, 0], [1, 0, 1, 0, 0, 0, 0, 0, 1, 1, 1, 1, 1, 1], [0, 0, 1, 0, 1, 0, 0, 0, 1, 0, 0, 1, 0, 1], [0, 1, 1, 0, 1, 1, 0, 1, 1, 0, 1, 0, 0, 0], [1, 0, 0, 0, 0, 1, 0, 0, 0, 0, 0, 1, 1, 1], [1, 0, 1, 0, 0, 1, 1, 1, 1, 0, 1, 1, 0, 0], [1, 1, 0, 1, 1, 1, 0, 1, 0, 1, 0, 1, 0, 1], [0, 0, 1, 1, 1, 0, 1, 0, 0, 0, 0, 1, 0, 1], [0, 0, 1, 0, 0, 1, 0, 0, 1, 0, 1, 0, 0, 0], [1, 1, 1, 0, 0, 1, 1, 0, 0, 0, 0, 1, 0, 1], [1, 0, 1, 1, 1, 1, 1, 0, 1, 1, 1, 1, 1, 0], [1, 0, 1, 0, 0, 0, 0, 1, 1, 1, 1, 0, 0, 1]], "control": {"path": 39}, "info": {"path": 17, "regions": 23, "flat": [1, 0, 0, 0, 1, 0, 1, 1, 0, 1, 1, 0, 1, 1, 1, 0, 1, 0, 1, 1, 0, 0, 1, 0, 1, 0, 0, 0, 0, 1, 1, 0, 0, 0, 1, 1, 0, 1, 0, 0, 0, 0, 1, 0, 1, 0, 0, 0, 0, 0, 1, 1, 1, 1, 1, 1, 0, 0, 1, 0, 1, 0, 0, 0, 1, 0, 0, 1, 0, 1, 0, 1, 1, 0, 1, 1, 0, 1, 1, 0, 1, 0, 0, 0, 1, 0, 0, 0, 0, 1, 0, 0, 0, 0, 0, 1, 1, 1, 1, 0, 1, 0, 0, 1, 1, 1, 1, 0, 1, 1, 0, 0, 1, 1, 0, 1, 1, 1, 0, 1, 0, 1, 0, 1, 0, 1, 0, 0, 1, 1, 1, 0, 1, 0, 0, 0, 0, 1, 0, 1, 0, 0, 1, 0, 0, 1, 0, 0, 1, 0, 1, 0, 0, 0, 1, 1, 1, 0, 0, 1, 1, 0, 0, 0, 0, 1, 0, 1, 1, 0, 1, 1, 1, 1, 1, 0, 1, 1, 1, 1, 1, 0, 1, 0, 1, 0, 0, 0, 0, 1, 1, 1, 1, 0, 0, 1]}, "quality": 0.3035714284630102, "diversity": 1.0, "controlability": 0.5312499998339844}