{"content": [[1, 1, 1, 0, 1, 1, 1, 0, 1, 1, 0], [1, 1, 1, 1, 2, 1, 1, 0, 0, 1, 0], [1, 1, 1, 1, 1, 1, 1, 0, 1, 1, 1], [0, 1, 0, 0, 0, 1, 0, 1, 0, 1, 0], [1, 5, 1, 5, 1, 5, 0, 1, 1, 1, 1], [1, 5, 1, 1, 4, 1, 1, 1, 1, 0, 1], [1, 0, 0, 0, 1, 1, 0, 0, 1, 3, 1]], "control": {"player_key": 17, "key_door": 17}, "info": {"regions": 1, "players": 1, "keys": 1, "doors": 1, "enemies": 4, "player_key": 10, "key_door": 6, "pk_path": [[4, 1], [4, 2], [5, 2], [5, 3], [5, 4], [5, 5], [6, 5], [7, 5], [8, 5], [8, 6], [9, 6]], "kd_path": []}, "quality": 0.9722222220987654, "diversity": 0.8466971316927505, "controlability": 0.5333333329777777}