{"content": [[1, 3, 1, 0, 1, 1, 1, 1, 0, 1, 0], [1, 5, 1, 1, 0, 1, 1, 0, 0, 1, 5], [1, 1, 1, 1, 0, 0, 1, 5, 1, 1, 0], [5, 3, 0, 0, 0, 1, 0, 1, 0, 1, 0], [1, 5, 5, 3, 1, 1, 1, 1, 1, 1, 1], [1, 0, 1, 1, 4, 0, 1, 1, 5, 1, 1], [1, 0, 0, 0, 1, 1, 0, 0, 1, 2, 1]], "control": {"player_key": 17, "key_door": 17}, "info": {"regions": 1, "players": 1, "keys": 3, "doors": 1, "enemies": 7, "player_key": 14, "key_door": 8, "pk_path": [[9, 6], [9, 5], [9, 4], [8, 4], [7, 4], [6, 4], [5, 4], [4, 4], [3, 4], [2, 4], [1, 4], [1, 3], [1, 2], [1, 1], [1, 0]], "kd_path": []}, "quality": 0.49578676999099275, "diversity": 0.5, "controlability": 0.7333333328444445}