{"content": [[1, 1, 1, 0, 1, 1, 1, 1, 0, 3, 0], [1, 0, 1, 1, 0, 0, 1, 0, 0, 1, 0], [1, 1, 1, 1, 1, 1, 1, 5, 1, 2, 0], [0, 1, 0, 0, 0, 1, 5, 1, 0, 1, 0], [1, 5, 1, 1, 1, 5, 1, 1, 0, 1, 1], [1, 0, 1, 1, 1, 0, 1, 1, 4, 1, 1], [1, 4, 0, 0, 1, 1, 2, 0, 1, 3, 1]], "control": {"player_key": 17, "key_door": 17}, "info": {"regions": 1, "players": 2, "keys": 2, "doors": 2, "enemies": 4, "player_key": 2, "key_door": 6, "pk_path": [[9, 2], [9, 1], [9, 0]], "kd_path": []}, "quality": 0.4975328947124957, "diversity": 0.6725840326477649, "controlability": 0.26666666648888887}