{"content": [[1, 1, 1, 0, 1, 1, 1, 1, 0, 1, 5], [1, 1, 1, 1, 0, 1, 1, 0, 0, 5, 0], [1, 1, 1, 1, 0, 1, 1, 5, 1, 1, 0], [0, 1, 0, 0, 0, 1, 0, 1, 0, 1, 0], [1, 1, 1, 1, 1, 1, 0, 1, 2, 1, 1], [1, 1, 1, 5, 1, 0, 1, 1, 0, 1, 1], [1, 4, 0, 0, 1, 1, 0, 0, 1, 3, 1]], "control": {"player_key": 17, "key_door": 17}, "info": {"regions": 1, "players": 1, "keys": 1, "doors": 1, "enemies": 4, "player_key": 3, "key_door": 16, "pk_path": [[8, 4], [9, 4], [9, 5], [9, 6]], "kd_path": []}, "quality": 1.0, "diversity": 0.8621351562468005, "controlability": 0.5999999999333333}