{"content": [[1, 1, 1, 0, 1, 1, 0, 0, 0, 1, 0], [5, 1, 1, 0, 0, 1, 1, 0, 0, 1, 0], [1, 1, 1, 1, 1, 0, 1, 5, 1, 1, 5], [0, 1, 0, 0, 1, 1, 0, 1, 0, 1, 0], [1, 5, 5, 1, 1, 1, 1, 1, 1, 1, 1], [1, 4, 1, 3, 1, 0, 1, 1, 5, 1, 1], [1, 0, 0, 5, 1, 2, 0, 0, 1, 3, 1]], "control": {"player_key": 17, "key_door": 17}, "info": {"regions": 1, "players": 1, "keys": 2, "doors": 1, "enemies": 7, "player_key": 3, "key_door": 2, "pk_path": [[5, 6], [4, 6], [4, 5], [3, 5]], "kd_path": []}, "quality": 0.49660913841193716, "diversity": 0.2301587255170756, "controlability": 0.16666666655555556}