{"content": {"layout": [15, 15, 0, 14, 7, 14, 5, 3, 12, 11, 0, 0, 10, 14, 5, 8], "start": 3, "boss": 0, "shop": 8, "treasure": 15}, "control": {"map_size": 11}, "info": {"map_size": 13, "num_regions": 1, "connect_regions": 2, "loose_connections": 12, "locations": 4, "player_boss_distance": 5, "flat": [0, 2, 0, 0, 2, 0, 0, 0, 0, 0, 2, 0, 2, 1, 2, 2, 1, 2, 0, 0, 0, 0, 1, 2, 0, 2, 0, 0, 2, 0, 0, 0, 0, 0, 2, 0, 0, 2, 0, 0, 2, 0, 0, 0, 0, 0, 2, 0, 2, 1, 2, 0, 1, 2, 2, 1, 2, 2, 1, 0, 0, 0, 0, 0, 2, 0, 0, 0, 0, 0, 0, 0, 0, 0, 0, 0, 2, 0, 0, 0, 0, 0, 0, 0, 0, 1, 2, 2, 1, 0, 0, 0, 0, 0, 0, 0, 0, 2, 0, 0, 2, 0, 0, 0, 0, 0, 0, 0, 0, 2, 0, 0, 2, 0, 0, 0, 0, 0, 0, 0, 0, 1, 0, 0, 1, 2, 2, 1, 2, 0, 1, 0, 0, 2, 0, 0, 2, 0, 0, 0, 0, 0, 2, 0], "dead_end": 1}, "quality": 0.5899999999066667, "diversity": 0.21897644624070622, "controlability": 0.8124999987304689}