{"content": [[0, 1, 0, 0, 0, 1, 1, 1, 1, 1, 0, 0, 0, 0], [1, 1, 0, 1, 0, 1, 0, 1, 0, 1, 1, 1, 1, 0], [1, 0, 1, 1, 1, 0, 1, 0, 0, 1, 0, 1, 0, 1], [1, 1, 1, 1, 0, 0, 1, 1, 1, 1, 1, 1, 1, 0], [1, 1, 0, 0, 1, 1, 1, 1, 0, 0, 0, 0, 1, 0], [0, 1, 1, 0, 0, 1, 0, 1, 1, 1, 1, 0, 1, 0], [1, 1, 1, 1, 1, 0, 1, 1, 1, 1, 0, 0, 1, 0], [0, 1, 0, 1, 1, 1, 1, 0, 0, 1, 0, 1, 1, 1], [0, 0, 0, 0, 0, 0, 1, 0, 1, 1, 1, 0, 0, 0], [0, 0, 0, 1, 0, 0, 1, 0, 0, 0, 0, 0, 1, 0], [1, 0, 0, 1, 0, 1, 0, 0, 0, 1, 1, 1, 1, 0], [1, 0, 1, 1, 0, 0, 1, 0, 0, 1, 0, 0, 1, 1], [0, 0, 1, 1, 0, 1, 1, 1, 1, 1, 0, 1, 1, 0], [1, 1, 1, 1, 0, 1, 0, 1, 0, 0, 0, 0, 1, 0]], "control": {"path": 45}, "info": {"path": 29, "regions": 6, "flat": [0, 1, 0, 0, 0, 1, 1, 1, 1, 1, 0, 0, 0, 0, 1, 1, 0, 1, 0, 1, 0, 1, 0, 1, 1, 1, 1, 0, 1, 0, 1, 1, 1, 0, 1, 0, 0, 1, 0, 1, 0, 1, 1, 1, 1, 1, 0, 0, 1, 1, 1, 1, 1, 1, 1, 0, 1, 1, 0, 0, 1, 1, 1, 1, 0, 0, 0, 0, 1, 0, 0, 1, 1, 0, 0, 1, 0, 1, 1, 1, 1, 0, 1, 0, 1, 1, 1, 1, 1, 0, 1, 1, 1, 1, 0, 0, 1, 0, 0, 1, 0, 1, 1, 1, 1, 0, 0, 1, 0, 1, 1, 1, 0, 0, 0, 0, 0, 0, 1, 0, 1, 1, 1, 0, 0, 0, 0, 0, 0, 1, 0, 0, 1, 0, 0, 0, 0, 0, 1, 0, 1, 0, 0, 1, 0, 1, 0, 0, 0, 1, 1, 1, 1, 0, 1, 0, 1, 1, 0, 0, 1, 0, 0, 1, 0, 0, 1, 1, 0, 0, 1, 1, 0, 1, 1, 1, 1, 1, 0, 1, 1, 0, 1, 1, 1, 1, 0, 1, 0, 1, 0, 0, 0, 0, 1, 0]}, "quality": 0.8655913976529078, "diversity": 0.8393920067009705, "controlability": 0.763157894536011}