{"content": [[0, 1, 1, 0, 1, 1, 1, 1, 1, 1, 0, 0, 1, 1], [0, 1, 1, 1, 1, 0, 1, 1, 0, 1, 1, 1, 0, 1], [0, 1, 1, 1, 0, 1, 0, 0, 1, 1, 0, 1, 1, 1], [0, 1, 1, 0, 1, 1, 1, 1, 1, 1, 0, 0, 1, 1], [0, 0, 1, 1, 0, 1, 1, 1, 1, 0, 1, 1, 1, 0], [1, 1, 1, 1, 0, 1, 1, 0, 1, 1, 1, 0, 0, 1], [0, 1, 0, 1, 1, 1, 1, 0, 1, 0, 1, 1, 1, 1], [0, 0, 0, 1, 1, 0, 1, 0, 0, 0, 0, 1, 1, 1], [0, 0, 0, 0, 0, 1, 0, 1, 1, 1, 0, 1, 1, 0], [1, 1, 1, 1, 1, 1, 1, 1, 1, 0, 0, 1, 1, 1], [1, 1, 0, 0, 1, 1, 1, 0, 1, 0, 0, 0, 1, 0], [0, 1, 1, 0, 0, 1, 1, 0, 1, 1, 1, 1, 1, 0], [1, 1, 1, 1, 0, 0, 1, 1, 1, 1, 1, 1, 1, 1], [0, 0, 0, 0, 0, 1, 1, 1, 1, 0, 1, 1, 0, 0]], "control": {"path": 62}, "info": {"path": 44, "regions": 1, "flat": [0, 1, 1, 0, 1, 1, 1, 1, 1, 1, 0, 0, 1, 1, 0, 1, 1, 1, 1, 0, 1, 1, 0, 1, 1, 1, 0, 1, 0, 1, 1, 1, 0, 1, 0, 0, 1, 1, 0, 1, 1, 1, 0, 1, 1, 0, 1, 1, 1, 1, 1, 1, 0, 0, 1, 1, 0, 0, 1, 1, 0, 1, 1, 1, 1, 0, 1, 1, 1, 0, 1, 1, 1, 1, 0, 1, 1, 0, 1, 1, 1, 0, 0, 1, 0, 1, 0, 1, 1, 1, 1, 0, 1, 0, 1, 1, 1, 1, 0, 0, 0, 1, 1, 0, 1, 0, 0, 0, 0, 1, 1, 1, 0, 0, 0, 0, 0, 1, 0, 1, 1, 1, 0, 1, 1, 0, 1, 1, 1, 1, 1, 1, 1, 1, 1, 0, 0, 1, 1, 1, 1, 1, 0, 0, 1, 1, 1, 0, 1, 0, 0, 0, 1, 0, 0, 1, 1, 0, 0, 1, 1, 0, 1, 1, 1, 1, 1, 0, 1, 1, 1, 1, 0, 0, 1, 1, 1, 1, 1, 1, 1, 1, 0, 0, 0, 0, 0, 1, 1, 1, 1, 0, 1, 1, 0, 0]}, "quality": 1.0, "diversity": 0.6457845432452475, "controlability": 0.7999999998545454}