{"content": [[0, 0, 1, 0, 1, 1, 1, 1, 1, 1, 0, 0, 0, 1], [0, 1, 1, 1, 1, 0, 1, 0, 0, 1, 1, 1, 0, 0], [1, 1, 0, 1, 1, 1, 0, 0, 0, 1, 0, 1, 1, 1], [0, 1, 1, 1, 0, 0, 0, 0, 1, 0, 0, 1, 0, 1], [1, 1, 1, 0, 0, 0, 1, 1, 1, 0, 1, 1, 1, 0], [1, 1, 1, 1, 1, 1, 1, 1, 1, 1, 1, 0, 1, 0], [1, 1, 1, 1, 1, 0, 1, 0, 0, 0, 1, 0, 1, 1], [0, 1, 0, 1, 0, 1, 0, 0, 1, 0, 1, 1, 1, 1], [0, 1, 1, 0, 0, 1, 0, 1, 1, 0, 1, 0, 1, 0], [1, 0, 0, 0, 0, 1, 1, 1, 0, 0, 0, 1, 1, 1], [0, 0, 0, 0, 1, 1, 1, 0, 0, 0, 1, 1, 0, 0], [0, 1, 1, 0, 0, 0, 1, 0, 0, 1, 1, 0, 0, 0], [0, 1, 1, 1, 0, 0, 1, 1, 1, 1, 1, 1, 1, 0], [1, 0, 1, 1, 1, 0, 1, 1, 0, 0, 1, 0, 0, 0]], "control": {"path": 92}, "info": {"path": 37, "regions": 5, "flat": [0, 0, 1, 0, 1, 1, 1, 1, 1, 1, 0, 0, 0, 1, 0, 1, 1, 1, 1, 0, 1, 0, 0, 1, 1, 1, 0, 0, 1, 1, 0, 1, 1, 1, 0, 0, 0, 1, 0, 1, 1, 1, 0, 1, 1, 1, 0, 0, 0, 0, 1, 0, 0, 1, 0, 1, 1, 1, 1, 0, 0, 0, 1, 1, 1, 0, 1, 1, 1, 0, 1, 1, 1, 1, 1, 1, 1, 1, 1, 1, 1, 0, 1, 0, 1, 1, 1, 1, 1, 0, 1, 0, 0, 0, 1, 0, 1, 1, 0, 1, 0, 1, 0, 1, 0, 0, 1, 0, 1, 1, 1, 1, 0, 1, 1, 0, 0, 1, 0, 1, 1, 0, 1, 0, 1, 0, 1, 0, 0, 0, 0, 1, 1, 1, 0, 0, 0, 1, 1, 1, 0, 0, 0, 0, 1, 1, 1, 0, 0, 0, 1, 1, 0, 0, 0, 1, 1, 0, 0, 0, 1, 0, 0, 1, 1, 0, 0, 0, 0, 1, 1, 1, 0, 0, 1, 1, 1, 1, 1, 1, 1, 0, 1, 0, 1, 1, 1, 0, 1, 1, 0, 0, 1, 0, 0, 0]}, "quality": 0.8924731180685628, "diversity": 0.868953136704168, "controlability": 0.4352941175958478}