{"content": [[1, 1, 1, 5, 7, 1, 5, 0], [5, 0, 4, 5, 1, 0, 7, 5], [0, 0, 4, 1, 0, 1, 5, 6], [6, 5, 7, 0, 7, 1, 6, 5], [1, 0, 1, 1, 3, 6, 7, 0], [1, 7, 0, 7, 1, 6, 5, 5], [1, 5, 6, 7, 5, 7, 1, 5], [5, 0, 6, 0, 7, 1, 7, 4], [5, 0, 5, 5, 5, 4, 6, 1], [5, 0, 7, 7, 0, 6, 7, 1], [5, 0, 1, 1, 5, 6, 0, 1], [0, 6, 2, 7, 2, 7, 1, 1]], "control": {"col_treasures": 18, "solution_length": 45}, "info": {"regions": 1, "players": 2, "exits": 1, "layout": 41, "heuristic": -1, "solution": [], "content": [[1, 1, 1, 5, 7, 1, 5, 0], [5, 0, 4, 5, 1, 0, 7, 5], [0, 0, 4, 1, 0, 1, 5, 6], [6, 5, 7, 0, 7, 1, 6, 5], [1, 0, 1, 1, 3, 6, 7, 0], [1, 7, 0, 7, 1, 6, 5, 5], [1, 5, 6, 7, 5, 7, 1, 5], [5, 0, 6, 0, 7, 1, 7, 4], [5, 0, 5, 5, 5, 4, 6, 1], [5, 0, 7, 7, 0, 6, 7, 1], [5, 0, 1, 1, 5, 6, 0, 1], [0, 6, 2, 7, 2, 7, 1, 1]], "potions": 4, "treasures": 21, "enemies": 27, "solution_length": 0, "enemies_loc": [[4, 0], [6, 1], [7, 2], [0, 3], [2, 3], [4, 3], [6, 3], [5, 4], [6, 4], [1, 5], [3, 5], [5, 5], [2, 6], [3, 6], [5, 6], [2, 7], [4, 7], [6, 7], [6, 8], [2, 9], [3, 9], [5, 9], [6, 9], [5, 10], [1, 11], [3, 11], [5, 11]]}, "quality": 0.32290935670633913, "diversity": 0.36778845426682716, "controlability": 0.0}