{"content": [[1, 1, 7, 1, 6, 5, 5, 7], [4, 0, 0, 0, 1, 7, 4, 0], [0, 0, 4, 4, 4, 1, 1, 4], [7, 2, 1, 6, 0, 7, 0, 5], [0, 5, 6, 0, 6, 1, 6, 6], [1, 6, 1, 0, 1, 7, 0, 0], [6, 5, 6, 1, 1, 7, 0, 7], [4, 0, 7, 0, 7, 4, 1, 1], [4, 0, 1, 5, 0, 4, 1, 1], [5, 0, 7, 0, 1, 4, 1, 2], [6, 0, 6, 1, 4, 6, 4, 1], [3, 4, 6, 0, 2, 1, 4, 1]], "control": {"col_treasures": 8, "solution_length": 30}, "info": {"regions": 1, "players": 3, "exits": 1, "layout": 46, "heuristic": -1, "solution": [], "content": [[1, 1, 7, 1, 6, 5, 5, 7], [4, 0, 0, 0, 1, 7, 4, 0], [0, 0, 4, 4, 4, 1, 1, 4], [7, 2, 1, 6, 0, 7, 0, 5], [0, 5, 6, 0, 6, 1, 6, 6], [1, 6, 1, 0, 1, 7, 0, 0], [6, 5, 6, 1, 1, 7, 0, 7], [4, 0, 7, 0, 7, 4, 1, 1], [4, 0, 1, 5, 0, 4, 1, 1], [5, 0, 7, 0, 1, 4, 1, 2], [6, 0, 6, 1, 4, 6, 4, 1], [3, 4, 6, 0, 2, 1, 4, 1]], "potions": 15, "treasures": 7, "enemies": 24, "solution_length": 0, "enemies_loc": [[2, 0], [4, 0], [7, 0], [5, 1], [0, 3], [3, 3], [5, 3], [2, 4], [4, 4], [6, 4], [7, 4], [1, 5], [5, 5], [0, 6], [2, 6], [5, 6], [7, 6], [2, 7], [4, 7], [2, 9], [0, 10], [2, 10], [5, 10], [2, 11]]}, "quality": 0.3291520467634457, "diversity": 0.3053977200923297, "controlability": 0.0}