{"content": [[1, 1, 1, 1, 0, 5, 5, 0], [1, 0, 0, 7, 1, 1, 4, 5], [7, 5, 4, 4, 4, 1, 2, 1], [0, 5, 1, 2, 0, 1, 7, 0], [6, 4, 1, 6, 5, 1, 7, 0], [1, 6, 0, 2, 1, 7, 1, 0], [0, 0, 3, 4, 6, 7, 0, 5], [4, 6, 2, 0, 7, 4, 1, 1], [5, 0, 0, 0, 5, 4, 1, 1], [1, 1, 1, 1, 5, 4, 1, 0], [6, 0, 4, 1, 4, 4, 6, 1], [0, 0, 7, 7, 7, 1, 4, 1]], "control": {"col_treasures": 18, "solution_length": 45}, "info": {"regions": 1, "players": 4, "exits": 1, "layout": 50, "heuristic": -1, "solution": [], "content": [[1, 1, 1, 1, 0, 5, 5, 0], [1, 0, 0, 7, 1, 1, 4, 5], [7, 5, 4, 4, 4, 1, 2, 1], [0, 5, 1, 2, 0, 1, 7, 0], [6, 4, 1, 6, 5, 1, 7, 0], [1, 6, 0, 2, 1, 7, 1, 0], [0, 0, 3, 4, 6, 7, 0, 5], [4, 6, 2, 0, 7, 4, 1, 1], [5, 0, 0, 0, 5, 4, 1, 1], [1, 1, 1, 1, 5, 4, 1, 0], [6, 0, 4, 1, 4, 4, 6, 1], [0, 0, 7, 7, 7, 1, 4, 1]], "potions": 14, "treasures": 10, "enemies": 17, "solution_length": 0, "enemies_loc": [[3, 1], [0, 2], [6, 3], [0, 4], [3, 4], [6, 4], [1, 5], [5, 5], [4, 6], [5, 6], [1, 7], [4, 7], [0, 10], [6, 10], [2, 11], [3, 11], [4, 11]]}, "quality": 0.3312280701686427, "diversity": 0.28385415996093755, "controlability": 0.0}