{"content": [[6, 1, 1, 1, 7, 5, 5, 0], [0, 0, 0, 0, 1, 6, 5, 7], [0, 6, 1, 1, 6, 4, 6, 1], [0, 5, 1, 0, 0, 7, 0, 0], [1, 7, 1, 1, 6, 1, 6, 6], [1, 6, 3, 3, 1, 7, 0, 2], [1, 5, 6, 1, 1, 0, 1, 5], [5, 0, 1, 0, 7, 0, 0, 1], [1, 1, 1, 3, 5, 4, 1, 4], [1, 6, 1, 0, 4, 4, 1, 6], [6, 7, 1, 4, 7, 6, 4, 1], [5, 0, 6, 6, 0, 7, 1, 7]], "control": {"col_treasures": 18, "solution_length": 45}, "info": {"regions": 1, "players": 1, "exits": 3, "layout": 50, "heuristic": -1, "solution": [], "content": [[6, 1, 1, 1, 7, 5, 5, 0], [0, 0, 0, 0, 1, 6, 5, 7], [0, 6, 1, 1, 6, 4, 6, 1], [0, 5, 1, 0, 0, 7, 0, 0], [1, 7, 1, 1, 6, 1, 6, 6], [1, 6, 3, 3, 1, 7, 0, 2], [1, 5, 6, 1, 1, 0, 1, 5], [5, 0, 1, 0, 7, 0, 0, 1], [1, 1, 1, 3, 5, 4, 1, 4], [1, 6, 1, 0, 4, 4, 1, 6], [6, 7, 1, 4, 7, 6, 4, 1], [5, 0, 6, 6, 0, 7, 1, 7]], "potions": 7, "treasures": 9, "enemies": 26, "solution_length": 0, "enemies_loc": [[0, 0], [4, 0], [5, 1], [7, 1], [1, 2], [4, 2], [6, 2], [5, 3], [1, 4], [4, 4], [6, 4], [7, 4], [1, 5], [5, 5], [2, 6], [4, 7], [1, 9], [7, 9], [0, 10], [1, 10], [4, 10], [5, 10], [2, 11], [3, 11], [5, 11], [7, 11]]}, "quality": 0.3319298245545337, "diversity": 0.25292602392029506, "controlability": 0.0}