{"content": [[6, 1, 1, 1, 7, 2, 4, 7], [6, 6, 0, 5, 1, 7, 6, 0], [0, 0, 1, 1, 4, 6, 2, 1], [0, 5, 7, 0, 0, 7, 1, 0], [6, 7, 1, 1, 1, 3, 6, 0], [1, 6, 0, 1, 1, 7, 7, 6], [0, 1, 5, 0, 5, 1, 0, 5], [3, 0, 7, 0, 7, 0, 4, 1], [5, 0, 1, 5, 1, 4, 0, 2], [1, 1, 1, 5, 2, 3, 1, 0], [5, 0, 6, 1, 7, 1, 0, 1], [5, 5, 7, 7, 7, 1, 1, 1]], "control": {"col_treasures": 18, "solution_length": 45}, "info": {"regions": 1, "players": 4, "exits": 3, "layout": 50, "heuristic": -1, "solution": [], "content": [[6, 1, 1, 1, 7, 2, 4, 7], [6, 6, 0, 5, 1, 7, 6, 0], [0, 0, 1, 1, 4, 6, 2, 1], [0, 5, 7, 0, 0, 7, 1, 0], [6, 7, 1, 1, 1, 3, 6, 0], [1, 6, 0, 1, 1, 7, 7, 6], [0, 1, 5, 0, 5, 1, 0, 5], [3, 0, 7, 0, 7, 0, 4, 1], [5, 0, 1, 5, 1, 4, 0, 2], [1, 1, 1, 5, 2, 3, 1, 0], [5, 0, 6, 1, 7, 1, 0, 1], [5, 5, 7, 7, 7, 1, 1, 1]], "potions": 4, "treasures": 11, "enemies": 24, "solution_length": 0, "enemies_loc": [[0, 0], [4, 0], [7, 0], [0, 1], [1, 1], [5, 1], [6, 1], [5, 2], [2, 3], [5, 3], [0, 4], [1, 4], [6, 4], [1, 5], [5, 5], [6, 5], [7, 5], [2, 7], [4, 7], [2, 10], [4, 10], [2, 11], [3, 11], [4, 11]]}, "quality": 0.329824561389843, "diversity": 0.592013882421875, "controlability": 0.0}