{"content": [[1, 1, 2, 0, 0, 2, 1, 0, 0, 0, 0], [1, 0, 1, 1, 0, 1, 1, 2, 0, 1, 0], [2, 1, 1, 1, 0, 0, 1, 2, 0, 1, 0], [0, 1, 0, 0, 1, 1, 0, 5, 0, 1, 1], [1, 4, 5, 1, 1, 1, 1, 1, 1, 1, 1], [1, 0, 1, 1, 4, 0, 4, 2, 4, 5, 1], [1, 3, 4, 0, 2, 3, 1, 0, 1, 5, 1]], "control": {"player_key": 17, "key_door": 17}, "info": {"regions": 1, "players": 7, "keys": 2, "doors": 5, "enemies": 4, "player_key": -1, "key_door": 4, "pk_path": [], "kd_path": []}, "quality": 0.49095394734494024, "diversity": 0.5805901101954571, "controlability": 0.13333333324444444}