{"content": [[1, 1, 2, 0, 0, 2, 1, 0, 0, 0, 0], [1, 0, 1, 1, 0, 1, 1, 2, 0, 1, 0], [2, 1, 3, 1, 0, 0, 1, 2, 0, 1, 0], [0, 1, 0, 0, 1, 1, 0, 5, 0, 1, 1], [1, 4, 5, 1, 1, 2, 1, 1, 1, 1, 1], [1, 0, 1, 1, 4, 0, 4, 2, 4, 5, 1], [1, 3, 4, 0, 2, 3, 1, 0, 1, 5, 1]], "control": {"player_key": 17, "key_door": 17}, "info": {"regions": 1, "players": 8, "keys": 3, "doors": 5, "enemies": 4, "player_key": 2, "key_door": 3, "pk_path": [[2, 0], [2, 1], [2, 2]], "kd_path": []}, "quality": 0.48930921050305143, "diversity": 0.5, "controlability": 0.16666666655555556}