{"content": [[4, 3, 1, 0, 0, 3, 1, 0, 0, 0, 0], [1, 2, 1, 1, 0, 1, 1, 2, 0, 1, 0], [0, 1, 1, 1, 0, 0, 1, 2, 0, 1, 0], [0, 1, 0, 0, 1, 1, 0, 5, 0, 1, 1], [1, 5, 5, 1, 1, 1, 1, 1, 1, 1, 1], [1, 0, 1, 1, 4, 0, 4, 2, 4, 2, 1], [1, 2, 3, 0, 4, 1, 0, 0, 1, 5, 1]], "control": {"player_key": 17, "key_door": 17}, "info": {"regions": 1, "players": 6, "keys": 3, "doors": 5, "enemies": 4, "player_key": 1, "key_door": 1, "pk_path": [[1, 1], [1, 0]], "kd_path": []}, "quality": 0.49095394734494024, "diversity": 0.6257309844054586, "controlability": 0.06666666662222222}