{"content": [[1, 1, 1, 0, 0, 3, 1, 0, 0, 0, 0], [1, 5, 1, 1, 0, 1, 2, 2, 4, 3, 0], [2, 1, 1, 1, 0, 0, 1, 2, 0, 1, 0], [0, 1, 0, 0, 1, 2, 0, 1, 0, 1, 1], [0, 1, 5, 1, 1, 1, 1, 1, 1, 1, 1], [1, 3, 1, 1, 0, 0, 4, 2, 4, 5, 2], [1, 3, 4, 0, 4, 3, 1, 0, 1, 5, 0]], "control": {"player_key": 17, "key_door": 17}, "info": {"regions": 1, "players": 7, "keys": 5, "doors": 5, "enemies": 4, "player_key": 2, "key_door": 4, "pk_path": [[6, 1], [6, 0], [5, 0]], "kd_path": []}, "quality": 0.488486842082107, "diversity": 0.395502636022928, "controlability": 0.19999999986666667}