{"content": [[1, 0, 1, 0, 1, 1, 0, 1, 0, 1, 0, 0, 1, 0], [0, 0, 1, 0, 1, 1, 1, 0, 1, 0, 0, 1, 0, 1], [0, 0, 1, 1, 0, 1, 1, 0, 0, 0, 1, 0, 0, 1], [0, 1, 0, 0, 1, 1, 1, 1, 0, 1, 1, 1, 0, 1], [1, 1, 1, 0, 1, 0, 1, 1, 1, 0, 1, 0, 0, 0], [0, 0, 1, 0, 0, 0, 1, 0, 0, 0, 1, 0, 0, 0], [1, 1, 1, 1, 0, 0, 0, 0, 0, 1, 1, 0, 1, 1], [1, 0, 0, 0, 0, 1, 0, 1, 1, 1, 1, 0, 1, 1], [0, 1, 1, 1, 1, 1, 0, 0, 1, 1, 0, 1, 1, 0], [0, 1, 0, 1, 0, 1, 0, 0, 0, 0, 0, 1, 1, 1], [0, 1, 0, 1, 0, 1, 0, 0, 1, 1, 1, 1, 0, 0], [0, 0, 1, 1, 0, 1, 0, 0, 1, 1, 0, 0, 0, 1], [0, 1, 1, 0, 0, 1, 0, 1, 1, 1, 1, 1, 0, 1], [1, 1, 0, 0, 0, 1, 1, 0, 0, 1, 0, 0, 1, 0]], "control": {"path": 88}, "info": {"path": 16, "regions": 15, "flat": [1, 0, 1, 0, 1, 1, 0, 1, 0, 1, 0, 0, 1, 0, 0, 0, 1, 0, 1, 1, 1, 0, 1, 0, 0, 1, 0, 1, 0, 0, 1, 1, 0, 1, 1, 0, 0, 0, 1, 0, 0, 1, 0, 1, 0, 0, 1, 1, 1, 1, 0, 1, 1, 1, 0, 1, 1, 1, 1, 0, 1, 0, 1, 1, 1, 0, 1, 0, 0, 0, 0, 0, 1, 0, 0, 0, 1, 0, 0, 0, 1, 0, 0, 0, 1, 1, 1, 1, 0, 0, 0, 0, 0, 1, 1, 0, 1, 1, 1, 0, 0, 0, 0, 1, 0, 1, 1, 1, 1, 0, 1, 1, 0, 1, 1, 1, 1, 1, 0, 0, 1, 1, 0, 1, 1, 0, 0, 1, 0, 1, 0, 1, 0, 0, 0, 0, 0, 1, 1, 1, 0, 1, 0, 1, 0, 1, 0, 0, 1, 1, 1, 1, 0, 0, 0, 0, 1, 1, 0, 1, 0, 0, 1, 1, 0, 0, 0, 1, 0, 1, 1, 0, 0, 1, 0, 1, 1, 1, 1, 1, 0, 1, 1, 1, 0, 0, 0, 1, 1, 0, 0, 1, 0, 0, 1, 0]}, "quality": 0.40937019952425785, "diversity": 1.0, "controlability": 0.19753086417314436}