{"content": [[1, 1, 1, 1, 7, 1, 7, 1], [0, 2, 0, 0, 1, 7, 5, 0], [0, 0, 0, 1, 7, 6, 7, 1], [0, 5, 1, 1, 5, 7, 4, 5], [1, 6, 4, 6, 6, 1, 7, 6], [1, 6, 0, 0, 5, 6, 0, 4], [7, 0, 6, 6, 1, 7, 0, 7], [2, 0, 0, 0, 1, 2, 1, 1], [7, 0, 4, 1, 6, 0, 0, 1], [1, 0, 7, 7, 6, 7, 1, 6], [6, 3, 3, 1, 7, 6, 0, 1], [4, 0, 1, 0, 7, 1, 0, 1]], "control": {"col_treasures": 8, "solution_length": 30}, "info": {"regions": 1, "players": 3, "exits": 2, "layout": 51, "heuristic": -1, "solution": [], "content": [[1, 1, 1, 1, 7, 1, 7, 1], [0, 2, 0, 0, 1, 7, 5, 0], [0, 0, 0, 1, 7, 6, 7, 1], [0, 5, 1, 1, 5, 7, 4, 5], [1, 6, 4, 6, 6, 1, 7, 6], [1, 6, 0, 0, 5, 6, 0, 4], [7, 0, 6, 6, 1, 7, 0, 7], [2, 0, 0, 0, 1, 2, 1, 1], [7, 0, 4, 1, 6, 0, 0, 1], [1, 0, 7, 7, 6, 7, 1, 6], [6, 3, 3, 1, 7, 6, 0, 1], [4, 0, 1, 0, 7, 1, 0, 1]], "potions": 5, "treasures": 5, "enemies": 30, "solution_length": 0, "enemies_loc": [[4, 0], [6, 0], [5, 1], [4, 2], [5, 2], [6, 2], [5, 3], [1, 4], [3, 4], [4, 4], [6, 4], [7, 4], [1, 5], [5, 5], [0, 6], [2, 6], [3, 6], [5, 6], [7, 6], [0, 8], [4, 8], [2, 9], [3, 9], [4, 9], [5, 9], [7, 9], [0, 10], [4, 10], [5, 10], [4, 11]]}, "quality": 0.33122807016162514, "diversity": 0.264508922405134, "controlability": 0.0}