{"content": [[1, 1, 1, 1, 7, 5, 7, 1], [2, 0, 0, 5, 1, 7, 6, 0], [0, 0, 4, 1, 5, 6, 2, 1], [0, 5, 1, 0, 0, 7, 0, 0], [1, 7, 1, 1, 1, 3, 7, 0], [1, 6, 5, 0, 1, 1, 7, 4], [0, 5, 5, 0, 6, 1, 0, 5], [4, 0, 0, 0, 1, 0, 4, 1], [5, 0, 1, 5, 4, 4, 0, 2], [4, 6, 1, 7, 6, 4, 7, 6], [5, 0, 6, 1, 7, 6, 0, 1], [5, 2, 7, 7, 7, 7, 4, 1]], "control": {"col_treasures": 18, "solution_length": 45}, "info": {"regions": 1, "players": 4, "exits": 1, "layout": 47, "heuristic": -1, "solution": [], "content": [[1, 1, 1, 1, 7, 5, 7, 1], [2, 0, 0, 5, 1, 7, 6, 0], [0, 0, 4, 1, 5, 6, 2, 1], [0, 5, 1, 0, 0, 7, 0, 0], [1, 7, 1, 1, 1, 3, 7, 0], [1, 6, 5, 0, 1, 1, 7, 4], [0, 5, 5, 0, 6, 1, 0, 5], [4, 0, 0, 0, 1, 0, 4, 1], [5, 0, 1, 5, 4, 4, 0, 2], [4, 6, 1, 7, 6, 4, 7, 6], [5, 0, 6, 1, 7, 6, 0, 1], [5, 2, 7, 7, 7, 7, 4, 1]], "potions": 9, "treasures": 12, "enemies": 23, "solution_length": 0, "enemies_loc": [[4, 0], [6, 0], [5, 1], [6, 1], [5, 2], [5, 3], [1, 4], [6, 4], [1, 5], [6, 5], [4, 6], [1, 9], [3, 9], [4, 9], [6, 9], [7, 9], [2, 10], [4, 10], [5, 10], [2, 11], [3, 11], [4, 11], [5, 11]]}, "quality": 0.32983918126615425, "diversity": 0.33965773049665204, "controlability": 0.0}