{"content": [[1, 1, 1, 5, 7, 4, 5, 0], [5, 6, 5, 5, 1, 7, 4, 1], [2, 0, 7, 7, 5, 6, 6, 1], [7, 5, 1, 0, 0, 7, 1, 0], [1, 0, 1, 0, 3, 1, 7, 0], [1, 6, 0, 0, 1, 0, 7, 4], [1, 5, 4, 1, 0, 7, 1, 5], [5, 0, 0, 0, 7, 0, 6, 1], [5, 0, 4, 4, 4, 4, 1, 5], [4, 0, 1, 7, 0, 4, 7, 6], [5, 0, 5, 4, 5, 2, 0, 1], [0, 0, 2, 0, 6, 7, 4, 1]], "control": {"col_treasures": 18, "solution_length": 45}, "info": {"regions": 1, "players": 3, "exits": 1, "layout": 45, "heuristic": -1, "solution": [], "content": [[1, 1, 1, 5, 7, 4, 5, 0], [5, 6, 5, 5, 1, 7, 4, 1], [2, 0, 7, 7, 5, 6, 6, 1], [7, 5, 1, 0, 0, 7, 1, 0], [1, 0, 1, 0, 3, 1, 7, 0], [1, 6, 0, 0, 1, 0, 7, 4], [1, 5, 4, 1, 0, 7, 1, 5], [5, 0, 0, 0, 7, 0, 6, 1], [5, 0, 4, 4, 4, 4, 1, 5], [4, 0, 1, 7, 0, 4, 7, 6], [5, 0, 5, 4, 5, 2, 0, 1], [0, 0, 2, 0, 6, 7, 4, 1]], "potions": 12, "treasures": 15, "enemies": 20, "solution_length": 0, "enemies_loc": [[4, 0], [1, 1], [5, 1], [2, 2], [3, 2], [5, 2], [6, 2], [0, 3], [5, 3], [6, 4], [1, 5], [6, 5], [5, 6], [4, 7], [6, 7], [3, 9], [6, 9], [7, 9], [4, 11], [5, 11]]}, "quality": 0.32776315787484617, "diversity": 0.28336147974028725, "controlability": 0.0}