{"content": [[1, 3, 1, 5, 0, 5, 5, 5], [2, 0, 5, 7, 1, 7, 5, 1], [2, 5, 1, 1, 4, 1, 5, 5], [0, 5, 1, 6, 0, 7, 1, 0], [1, 7, 1, 1, 6, 3, 0, 0], [1, 6, 0, 7, 5, 1, 0, 4], [0, 5, 7, 0, 0, 0, 1, 5], [5, 0, 0, 0, 7, 2, 0, 7], [5, 1, 1, 5, 5, 4, 0, 4], [4, 1, 0, 7, 6, 0, 7, 7], [5, 0, 6, 1, 5, 1, 0, 1], [5, 6, 5, 0, 2, 1, 1, 2]], "control": {"col_treasures": 18, "solution_length": 45}, "info": {"regions": 2, "players": 5, "exits": 2, "layout": 46, "heuristic": -1, "solution": [], "content": [[1, 3, 1, 5, 0, 5, 5, 5], [2, 0, 5, 7, 1, 7, 5, 1], [2, 5, 1, 1, 4, 1, 5, 5], [0, 5, 1, 6, 0, 7, 1, 0], [1, 7, 1, 1, 6, 3, 0, 0], [1, 6, 0, 7, 5, 1, 0, 4], [0, 5, 7, 0, 0, 0, 1, 5], [5, 0, 0, 0, 7, 2, 0, 7], [5, 1, 1, 5, 5, 4, 0, 4], [4, 1, 0, 7, 6, 0, 7, 7], [5, 0, 6, 1, 5, 1, 0, 1], [5, 6, 5, 0, 2, 1, 1, 2]], "potions": 5, "treasures": 21, "enemies": 17, "solution_length": 0, "enemies_loc": [[3, 1], [5, 1], [3, 3], [5, 3], [1, 4], [4, 4], [1, 5], [3, 5], [2, 6], [4, 7], [7, 7], [3, 9], [4, 9], [6, 9], [7, 9], [2, 10], [1, 11]]}, "quality": 0.31929484554575344, "diversity": 0.43359374228515646, "controlability": 0.0}