{"content": [[1, 1, 7, 1, 7, 7, 0, 7], [1, 2, 7, 5, 0, 7, 4, 1], [0, 7, 7, 7, 4, 1, 2, 1], [0, 5, 1, 6, 0, 7, 0, 5], [0, 5, 4, 6, 6, 1, 6, 0], [3, 6, 1, 0, 1, 7, 6, 0], [2, 1, 5, 7, 1, 7, 0, 1], [5, 0, 7, 0, 7, 2, 0, 0], [2, 0, 1, 5, 5, 0, 1, 5], [1, 1, 7, 6, 4, 1, 7, 0], [2, 7, 1, 1, 7, 6, 6, 1], [0, 6, 5, 0, 6, 1, 6, 1]], "control": {"col_treasures": 8, "solution_length": 30}, "info": {"regions": 2, "players": 6, "exits": 1, "layout": 44, "heuristic": -1, "solution": [], "content": [[1, 1, 7, 1, 7, 7, 0, 7], [1, 2, 7, 5, 0, 7, 4, 1], [0, 7, 7, 7, 4, 1, 2, 1], [0, 5, 1, 6, 0, 7, 0, 5], [0, 5, 4, 6, 6, 1, 6, 0], [3, 6, 1, 0, 1, 7, 6, 0], [2, 1, 5, 7, 1, 7, 0, 1], [5, 0, 7, 0, 7, 2, 0, 0], [2, 0, 1, 5, 5, 0, 1, 5], [1, 1, 7, 6, 4, 1, 7, 0], [2, 7, 1, 1, 7, 6, 6, 1], [0, 6, 5, 0, 6, 1, 6, 1]], "potions": 4, "treasures": 10, "enemies": 31, "solution_length": 0, "enemies_loc": [[2, 0], [4, 0], [5, 0], [7, 0], [2, 1], [5, 1], [1, 2], [2, 2], [3, 2], [3, 3], [5, 3], [3, 4], [4, 4], [6, 4], [1, 5], [5, 5], [6, 5], [3, 6], [5, 6], [2, 7], [4, 7], [2, 9], [3, 9], [6, 9], [1, 10], [4, 10], [5, 10], [6, 10], [1, 11], [4, 11], [6, 11]]}, "quality": 0.3165170677755719, "diversity": 0.31665258251161343, "controlability": 0.0}