{"content": [[1, 1, 3, 6, 7, 5, 5, 0], [2, 0, 0, 5, 1, 7, 7, 6], [0, 0, 4, 1, 5, 6, 5, 1], [7, 5, 1, 0, 0, 7, 5, 0], [1, 0, 5, 0, 6, 6, 7, 0], [1, 6, 0, 1, 1, 1, 3, 4], [6, 1, 4, 1, 0, 7, 1, 5], [5, 0, 4, 3, 7, 4, 1, 1], [5, 0, 4, 5, 5, 4, 1, 1], [4, 0, 1, 7, 6, 4, 7, 6], [5, 5, 1, 1, 5, 0, 0, 1], [0, 0, 2, 7, 7, 7, 4, 1]], "control": {"col_treasures": 18, "solution_length": 45}, "info": {"regions": 1, "players": 2, "exits": 3, "layout": 43, "heuristic": -1, "solution": [], "content": [[1, 1, 3, 6, 7, 5, 5, 0], [2, 0, 0, 5, 1, 7, 7, 6], [0, 0, 4, 1, 5, 6, 5, 1], [7, 5, 1, 0, 0, 7, 5, 0], [1, 0, 5, 0, 6, 6, 7, 0], [1, 6, 0, 1, 1, 1, 3, 4], [6, 1, 4, 1, 0, 7, 1, 5], [5, 0, 4, 3, 7, 4, 1, 1], [5, 0, 4, 5, 5, 4, 1, 1], [4, 0, 1, 7, 6, 4, 7, 6], [5, 5, 1, 1, 5, 0, 0, 1], [0, 0, 2, 7, 7, 7, 4, 1]], "potions": 10, "treasures": 16, "enemies": 22, "solution_length": 0, "enemies_loc": [[3, 0], [4, 0], [5, 1], [6, 1], [7, 1], [5, 2], [0, 3], [5, 3], [4, 4], [5, 4], [6, 4], [1, 5], [0, 6], [5, 6], [4, 7], [3, 9], [4, 9], [6, 9], [7, 9], [3, 11], [4, 11], [5, 11]]}, "quality": 0.3242836257047385, "diversity": 0.30131172132523165, "controlability": 0.0}