{"content": [[1, 1, 1, 1, 0, 5, 5, 0], [0, 1, 5, 4, 1, 1, 4, 3], [0, 0, 7, 4, 4, 1, 5, 1], [0, 2, 1, 3, 0, 1, 1, 0], [1, 0, 1, 1, 1, 3, 7, 2], [1, 6, 1, 1, 1, 7, 2, 4], [0, 0, 4, 1, 5, 7, 1, 5], [4, 0, 7, 0, 7, 4, 4, 1], [5, 1, 1, 5, 5, 4, 5, 1], [1, 0, 5, 5, 6, 0, 1, 1], [5, 0, 6, 1, 7, 1, 0, 1], [0, 0, 7, 6, 6, 1, 6, 1]], "control": {"col_treasures": 18, "solution_length": 45}, "info": {"regions": 1, "players": 3, "exits": 3, "layout": 53, "heuristic": -1, "solution": [], "content": [[1, 1, 1, 1, 0, 5, 5, 0], [0, 1, 5, 4, 1, 1, 4, 3], [0, 0, 7, 4, 4, 1, 5, 1], [0, 2, 1, 3, 0, 1, 1, 0], [1, 0, 1, 1, 1, 3, 7, 2], [1, 6, 1, 1, 1, 7, 2, 4], [0, 0, 4, 1, 5, 7, 1, 5], [4, 0, 7, 0, 7, 4, 4, 1], [5, 1, 1, 5, 5, 4, 5, 1], [1, 0, 5, 5, 6, 0, 1, 1], [5, 0, 6, 1, 7, 1, 0, 1], [0, 0, 7, 6, 6, 1, 6, 1]], "potions": 10, "treasures": 13, "enemies": 14, "solution_length": 0, "enemies_loc": [[2, 2], [6, 4], [1, 5], [5, 5], [5, 6], [2, 7], [4, 7], [4, 9], [2, 10], [4, 10], [2, 11], [3, 11], [4, 11], [6, 11]]}, "quality": 0.3305263157757341, "diversity": 0.2976059871504936, "controlability": 0.0}