{"content": [[1, 1, 5, 1, 0, 1, 5, 0], [5, 0, 1, 0, 1, 3, 4, 0], [0, 0, 4, 4, 4, 1, 1, 1], [0, 2, 1, 4, 0, 7, 1, 4], [4, 1, 3, 0, 6, 1, 4, 0], [1, 6, 1, 6, 1, 1, 7, 7], [2, 4, 7, 7, 6, 1, 0, 5], [5, 4, 4, 0, 7, 4, 4, 6], [3, 1, 1, 5, 4, 4, 0, 0], [1, 0, 1, 1, 1, 0, 4, 3], [2, 1, 6, 1, 0, 6, 0, 1], [0, 0, 5, 6, 6, 1, 1, 6]], "control": {"col_treasures": 18, "solution_length": 45}, "info": {"regions": 1, "players": 3, "exits": 4, "layout": 50, "heuristic": -1, "solution": [], "content": [[1, 1, 5, 1, 0, 1, 5, 0], [5, 0, 1, 0, 1, 3, 4, 0], [0, 0, 4, 4, 4, 1, 1, 1], [0, 2, 1, 4, 0, 7, 1, 4], [4, 1, 3, 0, 6, 1, 4, 0], [1, 6, 1, 6, 1, 1, 7, 7], [2, 4, 7, 7, 6, 1, 0, 5], [5, 4, 4, 0, 7, 4, 4, 6], [3, 1, 1, 5, 4, 4, 0, 0], [1, 0, 1, 1, 1, 0, 4, 3], [2, 1, 6, 1, 0, 6, 0, 1], [0, 0, 5, 6, 6, 1, 1, 6]], "potions": 16, "treasures": 7, "enemies": 16, "solution_length": 0, "enemies_loc": [[5, 3], [4, 4], [1, 5], [3, 5], [6, 5], [7, 5], [2, 6], [3, 6], [4, 6], [4, 7], [7, 7], [2, 10], [5, 10], [3, 11], [4, 11], [7, 11]]}, "quality": 0.329824561389843, "diversity": 0.28402399679432766, "controlability": 0.0}