{"content": [[1, 1, 7, 1, 0, 5, 4, 7], [6, 6, 0, 5, 1, 7, 5, 0], [0, 0, 1, 1, 4, 6, 5, 1], [0, 5, 7, 0, 0, 7, 0, 0], [1, 7, 1, 1, 1, 5, 7, 2], [1, 6, 0, 1, 1, 0, 1, 4], [0, 4, 5, 0, 5, 1, 1, 5], [4, 0, 7, 0, 7, 0, 1, 1], [6, 0, 1, 5, 5, 4, 4, 1], [5, 1, 1, 5, 0, 3, 1, 1], [5, 0, 6, 0, 7, 1, 0, 1], [5, 5, 2, 7, 6, 1, 1, 1]], "control": {"col_treasures": 18, "solution_length": 45}, "info": {"regions": 1, "players": 2, "exits": 1, "layout": 52, "heuristic": -1, "solution": [], "content": [[1, 1, 7, 1, 0, 5, 4, 7], [6, 6, 0, 5, 1, 7, 5, 0], [0, 0, 1, 1, 4, 6, 5, 1], [0, 5, 7, 0, 0, 7, 0, 0], [1, 7, 1, 1, 1, 5, 7, 2], [1, 6, 0, 1, 1, 0, 1, 4], [0, 4, 5, 0, 5, 1, 1, 5], [4, 0, 7, 0, 7, 0, 1, 1], [6, 0, 1, 5, 5, 4, 4, 1], [5, 1, 1, 5, 0, 3, 1, 1], [5, 0, 6, 0, 7, 1, 0, 1], [5, 5, 2, 7, 6, 1, 1, 1]], "potions": 7, "treasures": 16, "enemies": 18, "solution_length": 0, "enemies_loc": [[2, 0], [7, 0], [0, 1], [1, 1], [5, 1], [5, 2], [2, 3], [5, 3], [1, 4], [6, 4], [1, 5], [2, 7], [4, 7], [0, 8], [2, 10], [4, 10], [3, 11], [4, 11]]}, "quality": 0.3326315789404248, "diversity": 0.3858506868815107, "controlability": 0.0}