{"content": [[1, 4, 1, 1, 2, 5, 0, 0], [0, 2, 0, 0, 1, 7, 4, 0], [0, 0, 1, 4, 4, 6, 2, 6], [4, 2, 1, 6, 0, 7, 0, 3], [3, 5, 6, 6, 6, 1, 2, 0], [1, 7, 1, 4, 1, 7, 6, 0], [0, 1, 7, 4, 5, 7, 1, 5], [5, 0, 3, 7, 7, 4, 0, 1], [2, 0, 1, 5, 5, 1, 1, 1], [1, 6, 1, 6, 1, 4, 6, 0], [2, 0, 6, 1, 4, 6, 0, 0], [5, 6, 6, 0, 4, 1, 4, 1]], "control": {"col_treasures": 18, "solution_length": 45}, "info": {"regions": 1, "players": 7, "exits": 3, "layout": 44, "heuristic": -1, "solution": [], "content": [[1, 4, 1, 1, 2, 5, 0, 0], [0, 2, 0, 0, 1, 7, 4, 0], [0, 0, 1, 4, 4, 6, 2, 6], [4, 2, 1, 6, 0, 7, 0, 3], [3, 5, 6, 6, 6, 1, 2, 0], [1, 7, 1, 4, 1, 7, 6, 0], [0, 1, 7, 4, 5, 7, 1, 5], [5, 0, 3, 7, 7, 4, 0, 1], [2, 0, 1, 5, 5, 1, 1, 1], [1, 6, 1, 6, 1, 4, 6, 0], [2, 0, 6, 1, 4, 6, 0, 0], [5, 6, 6, 0, 4, 1, 4, 1]], "potions": 12, "treasures": 8, "enemies": 22, "solution_length": 0, "enemies_loc": [[5, 1], [5, 2], [7, 2], [3, 3], [5, 3], [2, 4], [3, 4], [4, 4], [1, 5], [5, 5], [6, 5], [2, 6], [5, 6], [3, 7], [4, 7], [1, 9], [3, 9], [6, 9], [2, 10], [5, 10], [1, 11], [2, 11]]}, "quality": 0.32216374266388287, "diversity": 0.30372190280021083, "controlability": 0.0}