{"content": [[1, 1, 3, 6, 4, 5, 4, 0], [0, 7, 0, 6, 1, 7, 7, 0], [0, 0, 7, 1, 3, 3, 5, 1], [7, 1, 1, 0, 0, 7, 5, 0], [1, 7, 6, 1, 1, 1, 7, 0], [1, 6, 0, 1, 1, 7, 0, 0], [1, 1, 4, 0, 5, 6, 1, 5], [4, 0, 0, 7, 1, 0, 0, 1], [2, 1, 4, 4, 0, 4, 1, 1], [3, 6, 1, 6, 6, 4, 1, 7], [5, 3, 6, 1, 6, 1, 6, 1], [5, 5, 7, 4, 7, 1, 1, 4]], "control": {"col_treasures": 18, "solution_length": 45}, "info": {"regions": 1, "players": 1, "exits": 5, "layout": 48, "heuristic": -1, "solution": [], "content": [[1, 1, 3, 6, 4, 5, 4, 0], [0, 7, 0, 6, 1, 7, 7, 0], [0, 0, 7, 1, 3, 3, 5, 1], [7, 1, 1, 0, 0, 7, 5, 0], [1, 7, 6, 1, 1, 1, 7, 0], [1, 6, 0, 1, 1, 7, 0, 0], [1, 1, 4, 0, 5, 6, 1, 5], [4, 0, 0, 7, 1, 0, 0, 1], [2, 1, 4, 4, 0, 4, 1, 1], [3, 6, 1, 6, 6, 4, 1, 7], [5, 3, 6, 1, 6, 1, 6, 1], [5, 5, 7, 4, 7, 1, 1, 4]], "potions": 10, "treasures": 8, "enemies": 24, "solution_length": 0, "enemies_loc": [[3, 0], [1, 1], [3, 1], [5, 1], [6, 1], [2, 2], [0, 3], [5, 3], [1, 4], [2, 4], [6, 4], [1, 5], [5, 5], [5, 6], [3, 7], [1, 9], [3, 9], [4, 9], [7, 9], [2, 10], [4, 10], [6, 10], [2, 11], [4, 11]]}, "quality": 0.3305263157827516, "diversity": 0.26514174620650777, "controlability": 0.0}