{"content": [[6, 1, 7, 6, 6, 5, 4, 0], [0, 7, 0, 0, 5, 7, 4, 0], [0, 0, 7, 1, 5, 3, 5, 1], [0, 1, 1, 0, 0, 7, 5, 0], [6, 7, 1, 1, 1, 3, 7, 0], [1, 6, 0, 1, 1, 1, 3, 0], [1, 1, 5, 0, 0, 6, 1, 5], [4, 0, 7, 7, 7, 0, 1, 1], [2, 1, 1, 0, 5, 4, 1, 1], [1, 6, 1, 0, 6, 4, 1, 0], [5, 3, 6, 7, 7, 1, 0, 1], [5, 3, 7, 2, 7, 1, 1, 1]], "control": {"col_treasures": 18, "solution_length": 45}, "info": {"regions": 1, "players": 2, "exits": 5, "layout": 51, "heuristic": -1, "solution": [], "content": [[6, 1, 7, 6, 6, 5, 4, 0], [0, 7, 0, 0, 5, 7, 4, 0], [0, 0, 7, 1, 5, 3, 5, 1], [0, 1, 1, 0, 0, 7, 5, 0], [6, 7, 1, 1, 1, 3, 7, 0], [1, 6, 0, 1, 1, 1, 3, 0], [1, 1, 5, 0, 0, 6, 1, 5], [4, 0, 7, 7, 7, 0, 1, 1], [2, 1, 1, 0, 5, 4, 1, 1], [1, 6, 1, 0, 6, 4, 1, 0], [5, 3, 6, 7, 7, 1, 0, 1], [5, 3, 7, 2, 7, 1, 1, 1]], "potions": 5, "treasures": 10, "enemies": 23, "solution_length": 0, "enemies_loc": [[0, 0], [2, 0], [3, 0], [4, 0], [1, 1], [5, 1], [2, 2], [5, 3], [0, 4], [1, 4], [6, 4], [1, 5], [5, 6], [2, 7], [3, 7], [4, 7], [1, 9], [4, 9], [2, 10], [3, 10], [4, 10], [2, 11], [4, 11]]}, "quality": 0.329824561389843, "diversity": 0.3986742347301139, "controlability": 0.0}