{"content": [[0, 7, 1, 5, 5, 7, 5, 3], [7, 3, 6, 2, 2, 0, 5, 6], [5, 6, 0, 3, 6, 5, 0, 1], [7, 5, 6, 5, 6, 5, 7, 4], [7, 4, 1, 2, 4, 0, 5, 4], [7, 7, 7, 5, 7, 4, 1, 6], [4, 7, 2, 3, 0, 5, 1, 5], [6, 0, 3, 1, 0, 0, 5, 6], [6, 3, 4, 3, 2, 1, 1, 5], [6, 3, 3, 0, 4, 1, 3, 2], [2, 4, 6, 4, 7, 3, 7, 6], [4, 4, 1, 5, 5, 1, 4, 1]], "control": {"col_treasures": 19, "solution_length": 46}, "info": {"regions": 1, "players": 7, "exits": 11, "layout": 22, "heuristic": -1, "solution": [], "content": [[0, 7, 1, 5, 5, 7, 5, 3], [7, 3, 6, 2, 2, 0, 5, 6], [5, 6, 0, 3, 6, 5, 0, 1], [7, 5, 6, 5, 6, 5, 7, 4], [7, 4, 1, 2, 4, 0, 5, 4], [7, 7, 7, 5, 7, 4, 1, 6], [4, 7, 2, 3, 0, 5, 1, 5], [6, 0, 3, 1, 0, 0, 5, 6], [6, 3, 4, 3, 2, 1, 1, 5], [6, 3, 3, 0, 4, 1, 3, 2], [2, 4, 6, 4, 7, 3, 7, 6], [4, 4, 1, 5, 5, 1, 4, 1]], "potions": 13, "treasures": 17, "enemies": 26, "solution_length": 0, "enemies_loc": [[1, 0], [5, 0], [0, 1], [2, 1], [7, 1], [1, 2], [4, 2], [0, 3], [2, 3], [4, 3], [6, 3], [0, 4], [0, 5], [1, 5], [2, 5], [4, 5], [7, 5], [1, 6], [0, 7], [7, 7], [0, 8], [0, 9], [2, 10], [4, 10], [6, 10], [7, 10]]}, "quality": 0.2859941520275648, "diversity": 0.46354165607812525, "controlability": 0.0}