{"content": [[1, 1, 1, 5, 0, 1, 5, 5], [5, 0, 5, 5, 1, 7, 6, 1], [0, 0, 4, 1, 5, 1, 6, 1], [0, 5, 1, 0, 0, 2, 1, 0], [1, 0, 1, 0, 3, 1, 7, 0], [1, 7, 5, 0, 1, 6, 1, 4], [1, 5, 4, 1, 0, 0, 1, 5], [5, 0, 0, 0, 7, 0, 0, 1], [5, 0, 1, 5, 5, 4, 1, 4], [4, 0, 1, 7, 0, 4, 7, 6], [5, 0, 1, 1, 7, 6, 0, 1], [0, 0, 2, 0, 6, 7, 4, 3]], "control": {"col_treasures": 18, "solution_length": 45}, "info": {"regions": 1, "players": 2, "exits": 2, "layout": 54, "heuristic": -1, "solution": [], "content": [[1, 1, 1, 5, 0, 1, 5, 5], [5, 0, 5, 5, 1, 7, 6, 1], [0, 0, 4, 1, 5, 1, 6, 1], [0, 5, 1, 0, 0, 2, 1, 0], [1, 0, 1, 0, 3, 1, 7, 0], [1, 7, 5, 0, 1, 6, 1, 4], [1, 5, 4, 1, 0, 0, 1, 5], [5, 0, 0, 0, 7, 0, 0, 1], [5, 0, 1, 5, 5, 4, 1, 4], [4, 0, 1, 7, 0, 4, 7, 6], [5, 0, 1, 1, 7, 6, 0, 1], [0, 0, 2, 0, 6, 7, 4, 3]], "potions": 8, "treasures": 16, "enemies": 14, "solution_length": 0, "enemies_loc": [[5, 1], [6, 1], [6, 2], [6, 4], [1, 5], [5, 5], [4, 7], [3, 9], [6, 9], [7, 9], [4, 10], [5, 10], [4, 11], [5, 11]]}, "quality": 0.3319298245475162, "diversity": 0.3749999927083335, "controlability": 0.0}