{"content": [[4, 1, 4, 6, 7, 4, 5, 0], [5, 0, 5, 5, 1, 7, 3, 1], [0, 0, 4, 1, 5, 6, 5, 1], [7, 5, 1, 0, 0, 7, 1, 0], [1, 0, 1, 0, 6, 1, 7, 0], [1, 6, 0, 0, 1, 3, 3, 4], [6, 5, 4, 1, 0, 7, 1, 5], [5, 0, 0, 0, 7, 4, 1, 1], [5, 0, 4, 5, 5, 4, 1, 0], [5, 0, 1, 7, 0, 4, 7, 5], [5, 5, 1, 4, 5, 0, 0, 1], [0, 0, 2, 7, 6, 7, 4, 1]], "control": {"col_treasures": 18, "solution_length": 45}, "info": {"regions": 1, "players": 1, "exits": 3, "layout": 45, "heuristic": -1, "solution": [], "content": [[4, 1, 4, 6, 7, 4, 5, 0], [5, 0, 5, 5, 1, 7, 3, 1], [0, 0, 4, 1, 5, 6, 5, 1], [7, 5, 1, 0, 0, 7, 1, 0], [1, 0, 1, 0, 6, 1, 7, 0], [1, 6, 0, 0, 1, 3, 3, 4], [6, 5, 4, 1, 0, 7, 1, 5], [5, 0, 0, 0, 7, 4, 1, 1], [5, 0, 4, 5, 5, 4, 1, 0], [5, 0, 1, 7, 0, 4, 7, 5], [5, 5, 1, 4, 5, 0, 0, 1], [0, 0, 2, 7, 6, 7, 4, 1]], "potions": 12, "treasures": 18, "enemies": 17, "solution_length": 0, "enemies_loc": [[3, 0], [4, 0], [5, 1], [5, 2], [0, 3], [5, 3], [4, 4], [6, 4], [1, 5], [0, 6], [5, 6], [4, 7], [3, 9], [6, 9], [3, 11], [4, 11], [5, 11]]}, "quality": 0.32776315787484617, "diversity": 0.26587300952380966, "controlability": 0.0}