{"content": [[1, 7, 7, 1, 0, 5, 5, 0], [0, 1, 1, 4, 1, 2, 4, 0], [0, 7, 7, 4, 4, 6, 5, 1], [0, 5, 7, 4, 0, 7, 1, 0], [1, 5, 6, 1, 6, 1, 7, 0], [1, 6, 1, 1, 1, 0, 1, 4], [0, 4, 7, 1, 5, 7, 4, 5], [4, 4, 4, 0, 7, 4, 1, 1], [3, 1, 1, 5, 4, 4, 4, 1], [1, 0, 1, 5, 1, 0, 1, 1], [5, 0, 6, 1, 7, 0, 2, 1], [5, 5, 2, 6, 6, 1, 1, 1]], "control": {"col_treasures": 18, "solution_length": 45}, "info": {"regions": 1, "players": 3, "exits": 1, "layout": 47, "heuristic": -1, "solution": [], "content": [[1, 7, 7, 1, 0, 5, 5, 0], [0, 1, 1, 4, 1, 2, 4, 0], [0, 7, 7, 4, 4, 6, 5, 1], [0, 5, 7, 4, 0, 7, 1, 0], [1, 5, 6, 1, 6, 1, 7, 0], [1, 6, 1, 1, 1, 0, 1, 4], [0, 4, 7, 1, 5, 7, 4, 5], [4, 4, 4, 0, 7, 4, 1, 1], [3, 1, 1, 5, 4, 4, 4, 1], [1, 0, 1, 5, 1, 0, 1, 1], [5, 0, 6, 1, 7, 0, 2, 1], [5, 5, 2, 6, 6, 1, 1, 1]], "potions": 15, "treasures": 12, "enemies": 18, "solution_length": 0, "enemies_loc": [[1, 0], [2, 0], [1, 2], [2, 2], [5, 2], [2, 3], [5, 3], [2, 4], [4, 4], [6, 4], [1, 5], [2, 6], [5, 6], [4, 7], [2, 10], [4, 10], [3, 11], [4, 11]]}, "quality": 0.3305409356520453, "diversity": 0.3806818109375002, "controlability": 0.0}