{"content": [[1, 1, 7, 1, 7, 7, 5, 6], [1, 2, 7, 0, 2, 7, 4, 1], [0, 5, 7, 1, 0, 6, 2, 1], [0, 5, 1, 6, 0, 7, 0, 3], [0, 5, 6, 6, 6, 1, 6, 0], [4, 6, 1, 0, 1, 2, 1, 0], [0, 1, 5, 7, 1, 7, 1, 5], [4, 0, 7, 0, 7, 4, 0, 0], [2, 0, 1, 5, 5, 1, 1, 7], [1, 6, 1, 6, 0, 1, 1, 0], [2, 0, 6, 1, 2, 6, 6, 0], [0, 6, 6, 0, 6, 1, 6, 1]], "control": {"col_treasures": 8, "solution_length": 30}, "info": {"regions": 1, "players": 7, "exits": 1, "layout": 47, "heuristic": -1, "solution": [], "content": [[1, 1, 7, 1, 7, 7, 5, 6], [1, 2, 7, 0, 2, 7, 4, 1], [0, 5, 7, 1, 0, 6, 2, 1], [0, 5, 1, 6, 0, 7, 0, 3], [0, 5, 6, 6, 6, 1, 6, 0], [4, 6, 1, 0, 1, 2, 1, 0], [0, 1, 5, 7, 1, 7, 1, 5], [4, 0, 7, 0, 7, 4, 0, 0], [2, 0, 1, 5, 5, 1, 1, 7], [1, 6, 1, 6, 0, 1, 1, 0], [2, 0, 6, 1, 2, 6, 6, 0], [0, 6, 6, 0, 6, 1, 6, 1]], "potions": 4, "treasures": 8, "enemies": 29, "solution_length": 0, "enemies_loc": [[2, 0], [4, 0], [5, 0], [7, 0], [2, 1], [5, 1], [2, 2], [5, 2], [3, 3], [5, 3], [2, 4], [3, 4], [4, 4], [6, 4], [1, 5], [3, 6], [5, 6], [2, 7], [4, 7], [7, 8], [1, 9], [3, 9], [2, 10], [5, 10], [6, 10], [1, 11], [2, 11], [4, 11], [6, 11]]}, "quality": 0.3277339181084811, "diversity": 0.35283118840144256, "controlability": 0.0}