{"content": [[1, 1, 1, 6, 0, 1, 5, 5], [5, 5, 5, 4, 1, 7, 5, 2], [2, 5, 4, 3, 5, 6, 5, 1], [0, 5, 1, 5, 0, 7, 1, 0], [1, 7, 7, 1, 6, 1, 5, 6], [1, 6, 0, 0, 1, 0, 1, 4], [6, 5, 4, 1, 0, 7, 1, 5], [5, 0, 4, 0, 7, 0, 1, 1], [6, 0, 1, 5, 5, 4, 1, 1], [5, 5, 5, 5, 0, 4, 1, 3], [5, 4, 1, 4, 7, 3, 7, 1], [0, 3, 2, 0, 6, 2, 1, 1]], "control": {"col_treasures": 18, "solution_length": 45}, "info": {"regions": 1, "players": 4, "exits": 4, "layout": 41, "heuristic": -1, "solution": [], "content": [[1, 1, 1, 6, 0, 1, 5, 5], [5, 5, 5, 4, 1, 7, 5, 2], [2, 5, 4, 3, 5, 6, 5, 1], [0, 5, 1, 5, 0, 7, 1, 0], [1, 7, 7, 1, 6, 1, 5, 6], [1, 6, 0, 0, 1, 0, 1, 4], [6, 5, 4, 1, 0, 7, 1, 5], [5, 0, 4, 0, 7, 0, 1, 1], [6, 0, 1, 5, 5, 4, 1, 1], [5, 5, 5, 5, 0, 4, 1, 3], [5, 4, 1, 4, 7, 3, 7, 1], [0, 3, 2, 0, 6, 2, 1, 1]], "potions": 9, "treasures": 22, "enemies": 16, "solution_length": 0, "enemies_loc": [[3, 0], [5, 1], [5, 2], [5, 3], [1, 4], [2, 4], [4, 4], [7, 4], [1, 5], [0, 6], [5, 6], [4, 7], [0, 8], [4, 10], [6, 10], [4, 11]]}, "quality": 0.3194005847698663, "diversity": 0.2720306448275863, "controlability": 0.0}