{"content": [[1, 1, 3, 5, 7, 1, 7, 0], [0, 0, 0, 6, 1, 7, 3, 0], [0, 0, 7, 1, 5, 6, 6, 1], [0, 5, 1, 0, 0, 7, 4, 0], [1, 0, 1, 0, 6, 7, 7, 0], [1, 1, 0, 1, 4, 1, 7, 4], [1, 5, 4, 1, 5, 6, 1, 5], [4, 0, 0, 0, 7, 4, 0, 1], [2, 0, 4, 5, 4, 4, 1, 1], [1, 0, 7, 7, 0, 4, 7, 3], [5, 3, 1, 4, 7, 1, 0, 1], [0, 0, 2, 0, 7, 7, 1, 1]], "control": {"col_treasures": 18, "solution_length": 45}, "info": {"regions": 1, "players": 2, "exits": 4, "layout": 51, "heuristic": -1, "solution": [], "content": [[1, 1, 3, 5, 7, 1, 7, 0], [0, 0, 0, 6, 1, 7, 3, 0], [0, 0, 7, 1, 5, 6, 6, 1], [0, 5, 1, 0, 0, 7, 4, 0], [1, 0, 1, 0, 6, 7, 7, 0], [1, 1, 0, 1, 4, 1, 7, 4], [1, 5, 4, 1, 5, 6, 1, 5], [4, 0, 0, 0, 7, 4, 0, 1], [2, 0, 4, 5, 4, 4, 1, 1], [1, 0, 7, 7, 0, 4, 7, 3], [5, 3, 1, 4, 7, 1, 0, 1], [0, 0, 2, 0, 7, 7, 1, 1]], "potions": 11, "treasures": 8, "enemies": 20, "solution_length": 0, "enemies_loc": [[4, 0], [6, 0], [3, 1], [5, 1], [2, 2], [5, 2], [6, 2], [5, 3], [4, 4], [5, 4], [6, 4], [6, 5], [5, 6], [4, 7], [2, 9], [3, 9], [6, 9], [4, 10], [4, 11], [5, 11]]}, "quality": 0.3305263157757341, "diversity": 0.274884252695795, "controlability": 0.0}