{"content": [[1, 1, 1, 6, 6, 1, 4, 2], [5, 0, 5, 4, 1, 7, 4, 5], [0, 5, 1, 2, 4, 1, 5, 1], [0, 1, 1, 0, 0, 1, 1, 0], [1, 0, 1, 0, 6, 2, 5, 0], [1, 6, 4, 4, 1, 0, 7, 3], [6, 0, 4, 1, 0, 7, 1, 5], [5, 0, 4, 0, 7, 4, 1, 1], [5, 0, 1, 5, 5, 4, 2, 1], [1, 5, 1, 5, 0, 4, 1, 3], [5, 0, 1, 4, 4, 0, 0, 1], [0, 3, 2, 6, 7, 1, 1, 1]], "control": {"col_treasures": 18, "solution_length": 45}, "info": {"regions": 1, "players": 5, "exits": 3, "layout": 50, "heuristic": -1, "solution": [], "content": [[1, 1, 1, 6, 6, 1, 4, 2], [5, 0, 5, 4, 1, 7, 4, 5], [0, 5, 1, 2, 4, 1, 5, 1], [0, 1, 1, 0, 0, 1, 1, 0], [1, 0, 1, 0, 6, 2, 5, 0], [1, 6, 4, 4, 1, 0, 7, 3], [6, 0, 4, 1, 0, 7, 1, 5], [5, 0, 4, 0, 7, 4, 1, 1], [5, 0, 1, 5, 5, 4, 2, 1], [1, 5, 1, 5, 0, 4, 1, 3], [5, 0, 1, 4, 4, 0, 0, 1], [0, 3, 2, 6, 7, 1, 1, 1]], "potions": 13, "treasures": 14, "enemies": 11, "solution_length": 0, "enemies_loc": [[3, 0], [4, 0], [5, 1], [4, 4], [1, 5], [6, 5], [0, 6], [5, 6], [4, 7], [3, 11], [4, 11]]}, "quality": 0.32912280700395197, "diversity": 0.29222469552176356, "controlability": 0.0}