{"content": [[1, 1, 7, 1, 0, 1, 5, 6], [7, 5, 5, 1, 1, 7, 5, 0], [6, 0, 6, 3, 4, 6, 5, 1], [0, 5, 7, 5, 5, 7, 0, 0], [1, 7, 7, 1, 1, 3, 7, 6], [1, 4, 0, 0, 0, 2, 1, 5], [0, 4, 5, 1, 0, 1, 6, 5], [0, 0, 7, 0, 7, 0, 0, 1], [6, 6, 4, 5, 4, 1, 4, 1], [5, 5, 1, 5, 1, 4, 1, 1], [5, 5, 6, 1, 4, 0, 0, 3], [5, 5, 2, 7, 6, 6, 1, 1]], "control": {"col_treasures": 18, "solution_length": 45}, "info": {"regions": 1, "players": 2, "exits": 3, "layout": 42, "heuristic": -1, "solution": [], "content": [[1, 1, 7, 1, 0, 1, 5, 6], [7, 5, 5, 1, 1, 7, 5, 0], [6, 0, 6, 3, 4, 6, 5, 1], [0, 5, 7, 5, 5, 7, 0, 0], [1, 7, 7, 1, 1, 3, 7, 6], [1, 4, 0, 0, 0, 2, 1, 5], [0, 4, 5, 1, 0, 1, 6, 5], [0, 0, 7, 0, 7, 0, 0, 1], [6, 6, 4, 5, 4, 1, 4, 1], [5, 5, 1, 5, 1, 4, 1, 1], [5, 5, 6, 1, 4, 0, 0, 3], [5, 5, 2, 7, 6, 6, 1, 1]], "potions": 8, "treasures": 19, "enemies": 22, "solution_length": 0, "enemies_loc": [[2, 0], [7, 0], [0, 1], [5, 1], [0, 2], [2, 2], [5, 2], [2, 3], [5, 3], [1, 4], [2, 4], [6, 4], [7, 4], [6, 6], [2, 7], [4, 7], [0, 8], [1, 8], [2, 10], [3, 11], [4, 11], [5, 11]]}, "quality": 0.32289473681613906, "diversity": 0.36309523080357164, "controlability": 0.0}