{"content": [[1, 1, 7, 1, 7, 7, 5, 6], [1, 2, 7, 5, 2, 7, 4, 1], [0, 5, 7, 1, 0, 6, 5, 1], [0, 5, 1, 6, 0, 7, 0, 3], [0, 5, 6, 6, 6, 1, 6, 0], [4, 6, 1, 0, 1, 2, 0, 3], [0, 1, 0, 7, 1, 7, 1, 5], [4, 0, 7, 0, 7, 4, 0, 0], [2, 0, 1, 5, 5, 1, 1, 7], [1, 6, 1, 6, 0, 1, 7, 0], [2, 0, 6, 1, 2, 6, 6, 0], [0, 6, 6, 3, 6, 1, 6, 1]], "control": {"col_treasures": 8, "solution_length": 30}, "info": {"regions": 1, "players": 6, "exits": 3, "layout": 44, "heuristic": -1, "solution": [], "content": [[1, 1, 7, 1, 7, 7, 5, 6], [1, 2, 7, 5, 2, 7, 4, 1], [0, 5, 7, 1, 0, 6, 5, 1], [0, 5, 1, 6, 0, 7, 0, 3], [0, 5, 6, 6, 6, 1, 6, 0], [4, 6, 1, 0, 1, 2, 0, 3], [0, 1, 0, 7, 1, 7, 1, 5], [4, 0, 7, 0, 7, 4, 0, 0], [2, 0, 1, 5, 5, 1, 1, 7], [1, 6, 1, 6, 0, 1, 7, 0], [2, 0, 6, 1, 2, 6, 6, 0], [0, 6, 6, 3, 6, 1, 6, 1]], "potions": 4, "treasures": 9, "enemies": 30, "solution_length": 0, "enemies_loc": [[2, 0], [4, 0], [5, 0], [7, 0], [2, 1], [5, 1], [2, 2], [5, 2], [3, 3], [5, 3], [2, 4], [3, 4], [4, 4], [6, 4], [1, 5], [3, 6], [5, 6], [2, 7], [4, 7], [7, 8], [1, 9], [3, 9], [6, 9], [2, 10], [5, 10], [6, 10], [1, 11], [2, 11], [4, 11], [6, 11]]}, "quality": 0.3228654970497739, "diversity": 0.29404239074835536, "controlability": 0.0}