{"content": [[1, 1, 7, 1, 0, 1, 4, 0], [5, 0, 5, 4, 1, 3, 4, 0], [0, 0, 4, 4, 4, 1, 1, 1], [0, 2, 1, 4, 0, 7, 0, 0], [4, 1, 3, 0, 6, 5, 4, 0], [1, 6, 1, 1, 1, 1, 7, 4], [7, 4, 5, 1, 6, 6, 0, 5], [4, 6, 4, 0, 7, 4, 4, 1], [6, 1, 1, 5, 5, 4, 4, 0], [5, 0, 1, 5, 0, 0, 4, 3], [5, 0, 6, 1, 0, 6, 0, 1], [5, 5, 5, 6, 6, 1, 1, 6]], "control": {"col_treasures": 18, "solution_length": 45}, "info": {"regions": 1, "players": 1, "exits": 3, "layout": 45, "heuristic": -1, "solution": [], "content": [[1, 1, 7, 1, 0, 1, 4, 0], [5, 0, 5, 4, 1, 3, 4, 0], [0, 0, 4, 4, 4, 1, 1, 1], [0, 2, 1, 4, 0, 7, 0, 0], [4, 1, 3, 0, 6, 5, 4, 0], [1, 6, 1, 1, 1, 1, 7, 4], [7, 4, 5, 1, 6, 6, 0, 5], [4, 6, 4, 0, 7, 4, 4, 1], [6, 1, 1, 5, 5, 4, 4, 0], [5, 0, 1, 5, 0, 0, 4, 3], [5, 0, 6, 1, 0, 6, 0, 1], [5, 5, 5, 6, 6, 1, 1, 6]], "potions": 18, "treasures": 13, "enemies": 16, "solution_length": 0, "enemies_loc": [[2, 0], [5, 3], [4, 4], [1, 5], [6, 5], [0, 6], [4, 6], [5, 6], [1, 7], [4, 7], [0, 8], [2, 10], [5, 10], [3, 11], [4, 11], [7, 11]]}, "quality": 0.32776315787484617, "diversity": 0.31032985387369794, "controlability": 0.0}