{"content": [[1, 1, 1, 1, 7, 1, 7, 1], [0, 2, 0, 5, 4, 0, 6, 0], [0, 4, 1, 4, 0, 1, 6, 1], [6, 5, 1, 0, 2, 7, 4, 0], [6, 3, 1, 6, 3, 1, 7, 0], [1, 6, 5, 7, 1, 6, 0, 4], [0, 5, 6, 1, 1, 0, 0, 1], [0, 0, 0, 0, 1, 0, 1, 6], [4, 0, 1, 1, 0, 4, 0, 4], [4, 1, 1, 7, 0, 4, 1, 6], [5, 3, 6, 6, 7, 6, 0, 1], [4, 0, 1, 0, 0, 1, 6, 1]], "control": {"col_treasures": 18, "solution_length": 45}, "info": {"regions": 2, "players": 2, "exits": 3, "layout": 54, "heuristic": -1, "solution": [], "content": [[1, 1, 1, 1, 7, 1, 7, 1], [0, 2, 0, 5, 4, 0, 6, 0], [0, 4, 1, 4, 0, 1, 6, 1], [6, 5, 1, 0, 2, 7, 4, 0], [6, 3, 1, 6, 3, 1, 7, 0], [1, 6, 5, 7, 1, 6, 0, 4], [0, 5, 6, 1, 1, 0, 0, 1], [0, 0, 0, 0, 1, 0, 1, 6], [4, 0, 1, 1, 0, 4, 0, 4], [4, 1, 1, 7, 0, 4, 1, 6], [5, 3, 6, 6, 7, 6, 0, 1], [4, 0, 1, 0, 0, 1, 6, 1]], "potions": 11, "treasures": 5, "enemies": 21, "solution_length": 0, "enemies_loc": [[4, 0], [6, 0], [6, 1], [6, 2], [0, 3], [5, 3], [0, 4], [3, 4], [6, 4], [1, 5], [3, 5], [5, 5], [2, 6], [7, 7], [3, 9], [7, 9], [2, 10], [3, 10], [4, 10], [5, 10], [6, 11]]}, "quality": 0.3234761321086235, "diversity": 0.2934626367726295, "controlability": 0.0}