{"content": [[1, 1, 1, 1, 1, 5, 7, 7], [0, 0, 0, 0, 4, 7, 1, 0], [0, 0, 0, 1, 4, 6, 6, 7], [0, 2, 1, 0, 4, 7, 0, 0], [6, 0, 1, 6, 0, 1, 7, 6], [1, 6, 0, 4, 1, 0, 1, 4], [0, 4, 6, 1, 3, 1, 0, 6], [7, 0, 0, 0, 7, 1, 0, 6], [5, 5, 1, 1, 5, 4, 1, 1], [7, 0, 7, 7, 0, 4, 1, 6], [6, 4, 6, 1, 4, 0, 0, 1], [5, 2, 1, 0, 0, 1, 4, 1]], "control": {"col_treasures": 18, "solution_length": 45}, "info": {"regions": 1, "players": 2, "exits": 1, "layout": 54, "heuristic": -1, "solution": [], "content": [[1, 1, 1, 1, 1, 5, 7, 7], [0, 0, 0, 0, 4, 7, 1, 0], [0, 0, 0, 1, 4, 6, 6, 7], [0, 2, 1, 0, 4, 7, 0, 0], [6, 0, 1, 6, 0, 1, 7, 6], [1, 6, 0, 4, 1, 0, 1, 4], [0, 4, 6, 1, 3, 1, 0, 6], [7, 0, 0, 0, 7, 1, 0, 6], [5, 5, 1, 1, 5, 4, 1, 1], [7, 0, 7, 7, 0, 4, 1, 6], [6, 4, 6, 1, 4, 0, 0, 1], [5, 2, 1, 0, 0, 1, 4, 1]], "potions": 11, "treasures": 5, "enemies": 23, "solution_length": 0, "enemies_loc": [[6, 0], [7, 0], [5, 1], [5, 2], [6, 2], [7, 2], [5, 3], [0, 4], [3, 4], [6, 4], [7, 4], [1, 5], [2, 6], [7, 6], [0, 7], [4, 7], [7, 7], [0, 9], [2, 9], [3, 9], [7, 9], [0, 10], [2, 10]]}, "quality": 0.3326315789404248, "diversity": 0.3871527708767364, "controlability": 0.0}