{"content": [[1, 1, 1, 1, 4, 0, 7, 1], [0, 2, 0, 0, 4, 2, 5, 0], [0, 1, 5, 4, 7, 4, 6, 1], [0, 5, 1, 0, 0, 7, 4, 1], [1, 7, 1, 6, 6, 1, 0, 6], [1, 4, 0, 1, 5, 6, 0, 4], [0, 7, 0, 1, 1, 7, 1, 5], [5, 0, 5, 0, 1, 0, 1, 1], [4, 0, 4, 1, 0, 4, 0, 1], [4, 0, 7, 1, 4, 4, 1, 1], [4, 3, 6, 1, 7, 6, 0, 1], [4, 0, 1, 0, 5, 1, 0, 1]], "control": {"col_treasures": 8, "solution_length": 30}, "info": {"regions": 1, "players": 2, "exits": 1, "layout": 55, "heuristic": -1, "solution": [], "content": [[1, 1, 1, 1, 4, 0, 7, 1], [0, 2, 0, 0, 4, 2, 5, 0], [0, 1, 5, 4, 7, 4, 6, 1], [0, 5, 1, 0, 0, 7, 4, 1], [1, 7, 1, 6, 6, 1, 0, 6], [1, 4, 0, 1, 5, 6, 0, 4], [0, 7, 0, 1, 1, 7, 1, 5], [5, 0, 5, 0, 1, 0, 1, 1], [4, 0, 4, 1, 0, 4, 0, 1], [4, 0, 7, 1, 4, 4, 1, 1], [4, 3, 6, 1, 7, 6, 0, 1], [4, 0, 1, 0, 5, 1, 0, 1]], "potions": 15, "treasures": 8, "enemies": 15, "solution_length": 0, "enemies_loc": [[6, 0], [4, 2], [6, 2], [5, 3], [1, 4], [3, 4], [4, 4], [7, 4], [5, 5], [1, 6], [5, 6], [2, 9], [2, 10], [4, 10], [5, 10]]}, "quality": 0.3326315789404248, "diversity": 0.27026514521306844, "controlability": 0.0}