{"content": [[1, 1, 1, 0, 1, 1, 1, 1, 0, 1, 0], [1, 1, 1, 1, 0, 1, 2, 0, 3, 1, 0], [2, 1, 1, 1, 1, 0, 2, 5, 1, 1, 0], [0, 1, 0, 0, 0, 1, 0, 1, 0, 1, 0], [1, 5, 5, 1, 1, 1, 1, 1, 1, 1, 1], [1, 0, 1, 1, 4, 0, 0, 1, 5, 1, 1], [1, 0, 0, 0, 1, 1, 0, 0, 1, 3, 1]], "control": {"player_key": 17, "key_door": 17}, "info": {"regions": 1, "players": 3, "keys": 2, "doors": 1, "enemies": 4, "player_key": 4, "key_door": 8, "pk_path": [[6, 1], [6, 2], [7, 2], [8, 2], [8, 1]], "kd_path": []}, "quality": 0.4975328947207194, "diversity": 0.06666666666666665, "controlability": 0.39999999973333333}