{"content": [[1, 1, 1, 0, 1, 3, 0, 0, 0, 1, 0], [1, 5, 1, 1, 0, 1, 1, 0, 0, 1, 0], [1, 1, 1, 1, 0, 0, 3, 5, 1, 1, 0], [0, 1, 0, 0, 0, 1, 0, 1, 0, 1, 0], [1, 5, 5, 1, 1, 1, 1, 1, 1, 1, 1], [1, 0, 1, 1, 4, 0, 1, 1, 5, 1, 1], [1, 0, 0, 0, 1, 1, 2, 0, 1, 3, 1]], "control": {"player_key": 17, "key_door": 17}, "info": {"regions": 1, "players": 1, "keys": 3, "doors": 1, "enemies": 5, "player_key": 9, "key_door": 10, "pk_path": [[6, 6], [6, 5], [6, 4], [7, 4], [7, 3], [7, 2], [6, 2], [6, 1], [5, 1], [5, 0]], "kd_path": []}, "quality": 0.49749909875788145, "diversity": 0.25, "controlability": 0.633333332911111}