{"content": [[1, 1, 1, 0, 1, 1, 1, 1, 1, 1, 1, 0, 0, 1], [0, 1, 0, 1, 1, 0, 0, 0, 1, 1, 1, 1, 0, 1], [1, 1, 1, 1, 0, 0, 1, 1, 1, 1, 0, 1, 1, 0], [0, 1, 0, 1, 1, 1, 0, 1, 1, 1, 0, 1, 1, 1], [1, 0, 0, 1, 0, 1, 1, 1, 1, 1, 1, 1, 1, 1], [1, 1, 1, 1, 0, 1, 0, 1, 1, 1, 1, 0, 1, 1], [0, 1, 1, 1, 1, 1, 0, 0, 0, 0, 0, 1, 1, 1], [0, 0, 1, 1, 0, 1, 1, 0, 1, 1, 1, 1, 1, 1], [1, 0, 1, 0, 0, 1, 0, 1, 1, 1, 1, 1, 1, 0], [1, 1, 1, 1, 1, 1, 1, 0, 1, 0, 1, 1, 1, 1], [0, 1, 0, 0, 1, 1, 1, 0, 1, 1, 1, 0, 1, 1], [0, 1, 0, 0, 1, 1, 1, 0, 0, 0, 1, 0, 1, 0], [1, 1, 1, 1, 1, 0, 1, 1, 1, 0, 1, 1, 1, 0], [1, 0, 0, 0, 1, 1, 1, 1, 1, 0, 0, 0, 0, 0]], "control": {"path": 93}, "info": {"path": 31, "regions": 2, "flat": [1, 1, 1, 0, 1, 1, 1, 1, 1, 1, 1, 0, 0, 1, 0, 1, 0, 1, 1, 0, 0, 0, 1, 1, 1, 1, 0, 1, 1, 1, 1, 1, 0, 0, 1, 1, 1, 1, 0, 1, 1, 0, 0, 1, 0, 1, 1, 1, 0, 1, 1, 1, 0, 1, 1, 1, 1, 0, 0, 1, 0, 1, 1, 1, 1, 1, 1, 1, 1, 1, 1, 1, 1, 1, 0, 1, 0, 1, 1, 1, 1, 0, 1, 1, 0, 1, 1, 1, 1, 1, 0, 0, 0, 0, 0, 1, 1, 1, 0, 0, 1, 1, 0, 1, 1, 0, 1, 1, 1, 1, 1, 1, 1, 0, 1, 0, 0, 1, 0, 1, 1, 1, 1, 1, 1, 0, 1, 1, 1, 1, 1, 1, 1, 0, 1, 0, 1, 1, 1, 1, 0, 1, 0, 0, 1, 1, 1, 0, 1, 1, 1, 0, 1, 1, 0, 1, 0, 0, 1, 1, 1, 0, 0, 0, 1, 0, 1, 0, 1, 1, 1, 1, 1, 0, 1, 1, 1, 0, 1, 1, 1, 0, 1, 0, 0, 0, 1, 1, 1, 1, 1, 0, 0, 0, 0, 0]}, "quality": 0.9731182793155277, "diversity": 0.701044703509342, "controlability": 0.36046511623715527}