{"content": [[1, 1, 1, 0, 1, 1, 1, 1, 1, 1, 0, 0, 0, 1], [0, 1, 1, 1, 1, 0, 0, 1, 1, 1, 0, 1, 1, 1], [1, 0, 1, 1, 1, 0, 1, 1, 1, 1, 1, 0, 0, 0], [1, 1, 0, 1, 0, 0, 0, 1, 1, 1, 0, 1, 1, 0], [1, 1, 1, 0, 1, 1, 1, 0, 0, 1, 1, 0, 1, 1], [1, 1, 1, 1, 1, 1, 1, 0, 1, 1, 0, 1, 1, 0], [0, 1, 1, 0, 1, 1, 1, 0, 1, 1, 0, 0, 1, 0], [0, 1, 0, 1, 0, 1, 1, 0, 1, 0, 1, 1, 1, 1], [1, 1, 1, 1, 0, 1, 0, 0, 0, 1, 1, 1, 1, 0], [1, 0, 0, 1, 1, 1, 1, 1, 0, 0, 1, 0, 1, 1], [0, 1, 1, 0, 1, 1, 0, 0, 0, 1, 1, 1, 1, 1], [0, 1, 0, 0, 1, 0, 1, 1, 0, 1, 0, 1, 1, 0], [1, 1, 1, 0, 0, 1, 0, 1, 1, 1, 1, 1, 1, 0], [0, 0, 1, 1, 1, 1, 1, 1, 0, 0, 1, 1, 0, 1]], "control": {"path": 92}, "info": {"path": 26, "regions": 5, "flat": [1, 1, 1, 0, 1, 1, 1, 1, 1, 1, 0, 0, 0, 1, 0, 1, 1, 1, 1, 0, 0, 1, 1, 1, 0, 1, 1, 1, 1, 0, 1, 1, 1, 0, 1, 1, 1, 1, 1, 0, 0, 0, 1, 1, 0, 1, 0, 0, 0, 1, 1, 1, 0, 1, 1, 0, 1, 1, 1, 0, 1, 1, 1, 0, 0, 1, 1, 0, 1, 1, 1, 1, 1, 1, 1, 1, 1, 0, 1, 1, 0, 1, 1, 0, 0, 1, 1, 0, 1, 1, 1, 0, 1, 1, 0, 0, 1, 0, 0, 1, 0, 1, 0, 1, 1, 0, 1, 0, 1, 1, 1, 1, 1, 1, 1, 1, 0, 1, 0, 0, 0, 1, 1, 1, 1, 0, 1, 0, 0, 1, 1, 1, 1, 1, 0, 0, 1, 0, 1, 1, 0, 1, 1, 0, 1, 1, 0, 0, 0, 1, 1, 1, 1, 1, 0, 1, 0, 0, 1, 0, 1, 1, 0, 1, 0, 1, 1, 0, 1, 1, 1, 0, 0, 1, 0, 1, 1, 1, 1, 1, 1, 0, 0, 0, 1, 1, 1, 1, 1, 1, 0, 0, 1, 1, 0, 1]}, "quality": 0.8567588321884607, "diversity": 0.6684505323029928, "controlability": 0.30588235290519034}