{"content": [[1, 1, 1, 0, 1, 1, 1, 1, 1, 1, 1, 0, 0, 1], [0, 1, 1, 1, 1, 0, 1, 0, 1, 1, 1, 1, 1, 1], [1, 1, 0, 1, 1, 1, 1, 1, 1, 1, 0, 0, 1, 1], [0, 1, 0, 1, 1, 1, 0, 0, 0, 0, 0, 1, 0, 1], [1, 0, 0, 0, 1, 0, 1, 1, 1, 1, 1, 1, 1, 1], [1, 1, 1, 1, 1, 1, 1, 1, 1, 1, 1, 1, 1, 1], [0, 1, 1, 1, 0, 1, 1, 0, 1, 1, 0, 0, 0, 0], [1, 1, 0, 1, 0, 1, 1, 1, 0, 0, 0, 1, 1, 1], [1, 1, 1, 1, 1, 1, 0, 0, 1, 1, 1, 1, 1, 0], [1, 0, 0, 0, 0, 1, 1, 1, 0, 1, 1, 1, 1, 0], [0, 1, 1, 1, 1, 1, 1, 0, 0, 0, 1, 1, 0, 1], [0, 1, 0, 0, 1, 0, 1, 0, 0, 1, 0, 0, 0, 0], [1, 1, 1, 0, 1, 0, 1, 1, 0, 1, 1, 1, 1, 0], [1, 0, 1, 1, 1, 1, 1, 1, 1, 0, 1, 1, 0, 0]], "control": {"path": 93}, "info": {"path": 26, "regions": 4, "flat": [1, 1, 1, 0, 1, 1, 1, 1, 1, 1, 1, 0, 0, 1, 0, 1, 1, 1, 1, 0, 1, 0, 1, 1, 1, 1, 1, 1, 1, 1, 0, 1, 1, 1, 1, 1, 1, 1, 0, 0, 1, 1, 0, 1, 0, 1, 1, 1, 0, 0, 0, 0, 0, 1, 0, 1, 1, 0, 0, 0, 1, 0, 1, 1, 1, 1, 1, 1, 1, 1, 1, 1, 1, 1, 1, 1, 1, 1, 1, 1, 1, 1, 1, 1, 0, 1, 1, 1, 0, 1, 1, 0, 1, 1, 0, 0, 0, 0, 1, 1, 0, 1, 0, 1, 1, 1, 0, 0, 0, 1, 1, 1, 1, 1, 1, 1, 1, 1, 0, 0, 1, 1, 1, 1, 1, 0, 1, 0, 0, 0, 0, 1, 1, 1, 0, 1, 1, 1, 1, 0, 0, 1, 1, 1, 1, 1, 1, 0, 0, 0, 1, 1, 0, 1, 0, 1, 0, 0, 1, 0, 1, 0, 0, 1, 0, 0, 0, 0, 1, 1, 1, 0, 1, 0, 1, 1, 0, 1, 1, 1, 1, 0, 1, 0, 1, 1, 1, 1, 1, 1, 1, 0, 1, 1, 0, 0]}, "quality": 0.8836405526041158, "diversity": 0.7721088434436558, "controlability": 0.3023255813601947}