{"content": [[1, 1, 1, 0, 0, 1, 1, 1, 1, 1, 0, 0, 1, 1], [0, 1, 1, 1, 1, 0, 0, 1, 1, 1, 1, 1, 1, 1], [1, 0, 1, 1, 0, 0, 1, 1, 1, 0, 1, 0, 1, 0], [1, 0, 0, 1, 1, 0, 0, 1, 0, 0, 0, 1, 0, 1], [1, 0, 0, 0, 0, 1, 1, 1, 1, 0, 1, 1, 1, 1], [1, 0, 1, 1, 0, 1, 1, 1, 1, 1, 1, 1, 0, 0], [1, 1, 1, 1, 1, 1, 0, 0, 1, 0, 0, 0, 1, 0], [1, 0, 0, 1, 0, 1, 1, 0, 1, 0, 1, 1, 1, 0], [1, 1, 1, 1, 1, 1, 0, 0, 1, 1, 0, 0, 1, 0], [1, 0, 0, 0, 1, 1, 1, 1, 0, 0, 1, 1, 1, 1], [0, 1, 1, 1, 1, 1, 1, 0, 0, 0, 1, 0, 0, 1], [0, 1, 0, 0, 1, 0, 1, 0, 0, 0, 1, 1, 1, 0], [1, 1, 1, 0, 1, 1, 1, 1, 1, 1, 1, 1, 1, 1], [1, 0, 0, 0, 1, 1, 1, 0, 0, 0, 1, 1, 0, 1]], "control": {"path": 93}, "info": {"path": 34, "regions": 2, "flat": [1, 1, 1, 0, 0, 1, 1, 1, 1, 1, 0, 0, 1, 1, 0, 1, 1, 1, 1, 0, 0, 1, 1, 1, 1, 1, 1, 1, 1, 0, 1, 1, 0, 0, 1, 1, 1, 0, 1, 0, 1, 0, 1, 0, 0, 1, 1, 0, 0, 1, 0, 0, 0, 1, 0, 1, 1, 0, 0, 0, 0, 1, 1, 1, 1, 0, 1, 1, 1, 1, 1, 0, 1, 1, 0, 1, 1, 1, 1, 1, 1, 1, 0, 0, 1, 1, 1, 1, 1, 1, 0, 0, 1, 0, 0, 0, 1, 0, 1, 0, 0, 1, 0, 1, 1, 0, 1, 0, 1, 1, 1, 0, 1, 1, 1, 1, 1, 1, 0, 0, 1, 1, 0, 0, 1, 0, 1, 0, 0, 0, 1, 1, 1, 1, 0, 0, 1, 1, 1, 1, 0, 1, 1, 1, 1, 1, 1, 0, 0, 0, 1, 0, 0, 1, 0, 1, 0, 0, 1, 0, 1, 0, 0, 0, 1, 1, 1, 0, 1, 1, 1, 0, 1, 1, 1, 1, 1, 1, 1, 1, 1, 1, 1, 0, 0, 0, 1, 1, 1, 0, 0, 0, 1, 1, 0, 1]}, "quality": 0.9731182793155277, "diversity": 1.0, "controlability": 0.3953488371633316}