{"content": [[1, 1, 0, 0, 0, 1, 1, 1, 1, 0, 0, 0, 1, 1], [0, 1, 1, 1, 0, 0, 0, 0, 0, 1, 1, 1, 0, 1], [1, 1, 0, 1, 0, 0, 0, 1, 1, 0, 1, 1, 1, 0], [0, 0, 1, 1, 1, 1, 0, 1, 1, 0, 0, 1, 1, 0], [0, 1, 1, 0, 0, 1, 1, 1, 1, 1, 1, 1, 1, 1], [1, 0, 1, 0, 1, 1, 0, 1, 0, 1, 1, 1, 0, 0], [1, 1, 1, 0, 1, 0, 0, 0, 0, 0, 1, 0, 1, 1], [1, 1, 0, 1, 0, 0, 1, 1, 1, 0, 1, 1, 1, 0], [1, 0, 1, 1, 1, 1, 1, 1, 1, 1, 0, 1, 0, 0], [0, 0, 1, 0, 1, 1, 1, 1, 0, 0, 1, 1, 1, 1], [0, 1, 1, 0, 0, 1, 1, 1, 0, 1, 1, 0, 1, 0], [0, 1, 0, 0, 1, 0, 1, 1, 0, 0, 0, 0, 1, 0], [1, 1, 1, 0, 0, 1, 0, 1, 1, 0, 0, 1, 1, 1], [0, 0, 1, 0, 1, 1, 1, 0, 1, 1, 1, 0, 0, 0]], "control": {"path": 93}, "info": {"path": 27, "regions": 6, "flat": [1, 1, 0, 0, 0, 1, 1, 1, 1, 0, 0, 0, 1, 1, 0, 1, 1, 1, 0, 0, 0, 0, 0, 1, 1, 1, 0, 1, 1, 1, 0, 1, 0, 0, 0, 1, 1, 0, 1, 1, 1, 0, 0, 0, 1, 1, 1, 1, 0, 1, 1, 0, 0, 1, 1, 0, 0, 1, 1, 0, 0, 1, 1, 1, 1, 1, 1, 1, 1, 1, 1, 0, 1, 0, 1, 1, 0, 1, 0, 1, 1, 1, 0, 0, 1, 1, 1, 0, 1, 0, 0, 0, 0, 0, 1, 0, 1, 1, 1, 1, 0, 1, 0, 0, 1, 1, 1, 0, 1, 1, 1, 0, 1, 0, 1, 1, 1, 1, 1, 1, 1, 1, 0, 1, 0, 0, 0, 0, 1, 0, 1, 1, 1, 1, 0, 0, 1, 1, 1, 1, 0, 1, 1, 0, 0, 1, 1, 1, 0, 1, 1, 0, 1, 0, 0, 1, 0, 0, 1, 0, 1, 1, 0, 0, 0, 0, 1, 0, 1, 1, 1, 0, 0, 1, 0, 1, 1, 0, 0, 1, 1, 1, 0, 0, 1, 0, 1, 1, 1, 0, 1, 1, 1, 0, 0, 0]}, "quality": 0.8477342546235711, "diversity": 0.7820810141279813, "controlability": 0.31395348833558684}