{"content": [[1, 1, 5, 0, 1, 1, 4, 0, 0, 0, 0], [1, 1, 1, 1, 0, 1, 1, 0, 0, 1, 0], [1, 1, 1, 1, 0, 3, 1, 5, 1, 1, 0], [0, 1, 0, 1, 1, 4, 0, 1, 0, 3, 0], [1, 5, 4, 1, 1, 3, 1, 1, 1, 1, 1], [1, 0, 1, 1, 2, 0, 1, 1, 0, 1, 4], [1, 0, 0, 0, 1, 0, 0, 0, 1, 1, 1]], "control": {"player_key": 17, "key_door": 17}, "info": {"regions": 1, "players": 1, "keys": 3, "doors": 4, "enemies": 3, "player_key": 8, "key_door": 3, "pk_path": [[4, 5], [4, 4], [5, 4], [6, 4], [7, 4], [7, 3], [7, 2], [6, 2], [5, 2]], "kd_path": []}, "quality": 0.4958881578788305, "diversity": 0.7409549846547736, "controlability": 0.36666666642222223}