{"content": [[1, 1, 1, 0, 5, 1, 4, 1, 4, 1, 0], [1, 5, 1, 1, 0, 1, 1, 0, 0, 1, 0], [1, 1, 1, 1, 1, 0, 1, 1, 1, 1, 0], [0, 1, 0, 0, 0, 1, 0, 1, 0, 1, 0], [1, 5, 1, 1, 1, 1, 1, 1, 1, 1, 1], [1, 0, 1, 1, 4, 2, 1, 3, 0, 1, 5], [1, 0, 0, 0, 1, 0, 0, 0, 1, 1, 1]], "control": {"player_key": 17, "key_door": 17}, "info": {"regions": 1, "players": 1, "keys": 1, "doors": 3, "enemies": 4, "player_key": 2, "key_door": 6, "pk_path": [[5, 5], [6, 5], [7, 5]], "kd_path": []}, "quality": 0.4983552631498875, "diversity": 0.5963491931375666, "controlability": 0.26666666648888887}