{"content": [[1, 1, 1, 0, 1, 1, 1, 1, 0, 1, 0], [1, 1, 1, 1, 0, 1, 1, 0, 0, 1, 0], [1, 5, 1, 1, 1, 3, 1, 5, 2, 1, 0], [2, 1, 0, 0, 0, 1, 0, 1, 0, 1, 0], [1, 5, 1, 1, 1, 3, 1, 1, 1, 1, 1], [1, 0, 1, 2, 4, 0, 1, 1, 5, 1, 1], [1, 0, 0, 0, 1, 1, 0, 0, 1, 3, 1]], "control": {"player_key": 17, "key_door": 17}, "info": {"regions": 1, "players": 3, "keys": 3, "doors": 1, "enemies": 4, "player_key": 3, "key_door": 4, "pk_path": [[8, 2], [7, 2], [6, 2], [5, 2]], "kd_path": []}, "quality": 0.49671052629977497, "diversity": 0.05882352941176472, "controlability": 0.23333333317777777}