{"content": [[1, 1, 1, 0, 0, 1, 1, 1, 0, 1, 0], [0, 1, 1, 1, 0, 0, 1, 2, 0, 1, 0], [0, 1, 1, 1, 1, 1, 1, 5, 1, 1, 0], [0, 1, 0, 0, 0, 1, 0, 1, 0, 1, 0], [1, 1, 1, 1, 1, 1, 0, 1, 0, 1, 1], [1, 0, 1, 1, 1, 0, 1, 1, 0, 1, 1], [1, 4, 0, 0, 0, 1, 0, 0, 1, 3, 1]], "control": {"player_key": 17, "key_door": 17}, "info": {"regions": 2, "players": 1, "keys": 1, "doors": 1, "enemies": 1, "player_key": 7, "key_door": 18, "pk_path": [[7, 1], [7, 2], [8, 2], [9, 2], [9, 3], [9, 4], [9, 5], [9, 6]], "kd_path": []}, "quality": 0.9314365666904865, "diversity": 0.0714285714285714, "controlability": 0.7333333331777778}