{"content": [[1, 3, 1, 0, 1, 1, 1, 1, 2, 0, 0], [1, 1, 1, 1, 0, 1, 1, 0, 0, 1, 0], [1, 0, 1, 1, 1, 1, 1, 3, 1, 1, 1], [0, 1, 0, 2, 0, 1, 0, 1, 0, 1, 0], [1, 5, 1, 1, 1, 0, 1, 1, 1, 1, 1], [1, 0, 1, 5, 4, 0, 1, 1, 5, 1, 1], [1, 0, 0, 0, 1, 1, 0, 0, 1, 3, 1]], "control": {"player_key": 17, "key_door": 17}, "info": {"regions": 1, "players": 2, "keys": 3, "doors": 1, "enemies": 3, "player_key": 11, "key_door": 8, "pk_path": [[8, 0], [7, 0], [6, 0], [6, 1], [6, 2], [5, 2], [4, 2], [3, 2], [3, 1], [2, 1], [2, 0], [1, 0]], "kd_path": []}, "quality": 0.4975328947207194, "diversity": 0.8086419650205765, "controlability": 0.633333332911111}