{"content": {"layout": [15, 15, 15, 15, 11, 14, 15, 5, 8, 15, 14, 15, 6, 14, 5, 0], "start": 11, "boss": 0, "shop": 11, "treasure": 8}, "control": {"map_size": 11}, "info": {"map_size": 15, "num_regions": 1, "connect_regions": 2, "loose_connections": 19, "locations": 3, "player_boss_distance": 5, "flat": [0, 2, 0, 0, 2, 0, 0, 2, 0, 0, 2, 0, 2, 1, 2, 2, 1, 2, 2, 1, 2, 2, 1, 2, 0, 2, 0, 0, 2, 0, 0, 2, 0, 0, 2, 0, 0, 2, 0, 0, 2, 0, 0, 2, 0, 0, 0, 0, 2, 1, 0, 0, 1, 2, 2, 1, 2, 2, 1, 2, 0, 2, 0, 0, 2, 0, 0, 2, 0, 0, 0, 0, 0, 0, 0, 0, 2, 0, 0, 2, 0, 0, 2, 0, 0, 1, 0, 2, 1, 2, 0, 1, 2, 2, 1, 2, 0, 2, 0, 0, 2, 0, 0, 2, 0, 0, 2, 0, 0, 2, 0, 0, 2, 0, 0, 0, 0, 0, 0, 0, 0, 1, 2, 0, 1, 2, 2, 1, 2, 0, 0, 0, 0, 0, 0, 0, 2, 0, 0, 0, 0, 0, 0, 0], "dead_end": 1}, "quality": 0.5899999999066667, "diversity": 0.17682291389729832, "controlability": 1.0}