{"content": [[6, 1, 1, 0, 7, 5, 5, 1], [7, 2, 0, 1, 4, 7, 5, 0], [1, 4, 4, 6, 4, 6, 6, 1], [4, 5, 1, 0, 0, 4, 4, 7], [6, 6, 1, 6, 6, 1, 6, 6], [1, 6, 0, 7, 0, 6, 0, 1], [0, 0, 6, 1, 1, 7, 0, 5], [5, 0, 7, 0, 7, 0, 1, 7], [4, 0, 4, 5, 4, 4, 0, 1], [4, 0, 1, 7, 4, 4, 1, 6], [5, 3, 6, 1, 7, 6, 0, 1], [4, 0, 1, 0, 7, 1, 1, 1]], "control": {"col_treasures": 18, "solution_length": 45}, "info": {"regions": 1, "players": 1, "exits": 1, "layout": 43, "heuristic": 144, "solution": [], "content": [[6, 1, 1, 0, 7, 5, 5, 1], [7, 2, 0, 1, 4, 7, 5, 0], [1, 4, 4, 6, 4, 6, 6, 1], [4, 5, 1, 0, 0, 4, 4, 7], [6, 6, 1, 6, 6, 1, 6, 6], [1, 6, 0, 7, 0, 6, 0, 1], [0, 0, 6, 1, 1, 7, 0, 5], [5, 0, 7, 0, 7, 0, 1, 7], [4, 0, 4, 5, 4, 4, 0, 1], [4, 0, 1, 7, 4, 4, 1, 6], [5, 3, 6, 1, 7, 6, 0, 1], [4, 0, 1, 0, 7, 1, 1, 1]], "potions": 15, "treasures": 8, "enemies": 28, "solution_length": 0, "enemies_loc": [[0, 0], [4, 0], [0, 1], [5, 1], [3, 2], [5, 2], [6, 2], [7, 3], [0, 4], [1, 4], [3, 4], [4, 4], [6, 4], [7, 4], [1, 5], [3, 5], [5, 5], [2, 6], [5, 6], [2, 7], [4, 7], [7, 7], [3, 9], [7, 9], [2, 10], [4, 10], [5, 10], [4, 11]], "status": "running", "health": 5, "col_treasures": 1, "col_potions": 2, "col_enemies": 2}, "quality": 0.4904513888762687, "diversity": 0.33854165939360126, "controlability": 0.03571428568877551}