{"content": [[1, 1, 1, 1, 4, 1, 7, 1], [0, 2, 1, 0, 4, 7, 5, 0], [0, 4, 5, 4, 7, 6, 7, 1], [0, 1, 1, 0, 0, 7, 1, 5], [1, 7, 5, 6, 6, 1, 6, 6], [1, 5, 0, 1, 0, 6, 0, 4], [0, 0, 0, 1, 1, 7, 1, 5], [5, 0, 0, 0, 1, 0, 1, 1], [7, 0, 4, 1, 0, 0, 0, 1], [4, 0, 7, 7, 1, 4, 1, 6], [5, 3, 6, 1, 7, 0, 0, 1], [4, 4, 1, 0, 4, 1, 0, 1]], "control": {"col_treasures": 8, "solution_length": 30}, "info": {"regions": 1, "players": 1, "exits": 1, "layout": 56, "heuristic": 139, "solution": [], "content": [[1, 1, 1, 1, 4, 1, 7, 1], [0, 2, 1, 0, 4, 7, 5, 0], [0, 4, 5, 4, 7, 6, 7, 1], [0, 1, 1, 0, 0, 7, 1, 5], [1, 7, 5, 6, 6, 1, 6, 6], [1, 5, 0, 1, 0, 6, 0, 4], [0, 0, 0, 1, 1, 7, 1, 5], [5, 0, 0, 0, 1, 0, 1, 1], [7, 0, 4, 1, 0, 0, 0, 1], [4, 0, 7, 7, 1, 4, 1, 6], [5, 3, 6, 1, 7, 0, 0, 1], [4, 4, 1, 0, 4, 1, 0, 1]], "potions": 11, "treasures": 8, "enemies": 19, "solution_length": 0, "enemies_loc": [[6, 0], [5, 1], [4, 2], [5, 2], [6, 2], [5, 3], [1, 4], [3, 4], [4, 4], [6, 4], [7, 4], [5, 5], [5, 6], [0, 8], [2, 9], [3, 9], [7, 9], [2, 10], [4, 10]], "status": "running", "health": 5, "col_treasures": 3, "col_potions": 1, "col_enemies": 1}, "quality": 0.4974862557868589, "diversity": 0.3998842520399307, "controlability": 0.37499999906250003}