{"content": [[1, 1, 1, 1, 1, 1, 1, 0, 2, 5, 0], [1, 1, 1, 1, 0, 1, 5, 0, 0, 1, 0], [0, 1, 1, 1, 1, 1, 1, 5, 1, 1, 0], [0, 1, 0, 0, 0, 1, 0, 1, 0, 1, 0], [1, 1, 1, 0, 1, 5, 0, 1, 1, 1, 1], [1, 5, 1, 1, 4, 0, 1, 1, 1, 0, 1], [1, 0, 0, 0, 1, 1, 0, 0, 1, 3, 1]], "control": {"player_key": 17, "key_door": 17}, "info": {"regions": 1, "players": 1, "keys": 1, "doors": 1, "enemies": 5, "player_key": 9, "key_door": 12, "pk_path": [[8, 0], [9, 0], [9, 1], [9, 2], [9, 3], [9, 4], [8, 4], [8, 5], [8, 6], [9, 6]], "kd_path": []}, "quality": 0.999143835607994, "diversity": 0.6874922599606934, "controlability": 0.6999999995333333}