{"content": [[1, 1, 7, 1, 0, 5, 5, 0], [2, 0, 5, 1, 1, 1, 5, 5], [0, 0, 4, 1, 4, 1, 5, 2], [0, 5, 1, 5, 0, 7, 0, 7], [1, 0, 7, 1, 1, 0, 7, 0], [1, 4, 4, 4, 0, 0, 1, 5], [0, 7, 3, 1, 0, 1, 1, 0], [4, 0, 7, 0, 7, 4, 0, 1], [6, 0, 4, 5, 4, 4, 1, 7], [5, 5, 1, 5, 5, 4, 1, 7], [5, 5, 6, 1, 5, 1, 0, 1], [5, 0, 2, 6, 6, 1, 5, 1]], "control": {"col_treasures": 18, "solution_length": 45}, "info": {"regions": 1, "players": 3, "exits": 1, "layout": 48, "heuristic": -1, "solution": [], "content": [[1, 1, 7, 1, 0, 5, 5, 0], [2, 0, 5, 1, 1, 1, 5, 5], [0, 0, 4, 1, 4, 1, 5, 2], [0, 5, 1, 5, 0, 7, 0, 7], [1, 0, 7, 1, 1, 0, 7, 0], [1, 4, 4, 4, 0, 0, 1, 5], [0, 7, 3, 1, 0, 1, 1, 0], [4, 0, 7, 0, 7, 4, 0, 1], [6, 0, 4, 5, 4, 4, 1, 7], [5, 5, 1, 5, 5, 4, 1, 7], [5, 5, 6, 1, 5, 1, 0, 1], [5, 0, 2, 6, 6, 1, 5, 1]], "potions": 11, "treasures": 19, "enemies": 14, "solution_length": 0, "enemies_loc": [[2, 0], [5, 3], [7, 3], [2, 4], [6, 4], [1, 6], [2, 7], [4, 7], [0, 8], [7, 8], [7, 9], [2, 10], [3, 11], [4, 11]]}, "quality": 0.3319298245545337, "diversity": 0.2671046337579902, "controlability": 0.0}