{"content": [[1, 1, 1, 1, 0, 7, 5, 6], [1, 0, 7, 0, 2, 7, 3, 1], [0, 5, 7, 1, 0, 1, 2, 1], [0, 5, 1, 0, 0, 7, 1, 3], [0, 7, 1, 1, 6, 1, 0, 0], [1, 6, 2, 7, 5, 1, 1, 0], [0, 5, 7, 7, 1, 0, 4, 1], [5, 0, 7, 0, 1, 4, 0, 7], [2, 0, 1, 5, 0, 1, 1, 7], [1, 6, 0, 7, 0, 1, 1, 0], [2, 0, 6, 4, 5, 6, 6, 1], [0, 6, 6, 0, 6, 1, 6, 1]], "control": {"col_treasures": 8, "solution_length": 30}, "info": {"regions": 2, "players": 5, "exits": 2, "layout": 54, "heuristic": -1, "solution": [], "content": [[1, 1, 1, 1, 0, 7, 5, 6], [1, 0, 7, 0, 2, 7, 3, 1], [0, 5, 7, 1, 0, 1, 2, 1], [0, 5, 1, 0, 0, 7, 1, 3], [0, 7, 1, 1, 6, 1, 0, 0], [1, 6, 2, 7, 5, 1, 1, 0], [0, 5, 7, 7, 1, 0, 4, 1], [5, 0, 7, 0, 1, 4, 0, 7], [2, 0, 1, 5, 0, 1, 1, 7], [1, 6, 0, 7, 0, 1, 1, 0], [2, 0, 6, 4, 5, 6, 6, 1], [0, 6, 6, 0, 6, 1, 6, 1]], "potions": 3, "treasures": 8, "enemies": 24, "solution_length": 0, "enemies_loc": [[5, 0], [7, 0], [2, 1], [5, 1], [2, 2], [5, 3], [1, 4], [4, 4], [1, 5], [3, 5], [2, 6], [3, 6], [2, 7], [7, 7], [7, 8], [1, 9], [3, 9], [2, 10], [5, 10], [6, 10], [1, 11], [2, 11], [4, 11], [6, 11]]}, "quality": 0.3220726233368414, "diversity": 0.3452380873214287, "controlability": 0.0}