{"content": [[1, 1, 3, 6, 7, 5, 5, 5], [2, 0, 0, 5, 1, 7, 7, 1], [0, 0, 4, 1, 2, 1, 5, 1], [1, 5, 1, 0, 0, 7, 5, 4], [1, 0, 5, 0, 6, 6, 7, 0], [1, 6, 5, 1, 1, 1, 1, 4], [1, 1, 4, 0, 6, 0, 1, 1], [4, 0, 0, 0, 7, 0, 0, 1], [5, 0, 4, 5, 4, 4, 1, 1], [4, 0, 1, 7, 6, 4, 7, 6], [5, 0, 1, 1, 5, 1, 0, 1], [5, 0, 2, 0, 7, 7, 4, 4]], "control": {"col_treasures": 18, "solution_length": 45}, "info": {"regions": 1, "players": 3, "exits": 1, "layout": 49, "heuristic": -1, "solution": [], "content": [[1, 1, 3, 6, 7, 5, 5, 5], [2, 0, 0, 5, 1, 7, 7, 1], [0, 0, 4, 1, 2, 1, 5, 1], [1, 5, 1, 0, 0, 7, 5, 4], [1, 0, 5, 0, 6, 6, 7, 0], [1, 6, 5, 1, 1, 1, 1, 4], [1, 1, 4, 0, 6, 0, 1, 1], [4, 0, 0, 0, 7, 0, 0, 1], [5, 0, 4, 5, 4, 4, 1, 1], [4, 0, 1, 7, 6, 4, 7, 6], [5, 0, 1, 1, 5, 1, 0, 1], [5, 0, 2, 0, 7, 7, 4, 4]], "potions": 12, "treasures": 14, "enemies": 17, "solution_length": 0, "enemies_loc": [[3, 0], [4, 0], [5, 1], [6, 1], [5, 3], [4, 4], [5, 4], [6, 4], [1, 5], [4, 6], [4, 7], [3, 9], [4, 9], [6, 9], [7, 9], [4, 11], [5, 11]]}, "quality": 0.3319298245545337, "diversity": 0.30794270108119437, "controlability": 0.0}