{"content": [[1, 1, 1, 1, 7, 5, 5, 0], [2, 0, 0, 0, 1, 1, 4, 0], [0, 0, 4, 1, 4, 1, 6, 1], [0, 0, 7, 6, 0, 4, 1, 4], [0, 0, 6, 6, 6, 1, 7, 0], [1, 6, 0, 1, 1, 4, 1, 4], [0, 1, 4, 4, 4, 6, 0, 2], [5, 0, 0, 0, 7, 0, 4, 1], [5, 0, 4, 7, 5, 2, 1, 0], [6, 7, 1, 5, 4, 4, 1, 6], [6, 0, 5, 1, 4, 3, 4, 1], [0, 0, 7, 0, 7, 1, 6, 6]], "control": {"col_treasures": 18, "solution_length": 45}, "info": {"regions": 1, "players": 3, "exits": 1, "layout": 49, "heuristic": -1, "solution": [], "content": [[1, 1, 1, 1, 7, 5, 5, 0], [2, 0, 0, 0, 1, 1, 4, 0], [0, 0, 4, 1, 4, 1, 6, 1], [0, 0, 7, 6, 0, 4, 1, 4], [0, 0, 6, 6, 6, 1, 7, 0], [1, 6, 0, 1, 1, 4, 1, 4], [0, 1, 4, 4, 4, 6, 0, 2], [5, 0, 0, 0, 7, 0, 4, 1], [5, 0, 4, 7, 5, 2, 1, 0], [6, 7, 1, 5, 4, 4, 1, 6], [6, 0, 5, 1, 4, 3, 4, 1], [0, 0, 7, 0, 7, 1, 6, 6]], "potions": 16, "treasures": 7, "enemies": 20, "solution_length": 0, "enemies_loc": [[4, 0], [6, 2], [2, 3], [3, 3], [2, 4], [3, 4], [4, 4], [6, 4], [1, 5], [5, 6], [4, 7], [3, 8], [0, 9], [1, 9], [7, 9], [0, 10], [2, 11], [4, 11], [6, 11], [7, 11]]}, "quality": 0.3319298245545337, "diversity": 0.36578524918870226, "controlability": 0.0}