{"content": [[1, 1, 1, 1, 0, 1, 5, 5], [2, 0, 5, 0, 6, 7, 3, 1], [0, 0, 7, 1, 3, 1, 5, 1], [0, 5, 6, 0, 0, 7, 0, 0], [1, 7, 1, 1, 0, 1, 7, 0], [1, 6, 0, 0, 1, 0, 1, 4], [1, 5, 7, 0, 5, 0, 1, 5], [5, 0, 0, 0, 1, 4, 0, 7], [5, 0, 1, 5, 4, 4, 1, 4], [1, 6, 0, 7, 0, 3, 1, 7], [5, 0, 1, 4, 5, 6, 0, 1], [5, 0, 2, 0, 6, 7, 4, 1]], "control": {"col_treasures": 8, "solution_length": 30}, "info": {"regions": 1, "players": 2, "exits": 3, "layout": 54, "heuristic": -1, "solution": [], "content": [[1, 1, 1, 1, 0, 1, 5, 5], [2, 0, 5, 0, 6, 7, 3, 1], [0, 0, 7, 1, 3, 1, 5, 1], [0, 5, 6, 0, 0, 7, 0, 0], [1, 7, 1, 1, 0, 1, 7, 0], [1, 6, 0, 0, 1, 0, 1, 4], [1, 5, 7, 0, 5, 0, 1, 5], [5, 0, 0, 0, 1, 4, 0, 7], [5, 0, 1, 5, 4, 4, 1, 4], [1, 6, 0, 7, 0, 3, 1, 7], [5, 0, 1, 4, 5, 6, 0, 1], [5, 0, 2, 0, 6, 7, 4, 1]], "potions": 7, "treasures": 14, "enemies": 16, "solution_length": 0, "enemies_loc": [[4, 1], [5, 1], [2, 2], [2, 3], [5, 3], [1, 4], [6, 4], [1, 5], [2, 6], [7, 7], [1, 9], [3, 9], [7, 9], [5, 10], [4, 11], [5, 11]]}, "quality": 0.33122807016162514, "diversity": 0.29879070162984933, "controlability": 0.0}