{"content": [[1, 1, 7, 6, 3, 1, 4, 0], [5, 0, 5, 4, 1, 3, 4, 2], [0, 5, 4, 4, 5, 6, 1, 1], [0, 2, 1, 4, 0, 7, 0, 0], [4, 1, 1, 0, 6, 1, 4, 0], [1, 6, 1, 1, 2, 0, 7, 4], [7, 4, 5, 1, 6, 7, 1, 5], [4, 0, 4, 0, 7, 4, 4, 1], [6, 1, 1, 5, 5, 4, 4, 0], [5, 4, 1, 5, 0, 0, 1, 3], [5, 0, 1, 4, 6, 0, 0, 1], [0, 3, 2, 7, 6, 1, 1, 6]], "control": {"col_treasures": 18, "solution_length": 45}, "info": {"regions": 1, "players": 4, "exits": 4, "layout": 43, "heuristic": -1, "solution": [], "content": [[1, 1, 7, 6, 3, 1, 4, 0], [5, 0, 5, 4, 1, 3, 4, 2], [0, 5, 4, 4, 5, 6, 1, 1], [0, 2, 1, 4, 0, 7, 0, 0], [4, 1, 1, 0, 6, 1, 4, 0], [1, 6, 1, 1, 2, 0, 7, 4], [7, 4, 5, 1, 6, 7, 1, 5], [4, 0, 4, 0, 7, 4, 4, 1], [6, 1, 1, 5, 5, 4, 4, 0], [5, 4, 1, 5, 0, 0, 1, 3], [5, 0, 1, 4, 6, 0, 0, 1], [0, 3, 2, 7, 6, 1, 1, 6]], "potions": 18, "treasures": 11, "enemies": 16, "solution_length": 0, "enemies_loc": [[2, 0], [3, 0], [5, 2], [5, 3], [4, 4], [1, 5], [6, 5], [0, 6], [4, 6], [5, 6], [4, 7], [0, 8], [4, 10], [3, 11], [4, 11], [7, 11]]}, "quality": 0.3221783625470654, "diversity": 0.3600694371093752, "controlability": 0.0}