{"content": [[1, 1, 1, 1, 7, 5, 5, 0], [7, 0, 0, 0, 6, 7, 6, 0], [0, 1, 1, 4, 4, 6, 6, 6], [0, 5, 1, 0, 0, 7, 0, 0], [0, 7, 1, 0, 6, 1, 6, 6], [1, 3, 3, 1, 1, 7, 0, 4], [0, 5, 6, 0, 1, 7, 0, 5], [5, 0, 1, 0, 7, 4, 0, 1], [5, 0, 4, 5, 1, 4, 6, 4], [4, 0, 1, 7, 4, 4, 1, 6], [6, 4, 7, 1, 4, 6, 4, 1], [5, 0, 6, 6, 2, 1, 1, 7]], "control": {"col_treasures": 8, "solution_length": 30}, "info": {"regions": 1, "players": 1, "exits": 2, "layout": 45, "heuristic": -1, "solution": [], "content": [[1, 1, 1, 1, 7, 5, 5, 0], [7, 0, 0, 0, 6, 7, 6, 0], [0, 1, 1, 4, 4, 6, 6, 6], [0, 5, 1, 0, 0, 7, 0, 0], [0, 7, 1, 0, 6, 1, 6, 6], [1, 3, 3, 1, 1, 7, 0, 4], [0, 5, 6, 0, 1, 7, 0, 5], [5, 0, 1, 0, 7, 4, 0, 1], [5, 0, 4, 5, 1, 4, 6, 4], [4, 0, 1, 7, 4, 4, 1, 6], [6, 4, 7, 1, 4, 6, 4, 1], [5, 0, 6, 6, 2, 1, 1, 7]], "potions": 13, "treasures": 9, "enemies": 26, "solution_length": 0, "enemies_loc": [[4, 0], [0, 1], [4, 1], [5, 1], [6, 1], [5, 2], [6, 2], [7, 2], [5, 3], [1, 4], [4, 4], [6, 4], [7, 4], [5, 5], [2, 6], [5, 6], [4, 7], [6, 8], [3, 9], [7, 9], [0, 10], [2, 10], [5, 10], [2, 11], [3, 11], [7, 11]]}, "quality": 0.32846491226073726, "diversity": 0.2857034956351904, "controlability": 0.0}