{"content": [[4, 1, 4, 1, 4, 5, 4, 6], [0, 0, 5, 0, 4, 7, 5, 0], [0, 5, 4, 1, 4, 6, 6, 1], [0, 2, 1, 0, 0, 7, 4, 5], [1, 7, 1, 0, 0, 1, 2, 6], [1, 6, 0, 0, 1, 1, 5, 4], [0, 4, 0, 4, 1, 0, 0, 5], [5, 0, 1, 0, 5, 0, 0, 1], [4, 0, 4, 4, 0, 4, 0, 1], [5, 0, 7, 5, 0, 4, 1, 6], [5, 3, 6, 1, 4, 6, 0, 1], [5, 0, 6, 0, 0, 1, 4, 1]], "control": {"col_treasures": 8, "solution_length": 30}, "info": {"regions": 1, "players": 2, "exits": 1, "layout": 49, "heuristic": -1, "solution": [], "content": [[4, 1, 4, 1, 4, 5, 4, 6], [0, 0, 5, 0, 4, 7, 5, 0], [0, 5, 4, 1, 4, 6, 6, 1], [0, 2, 1, 0, 0, 7, 4, 5], [1, 7, 1, 0, 0, 1, 2, 6], [1, 6, 0, 0, 1, 1, 5, 4], [0, 4, 0, 4, 1, 0, 0, 5], [5, 0, 1, 0, 5, 0, 0, 1], [4, 0, 4, 4, 0, 4, 0, 1], [5, 0, 7, 5, 0, 4, 1, 6], [5, 3, 6, 1, 4, 6, 0, 1], [5, 0, 6, 0, 0, 1, 4, 1]], "potions": 18, "treasures": 13, "enemies": 13, "solution_length": 0, "enemies_loc": [[7, 0], [5, 1], [5, 2], [6, 2], [5, 3], [1, 4], [7, 4], [1, 5], [2, 9], [7, 9], [2, 10], [5, 10], [2, 11]]}, "quality": 0.3326315789404248, "diversity": 0.28245191649639456, "controlability": 0.0}