{"content": [[1, 1, 7, 6, 7, 5, 7, 1], [1, 2, 0, 6, 1, 5, 4, 0], [0, 7, 1, 4, 4, 6, 6, 1], [0, 5, 6, 0, 0, 7, 4, 0], [6, 7, 1, 3, 6, 1, 1, 0], [1, 6, 0, 0, 5, 6, 7, 4], [0, 1, 6, 0, 1, 7, 4, 0], [1, 0, 0, 0, 5, 0, 1, 1], [4, 0, 4, 4, 0, 4, 0, 4], [7, 1, 7, 7, 4, 4, 1, 6], [1, 0, 6, 1, 4, 6, 4, 4], [5, 4, 2, 7, 7, 7, 4, 1]], "control": {"col_treasures": 8, "solution_length": 30}, "info": {"regions": 1, "players": 2, "exits": 1, "layout": 42, "heuristic": -1, "solution": [], "content": [[1, 1, 7, 6, 7, 5, 7, 1], [1, 2, 0, 6, 1, 5, 4, 0], [0, 7, 1, 4, 4, 6, 6, 1], [0, 5, 6, 0, 0, 7, 4, 0], [6, 7, 1, 3, 6, 1, 1, 0], [1, 6, 0, 0, 5, 6, 7, 4], [0, 1, 6, 0, 1, 7, 4, 0], [1, 0, 0, 0, 5, 0, 1, 1], [4, 0, 4, 4, 0, 4, 0, 4], [7, 1, 7, 7, 4, 4, 1, 6], [1, 0, 6, 1, 4, 6, 4, 4], [5, 4, 2, 7, 7, 7, 4, 1]], "potions": 18, "treasures": 6, "enemies": 27, "solution_length": 0, "enemies_loc": [[2, 0], [3, 0], [4, 0], [6, 0], [3, 1], [1, 2], [5, 2], [6, 2], [2, 3], [5, 3], [0, 4], [1, 4], [4, 4], [1, 5], [5, 5], [6, 5], [2, 6], [5, 6], [0, 9], [2, 9], [3, 9], [7, 9], [2, 10], [5, 10], [3, 11], [4, 11], [5, 11]]}, "quality": 0.32429824559493864, "diversity": 0.3813657339843751, "controlability": 0.0}