{"content": {"layout": [13, 15, 15, 7, 0, 14, 5, 3, 12, 11, 0, 13, 10, 3, 7, 0], "start": 5, "boss": 9, "shop": 8, "treasure": 11}, "control": {"map_size": 14}, "info": {"map_size": 13, "num_regions": 1, "connect_regions": 3, "loose_connections": 16, "locations": 4, "player_boss_distance": 1, "flat": [0, 0, 0, 0, 2, 0, 0, 2, 0, 0, 2, 0, 2, 1, 2, 2, 1, 2, 2, 1, 2, 2, 1, 2, 0, 2, 0, 0, 2, 0, 0, 2, 0, 0, 0, 0, 0, 0, 0, 0, 2, 0, 0, 0, 0, 0, 2, 0, 0, 0, 0, 0, 1, 2, 2, 1, 2, 2, 1, 0, 0, 0, 0, 0, 2, 0, 0, 0, 0, 0, 0, 0, 0, 0, 0, 0, 2, 0, 0, 0, 0, 0, 0, 0, 0, 1, 2, 2, 1, 0, 0, 0, 0, 2, 1, 2, 0, 2, 0, 0, 2, 0, 0, 0, 0, 0, 2, 0, 0, 2, 0, 0, 2, 0, 0, 2, 0, 0, 0, 0, 0, 1, 0, 2, 1, 0, 2, 1, 2, 0, 0, 0, 0, 2, 0, 0, 0, 0, 0, 0, 0, 0, 0, 0], "dead_end": 0}, "quality": 0.5799999999133333, "diversity": 0.08321629089017135, "controlability": 0.3437499994628906}