{"content": [[1, 1, 1, 0, 1, 1, 1, 4, 0, 1, 0], [1, 1, 1, 1, 0, 0, 1, 0, 0, 1, 0], [1, 1, 1, 1, 0, 1, 1, 5, 1, 1, 0], [0, 1, 0, 0, 0, 1, 0, 1, 0, 1, 0], [1, 5, 1, 1, 1, 1, 1, 1, 0, 1, 1], [1, 0, 1, 1, 1, 0, 1, 1, 0, 1, 1], [1, 2, 0, 0, 1, 1, 0, 0, 1, 3, 1]], "control": {"player_key": 17, "key_door": 17}, "info": {"regions": 1, "players": 1, "keys": 1, "doors": 1, "enemies": 2, "player_key": 18, "key_door": 10, "pk_path": [[1, 6], [0, 6], [0, 5], [0, 4], [1, 4], [2, 4], [3, 4], [4, 4], [5, 4], [5, 3], [5, 2], [6, 2], [7, 2], [8, 2], [9, 2], [9, 3], [9, 4], [9, 5], [9, 6]], "kd_path": []}, "quality": 1.0, "diversity": 0.7747665689410392, "controlability": 0.833333333111111}