{"content": [[1, 1, 1, 0, 1, 3, 0, 0, 0, 0, 0], [1, 5, 4, 1, 0, 1, 1, 0, 0, 1, 0], [1, 1, 1, 1, 0, 0, 1, 1, 1, 1, 0], [2, 1, 0, 0, 1, 1, 0, 1, 0, 1, 0], [1, 5, 5, 1, 1, 1, 1, 1, 1, 1, 1], [1, 0, 1, 1, 2, 0, 1, 1, 5, 1, 1], [1, 2, 0, 0, 1, 1, 5, 0, 4, 1, 1]], "control": {"player_key": 17, "key_door": 17}, "info": {"regions": 1, "players": 3, "keys": 1, "doors": 2, "enemies": 5, "player_key": 14, "key_door": 16, "pk_path": [[0, 3], [0, 4], [1, 4], [2, 4], [3, 4], [4, 4], [5, 4], [6, 4], [7, 4], [7, 3], [7, 2], [6, 2], [6, 1], [5, 1], [5, 0]], "kd_path": []}, "quality": 0.4966767303287134, "diversity": 0.5555555481481484, "controlability": 0.9666666663555555}