{"content": [[1, 1, 1, 0, 1, 3, 1, 0, 0, 0, 0], [1, 3, 4, 1, 0, 1, 1, 0, 4, 1, 0], [1, 1, 1, 1, 1, 0, 1, 1, 1, 1, 0], [0, 1, 0, 0, 2, 0, 0, 1, 0, 1, 1], [1, 5, 5, 1, 1, 1, 1, 1, 1, 1, 1], [1, 0, 0, 1, 4, 0, 1, 0, 4, 1, 1], [1, 2, 2, 0, 1, 1, 0, 0, 1, 0, 1]], "control": {"player_key": 17, "key_door": 17}, "info": {"regions": 1, "players": 3, "keys": 2, "doors": 4, "enemies": 2, "player_key": 10, "key_door": 14, "pk_path": [[4, 3], [4, 4], [5, 4], [6, 4], [7, 4], [7, 3], [7, 2], [6, 2], [6, 1], [6, 0], [5, 0]], "kd_path": []}, "quality": 0.4950657894496624, "diversity": 0.5473672689767834, "controlability": 0.7999999994666667}