{"content": [[1, 1, 1, 0, 1, 2, 0, 0, 0, 1, 3], [1, 5, 1, 1, 0, 1, 1, 0, 0, 1, 0], [1, 1, 1, 1, 0, 0, 1, 5, 1, 1, 5], [0, 1, 0, 0, 1, 1, 0, 1, 0, 5, 0], [1, 5, 5, 1, 1, 1, 1, 5, 1, 1, 1], [1, 0, 1, 1, 1, 0, 1, 1, 5, 1, 1], [1, 2, 0, 5, 1, 1, 0, 0, 4, 3, 1]], "control": {"player_key": 17, "key_door": 17}, "info": {"regions": 1, "players": 2, "keys": 2, "doors": 1, "enemies": 9, "player_key": 9, "key_door": 8, "pk_path": [[5, 0], [5, 1], [6, 1], [6, 2], [7, 2], [8, 2], [9, 2], [9, 1], [9, 0], [10, 0]], "kd_path": []}, "quality": 0.49407444121588034, "diversity": 0.9166666527777783, "controlability": 0.5666666662888888}