{"content": [[1, 1, 0, 0, 0, 1, 1, 1, 0, 0, 0, 0, 1, 1], [0, 1, 1, 1, 1, 1, 0, 1, 0, 0, 1, 1, 0, 0], [1, 1, 0, 1, 0, 0, 0, 0, 1, 1, 1, 1, 1, 1], [0, 0, 0, 1, 1, 0, 1, 1, 1, 0, 0, 1, 0, 1], [0, 0, 0, 1, 0, 1, 1, 1, 1, 0, 0, 1, 1, 0], [1, 1, 1, 1, 0, 1, 1, 0, 0, 0, 1, 1, 0, 0], [0, 0, 1, 1, 1, 0, 1, 0, 0, 0, 1, 0, 1, 1], [1, 0, 0, 1, 0, 1, 1, 1, 1, 0, 1, 1, 1, 0], [1, 1, 1, 1, 0, 1, 0, 1, 1, 1, 0, 0, 1, 0], [0, 1, 1, 1, 1, 0, 1, 1, 1, 0, 1, 1, 1, 1], [0, 1, 0, 0, 1, 1, 1, 0, 1, 1, 1, 0, 1, 0], [0, 1, 0, 0, 1, 0, 1, 0, 0, 0, 1, 1, 1, 0], [0, 1, 1, 0, 1, 1, 1, 1, 0, 1, 1, 1, 1, 1], [1, 0, 0, 0, 1, 1, 1, 0, 1, 0, 1, 1, 0, 0]], "control": {"path": 93}, "info": {"path": 36, "regions": 4, "flat": [1, 1, 0, 0, 0, 1, 1, 1, 0, 0, 0, 0, 1, 1, 0, 1, 1, 1, 1, 1, 0, 1, 0, 0, 1, 1, 0, 0, 1, 1, 0, 1, 0, 0, 0, 0, 1, 1, 1, 1, 1, 1, 0, 0, 0, 1, 1, 0, 1, 1, 1, 0, 0, 1, 0, 1, 0, 0, 0, 1, 0, 1, 1, 1, 1, 0, 0, 1, 1, 0, 1, 1, 1, 1, 0, 1, 1, 0, 0, 0, 1, 1, 0, 0, 0, 0, 1, 1, 1, 0, 1, 0, 0, 0, 1, 0, 1, 1, 1, 0, 0, 1, 0, 1, 1, 1, 1, 0, 1, 1, 1, 0, 1, 1, 1, 1, 0, 1, 0, 1, 1, 1, 0, 0, 1, 0, 0, 1, 1, 1, 1, 0, 1, 1, 1, 0, 1, 1, 1, 1, 0, 1, 0, 0, 1, 1, 1, 0, 1, 1, 1, 0, 1, 0, 0, 1, 0, 0, 1, 0, 1, 0, 0, 0, 1, 1, 1, 0, 0, 1, 1, 0, 1, 1, 1, 1, 0, 1, 1, 1, 1, 1, 1, 0, 0, 0, 1, 1, 1, 0, 1, 0, 1, 1, 0, 0]}, "quality": 0.9193548384842178, "diversity": 0.6904861943912195, "controlability": 0.41860465111411577}