{"content": [[0, 1, 0, 0, 1, 1, 1, 0, 1, 1, 0, 0, 0, 0], [0, 1, 1, 1, 1, 0, 1, 1, 1, 0, 1, 1, 0, 1], [1, 0, 0, 1, 1, 0, 1, 1, 0, 1, 1, 0, 0, 1], [0, 0, 1, 1, 1, 0, 0, 1, 1, 0, 0, 0, 1, 1], [1, 1, 1, 0, 0, 1, 1, 1, 0, 0, 1, 1, 0, 0], [0, 1, 1, 1, 0, 1, 1, 0, 1, 1, 1, 1, 1, 1], [1, 1, 1, 0, 1, 1, 1, 1, 1, 0, 0, 0, 1, 0], [0, 1, 1, 1, 1, 0, 1, 0, 0, 1, 1, 1, 1, 1], [1, 0, 1, 0, 0, 0, 1, 0, 1, 1, 1, 0, 1, 0], [1, 0, 0, 1, 0, 1, 1, 1, 1, 1, 0, 0, 1, 1], [0, 0, 0, 0, 0, 1, 0, 0, 0, 1, 1, 1, 0, 0], [0, 1, 1, 1, 0, 1, 1, 0, 1, 1, 0, 1, 1, 0], [0, 0, 1, 0, 0, 1, 0, 1, 1, 1, 0, 1, 1, 0], [1, 0, 1, 1, 0, 1, 0, 1, 0, 0, 0, 0, 0, 0]], "control": {"path": 92}, "info": {"path": 27, "regions": 8, "flat": [0, 1, 0, 0, 1, 1, 1, 0, 1, 1, 0, 0, 0, 0, 0, 1, 1, 1, 1, 0, 1, 1, 1, 0, 1, 1, 0, 1, 1, 0, 0, 1, 1, 0, 1, 1, 0, 1, 1, 0, 0, 1, 0, 0, 1, 1, 1, 0, 0, 1, 1, 0, 0, 0, 1, 1, 1, 1, 1, 0, 0, 1, 1, 1, 0, 0, 1, 1, 0, 0, 0, 1, 1, 1, 0, 1, 1, 0, 1, 1, 1, 1, 1, 1, 1, 1, 1, 0, 1, 1, 1, 1, 1, 0, 0, 0, 1, 0, 0, 1, 1, 1, 1, 0, 1, 0, 0, 1, 1, 1, 1, 1, 1, 0, 1, 0, 0, 0, 1, 0, 1, 1, 1, 0, 1, 0, 1, 0, 0, 1, 0, 1, 1, 1, 1, 1, 0, 0, 1, 1, 0, 0, 0, 0, 0, 1, 0, 0, 0, 1, 1, 1, 0, 0, 0, 1, 1, 1, 0, 1, 1, 0, 1, 1, 0, 1, 1, 0, 0, 0, 1, 0, 0, 1, 0, 1, 1, 1, 0, 1, 1, 0, 1, 0, 1, 1, 0, 1, 0, 1, 0, 0, 0, 0, 0, 0]}, "quality": 0.7939708137922611, "diversity": 0.6252429542509105, "controlability": 0.3176470587861592}