{"content": [[1, 1, 1, 1, 7, 1, 7, 1], [0, 2, 0, 6, 4, 7, 7, 0], [0, 6, 4, 2, 7, 6, 6, 1], [0, 6, 1, 0, 0, 7, 4, 0], [6, 6, 1, 6, 6, 1, 6, 6], [7, 6, 0, 1, 5, 0, 0, 4], [0, 0, 6, 1, 7, 7, 0, 5], [7, 0, 0, 0, 1, 0, 1, 1], [4, 7, 4, 1, 0, 0, 0, 1], [7, 0, 7, 7, 4, 7, 1, 7], [6, 3, 6, 1, 7, 6, 0, 1], [4, 4, 1, 0, 6, 2, 0, 1]], "control": {"col_treasures": 8, "solution_length": 30}, "info": {"regions": 1, "players": 3, "exits": 1, "layout": 47, "heuristic": -1, "solution": [], "content": [[1, 1, 1, 1, 7, 1, 7, 1], [0, 2, 0, 6, 4, 7, 7, 0], [0, 6, 4, 2, 7, 6, 6, 1], [0, 6, 1, 0, 0, 7, 4, 0], [6, 6, 1, 6, 6, 1, 6, 6], [7, 6, 0, 1, 5, 0, 0, 4], [0, 0, 6, 1, 7, 7, 0, 5], [7, 0, 0, 0, 1, 0, 1, 1], [4, 7, 4, 1, 0, 0, 0, 1], [7, 0, 7, 7, 4, 7, 1, 7], [6, 3, 6, 1, 7, 6, 0, 1], [4, 4, 1, 0, 6, 2, 0, 1]], "potions": 9, "treasures": 2, "enemies": 34, "solution_length": 0, "enemies_loc": [[4, 0], [6, 0], [3, 1], [5, 1], [6, 1], [1, 2], [4, 2], [5, 2], [6, 2], [1, 3], [5, 3], [0, 4], [1, 4], [3, 4], [4, 4], [6, 4], [7, 4], [0, 5], [1, 5], [2, 6], [4, 6], [5, 6], [0, 7], [1, 8], [0, 9], [2, 9], [3, 9], [5, 9], [7, 9], [0, 10], [2, 10], [4, 10], [5, 10], [4, 11]]}, "quality": 0.3305409356520453, "diversity": 0.23222552369171645, "controlability": 0.0}