{"content": [[1, 1, 1, 0, 1, 3, 1, 0, 0, 0, 0], [1, 5, 4, 1, 0, 1, 1, 0, 0, 1, 0], [1, 1, 1, 1, 0, 0, 1, 3, 1, 1, 0], [0, 1, 0, 0, 1, 1, 0, 4, 0, 1, 0], [1, 1, 5, 1, 1, 1, 1, 1, 1, 1, 1], [1, 0, 1, 1, 4, 0, 1, 1, 4, 5, 1], [1, 2, 0, 0, 1, 5, 0, 0, 1, 5, 1]], "control": {"player_key": 17, "key_door": 17}, "info": {"regions": 1, "players": 1, "keys": 2, "doors": 4, "enemies": 5, "player_key": 20, "key_door": 16, "pk_path": [[1, 6], [0, 6], [0, 5], [0, 4], [1, 4], [2, 4], [3, 4], [4, 4], [5, 4], [6, 4], [7, 4], [8, 4], [9, 4], [9, 3], [9, 2], [8, 2], [7, 2], [6, 2], [6, 1], [6, 0], [5, 0]], "kd_path": []}, "quality": 0.49585436190776894, "diversity": 0.05882352941176472, "controlability": 0.5}