{"content": [[1, 1, 1, 2, 1, 3, 1, 0, 0, 0, 0], [1, 5, 4, 1, 0, 1, 1, 0, 0, 1, 0], [1, 1, 2, 1, 0, 0, 1, 1, 0, 1, 0], [0, 5, 0, 0, 1, 1, 0, 4, 0, 1, 1], [1, 1, 5, 1, 1, 1, 1, 1, 1, 1, 1], [1, 0, 1, 1, 4, 0, 1, 2, 4, 1, 1], [1, 2, 0, 0, 4, 5, 0, 0, 1, 5, 1]], "control": {"player_key": 17, "key_door": 17}, "info": {"regions": 1, "players": 4, "keys": 1, "doors": 5, "enemies": 5, "player_key": 2, "key_door": 4, "pk_path": [[3, 0], [4, 0], [5, 0]], "kd_path": []}, "quality": 0.49338725664493566, "diversity": 0.38649532758041527, "controlability": 0.19999999986666667}