{"content": [[1, 1, 1, 0, 1, 3, 1, 0, 0, 0, 0], [1, 5, 1, 1, 0, 1, 1, 2, 0, 1, 0], [1, 1, 1, 1, 1, 0, 1, 2, 0, 1, 0], [0, 1, 0, 1, 1, 1, 0, 1, 0, 1, 0], [1, 1, 5, 1, 1, 1, 1, 1, 1, 1, 1], [1, 0, 1, 1, 4, 0, 1, 2, 5, 1, 1], [4, 2, 0, 0, 1, 1, 0, 0, 1, 3, 1]], "control": {"player_key": 17, "key_door": 17}, "info": {"regions": 1, "players": 4, "keys": 2, "doors": 2, "enemies": 3, "player_key": 3, "key_door": 10, "pk_path": [[7, 1], [6, 1], [6, 0], [5, 0]], "kd_path": []}, "quality": 0.4958881578706068, "diversity": 0.7766439698034776, "controlability": 0.43333333304444444}