{"content": [[1, 0, 1, 0, 1, 3, 0, 0, 0, 0, 0], [1, 5, 1, 1, 0, 1, 1, 0, 0, 1, 0], [1, 1, 1, 1, 0, 0, 1, 1, 1, 1, 0], [0, 1, 0, 0, 1, 1, 0, 1, 2, 1, 0], [1, 5, 5, 1, 1, 5, 1, 1, 1, 1, 1], [1, 4, 1, 1, 4, 4, 1, 1, 5, 1, 1], [1, 1, 0, 0, 1, 1, 0, 0, 0, 1, 1]], "control": {"player_key": 17, "key_door": 17}, "info": {"regions": 1, "players": 1, "keys": 1, "doors": 3, "enemies": 5, "player_key": 6, "key_door": 13, "pk_path": [[8, 3], [8, 2], [7, 2], [6, 2], [6, 1], [5, 1], [5, 0]], "kd_path": []}, "quality": 0.49749909875788145, "diversity": 1.0, "controlability": 0.633333332911111}