{"content": [[1, 4, 1, 0, 0, 3, 1, 0, 1, 0, 0], [0, 5, 2, 1, 0, 1, 2, 2, 3, 5, 0], [3, 5, 3, 1, 0, 0, 1, 1, 0, 2, 0], [0, 1, 0, 0, 1, 2, 0, 5, 4, 4, 1], [1, 5, 5, 1, 1, 4, 1, 1, 1, 1, 3], [1, 2, 1, 1, 4, 0, 4, 2, 4, 5, 3], [1, 2, 3, 0, 4, 2, 0, 0, 1, 5, 1]], "control": {"player_key": 17, "key_door": 17}, "info": {"regions": 1, "players": 9, "keys": 7, "doors": 8, "enemies": 8, "player_key": -1, "key_door": 16, "pk_path": [], "kd_path": []}, "quality": 0.47930560559315694, "diversity": 0.02564102564102566, "controlability": 0.5}