{"content": [[0, 0, 3, 2, 7, 1, 2, 5], [5, 4, 5, 6, 1, 6, 1, 2], [6, 4, 1, 5, 4, 3, 5, 1], [1, 4, 1, 6, 4, 4, 1, 4], [0, 3, 1, 0, 1, 4, 6, 4], [1, 5, 1, 1, 4, 4, 0, 3], [6, 1, 7, 0, 1, 6, 0, 5], [7, 0, 7, 7, 1, 7, 0, 4], [6, 1, 4, 1, 5, 5, 0, 1], [5, 5, 6, 0, 0, 1, 1, 2], [4, 0, 1, 6, 5, 0, 6, 1], [6, 3, 4, 3, 1, 5, 2, 6]], "control": {"col_treasures": 11, "solution_length": 35}, "info": {"regions": 1, "players": 5, "exits": 6, "layout": 38, "heuristic": -1, "solution": [], "content": [[0, 0, 3, 2, 7, 1, 2, 5], [5, 4, 5, 6, 1, 6, 1, 2], [6, 4, 1, 5, 4, 3, 5, 1], [1, 4, 1, 6, 4, 4, 1, 4], [0, 3, 1, 0, 1, 4, 6, 4], [1, 5, 1, 1, 4, 4, 0, 3], [6, 1, 7, 0, 1, 6, 0, 5], [7, 0, 7, 7, 1, 7, 0, 4], [6, 1, 4, 1, 5, 5, 0, 1], [5, 5, 6, 0, 0, 1, 1, 2], [4, 0, 1, 6, 5, 0, 6, 1], [6, 3, 4, 3, 1, 5, 2, 6]], "potions": 15, "treasures": 13, "enemies": 19, "solution_length": 0, "enemies_loc": [[4, 0], [3, 1], [5, 1], [0, 2], [3, 3], [6, 4], [0, 6], [2, 6], [5, 6], [0, 7], [2, 7], [3, 7], [5, 7], [0, 8], [2, 9], [3, 10], [6, 10], [0, 11], [7, 11]]}, "quality": 0.3131286549463946, "diversity": 0.3347894184223792, "controlability": 0.0}