{"content": [[1, 3, 7, 4, 2, 5, 0, 0], [0, 2, 5, 3, 0, 7, 7, 1], [2, 5, 7, 4, 4, 1, 5, 0], [0, 7, 5, 6, 0, 7, 1, 0], [6, 1, 6, 1, 1, 1, 2, 2], [3, 6, 1, 4, 1, 7, 6, 4], [7, 0, 5, 0, 4, 4, 0, 1], [4, 0, 7, 0, 7, 4, 1, 1], [2, 4, 5, 5, 5, 4, 1, 1], [5, 6, 1, 0, 1, 4, 1, 5], [2, 7, 6, 4, 7, 6, 0, 1], [0, 3, 7, 1, 5, 1, 4, 1]], "control": {"col_treasures": 4, "solution_length": 23}, "info": {"regions": 1, "players": 7, "exits": 4, "layout": 38, "heuristic": -1, "solution": [], "content": [[1, 3, 7, 4, 2, 5, 0, 0], [0, 2, 5, 3, 0, 7, 7, 1], [2, 5, 7, 4, 4, 1, 5, 0], [0, 7, 5, 6, 0, 7, 1, 0], [6, 1, 6, 1, 1, 1, 2, 2], [3, 6, 1, 4, 1, 7, 6, 4], [7, 0, 5, 0, 4, 4, 0, 1], [4, 0, 7, 0, 7, 4, 1, 1], [2, 4, 5, 5, 5, 4, 1, 1], [5, 6, 1, 0, 1, 4, 1, 5], [2, 7, 6, 4, 7, 6, 0, 1], [0, 3, 7, 1, 5, 1, 4, 1]], "potions": 14, "treasures": 12, "enemies": 21, "solution_length": 0, "enemies_loc": [[2, 0], [5, 1], [6, 1], [2, 2], [1, 3], [3, 3], [5, 3], [0, 4], [2, 4], [1, 5], [5, 5], [6, 5], [0, 6], [2, 7], [4, 7], [1, 9], [1, 10], [2, 10], [4, 10], [5, 10], [2, 11]]}, "quality": 0.3131286549463946, "diversity": 0.31474078699582153, "controlability": 0.0}