{"content": [[2, 1, 1, 1, 4, 4, 5, 2], [7, 0, 3, 6, 1, 6, 1, 0], [2, 6, 1, 0, 3, 1, 2, 1], [0, 2, 7, 5, 0, 4, 1, 1], [0, 1, 1, 0, 2, 3, 3, 7], [1, 6, 1, 1, 1, 2, 6, 0], [7, 1, 4, 1, 0, 0, 0, 0], [4, 0, 7, 2, 7, 2, 4, 1], [2, 0, 1, 5, 5, 4, 0, 2], [1, 0, 1, 0, 0, 0, 7, 5], [1, 0, 1, 4, 4, 1, 0, 5], [0, 5, 5, 3, 2, 5, 4, 6]], "control": {"col_treasures": 18, "solution_length": 45}, "info": {"regions": 1, "players": 12, "exits": 5, "layout": 47, "heuristic": -1, "solution": [], "content": [[2, 1, 1, 1, 4, 4, 5, 2], [7, 0, 3, 6, 1, 6, 1, 0], [2, 6, 1, 0, 3, 1, 2, 1], [0, 2, 7, 5, 0, 4, 1, 1], [0, 1, 1, 0, 2, 3, 3, 7], [1, 6, 1, 1, 1, 2, 6, 0], [7, 1, 4, 1, 0, 0, 0, 0], [4, 0, 7, 2, 7, 2, 4, 1], [2, 0, 1, 5, 5, 4, 0, 2], [1, 0, 1, 0, 0, 0, 7, 5], [1, 0, 1, 4, 4, 1, 0, 5], [0, 5, 5, 3, 2, 5, 4, 6]], "potions": 10, "treasures": 9, "enemies": 13, "solution_length": 0, "enemies_loc": [[0, 1], [3, 1], [5, 1], [1, 2], [2, 3], [7, 4], [1, 5], [6, 5], [0, 6], [2, 7], [4, 7], [6, 9], [7, 11]]}, "quality": 0.3214181286284442, "diversity": 0.34268465109197466, "controlability": 0.0}