{"content": [[2, 4, 2, 7, 6, 4, 3, 5], [5, 1, 1, 7, 3, 1, 4, 0], [4, 0, 2, 1, 4, 0, 2, 0], [6, 3, 7, 6, 2, 4, 4, 1], [7, 5, 6, 3, 6, 3, 4, 4], [1, 0, 7, 3, 6, 2, 0, 2], [2, 4, 5, 0, 3, 0, 6, 4], [2, 7, 1, 3, 1, 1, 7, 3], [4, 3, 2, 0, 3, 2, 4, 6], [5, 4, 4, 5, 3, 3, 4, 2], [6, 1, 3, 3, 5, 3, 2, 7], [3, 4, 3, 4, 4, 0, 6, 6]], "control": {"col_treasures": 10, "solution_length": 32}, "info": {"regions": 1, "players": 13, "exits": 18, "layout": 20, "heuristic": -1, "solution": [], "content": [[2, 4, 2, 7, 6, 4, 3, 5], [5, 1, 1, 7, 3, 1, 4, 0], [4, 0, 2, 1, 4, 0, 2, 0], [6, 3, 7, 6, 2, 4, 4, 1], [7, 5, 6, 3, 6, 3, 4, 4], [1, 0, 7, 3, 6, 2, 0, 2], [2, 4, 5, 0, 3, 0, 6, 4], [2, 7, 1, 3, 1, 1, 7, 3], [4, 3, 2, 0, 3, 2, 4, 6], [5, 4, 4, 5, 3, 3, 4, 2], [6, 1, 3, 3, 5, 3, 2, 7], [3, 4, 3, 4, 4, 0, 6, 6]], "potions": 19, "treasures": 7, "enemies": 19, "solution_length": 0, "enemies_loc": [[3, 0], [4, 0], [3, 1], [0, 3], [2, 3], [3, 3], [0, 4], [2, 4], [4, 4], [2, 5], [4, 5], [6, 6], [1, 7], [6, 7], [7, 8], [0, 10], [7, 10], [6, 11], [7, 11]]}, "quality": 0.2740935672337821, "diversity": 0.45624998930803606, "controlability": 0.0}