{"content": [[1, 3, 7, 1, 0, 1, 5, 7], [5, 1, 1, 5, 1, 3, 4, 1], [0, 0, 7, 1, 4, 1, 7, 1], [0, 5, 1, 4, 0, 7, 1, 6], [1, 1, 4, 0, 6, 1, 7, 0], [1, 6, 1, 1, 1, 1, 0, 4], [1, 1, 7, 0, 0, 7, 1, 5], [4, 0, 4, 0, 5, 2, 4, 6], [3, 1, 2, 5, 5, 4, 1, 1], [1, 0, 1, 1, 1, 0, 7, 3], [5, 3, 6, 4, 7, 1, 0, 1], [0, 3, 2, 6, 5, 1, 1, 2]], "control": {"col_treasures": 18, "solution_length": 45}, "info": {"regions": 1, "players": 4, "exits": 6, "layout": 50, "heuristic": -1, "solution": [], "content": [[1, 3, 7, 1, 0, 1, 5, 7], [5, 1, 1, 5, 1, 3, 4, 1], [0, 0, 7, 1, 4, 1, 7, 1], [0, 5, 1, 4, 0, 7, 1, 6], [1, 1, 4, 0, 6, 1, 7, 0], [1, 6, 1, 1, 1, 1, 0, 4], [1, 1, 7, 0, 0, 7, 1, 5], [4, 0, 4, 0, 5, 2, 4, 6], [3, 1, 2, 5, 5, 4, 1, 1], [1, 0, 1, 1, 1, 0, 7, 3], [5, 3, 6, 4, 7, 1, 0, 1], [0, 3, 2, 6, 5, 1, 1, 2]], "potions": 10, "treasures": 10, "enemies": 16, "solution_length": 0, "enemies_loc": [[2, 0], [7, 0], [2, 2], [6, 2], [5, 3], [7, 3], [4, 4], [6, 4], [1, 5], [2, 6], [5, 6], [7, 7], [6, 9], [2, 10], [4, 10], [3, 11]]}, "quality": 0.3277192982321699, "diversity": 0.3052325507994187, "controlability": 0.0}