{"content": [[1, 1, 4, 1, 0, 7, 0, 7], [4, 0, 7, 0, 1, 7, 5, 1], [2, 0, 1, 4, 4, 6, 2, 1], [0, 2, 1, 6, 0, 4, 1, 3], [1, 0, 6, 0, 6, 1, 7, 0], [1, 6, 1, 0, 1, 2, 1, 0], [2, 1, 4, 4, 0, 1, 1, 5], [5, 0, 7, 3, 7, 2, 4, 5], [5, 0, 1, 5, 5, 4, 0, 4], [1, 6, 7, 6, 0, 1, 4, 0], [2, 0, 6, 7, 4, 1, 0, 0], [0, 5, 4, 1, 2, 1, 4, 1]], "control": {"col_treasures": 18, "solution_length": 45}, "info": {"regions": 1, "players": 8, "exits": 2, "layout": 47, "heuristic": -1, "solution": [], "content": [[1, 1, 4, 1, 0, 7, 0, 7], [4, 0, 7, 0, 1, 7, 5, 1], [2, 0, 1, 4, 4, 6, 2, 1], [0, 2, 1, 6, 0, 4, 1, 3], [1, 0, 6, 0, 6, 1, 7, 0], [1, 6, 1, 0, 1, 2, 1, 0], [2, 1, 4, 4, 0, 1, 1, 5], [5, 0, 7, 3, 7, 2, 4, 5], [5, 0, 1, 5, 5, 4, 0, 4], [1, 6, 7, 6, 0, 1, 4, 0], [2, 0, 6, 7, 4, 1, 0, 0], [0, 5, 4, 1, 2, 1, 4, 1]], "potions": 14, "treasures": 8, "enemies": 17, "solution_length": 0, "enemies_loc": [[5, 0], [7, 0], [2, 1], [5, 1], [5, 2], [3, 3], [2, 4], [4, 4], [6, 4], [1, 5], [2, 7], [4, 7], [1, 9], [2, 9], [3, 9], [2, 10], [3, 10]]}, "quality": 0.3263304093296815, "diversity": 0.37348089448242205, "controlability": 0.0}