{"content": [[1, 1, 1, 1, 7, 0, 5, 2], [0, 0, 5, 5, 1, 7, 5, 2], [0, 0, 4, 7, 4, 1, 0, 1], [0, 2, 1, 6, 0, 4, 1, 4], [0, 0, 6, 0, 6, 3, 5, 0], [1, 6, 0, 4, 1, 2, 7, 4], [0, 1, 4, 7, 1, 6, 1, 5], [5, 0, 4, 0, 7, 2, 4, 5], [5, 0, 1, 5, 5, 4, 0, 0], [4, 7, 1, 5, 4, 4, 4, 5], [2, 0, 6, 1, 4, 1, 0, 1], [0, 0, 6, 0, 6, 1, 6, 1]], "control": {"col_treasures": 18, "solution_length": 45}, "info": {"regions": 1, "players": 6, "exits": 1, "layout": 45, "heuristic": -1, "solution": [], "content": [[1, 1, 1, 1, 7, 0, 5, 2], [0, 0, 5, 5, 1, 7, 5, 2], [0, 0, 4, 7, 4, 1, 0, 1], [0, 2, 1, 6, 0, 4, 1, 4], [0, 0, 6, 0, 6, 3, 5, 0], [1, 6, 0, 4, 1, 2, 7, 4], [0, 1, 4, 7, 1, 6, 1, 5], [5, 0, 4, 0, 7, 2, 4, 5], [5, 0, 1, 5, 5, 4, 0, 0], [4, 7, 1, 5, 4, 4, 4, 5], [2, 0, 6, 1, 4, 1, 0, 1], [0, 0, 6, 0, 6, 1, 6, 1]], "potions": 15, "treasures": 13, "enemies": 16, "solution_length": 0, "enemies_loc": [[4, 0], [5, 1], [3, 2], [3, 3], [2, 4], [4, 4], [1, 5], [6, 5], [3, 6], [5, 6], [4, 7], [1, 9], [2, 10], [2, 11], [4, 11], [6, 11]]}, "quality": 0.32565789471717305, "diversity": 0.3533775171756631, "controlability": 0.0}