{"content": [[0, 7, 2, 6, 7, 3, 2, 7], [7, 4, 5, 2, 6, 5, 0, 0], [2, 4, 2, 0, 3, 7, 6, 0], [1, 7, 3, 4, 0, 2, 6, 5], [1, 7, 1, 5, 3, 6, 2, 7], [6, 6, 6, 0, 4, 7, 7, 1], [0, 7, 1, 0, 7, 1, 6, 6], [7, 5, 1, 3, 0, 5, 6, 7], [1, 1, 6, 7, 0, 5, 0, 0], [0, 7, 6, 7, 2, 3, 7, 1], [6, 3, 4, 0, 7, 5, 1, 2], [7, 7, 2, 0, 7, 4, 1, 2]], "control": {"col_treasures": 17, "solution_length": 43}, "info": {"regions": 1, "players": 11, "exits": 7, "layout": 28, "heuristic": -1, "solution": [], "content": [[0, 7, 2, 6, 7, 3, 2, 7], [7, 4, 5, 2, 6, 5, 0, 0], [2, 4, 2, 0, 3, 7, 6, 0], [1, 7, 3, 4, 0, 2, 6, 5], [1, 7, 1, 5, 3, 6, 2, 7], [6, 6, 6, 0, 4, 7, 7, 1], [0, 7, 1, 0, 7, 1, 6, 6], [7, 5, 1, 3, 0, 5, 6, 7], [1, 1, 6, 7, 0, 5, 0, 0], [0, 7, 6, 7, 2, 3, 7, 1], [6, 3, 4, 0, 7, 5, 1, 2], [7, 7, 2, 0, 7, 4, 1, 2]], "potions": 6, "treasures": 8, "enemies": 36, "solution_length": 0, "enemies_loc": [[1, 0], [3, 0], [4, 0], [7, 0], [0, 1], [4, 1], [5, 2], [6, 2], [1, 3], [6, 3], [1, 4], [5, 4], [7, 4], [0, 5], [1, 5], [2, 5], [5, 5], [6, 5], [1, 6], [4, 6], [6, 6], [7, 6], [0, 7], [6, 7], [7, 7], [2, 8], [3, 8], [1, 9], [2, 9], [3, 9], [6, 9], [0, 10], [4, 10], [0, 11], [1, 11], [4, 11]]}, "quality": 0.2943274853591619, "diversity": 0.5223214190848217, "controlability": 0.0}