{"content": [[1, 1, 7, 5, 6, 7, 5, 6], [0, 2, 5, 7, 6, 3, 1, 0], [0, 5, 7, 5, 4, 6, 5, 1], [0, 5, 1, 4, 0, 7, 0, 3], [0, 0, 6, 6, 6, 5, 7, 2], [0, 6, 0, 0, 1, 2, 1, 0], [0, 1, 7, 7, 5, 7, 1, 5], [4, 0, 2, 0, 0, 4, 0, 1], [2, 0, 1, 5, 5, 1, 1, 7], [1, 6, 1, 6, 0, 1, 6, 0], [5, 0, 0, 1, 4, 6, 6, 0], [0, 4, 1, 1, 6, 7, 6, 1]], "control": {"col_treasures": 8, "solution_length": 30}, "info": {"regions": 1, "players": 5, "exits": 2, "layout": 44, "heuristic": -1, "solution": [], "content": [[1, 1, 7, 5, 6, 7, 5, 6], [0, 2, 5, 7, 6, 3, 1, 0], [0, 5, 7, 5, 4, 6, 5, 1], [0, 5, 1, 4, 0, 7, 0, 3], [0, 0, 6, 6, 6, 5, 7, 2], [0, 6, 0, 0, 1, 2, 1, 0], [0, 1, 7, 7, 5, 7, 1, 5], [4, 0, 2, 0, 0, 4, 0, 1], [2, 0, 1, 5, 5, 1, 1, 7], [1, 6, 1, 6, 0, 1, 6, 0], [5, 0, 0, 1, 4, 6, 6, 0], [0, 4, 1, 1, 6, 7, 6, 1]], "potions": 6, "treasures": 13, "enemies": 26, "solution_length": 0, "enemies_loc": [[2, 0], [4, 0], [5, 0], [7, 0], [3, 1], [4, 1], [2, 2], [5, 2], [5, 3], [2, 4], [3, 4], [4, 4], [6, 4], [1, 5], [2, 6], [3, 6], [5, 6], [7, 8], [1, 9], [3, 9], [6, 9], [5, 10], [6, 10], [4, 11], [5, 11], [6, 11]]}, "quality": 0.324269005821556, "diversity": 0.3386718671582033, "controlability": 0.0}