{"content": [[4, 3, 3, 1, 7, 5, 6, 5], [0, 7, 5, 0, 6, 7, 6, 1], [7, 5, 7, 1, 0, 1, 5, 1], [0, 1, 1, 0, 0, 4, 1, 0], [1, 5, 6, 4, 6, 1, 4, 0], [1, 6, 2, 7, 5, 1, 0, 0], [1, 0, 4, 0, 0, 0, 2, 1], [4, 0, 0, 7, 1, 4, 0, 7], [2, 1, 1, 4, 0, 4, 5, 1], [1, 6, 0, 6, 0, 4, 1, 5], [2, 0, 6, 1, 5, 6, 0, 0], [0, 6, 2, 0, 1, 4, 5, 4]], "control": {"col_treasures": 18, "solution_length": 45}, "info": {"regions": 1, "players": 5, "exits": 2, "layout": 47, "heuristic": -1, "solution": [], "content": [[4, 3, 3, 1, 7, 5, 6, 5], [0, 7, 5, 0, 6, 7, 6, 1], [7, 5, 7, 1, 0, 1, 5, 1], [0, 1, 1, 0, 0, 4, 1, 0], [1, 5, 6, 4, 6, 1, 4, 0], [1, 6, 2, 7, 5, 1, 0, 0], [1, 0, 4, 0, 0, 0, 2, 1], [4, 0, 0, 7, 1, 4, 0, 7], [2, 1, 1, 4, 0, 4, 5, 1], [1, 6, 0, 6, 0, 4, 1, 5], [2, 0, 6, 1, 5, 6, 0, 0], [0, 6, 2, 0, 1, 4, 5, 4]], "potions": 12, "treasures": 11, "enemies": 19, "solution_length": 0, "enemies_loc": [[4, 0], [6, 0], [1, 1], [4, 1], [5, 1], [6, 1], [0, 2], [2, 2], [2, 4], [4, 4], [1, 5], [3, 5], [3, 7], [7, 7], [1, 9], [3, 9], [2, 10], [5, 10], [1, 11]]}, "quality": 0.3284356724873546, "diversity": 0.36709104113136604, "controlability": 0.0}