{"content": [[1, 1, 7, 1, 2, 5, 0, 0], [0, 0, 7, 0, 5, 7, 7, 1], [0, 0, 1, 1, 0, 4, 2, 1], [0, 5, 7, 4, 0, 7, 0, 0], [1, 7, 6, 1, 6, 6, 7, 2], [1, 6, 1, 7, 4, 7, 1, 4], [0, 1, 5, 7, 5, 7, 1, 5], [4, 0, 7, 0, 7, 4, 1, 1], [5, 0, 1, 7, 5, 1, 5, 1], [3, 6, 7, 5, 0, 4, 1, 1], [2, 7, 6, 7, 7, 1, 4, 1], [0, 3, 6, 2, 7, 1, 4, 1]], "control": {"col_treasures": 18, "solution_length": 45}, "info": {"regions": 1, "players": 5, "exits": 2, "layout": 43, "heuristic": -1, "solution": [], "content": [[1, 1, 7, 1, 2, 5, 0, 0], [0, 0, 7, 0, 5, 7, 7, 1], [0, 0, 1, 1, 0, 4, 2, 1], [0, 5, 7, 4, 0, 7, 0, 0], [1, 7, 6, 1, 6, 6, 7, 2], [1, 6, 1, 7, 4, 7, 1, 4], [0, 1, 5, 7, 5, 7, 1, 5], [4, 0, 7, 0, 7, 4, 1, 1], [5, 0, 1, 7, 5, 1, 5, 1], [3, 6, 7, 5, 0, 4, 1, 1], [2, 7, 6, 7, 7, 1, 4, 1], [0, 3, 6, 2, 7, 1, 4, 1]], "potions": 9, "treasures": 10, "enemies": 27, "solution_length": 0, "enemies_loc": [[2, 0], [2, 1], [5, 1], [6, 1], [2, 3], [5, 3], [1, 4], [2, 4], [4, 4], [5, 4], [6, 4], [1, 5], [3, 5], [5, 5], [3, 6], [5, 6], [2, 7], [4, 7], [3, 8], [1, 9], [2, 9], [1, 10], [2, 10], [3, 10], [4, 10], [2, 11], [4, 11]]}, "quality": 0.32288011693295643, "diversity": 0.34114582546258243, "controlability": 0.0}