{"content": [[2, 1, 7, 1, 4, 1, 4, 6], [7, 0, 5, 0, 2, 6, 1, 0], [7, 5, 2, 3, 0, 6, 5, 0], [5, 7, 1, 0, 0, 4, 1, 1], [0, 0, 6, 6, 4, 7, 6, 0], [0, 1, 1, 6, 1, 1, 0, 0], [1, 1, 1, 1, 0, 5, 1, 5], [5, 5, 3, 1, 1, 2, 0, 1], [4, 1, 1, 3, 2, 1, 1, 1], [1, 0, 0, 0, 2, 0, 1, 0], [2, 0, 1, 2, 2, 6, 0, 6], [0, 6, 0, 0, 0, 6, 0, 1]], "control": {"col_treasures": 4, "solution_length": 23}, "info": {"regions": 3, "players": 9, "exits": 3, "layout": 55, "heuristic": -1, "solution": [], "content": [[2, 1, 7, 1, 4, 1, 4, 6], [7, 0, 5, 0, 2, 6, 1, 0], [7, 5, 2, 3, 0, 6, 5, 0], [5, 7, 1, 0, 0, 4, 1, 1], [0, 0, 6, 6, 4, 7, 6, 0], [0, 1, 1, 6, 1, 1, 0, 0], [1, 1, 1, 1, 0, 5, 1, 5], [5, 5, 3, 1, 1, 2, 0, 1], [4, 1, 1, 3, 2, 1, 1, 1], [1, 0, 0, 0, 2, 0, 1, 0], [2, 0, 1, 2, 2, 6, 0, 6], [0, 6, 0, 0, 0, 6, 0, 1]], "potions": 5, "treasures": 8, "enemies": 16, "solution_length": 0, "enemies_loc": [[2, 0], [7, 0], [0, 1], [5, 1], [0, 2], [5, 2], [1, 3], [2, 4], [3, 4], [5, 4], [6, 4], [3, 5], [5, 10], [7, 10], [1, 11], [5, 11]]}, "quality": 0.310811913431904, "diversity": 0.3194444367456898, "controlability": 0.0}