{"content": [[1, 1, 7, 1, 6, 4, 5, 0], [4, 0, 0, 0, 1, 7, 6, 0], [0, 0, 7, 4, 4, 6, 5, 1], [7, 2, 7, 6, 0, 7, 0, 0], [0, 5, 6, 1, 1, 3, 6, 4], [1, 6, 4, 0, 1, 7, 0, 0], [6, 5, 1, 1, 5, 7, 1, 7], [4, 0, 3, 0, 7, 4, 1, 1], [5, 0, 4, 5, 4, 4, 1, 1], [5, 7, 7, 5, 1, 1, 1, 1], [2, 0, 6, 1, 4, 1, 4, 1], [3, 5, 7, 2, 6, 1, 4, 1]], "control": {"col_treasures": 8, "solution_length": 30}, "info": {"regions": 1, "players": 3, "exits": 3, "layout": 43, "heuristic": -1, "solution": [], "content": [[1, 1, 7, 1, 6, 4, 5, 0], [4, 0, 0, 0, 1, 7, 6, 0], [0, 0, 7, 4, 4, 6, 5, 1], [7, 2, 7, 6, 0, 7, 0, 0], [0, 5, 6, 1, 1, 3, 6, 4], [1, 6, 4, 0, 1, 7, 0, 0], [6, 5, 1, 1, 5, 7, 1, 7], [4, 0, 3, 0, 7, 4, 1, 1], [5, 0, 4, 5, 4, 4, 1, 1], [5, 7, 7, 5, 1, 1, 1, 1], [2, 0, 6, 1, 4, 1, 4, 1], [3, 5, 7, 2, 6, 1, 4, 1]], "potions": 14, "treasures": 10, "enemies": 23, "solution_length": 0, "enemies_loc": [[2, 0], [4, 0], [5, 1], [6, 1], [2, 2], [5, 2], [0, 3], [2, 3], [3, 3], [5, 3], [2, 4], [6, 4], [1, 5], [5, 5], [0, 6], [5, 6], [7, 6], [4, 7], [1, 9], [2, 9], [2, 10], [2, 11], [4, 11]]}, "quality": 0.32358187131884747, "diversity": 0.330729158919271, "controlability": 0.0}