{"content": [[1, 0, 1, 1, 2, 1, 5, 7], [0, 1, 1, 0, 1, 3, 4, 0], [0, 5, 1, 4, 4, 1, 2, 1], [4, 2, 1, 6, 0, 7, 1, 0], [1, 1, 6, 1, 1, 1, 6, 2], [1, 6, 1, 6, 1, 1, 0, 0], [0, 4, 0, 1, 0, 7, 1, 1], [4, 4, 4, 0, 5, 4, 1, 6], [3, 1, 7, 5, 4, 4, 5, 1], [1, 0, 1, 6, 1, 0, 6, 0], [2, 1, 6, 1, 4, 6, 0, 1], [0, 6, 6, 6, 6, 1, 1, 2]], "control": {"col_treasures": 4, "solution_length": 23}, "info": {"regions": 2, "players": 6, "exits": 2, "layout": 53, "heuristic": -1, "solution": [], "content": [[1, 0, 1, 1, 2, 1, 5, 7], [0, 1, 1, 0, 1, 3, 4, 0], [0, 5, 1, 4, 4, 1, 2, 1], [4, 2, 1, 6, 0, 7, 1, 0], [1, 1, 6, 1, 1, 1, 6, 2], [1, 6, 1, 6, 1, 1, 0, 0], [0, 4, 0, 1, 0, 7, 1, 1], [4, 4, 4, 0, 5, 4, 1, 6], [3, 1, 7, 5, 4, 4, 5, 1], [1, 0, 1, 6, 1, 0, 6, 0], [2, 1, 6, 1, 4, 6, 0, 1], [0, 6, 6, 6, 6, 1, 1, 2]], "potions": 12, "treasures": 5, "enemies": 18, "solution_length": 0, "enemies_loc": [[7, 0], [3, 3], [5, 3], [2, 4], [6, 4], [1, 5], [3, 5], [5, 6], [7, 7], [2, 8], [3, 9], [6, 9], [2, 10], [5, 10], [1, 11], [2, 11], [3, 11], [4, 11]]}, "quality": 0.32137086895095035, "diversity": 0.3989583250260418, "controlability": 0.0}