{"content": [[4, 1, 7, 1, 6, 5, 5, 0], [0, 2, 0, 0, 5, 7, 4, 0], [0, 6, 7, 4, 0, 1, 2, 1], [0, 3, 1, 6, 0, 7, 0, 5], [6, 1, 1, 1, 6, 3, 4, 1], [1, 6, 0, 7, 1, 0, 6, 4], [0, 1, 5, 0, 0, 7, 1, 5], [4, 0, 3, 0, 7, 4, 1, 1], [2, 0, 1, 5, 5, 1, 5, 1], [1, 0, 7, 4, 1, 4, 1, 0], [2, 0, 6, 7, 4, 1, 7, 0], [5, 3, 7, 1, 6, 1, 4, 1]], "control": {"col_treasures": 4, "solution_length": 23}, "info": {"regions": 1, "players": 4, "exits": 4, "layout": 47, "heuristic": -1, "solution": [], "content": [[4, 1, 7, 1, 6, 5, 5, 0], [0, 2, 0, 0, 5, 7, 4, 0], [0, 6, 7, 4, 0, 1, 2, 1], [0, 3, 1, 6, 0, 7, 0, 5], [6, 1, 1, 1, 6, 3, 4, 1], [1, 6, 0, 7, 1, 0, 6, 4], [0, 1, 5, 0, 0, 7, 1, 5], [4, 0, 3, 0, 7, 4, 1, 1], [2, 0, 1, 5, 5, 1, 5, 1], [1, 0, 7, 4, 1, 4, 1, 0], [2, 0, 6, 7, 4, 1, 7, 0], [5, 3, 7, 1, 6, 1, 4, 1]], "potions": 11, "treasures": 10, "enemies": 20, "solution_length": 0, "enemies_loc": [[2, 0], [4, 0], [5, 1], [1, 2], [2, 2], [3, 3], [5, 3], [0, 4], [4, 4], [1, 5], [3, 5], [6, 5], [5, 6], [4, 7], [2, 9], [2, 10], [3, 10], [6, 10], [2, 11], [4, 11]]}, "quality": 0.3277339181014636, "diversity": 0.340126803634511, "controlability": 0.0}