{"content": [[1, 1, 4, 1, 4, 5, 5, 7], [5, 0, 5, 5, 1, 7, 5, 2], [1, 0, 1, 1, 4, 1, 5, 5], [0, 5, 1, 0, 0, 4, 1, 4], [1, 7, 1, 0, 6, 3, 7, 0], [4, 6, 0, 1, 1, 2, 7, 4], [5, 1, 4, 0, 0, 1, 0, 5], [5, 0, 6, 0, 7, 2, 4, 7], [5, 0, 1, 5, 5, 0, 4, 4], [4, 1, 1, 1, 6, 4, 7, 0], [5, 0, 6, 1, 7, 7, 0, 1], [4, 5, 5, 7, 2, 1, 1, 2]], "control": {"col_treasures": 18, "solution_length": 45}, "info": {"regions": 1, "players": 5, "exits": 1, "layout": 42, "heuristic": -1, "solution": [], "content": [[1, 1, 4, 1, 4, 5, 5, 7], [5, 0, 5, 5, 1, 7, 5, 2], [1, 0, 1, 1, 4, 1, 5, 5], [0, 5, 1, 0, 0, 4, 1, 4], [1, 7, 1, 0, 6, 3, 7, 0], [4, 6, 0, 1, 1, 2, 7, 4], [5, 1, 4, 0, 0, 1, 0, 5], [5, 0, 6, 0, 7, 2, 4, 7], [5, 0, 1, 5, 5, 0, 4, 4], [4, 1, 1, 1, 6, 4, 7, 0], [5, 0, 6, 1, 7, 7, 0, 1], [4, 5, 5, 7, 2, 1, 1, 2]], "potions": 14, "treasures": 18, "enemies": 16, "solution_length": 0, "enemies_loc": [[7, 0], [5, 1], [1, 4], [4, 4], [6, 4], [1, 5], [6, 5], [2, 7], [4, 7], [7, 7], [4, 9], [6, 9], [2, 10], [4, 10], [5, 10], [3, 11]]}, "quality": 0.3221929824372655, "diversity": 0.3434606402560765, "controlability": 0.0}