{"content": [[2, 3, 3, 4, 4, 4, 5, 5], [6, 0, 5, 4, 3, 6, 7, 0], [6, 3, 1, 7, 0, 1, 1, 1], [4, 1, 4, 3, 0, 1, 1, 4], [0, 0, 0, 6, 2, 4, 6, 2], [1, 2, 1, 1, 6, 5, 4, 4], [3, 1, 4, 0, 2, 6, 1, 5], [4, 5, 7, 0, 0, 0, 0, 4], [4, 7, 4, 4, 4, 4, 1, 1], [1, 5, 0, 0, 6, 6, 2, 3], [2, 0, 1, 6, 1, 0, 0, 1], [1, 6, 1, 3, 1, 1, 0, 6]], "control": {"col_treasures": 4, "solution_length": 23}, "info": {"regions": 1, "players": 7, "exits": 8, "layout": 40, "heuristic": -1, "solution": [], "content": [[2, 3, 3, 4, 4, 4, 5, 5], [6, 0, 5, 4, 3, 6, 7, 0], [6, 3, 1, 7, 0, 1, 1, 1], [4, 1, 4, 3, 0, 1, 1, 4], [0, 0, 0, 6, 2, 4, 6, 2], [1, 2, 1, 1, 6, 5, 4, 4], [3, 1, 4, 0, 2, 6, 1, 5], [4, 5, 7, 0, 0, 0, 0, 4], [4, 7, 4, 4, 4, 4, 1, 1], [1, 5, 0, 0, 6, 6, 2, 3], [2, 0, 1, 6, 1, 0, 0, 1], [1, 6, 1, 3, 1, 1, 0, 6]], "potions": 18, "treasures": 7, "enemies": 16, "solution_length": 0, "enemies_loc": [[0, 1], [5, 1], [6, 1], [0, 2], [3, 2], [3, 4], [6, 4], [4, 5], [5, 6], [2, 7], [1, 8], [4, 9], [5, 9], [3, 10], [1, 11], [7, 11]]}, "quality": 0.3130994151800295, "diversity": 0.3276460648931395, "controlability": 0.0}