{"content": [[1, 1, 1, 1, 7, 5, 5, 7], [2, 0, 5, 5, 6, 7, 3, 1], [6, 5, 7, 1, 0, 1, 2, 1], [0, 5, 1, 6, 0, 7, 6, 5], [6, 7, 2, 1, 3, 3, 0, 0], [1, 6, 0, 7, 1, 1, 6, 0], [1, 0, 7, 0, 0, 7, 1, 1], [5, 0, 7, 0, 7, 2, 0, 7], [2, 0, 2, 4, 0, 0, 0, 1], [1, 6, 7, 7, 6, 0, 5, 0], [2, 0, 6, 4, 7, 1, 0, 1], [0, 5, 5, 0, 2, 1, 5, 2]], "control": {"col_treasures": 8, "solution_length": 30}, "info": {"regions": 2, "players": 9, "exits": 3, "layout": 45, "heuristic": -1, "solution": [], "content": [[1, 1, 1, 1, 7, 5, 5, 7], [2, 0, 5, 5, 6, 7, 3, 1], [6, 5, 7, 1, 0, 1, 2, 1], [0, 5, 1, 6, 0, 7, 6, 5], [6, 7, 2, 1, 3, 3, 0, 0], [1, 6, 0, 7, 1, 1, 6, 0], [1, 0, 7, 0, 0, 7, 1, 1], [5, 0, 7, 0, 7, 2, 0, 7], [2, 0, 2, 4, 0, 0, 0, 1], [1, 6, 7, 7, 6, 0, 5, 0], [2, 0, 6, 4, 7, 1, 0, 1], [0, 5, 5, 0, 2, 1, 5, 2]], "potions": 2, "treasures": 12, "enemies": 25, "solution_length": 0, "enemies_loc": [[4, 0], [7, 0], [4, 1], [5, 1], [0, 2], [2, 2], [3, 3], [5, 3], [6, 3], [0, 4], [1, 4], [1, 5], [3, 5], [6, 5], [2, 6], [5, 6], [2, 7], [4, 7], [7, 7], [1, 9], [2, 9], [3, 9], [4, 9], [2, 10], [4, 10]]}, "quality": 0.3143971847276987, "diversity": 0.29763454143066426, "controlability": 0.0}