{"content": [[6, 3, 6, 2, 7, 7, 6, 1], [2, 7, 5, 0, 2, 6, 2, 0], [7, 0, 2, 1, 3, 1, 5, 1], [5, 4, 7, 0, 1, 4, 1, 0], [1, 0, 0, 1, 1, 6, 6, 2], [0, 6, 0, 1, 2, 3, 0, 4], [1, 1, 7, 0, 1, 0, 2, 5], [4, 1, 7, 4, 4, 4, 0, 1], [2, 1, 1, 3, 1, 4, 1, 1], [1, 2, 0, 0, 0, 0, 2, 2], [6, 0, 1, 5, 2, 3, 0, 1], [6, 6, 2, 3, 1, 6, 7, 6]], "control": {"col_treasures": 18, "solution_length": 45}, "info": {"regions": 1, "players": 14, "exits": 6, "layout": 43, "heuristic": -1, "solution": [], "content": [[6, 3, 6, 2, 7, 7, 6, 1], [2, 7, 5, 0, 2, 6, 2, 0], [7, 0, 2, 1, 3, 1, 5, 1], [5, 4, 7, 0, 1, 4, 1, 0], [1, 0, 0, 1, 1, 6, 6, 2], [0, 6, 0, 1, 2, 3, 0, 4], [1, 1, 7, 0, 1, 0, 2, 5], [4, 1, 7, 4, 4, 4, 0, 1], [2, 1, 1, 3, 1, 4, 1, 1], [1, 2, 0, 0, 0, 0, 2, 2], [6, 0, 1, 5, 2, 3, 0, 1], [6, 6, 2, 3, 1, 6, 7, 6]], "potions": 8, "treasures": 5, "enemies": 20, "solution_length": 0, "enemies_loc": [[0, 0], [2, 0], [4, 0], [5, 0], [6, 0], [1, 1], [5, 1], [0, 2], [2, 3], [5, 4], [6, 4], [1, 5], [2, 6], [2, 7], [0, 10], [0, 11], [1, 11], [5, 11], [6, 11], [7, 11]]}, "quality": 0.3137573099163729, "diversity": 0.3345352485276444, "controlability": 0.0}