{"content": [[1, 1, 0, 0, 1, 1, 1, 1, 1, 1, 0, 1, 1, 1], [0, 1, 1, 1, 1, 0, 1, 1, 0, 1, 1, 1, 0, 1], [1, 1, 1, 1, 0, 0, 0, 0, 1, 1, 0, 1, 1, 1], [0, 1, 1, 1, 1, 1, 1, 1, 0, 1, 0, 0, 1, 1], [0, 0, 1, 1, 0, 1, 1, 0, 1, 0, 1, 1, 1, 0], [1, 1, 1, 1, 0, 1, 1, 0, 1, 1, 1, 0, 1, 0], [1, 1, 1, 1, 0, 1, 1, 0, 1, 0, 1, 1, 1, 1], [1, 0, 1, 1, 1, 0, 1, 0, 0, 1, 0, 1, 1, 1], [1, 0, 0, 0, 0, 1, 0, 1, 1, 1, 0, 1, 1, 0], [0, 1, 0, 1, 1, 1, 0, 1, 1, 1, 1, 1, 1, 1], [1, 1, 1, 0, 1, 1, 1, 1, 1, 1, 0, 0, 1, 0], [1, 1, 1, 0, 0, 1, 0, 0, 1, 1, 1, 1, 1, 0], [1, 1, 1, 1, 0, 0, 1, 1, 1, 1, 1, 1, 1, 1], [0, 1, 1, 0, 0, 1, 1, 1, 1, 0, 1, 1, 0, 0]], "control": {"path": 62}, "info": {"path": 40, "regions": 2, "flat": [1, 1, 0, 0, 1, 1, 1, 1, 1, 1, 0, 1, 1, 1, 0, 1, 1, 1, 1, 0, 1, 1, 0, 1, 1, 1, 0, 1, 1, 1, 1, 1, 0, 0, 0, 0, 1, 1, 0, 1, 1, 1, 0, 1, 1, 1, 1, 1, 1, 1, 0, 1, 0, 0, 1, 1, 0, 0, 1, 1, 0, 1, 1, 0, 1, 0, 1, 1, 1, 0, 1, 1, 1, 1, 0, 1, 1, 0, 1, 1, 1, 0, 1, 0, 1, 1, 1, 1, 0, 1, 1, 0, 1, 0, 1, 1, 1, 1, 1, 0, 1, 1, 1, 0, 1, 0, 0, 1, 0, 1, 1, 1, 1, 0, 0, 0, 0, 1, 0, 1, 1, 1, 0, 1, 1, 0, 0, 1, 0, 1, 1, 1, 0, 1, 1, 1, 1, 1, 1, 1, 1, 1, 1, 0, 1, 1, 1, 1, 1, 1, 0, 0, 1, 0, 1, 1, 1, 0, 0, 1, 0, 0, 1, 1, 1, 1, 1, 0, 1, 1, 1, 1, 0, 0, 1, 1, 1, 1, 1, 1, 1, 1, 0, 1, 1, 0, 0, 1, 1, 1, 1, 0, 1, 1, 0, 0]}, "quality": 0.9731182793155277, "diversity": 0.6881868131088459, "controlability": 0.7272727271404958}