{"content": [[1, 1, 1, 3, 5, 5, 5, 1], [0, 0, 0, 0, 1, 7, 6, 7], [0, 0, 6, 1, 7, 6, 6, 1], [0, 6, 1, 0, 0, 7, 3, 0], [6, 7, 1, 6, 6, 6, 6, 6], [1, 6, 6, 7, 4, 0, 0, 5], [1, 0, 4, 1, 4, 7, 0, 6], [5, 0, 0, 0, 7, 0, 1, 1], [4, 3, 1, 4, 0, 4, 0, 1], [4, 6, 7, 6, 4, 4, 1, 6], [6, 3, 6, 4, 7, 6, 0, 1], [4, 1, 1, 0, 7, 1, 6, 7]], "control": {"col_treasures": 18, "solution_length": 45}, "info": {"regions": 1, "players": 0, "exits": 4, "layout": 43, "heuristic": -1, "solution": [], "content": [[1, 1, 1, 3, 5, 5, 5, 1], [0, 0, 0, 0, 1, 7, 6, 7], [0, 0, 6, 1, 7, 6, 6, 1], [0, 6, 1, 0, 0, 7, 3, 0], [6, 7, 1, 6, 6, 6, 6, 6], [1, 6, 6, 7, 4, 0, 0, 5], [1, 0, 4, 1, 4, 7, 0, 6], [5, 0, 0, 0, 7, 0, 1, 1], [4, 3, 1, 4, 0, 4, 0, 1], [4, 6, 7, 6, 4, 4, 1, 6], [6, 3, 6, 4, 7, 6, 0, 1], [4, 1, 1, 0, 7, 1, 6, 7]], "potions": 11, "treasures": 5, "enemies": 33, "solution_length": 0, "enemies_loc": [[5, 1], [6, 1], [7, 1], [2, 2], [4, 2], [5, 2], [6, 2], [1, 3], [5, 3], [0, 4], [1, 4], [3, 4], [4, 4], [5, 4], [6, 4], [7, 4], [1, 5], [2, 5], [3, 5], [5, 6], [7, 6], [4, 7], [1, 9], [2, 9], [3, 9], [7, 9], [0, 10], [2, 10], [4, 10], [5, 10], [4, 11], [6, 11], [7, 11]]}, "quality": 0.2576169590450894, "diversity": 0.2686929159995721, "controlability": 0.0}