{"content": [[4, 1, 5, 6, 7, 5, 5, 1], [1, 0, 4, 0, 1, 1, 5, 0], [0, 5, 4, 4, 4, 4, 4, 1], [0, 5, 1, 2, 0, 7, 0, 0], [1, 4, 1, 0, 6, 3, 7, 2], [1, 6, 0, 1, 1, 7, 1, 4], [3, 6, 4, 0, 0, 7, 0, 5], [0, 0, 1, 0, 4, 0, 1, 1], [5, 5, 7, 4, 5, 4, 1, 4], [1, 7, 1, 7, 0, 4, 1, 6], [6, 0, 1, 4, 4, 6, 4, 4], [4, 0, 7, 7, 5, 7, 4, 3]], "control": {"col_treasures": 18, "solution_length": 45}, "info": {"regions": 1, "players": 2, "exits": 3, "layout": 41, "heuristic": -1, "solution": [], "content": [[4, 1, 5, 6, 7, 5, 5, 1], [1, 0, 4, 0, 1, 1, 5, 0], [0, 5, 4, 4, 4, 4, 4, 1], [0, 5, 1, 2, 0, 7, 0, 0], [1, 4, 1, 0, 6, 3, 7, 2], [1, 6, 0, 1, 1, 7, 1, 4], [3, 6, 4, 0, 0, 7, 0, 5], [0, 0, 1, 0, 4, 0, 1, 1], [5, 5, 7, 4, 5, 4, 1, 4], [1, 7, 1, 7, 0, 4, 1, 6], [6, 0, 1, 4, 4, 6, 4, 4], [4, 0, 7, 7, 5, 7, 4, 3]], "potions": 21, "treasures": 11, "enemies": 18, "solution_length": 0, "enemies_loc": [[3, 0], [4, 0], [5, 3], [4, 4], [6, 4], [1, 5], [5, 5], [1, 6], [5, 6], [2, 8], [1, 9], [3, 9], [7, 9], [0, 10], [5, 10], [2, 11], [3, 11], [5, 11]]}, "quality": 0.3215058479275395, "diversity": 0.2521756269234575, "controlability": 0.0}