{"content": [[0, 1, 1, 0, 1, 1, 1, 1, 1, 1, 0, 0, 1, 1], [0, 1, 1, 1, 1, 0, 1, 1, 0, 1, 1, 1, 1, 1], [1, 0, 1, 1, 0, 0, 1, 0, 1, 1, 0, 1, 1, 1], [0, 1, 1, 1, 1, 0, 1, 0, 0, 1, 0, 0, 0, 1], [0, 0, 1, 1, 1, 0, 1, 0, 0, 0, 1, 1, 1, 0], [1, 1, 1, 0, 1, 1, 1, 0, 0, 1, 1, 0, 0, 0], [1, 1, 1, 0, 1, 1, 1, 0, 0, 0, 1, 1, 1, 0], [1, 1, 1, 0, 0, 0, 0, 1, 0, 0, 1, 1, 1, 1], [1, 0, 0, 1, 0, 0, 0, 1, 1, 1, 0, 1, 1, 0], [1, 1, 0, 0, 1, 1, 1, 0, 1, 0, 0, 1, 1, 1], [1, 1, 0, 0, 1, 1, 1, 1, 0, 1, 0, 1, 1, 0], [0, 1, 0, 0, 0, 1, 1, 0, 0, 1, 1, 1, 0, 0], [1, 1, 1, 1, 1, 0, 1, 1, 0, 1, 1, 1, 1, 0], [1, 0, 0, 0, 0, 1, 1, 1, 0, 0, 1, 1, 0, 0]], "control": {"path": 92}, "info": {"path": 32, "regions": 6, "flat": [0, 1, 1, 0, 1, 1, 1, 1, 1, 1, 0, 0, 1, 1, 0, 1, 1, 1, 1, 0, 1, 1, 0, 1, 1, 1, 1, 1, 1, 0, 1, 1, 0, 0, 1, 0, 1, 1, 0, 1, 1, 1, 0, 1, 1, 1, 1, 0, 1, 0, 0, 1, 0, 0, 0, 1, 0, 0, 1, 1, 1, 0, 1, 0, 0, 0, 1, 1, 1, 0, 1, 1, 1, 0, 1, 1, 1, 0, 0, 1, 1, 0, 0, 0, 1, 1, 1, 0, 1, 1, 1, 0, 0, 0, 1, 1, 1, 0, 1, 1, 1, 0, 0, 0, 0, 1, 0, 0, 1, 1, 1, 1, 1, 0, 0, 1, 0, 0, 0, 1, 1, 1, 0, 1, 1, 0, 1, 1, 0, 0, 1, 1, 1, 0, 1, 0, 0, 1, 1, 1, 1, 1, 0, 0, 1, 1, 1, 1, 0, 1, 0, 1, 1, 0, 0, 1, 0, 0, 0, 1, 1, 0, 0, 1, 1, 1, 0, 0, 1, 1, 1, 1, 1, 0, 1, 1, 0, 1, 1, 1, 1, 0, 1, 0, 0, 0, 0, 1, 1, 1, 0, 0, 1, 1, 0, 0]}, "quality": 0.8655913976529078, "diversity": 0.8454081631829837, "controlability": 0.3764705881910035}