{"content": {"layout": [4, 13, 13, 9, 13, 15, 15, 11, 15, 15, 15, 11, 2, 14, 7, 3], "start": 3, "boss": 12, "shop": 14, "treasure": 7}, "control": {"map_size": 11}, "info": {"map_size": 16, "num_regions": 1, "connect_regions": 1, "loose_connections": 3, "locations": 4, "player_boss_distance": 10, "flat": [0, 0, 0, 0, 0, 0, 0, 0, 0, 0, 0, 0, 0, 1, 2, 2, 1, 2, 2, 1, 2, 2, 1, 0, 0, 0, 0, 0, 2, 0, 0, 2, 0, 0, 2, 0, 0, 0, 0, 0, 2, 0, 0, 2, 0, 0, 2, 0, 2, 1, 2, 2, 1, 2, 2, 1, 2, 2, 1, 0, 0, 2, 0, 0, 2, 0, 0, 2, 0, 0, 2, 0, 0, 2, 0, 0, 2, 0, 0, 2, 0, 0, 2, 0, 2, 1, 2, 2, 1, 2, 2, 1, 2, 2, 1, 0, 0, 2, 0, 0, 2, 0, 0, 2, 0, 0, 2, 0, 0, 2, 0, 0, 2, 0, 0, 2, 0, 0, 2, 0, 0, 1, 0, 0, 1, 2, 2, 1, 2, 2, 1, 0, 0, 0, 0, 0, 2, 0, 0, 0, 0, 0, 0, 0], "dead_end": 1}, "quality": 0.9812499999492188, "diversity": 0.7461271242937313, "controlability": 1.0}