{"content": [[1, 1, 1, 0, 1, 2, 1, 1, 0, 1, 0], [1, 5, 5, 1, 0, 0, 1, 0, 0, 1, 0], [1, 1, 1, 1, 1, 1, 1, 5, 1, 1, 0], [0, 1, 0, 0, 0, 1, 0, 1, 0, 1, 0], [1, 1, 1, 1, 1, 1, 1, 1, 0, 1, 1], [1, 0, 1, 1, 1, 0, 1, 1, 0, 1, 1], [1, 4, 0, 0, 1, 1, 0, 1, 1, 3, 5]], "control": {"player_key": 17, "key_door": 17}, "info": {"regions": 1, "players": 1, "keys": 1, "doors": 1, "enemies": 4, "player_key": 10, "key_door": 14, "pk_path": [[5, 0], [6, 0], [6, 1], [6, 2], [7, 2], [7, 3], [7, 4], [7, 5], [7, 6], [8, 6], [9, 6]], "kd_path": []}, "quality": 1.0, "diversity": 0.9687499843750005, "controlability": 0.7999999994666667}