{"content": [[1, 1, 0, 0, 0, 0, 1, 0, 1, 1, 0, 1, 1, 0], [0, 0, 0, 1, 1, 0, 0, 1, 0, 0, 0, 1, 0, 0], [0, 0, 0, 0, 1, 1, 0, 0, 1, 1, 1, 0, 0, 0], [0, 1, 0, 1, 1, 1, 1, 0, 0, 0, 0, 1, 0, 0], [1, 0, 1, 0, 0, 0, 1, 0, 1, 0, 0, 1, 1, 1], [0, 0, 1, 0, 1, 1, 0, 0, 1, 0, 1, 1, 0, 0], [1, 1, 0, 0, 1, 0, 0, 1, 0, 0, 1, 0, 1, 0], [0, 1, 0, 1, 1, 0, 0, 1, 0, 1, 0, 1, 0, 0], [0, 1, 0, 0, 0, 1, 0, 0, 0, 0, 1, 1, 1, 0], [1, 0, 0, 1, 0, 1, 1, 0, 1, 1, 0, 0, 0, 0], [1, 0, 0, 0, 0, 1, 0, 0, 1, 0, 1, 0, 1, 1], [1, 1, 0, 1, 0, 1, 1, 1, 0, 1, 0, 1, 1, 1], [0, 0, 1, 1, 0, 0, 0, 1, 0, 1, 1, 0, 0, 0], [0, 1, 0, 1, 1, 0, 1, 0, 1, 0, 1, 0, 0, 1]], "control": {"path": 72}, "info": {"path": 6, "regions": 30, "flat": [1, 1, 0, 0, 0, 0, 1, 0, 1, 1, 0, 1, 1, 0, 0, 0, 0, 1, 1, 0, 0, 1, 0, 0, 0, 1, 0, 0, 0, 0, 0, 0, 1, 1, 0, 0, 1, 1, 1, 0, 0, 0, 0, 1, 0, 1, 1, 1, 1, 0, 0, 0, 0, 1, 0, 0, 1, 0, 1, 0, 0, 0, 1, 0, 1, 0, 0, 1, 1, 1, 0, 0, 1, 0, 1, 1, 0, 0, 1, 0, 1, 1, 0, 0, 1, 1, 0, 0, 1, 0, 0, 1, 0, 0, 1, 0, 1, 0, 0, 1, 0, 1, 1, 0, 0, 1, 0, 1, 0, 1, 0, 0, 0, 1, 0, 0, 0, 1, 0, 0, 0, 0, 1, 1, 1, 0, 1, 0, 0, 1, 0, 1, 1, 0, 1, 1, 0, 0, 0, 0, 1, 0, 0, 0, 0, 1, 0, 0, 1, 0, 1, 0, 1, 1, 1, 1, 0, 1, 0, 1, 1, 1, 0, 1, 0, 1, 1, 1, 0, 0, 1, 1, 0, 0, 0, 1, 0, 1, 1, 0, 0, 0, 0, 1, 0, 1, 1, 0, 1, 0, 1, 0, 1, 0, 0, 1]}, "quality": 0.10714285710459183, "diversity": 1.0, "controlability": 0.09230769229349113}