{"content": [[1, 1, 1, 5, 0, 7, 7, 4], [6, 5, 1, 2, 3, 7, 6, 1], [5, 7, 6, 4, 7, 7, 0, 2], [4, 7, 5, 3, 0, 1, 1, 4], [1, 3, 5, 1, 6, 6, 3, 5], [4, 5, 0, 7, 3, 2, 2, 0], [1, 3, 3, 4, 4, 6, 6, 5], [5, 1, 6, 5, 5, 5, 7, 6], [7, 1, 5, 2, 4, 0, 1, 0], [5, 4, 2, 1, 3, 7, 2, 4], [0, 5, 5, 7, 3, 4, 1, 6], [5, 2, 0, 5, 6, 3, 7, 7]], "control": {"col_treasures": 19, "solution_length": 47}, "info": {"regions": 1, "players": 8, "exits": 10, "layout": 24, "heuristic": -1, "solution": [], "content": [[1, 1, 1, 5, 0, 7, 7, 4], [6, 5, 1, 2, 3, 7, 6, 1], [5, 7, 6, 4, 7, 7, 0, 2], [4, 7, 5, 3, 0, 1, 1, 4], [1, 3, 5, 1, 6, 6, 3, 5], [4, 5, 0, 7, 3, 2, 2, 0], [1, 3, 3, 4, 4, 6, 6, 5], [5, 1, 6, 5, 5, 5, 7, 6], [7, 1, 5, 2, 4, 0, 1, 0], [5, 4, 2, 1, 3, 7, 2, 4], [0, 5, 5, 7, 3, 4, 1, 6], [5, 2, 0, 5, 6, 3, 7, 7]], "potions": 11, "treasures": 18, "enemies": 25, "solution_length": 0, "enemies_loc": [[5, 0], [6, 0], [0, 1], [5, 1], [6, 1], [1, 2], [2, 2], [4, 2], [5, 2], [1, 3], [4, 4], [5, 4], [3, 5], [5, 6], [6, 6], [2, 7], [6, 7], [7, 7], [0, 8], [5, 9], [3, 10], [7, 10], [4, 11], [6, 11], [7, 11]]}, "quality": 0.28877192980476374, "diversity": 0.45135193960272624, "controlability": 0.0}