{"content": [[2, 3, 6, 1, 2, 1, 0, 7], [0, 4, 7, 7, 0, 7, 3, 1], [6, 5, 7, 4, 0, 1, 5, 1], [5, 5, 7, 6, 0, 2, 1, 5], [6, 0, 6, 1, 7, 1, 5, 0], [0, 6, 1, 0, 1, 7, 6, 4], [1, 4, 7, 1, 1, 7, 0, 1], [0, 0, 3, 0, 5, 0, 1, 6], [2, 1, 7, 5, 5, 1, 5, 5], [5, 7, 0, 6, 7, 0, 1, 7], [2, 0, 6, 1, 0, 6, 0, 1], [5, 3, 3, 0, 6, 6, 7, 6]], "control": {"col_treasures": 4, "solution_length": 23}, "info": {"regions": 1, "players": 5, "exits": 5, "layout": 40, "heuristic": -1, "solution": [], "content": [[2, 3, 6, 1, 2, 1, 0, 7], [0, 4, 7, 7, 0, 7, 3, 1], [6, 5, 7, 4, 0, 1, 5, 1], [5, 5, 7, 6, 0, 2, 1, 5], [6, 0, 6, 1, 7, 1, 5, 0], [0, 6, 1, 0, 1, 7, 6, 4], [1, 4, 7, 1, 1, 7, 0, 1], [0, 0, 3, 0, 5, 0, 1, 6], [2, 1, 7, 5, 5, 1, 5, 5], [5, 7, 0, 6, 7, 0, 1, 7], [2, 0, 6, 1, 0, 6, 0, 1], [5, 3, 3, 0, 6, 6, 7, 6]], "potions": 4, "treasures": 13, "enemies": 29, "solution_length": 0, "enemies_loc": [[2, 0], [7, 0], [2, 1], [3, 1], [5, 1], [0, 2], [2, 2], [2, 3], [3, 3], [0, 4], [2, 4], [4, 4], [1, 5], [5, 5], [6, 5], [2, 6], [5, 6], [7, 7], [2, 8], [1, 9], [3, 9], [4, 9], [7, 9], [2, 10], [5, 10], [4, 11], [5, 11], [6, 11], [7, 11]]}, "quality": 0.31660818710948474, "diversity": 0.3570963457600914, "controlability": 0.0}