{"content": [[4, 3, 3, 1, 0, 5, 6, 1], [0, 7, 6, 0, 6, 7, 6, 0], [7, 0, 7, 4, 7, 6, 7, 1], [4, 2, 1, 4, 0, 7, 1, 0], [1, 5, 6, 1, 1, 1, 4, 0], [1, 6, 2, 6, 1, 1, 0, 5], [1, 0, 7, 0, 0, 7, 2, 1], [4, 4, 4, 7, 1, 4, 1, 6], [0, 1, 1, 5, 4, 4, 1, 1], [1, 0, 0, 6, 1, 0, 1, 3], [2, 1, 6, 1, 5, 6, 0, 1], [0, 3, 2, 0, 6, 4, 1, 3]], "control": {"col_treasures": 18, "solution_length": 45}, "info": {"regions": 1, "players": 5, "exits": 5, "layout": 46, "heuristic": -1, "solution": [], "content": [[4, 3, 3, 1, 0, 5, 6, 1], [0, 7, 6, 0, 6, 7, 6, 0], [7, 0, 7, 4, 7, 6, 7, 1], [4, 2, 1, 4, 0, 7, 1, 0], [1, 5, 6, 1, 1, 1, 4, 0], [1, 6, 2, 6, 1, 1, 0, 5], [1, 0, 7, 0, 0, 7, 2, 1], [4, 4, 4, 7, 1, 4, 1, 6], [0, 1, 1, 5, 4, 4, 1, 1], [1, 0, 0, 6, 1, 0, 1, 3], [2, 1, 6, 1, 5, 6, 0, 1], [0, 3, 2, 0, 6, 4, 1, 3]], "potions": 12, "treasures": 5, "enemies": 23, "solution_length": 0, "enemies_loc": [[6, 0], [1, 1], [2, 1], [4, 1], [5, 1], [6, 1], [0, 2], [2, 2], [4, 2], [5, 2], [6, 2], [5, 3], [2, 4], [1, 5], [3, 5], [2, 6], [5, 6], [3, 7], [7, 7], [3, 9], [2, 10], [5, 10], [4, 11]]}, "quality": 0.32494152044108193, "diversity": 0.3721354086132813, "controlability": 0.0}