{"content": [[1, 1, 7, 1, 6, 5, 4, 7], [0, 0, 0, 0, 1, 1, 4, 0], [0, 0, 4, 1, 4, 1, 1, 1], [4, 5, 7, 6, 0, 7, 0, 0], [0, 7, 6, 0, 1, 3, 7, 1], [1, 1, 0, 1, 1, 2, 0, 4], [0, 1, 5, 0, 4, 7, 5, 5], [4, 0, 1, 0, 7, 6, 1, 1], [4, 6, 4, 5, 2, 4, 0, 1], [6, 2, 1, 5, 1, 4, 1, 0], [5, 3, 6, 7, 4, 1, 4, 1], [5, 4, 6, 2, 2, 1, 1, 1]], "control": {"col_treasures": 18, "solution_length": 45}, "info": {"regions": 1, "players": 5, "exits": 2, "layout": 48, "heuristic": -1, "solution": [], "content": [[1, 1, 7, 1, 6, 5, 4, 7], [0, 0, 0, 0, 1, 1, 4, 0], [0, 0, 4, 1, 4, 1, 1, 1], [4, 5, 7, 6, 0, 7, 0, 0], [0, 7, 6, 0, 1, 3, 7, 1], [1, 1, 0, 1, 1, 2, 0, 4], [0, 1, 5, 0, 4, 7, 5, 5], [4, 0, 1, 0, 7, 6, 1, 1], [4, 6, 4, 5, 2, 4, 0, 1], [6, 2, 1, 5, 1, 4, 1, 0], [5, 3, 6, 7, 4, 1, 4, 1], [5, 4, 6, 2, 2, 1, 1, 1]], "potions": 15, "treasures": 9, "enemies": 17, "solution_length": 0, "enemies_loc": [[2, 0], [4, 0], [7, 0], [2, 3], [3, 3], [5, 3], [1, 4], [2, 4], [6, 4], [5, 6], [4, 7], [5, 7], [1, 8], [0, 9], [2, 10], [3, 10], [2, 11]]}, "quality": 0.329824561389843, "diversity": 0.289597595842252, "controlability": 0.0}