{"content": [[1, 1, 3, 5, 7, 5, 7, 1], [0, 0, 0, 5, 1, 6, 6, 0], [0, 0, 4, 1, 5, 7, 1, 1], [0, 5, 1, 0, 0, 7, 5, 0], [5, 7, 1, 0, 1, 1, 7, 0], [1, 6, 0, 0, 1, 1, 7, 4], [0, 1, 4, 7, 6, 6, 0, 5], [4, 0, 0, 0, 7, 0, 4, 1], [5, 0, 4, 5, 4, 4, 7, 2], [4, 0, 1, 6, 6, 4, 7, 6], [5, 0, 6, 1, 7, 1, 0, 1], [5, 2, 5, 7, 7, 7, 4, 2]], "control": {"col_treasures": 18, "solution_length": 45}, "info": {"regions": 1, "players": 3, "exits": 1, "layout": 44, "heuristic": -1, "solution": [], "content": [[1, 1, 3, 5, 7, 5, 7, 1], [0, 0, 0, 5, 1, 6, 6, 0], [0, 0, 4, 1, 5, 7, 1, 1], [0, 5, 1, 0, 0, 7, 5, 0], [5, 7, 1, 0, 1, 1, 7, 0], [1, 6, 0, 0, 1, 1, 7, 4], [0, 1, 4, 7, 6, 6, 0, 5], [4, 0, 0, 0, 7, 0, 4, 1], [5, 0, 4, 5, 4, 4, 7, 2], [4, 0, 1, 6, 6, 4, 7, 6], [5, 0, 6, 1, 7, 1, 0, 1], [5, 2, 5, 7, 7, 7, 4, 2]], "potions": 11, "treasures": 13, "enemies": 24, "solution_length": 0, "enemies_loc": [[4, 0], [6, 0], [5, 1], [6, 1], [5, 2], [5, 3], [1, 4], [6, 4], [1, 5], [6, 5], [3, 6], [4, 6], [5, 6], [4, 7], [6, 8], [3, 9], [4, 9], [6, 9], [7, 9], [2, 10], [4, 10], [3, 11], [4, 11], [5, 11]]}, "quality": 0.3263742689862467, "diversity": 0.3085671696667731, "controlability": 0.0}