{"content": [[1, 1, 1, 5, 7, 1, 5, 0], [5, 0, 5, 5, 0, 7, 3, 4], [0, 0, 4, 1, 5, 6, 6, 4], [7, 5, 1, 0, 0, 7, 0, 0], [1, 0, 1, 0, 6, 1, 7, 0], [1, 6, 0, 0, 1, 0, 7, 4], [1, 5, 4, 1, 0, 3, 1, 5], [5, 0, 0, 0, 7, 0, 0, 1], [5, 0, 4, 4, 4, 4, 1, 1], [5, 0, 1, 7, 0, 4, 7, 3], [5, 0, 5, 4, 5, 0, 0, 1], [0, 2, 2, 0, 6, 7, 4, 1]], "control": {"col_treasures": 18, "solution_length": 45}, "info": {"regions": 1, "players": 2, "exits": 3, "layout": 49, "heuristic": -1, "solution": [], "content": [[1, 1, 1, 5, 7, 1, 5, 0], [5, 0, 5, 5, 0, 7, 3, 4], [0, 0, 4, 1, 5, 6, 6, 4], [7, 5, 1, 0, 0, 7, 0, 0], [1, 0, 1, 0, 6, 1, 7, 0], [1, 6, 0, 0, 1, 0, 7, 4], [1, 5, 4, 1, 0, 3, 1, 5], [5, 0, 0, 0, 7, 0, 0, 1], [5, 0, 4, 4, 4, 4, 1, 1], [5, 0, 1, 7, 0, 4, 7, 3], [5, 0, 5, 4, 5, 0, 0, 1], [0, 2, 2, 0, 6, 7, 4, 1]], "potions": 12, "treasures": 15, "enemies": 15, "solution_length": 0, "enemies_loc": [[4, 0], [5, 1], [5, 2], [6, 2], [0, 3], [5, 3], [4, 4], [6, 4], [1, 5], [6, 5], [4, 7], [3, 9], [6, 9], [4, 11], [5, 11]]}, "quality": 0.33122807016162514, "diversity": 0.2741529238238327, "controlability": 0.0}