{"content": [[1, 4, 1, 1, 0, 1, 5, 2], [2, 0, 5, 5, 1, 1, 6, 2], [0, 0, 1, 4, 6, 1, 2, 1], [0, 2, 1, 0, 0, 4, 1, 4], [0, 2, 6, 0, 6, 3, 5, 0], [1, 6, 0, 4, 1, 2, 7, 4], [1, 2, 4, 4, 5, 6, 2, 6], [5, 0, 4, 0, 7, 4, 4, 5], [5, 0, 1, 5, 5, 4, 0, 0], [6, 0, 1, 5, 2, 4, 4, 3], [5, 0, 4, 1, 4, 1, 0, 1], [0, 0, 2, 2, 1, 1, 1, 1]], "control": {"col_treasures": 18, "solution_length": 45}, "info": {"regions": 1, "players": 12, "exits": 2, "layout": 44, "heuristic": -1, "solution": [], "content": [[1, 4, 1, 1, 0, 1, 5, 2], [2, 0, 5, 5, 1, 1, 6, 2], [0, 0, 1, 4, 6, 1, 2, 1], [0, 2, 1, 0, 0, 4, 1, 4], [0, 2, 6, 0, 6, 3, 5, 0], [1, 6, 0, 4, 1, 2, 7, 4], [1, 2, 4, 4, 5, 6, 2, 6], [5, 0, 4, 0, 7, 4, 4, 5], [5, 0, 1, 5, 5, 4, 0, 0], [6, 0, 1, 5, 2, 4, 4, 3], [5, 0, 4, 1, 4, 1, 0, 1], [0, 0, 2, 2, 1, 1, 1, 1]], "potions": 16, "treasures": 12, "enemies": 10, "solution_length": 0, "enemies_loc": [[6, 1], [4, 2], [2, 4], [4, 4], [1, 5], [6, 5], [5, 6], [7, 6], [4, 7], [0, 9]]}, "quality": 0.31935672512031865, "diversity": 0.31194195693359383, "controlability": 0.0}