{"content": [[1, 1, 3, 6, 4, 5, 4, 0], [0, 7, 0, 6, 1, 7, 7, 0], [0, 0, 7, 1, 2, 6, 5, 1], [7, 1, 1, 0, 0, 7, 5, 0], [1, 7, 6, 1, 1, 1, 7, 0], [1, 6, 0, 1, 1, 7, 0, 0], [1, 1, 4, 0, 5, 6, 0, 5], [4, 0, 0, 7, 1, 0, 0, 1], [0, 1, 4, 4, 0, 4, 1, 1], [1, 6, 1, 5, 6, 4, 0, 5], [5, 3, 6, 1, 7, 1, 0, 1], [5, 5, 7, 2, 7, 1, 1, 4]], "control": {"col_treasures": 18, "solution_length": 45}, "info": {"regions": 1, "players": 2, "exits": 2, "layout": 51, "heuristic": -1, "solution": [], "content": [[1, 1, 3, 6, 4, 5, 4, 0], [0, 7, 0, 6, 1, 7, 7, 0], [0, 0, 7, 1, 2, 6, 5, 1], [7, 1, 1, 0, 0, 7, 5, 0], [1, 7, 6, 1, 1, 1, 7, 0], [1, 6, 0, 1, 1, 7, 0, 0], [1, 1, 4, 0, 5, 6, 0, 5], [4, 0, 0, 7, 1, 0, 0, 1], [0, 1, 4, 4, 0, 4, 1, 1], [1, 6, 1, 5, 6, 4, 0, 5], [5, 3, 6, 1, 7, 1, 0, 1], [5, 5, 7, 2, 7, 1, 1, 4]], "potions": 9, "treasures": 10, "enemies": 22, "solution_length": 0, "enemies_loc": [[3, 0], [1, 1], [3, 1], [5, 1], [6, 1], [2, 2], [5, 2], [0, 3], [5, 3], [1, 4], [2, 4], [6, 4], [1, 5], [5, 5], [5, 6], [3, 7], [1, 9], [4, 9], [2, 10], [4, 10], [2, 11], [4, 11]]}, "quality": 0.3319298245475162, "diversity": 0.32997311083669356, "controlability": 0.0}