{"content": [[1, 1, 6, 6, 0, 5, 4, 0], [5, 7, 5, 6, 1, 7, 5, 0], [0, 1, 7, 3, 4, 3, 5, 1], [7, 1, 1, 0, 0, 7, 5, 0], [1, 7, 6, 1, 1, 1, 7, 0], [1, 6, 0, 1, 1, 6, 1, 0], [0, 1, 5, 1, 5, 6, 1, 5], [4, 0, 0, 0, 7, 0, 1, 1], [6, 1, 4, 5, 0, 6, 1, 1], [1, 0, 1, 6, 0, 0, 1, 5], [5, 3, 6, 1, 7, 0, 7, 1], [6, 5, 7, 2, 6, 1, 1, 1]], "control": {"col_treasures": 18, "solution_length": 45}, "info": {"regions": 1, "players": 1, "exits": 3, "layout": 51, "heuristic": -1, "solution": [], "content": [[1, 1, 6, 6, 0, 5, 4, 0], [5, 7, 5, 6, 1, 7, 5, 0], [0, 1, 7, 3, 4, 3, 5, 1], [7, 1, 1, 0, 0, 7, 5, 0], [1, 7, 6, 1, 1, 1, 7, 0], [1, 6, 0, 1, 1, 6, 1, 0], [0, 1, 5, 1, 5, 6, 1, 5], [4, 0, 0, 0, 7, 0, 1, 1], [6, 1, 4, 5, 0, 6, 1, 1], [1, 0, 1, 6, 0, 0, 1, 5], [5, 3, 6, 1, 7, 0, 7, 1], [6, 5, 7, 2, 6, 1, 1, 1]], "potions": 4, "treasures": 13, "enemies": 24, "solution_length": 0, "enemies_loc": [[2, 0], [3, 0], [1, 1], [3, 1], [5, 1], [2, 2], [0, 3], [5, 3], [1, 4], [2, 4], [6, 4], [1, 5], [5, 5], [5, 6], [4, 7], [0, 8], [5, 8], [3, 9], [2, 10], [4, 10], [6, 10], [0, 11], [2, 11], [4, 11]]}, "quality": 0.3319298245545337, "diversity": 0.27743458637808893, "controlability": 0.0}