{"content": [[1, 1, 1, 1, 2, 5, 5, 0], [0, 0, 5, 0, 3, 7, 4, 0], [6, 0, 7, 7, 4, 3, 2, 1], [4, 6, 1, 0, 0, 1, 0, 0], [6, 1, 4, 1, 1, 1, 7, 4], [1, 6, 4, 4, 1, 7, 2, 0], [0, 4, 4, 1, 1, 6, 3, 6], [4, 0, 3, 0, 7, 1, 4, 1], [5, 1, 1, 0, 5, 4, 1, 7], [1, 6, 6, 5, 4, 4, 1, 2], [2, 0, 0, 1, 4, 1, 0, 1], [0, 6, 7, 1, 7, 1, 6, 1]], "control": {"col_treasures": 8, "solution_length": 30}, "info": {"regions": 1, "players": 5, "exits": 4, "layout": 47, "heuristic": -1, "solution": [], "content": [[1, 1, 1, 1, 2, 5, 5, 0], [0, 0, 5, 0, 3, 7, 4, 0], [6, 0, 7, 7, 4, 3, 2, 1], [4, 6, 1, 0, 0, 1, 0, 0], [6, 1, 4, 1, 1, 1, 7, 4], [1, 6, 4, 4, 1, 7, 2, 0], [0, 4, 4, 1, 1, 6, 3, 6], [4, 0, 3, 0, 7, 1, 4, 1], [5, 1, 1, 0, 5, 4, 1, 7], [1, 6, 6, 5, 4, 4, 1, 2], [2, 0, 0, 1, 4, 1, 0, 1], [0, 6, 7, 1, 7, 1, 6, 1]], "potions": 15, "treasures": 6, "enemies": 19, "solution_length": 0, "enemies_loc": [[5, 1], [0, 2], [2, 2], [3, 2], [1, 3], [0, 4], [6, 4], [1, 5], [5, 5], [5, 6], [7, 6], [4, 7], [7, 8], [1, 9], [2, 9], [1, 11], [2, 11], [4, 11], [6, 11]]}, "quality": 0.32703216371557253, "diversity": 0.27418980823784744, "controlability": 0.0}