{"content": [[1, 1, 1, 0, 1, 3, 1, 1, 0, 1, 0], [1, 5, 1, 1, 0, 1, 1, 0, 0, 1, 0], [1, 1, 1, 1, 1, 0, 1, 1, 1, 1, 0], [0, 2, 0, 0, 1, 0, 0, 1, 0, 1, 0], [1, 5, 1, 1, 1, 5, 1, 1, 1, 1, 1], [1, 0, 1, 1, 5, 0, 1, 4, 5, 1, 1], [1, 0, 0, 0, 1, 0, 1, 0, 1, 1, 1]], "control": {"player_key": 17, "key_door": 17}, "info": {"regions": 1, "players": 1, "keys": 1, "doors": 1, "enemies": 5, "player_key": 13, "key_door": 7, "pk_path": [[1, 3], [1, 4], [2, 4], [3, 4], [4, 4], [5, 4], [6, 4], [7, 4], [7, 3], [7, 2], [6, 2], [6, 1], [6, 0], [5, 0]], "kd_path": []}, "quality": 0.999143835607994, "diversity": 0.7408424772588527, "controlability": 0.6666666662222223}