{"content": [[1, 1, 1, 0, 1, 1, 1, 0, 0, 1, 1, 1, 1, 0], [1, 0, 1, 1, 1, 1, 0, 0, 1, 0, 1, 1, 0, 1], [1, 0, 0, 0, 1, 0, 0, 1, 1, 0, 1, 0, 0, 0], [1, 0, 0, 1, 1, 0, 0, 0, 0, 1, 1, 0, 0, 0], [1, 1, 0, 1, 1, 1, 0, 0, 1, 1, 1, 0, 0, 1], [0, 0, 0, 0, 1, 1, 0, 0, 1, 0, 0, 0, 1, 1], [0, 1, 0, 0, 0, 0, 1, 1, 0, 0, 1, 0, 1, 0], [0, 0, 1, 0, 0, 1, 0, 0, 0, 0, 1, 0, 0, 0], [0, 1, 0, 1, 1, 1, 1, 0, 0, 0, 0, 1, 0, 1], [1, 0, 0, 0, 0, 0, 1, 1, 1, 1, 1, 0, 0, 1], [1, 1, 0, 1, 1, 0, 1, 0, 1, 1, 0, 0, 1, 1], [1, 0, 0, 0, 1, 0, 0, 0, 1, 0, 0, 0, 0, 1], [1, 0, 0, 0, 1, 1, 1, 0, 0, 1, 0, 1, 1, 1], [0, 0, 0, 1, 1, 0, 0, 0, 0, 0, 1, 0, 1, 0]], "control": {"path": 94}, "info": {"path": 15, "regions": 17, "flat": [1, 1, 1, 0, 1, 1, 1, 0, 0, 1, 1, 1, 1, 0, 1, 0, 1, 1, 1, 1, 0, 0, 1, 0, 1, 1, 0, 1, 1, 0, 0, 0, 1, 0, 0, 1, 1, 0, 1, 0, 0, 0, 1, 0, 0, 1, 1, 0, 0, 0, 0, 1, 1, 0, 0, 0, 1, 1, 0, 1, 1, 1, 0, 0, 1, 1, 1, 0, 0, 1, 0, 0, 0, 0, 1, 1, 0, 0, 1, 0, 0, 0, 1, 1, 0, 1, 0, 0, 0, 0, 1, 1, 0, 0, 1, 0, 1, 0, 0, 0, 1, 0, 0, 1, 0, 0, 0, 0, 1, 0, 0, 0, 0, 1, 0, 1, 1, 1, 1, 0, 0, 0, 0, 1, 0, 1, 1, 0, 0, 0, 0, 0, 1, 1, 1, 1, 1, 0, 0, 1, 1, 1, 0, 1, 1, 0, 1, 0, 1, 1, 0, 0, 1, 1, 1, 0, 0, 0, 1, 0, 0, 0, 1, 0, 0, 0, 0, 1, 1, 0, 0, 0, 1, 1, 1, 0, 0, 1, 0, 1, 1, 1, 0, 0, 0, 1, 1, 0, 0, 0, 0, 0, 1, 0, 1, 0]}, "quality": 0.3377496158421826, "diversity": 1.0, "controlability": 0.1724137930836306}