{"content": [[0, 0, 1, 1, 1, 1, 1, 1, 1, 1, 0, 0, 1, 1], [0, 1, 1, 1, 0, 1, 0, 1, 0, 1, 1, 1, 0, 1], [0, 1, 1, 1, 0, 0, 0, 0, 1, 1, 0, 1, 1, 0], [0, 0, 1, 0, 1, 1, 1, 0, 0, 1, 0, 0, 1, 1], [0, 0, 1, 1, 0, 1, 1, 0, 0, 0, 1, 1, 1, 0], [0, 0, 1, 1, 0, 1, 1, 0, 1, 1, 1, 0, 0, 0], [0, 1, 1, 1, 1, 1, 1, 1, 0, 0, 1, 1, 0, 1], [0, 0, 0, 1, 0, 0, 0, 0, 0, 0, 0, 1, 1, 1], [0, 0, 0, 0, 0, 1, 0, 1, 1, 1, 0, 0, 1, 0], [1, 1, 1, 1, 1, 1, 1, 1, 1, 0, 1, 1, 1, 1], [0, 1, 0, 0, 1, 1, 1, 0, 1, 0, 0, 0, 1, 0], [1, 1, 0, 0, 0, 1, 1, 0, 0, 0, 1, 1, 1, 0], [0, 1, 1, 1, 0, 0, 1, 1, 1, 1, 1, 1, 0, 0], [0, 0, 1, 0, 0, 0, 1, 0, 1, 0, 1, 1, 1, 0]], "control": {"path": 62}, "info": {"path": 58, "regions": 2, "flat": [0, 0, 1, 1, 1, 1, 1, 1, 1, 1, 0, 0, 1, 1, 0, 1, 1, 1, 0, 1, 0, 1, 0, 1, 1, 1, 0, 1, 0, 1, 1, 1, 0, 0, 0, 0, 1, 1, 0, 1, 1, 0, 0, 0, 1, 0, 1, 1, 1, 0, 0, 1, 0, 0, 1, 1, 0, 0, 1, 1, 0, 1, 1, 0, 0, 0, 1, 1, 1, 0, 0, 0, 1, 1, 0, 1, 1, 0, 1, 1, 1, 0, 0, 0, 0, 1, 1, 1, 1, 1, 1, 1, 0, 0, 1, 1, 0, 1, 0, 0, 0, 1, 0, 0, 0, 0, 0, 0, 0, 1, 1, 1, 0, 0, 0, 0, 0, 1, 0, 1, 1, 1, 0, 0, 1, 0, 1, 1, 1, 1, 1, 1, 1, 1, 1, 0, 1, 1, 1, 1, 0, 1, 0, 0, 1, 1, 1, 0, 1, 0, 0, 0, 1, 0, 1, 1, 0, 0, 0, 1, 1, 0, 0, 0, 1, 1, 1, 0, 0, 1, 1, 1, 0, 0, 1, 1, 1, 1, 1, 1, 0, 0, 0, 0, 1, 0, 0, 0, 1, 0, 1, 0, 1, 1, 1, 0]}, "quality": 0.9731182793155277, "diversity": 0.5850340135338573, "controlability": 1.0}