{"content": [[0, 1, 0, 0, 1, 1, 1, 0, 1, 1, 0, 0, 0, 0], [0, 1, 1, 1, 1, 0, 1, 1, 1, 1, 1, 1, 1, 1], [1, 0, 0, 1, 1, 0, 0, 1, 0, 1, 1, 0, 0, 1], [0, 0, 1, 0, 0, 0, 1, 1, 1, 0, 1, 0, 1, 1], [1, 1, 0, 0, 0, 1, 1, 1, 0, 0, 1, 1, 0, 0], [0, 1, 1, 1, 0, 1, 1, 1, 1, 1, 1, 1, 1, 0], [1, 1, 1, 0, 1, 1, 1, 1, 1, 0, 0, 0, 1, 0], [1, 1, 1, 1, 1, 1, 1, 0, 0, 0, 1, 1, 1, 1], [1, 1, 1, 1, 0, 0, 1, 0, 1, 1, 1, 0, 0, 0], [1, 0, 0, 1, 0, 1, 1, 1, 1, 1, 0, 0, 1, 1], [0, 0, 0, 1, 0, 1, 0, 0, 1, 1, 0, 1, 1, 0], [1, 1, 1, 1, 0, 1, 1, 0, 1, 1, 0, 1, 1, 1], [0, 0, 1, 0, 0, 0, 1, 1, 1, 0, 0, 1, 0, 0], [1, 0, 1, 1, 0, 0, 0, 1, 0, 1, 0, 1, 0, 0]], "control": {"path": 92}, "info": {"path": 27, "regions": 6, "flat": [0, 1, 0, 0, 1, 1, 1, 0, 1, 1, 0, 0, 0, 0, 0, 1, 1, 1, 1, 0, 1, 1, 1, 1, 1, 1, 1, 1, 1, 0, 0, 1, 1, 0, 0, 1, 0, 1, 1, 0, 0, 1, 0, 0, 1, 0, 0, 0, 1, 1, 1, 0, 1, 0, 1, 1, 1, 1, 0, 0, 0, 1, 1, 1, 0, 0, 1, 1, 0, 0, 0, 1, 1, 1, 0, 1, 1, 1, 1, 1, 1, 1, 1, 0, 1, 1, 1, 0, 1, 1, 1, 1, 1, 0, 0, 0, 1, 0, 1, 1, 1, 1, 1, 1, 1, 0, 0, 0, 1, 1, 1, 1, 1, 1, 1, 1, 0, 0, 1, 0, 1, 1, 1, 0, 0, 0, 1, 0, 0, 1, 0, 1, 1, 1, 1, 1, 0, 0, 1, 1, 0, 0, 0, 1, 0, 1, 0, 0, 1, 1, 0, 1, 1, 0, 1, 1, 1, 1, 0, 1, 1, 0, 1, 1, 0, 1, 1, 1, 0, 0, 1, 0, 0, 0, 1, 1, 1, 0, 0, 1, 0, 0, 1, 0, 1, 1, 0, 0, 0, 1, 0, 1, 0, 1, 0, 0]}, "quality": 0.8477342546235711, "diversity": 0.9238095237001944, "controlability": 0.3176470587861592}