{"content": [[0, 1, 1, 1, 1, 1, 1, 0, 0, 1, 0, 1, 1, 1], [1, 1, 0, 1, 1, 0, 1, 1, 1, 1, 0, 0, 0, 1], [0, 1, 1, 0, 1, 1, 0, 1, 1, 0, 1, 1, 1, 0], [0, 1, 0, 1, 1, 0, 1, 0, 0, 1, 1, 0, 0, 1], [0, 1, 1, 0, 1, 1, 1, 0, 0, 0, 0, 0, 0, 1], [1, 1, 1, 0, 0, 0, 1, 0, 1, 1, 1, 0, 0, 0], [0, 1, 1, 1, 0, 0, 1, 1, 1, 1, 1, 1, 1, 0], [1, 0, 0, 0, 1, 0, 1, 0, 0, 1, 1, 1, 0, 0], [1, 1, 1, 1, 1, 1, 1, 1, 0, 1, 0, 1, 0, 1], [0, 0, 0, 1, 1, 0, 1, 0, 0, 0, 1, 1, 1, 1], [1, 0, 0, 0, 0, 1, 1, 0, 0, 0, 1, 1, 0, 0], [1, 1, 1, 0, 0, 1, 0, 1, 1, 1, 0, 0, 1, 1], [1, 0, 1, 1, 0, 1, 1, 0, 0, 1, 0, 0, 1, 0], [1, 0, 1, 1, 0, 1, 1, 0, 1, 0, 1, 0, 0, 0]], "control": {"path": 62}, "info": {"path": 30, "regions": 9, "flat": [0, 1, 1, 1, 1, 1, 1, 0, 0, 1, 0, 1, 1, 1, 1, 1, 0, 1, 1, 0, 1, 1, 1, 1, 0, 0, 0, 1, 0, 1, 1, 0, 1, 1, 0, 1, 1, 0, 1, 1, 1, 0, 0, 1, 0, 1, 1, 0, 1, 0, 0, 1, 1, 0, 0, 1, 0, 1, 1, 0, 1, 1, 1, 0, 0, 0, 0, 0, 0, 1, 1, 1, 1, 0, 0, 0, 1, 0, 1, 1, 1, 0, 0, 0, 0, 1, 1, 1, 0, 0, 1, 1, 1, 1, 1, 1, 1, 0, 1, 0, 0, 0, 1, 0, 1, 0, 0, 1, 1, 1, 0, 0, 1, 1, 1, 1, 1, 1, 1, 1, 0, 1, 0, 1, 0, 1, 0, 0, 0, 1, 1, 0, 1, 0, 0, 0, 1, 1, 1, 1, 1, 0, 0, 0, 0, 1, 1, 0, 0, 0, 1, 1, 0, 0, 1, 1, 1, 0, 0, 1, 0, 1, 1, 1, 0, 0, 1, 1, 1, 0, 1, 1, 0, 1, 1, 0, 0, 1, 0, 0, 1, 0, 1, 0, 1, 1, 0, 1, 1, 0, 1, 0, 1, 0, 0, 0]}, "quality": 0.784946236405943, "diversity": 0.8731778424633337, "controlability": 0.5454545453553719}