{"content": [[1, 1, 0, 0, 0, 0, 1, 1, 1, 0, 1, 0, 1, 0], [1, 1, 1, 0, 0, 1, 1, 1, 1, 0, 0, 1, 1, 1], [1, 1, 0, 1, 0, 1, 1, 0, 0, 0, 1, 0, 1, 0], [0, 1, 0, 0, 0, 0, 0, 0, 1, 0, 1, 0, 0, 0], [1, 1, 0, 0, 1, 1, 0, 0, 1, 1, 1, 1, 1, 0], [0, 0, 1, 1, 1, 0, 1, 1, 1, 0, 1, 0, 0, 1], [1, 0, 0, 0, 1, 0, 0, 0, 0, 1, 1, 1, 1, 1], [1, 1, 0, 1, 1, 0, 1, 1, 1, 1, 0, 0, 1, 0], [1, 1, 0, 1, 0, 0, 1, 0, 0, 0, 0, 1, 1, 0], [0, 0, 0, 1, 0, 0, 1, 0, 1, 0, 0, 0, 1, 1], [1, 1, 1, 1, 0, 0, 0, 1, 1, 0, 1, 0, 1, 0], [1, 0, 1, 0, 1, 0, 0, 1, 0, 0, 1, 1, 1, 0], [0, 1, 1, 1, 1, 1, 1, 1, 0, 0, 0, 0, 0, 1], [0, 0, 1, 0, 0, 0, 1, 1, 0, 0, 0, 0, 1, 1]], "control": {"path": 38}, "info": {"path": 20, "regions": 9, "flat": [1, 1, 0, 0, 0, 0, 1, 1, 1, 0, 1, 0, 1, 0, 1, 1, 1, 0, 0, 1, 1, 1, 1, 0, 0, 1, 1, 1, 1, 1, 0, 1, 0, 1, 1, 0, 0, 0, 1, 0, 1, 0, 0, 1, 0, 0, 0, 0, 0, 0, 1, 0, 1, 0, 0, 0, 1, 1, 0, 0, 1, 1, 0, 0, 1, 1, 1, 1, 1, 0, 0, 0, 1, 1, 1, 0, 1, 1, 1, 0, 1, 0, 0, 1, 1, 0, 0, 0, 1, 0, 0, 0, 0, 1, 1, 1, 1, 1, 1, 1, 0, 1, 1, 0, 1, 1, 1, 1, 0, 0, 1, 0, 1, 1, 0, 1, 0, 0, 1, 0, 0, 0, 0, 1, 1, 0, 0, 0, 0, 1, 0, 0, 1, 0, 1, 0, 0, 0, 1, 1, 1, 1, 1, 1, 0, 0, 0, 1, 1, 0, 1, 0, 1, 0, 1, 0, 1, 0, 1, 0, 0, 1, 0, 0, 1, 1, 1, 0, 0, 1, 1, 1, 1, 1, 1, 1, 0, 0, 0, 0, 0, 1, 0, 0, 1, 0, 0, 0, 1, 1, 0, 0, 0, 0, 1, 1]}, "quality": 0.6420890934212491, "diversity": 0.8387755101055984, "controlability": 0.6451612901144641}