{"content": [[0, 1, 1, 0, 1, 1, 1, 1, 1, 0, 0, 0, 1, 0], [0, 1, 1, 1, 0, 0, 0, 1, 1, 1, 1, 1, 1, 0], [1, 0, 0, 0, 1, 0, 1, 1, 1, 0, 0, 1, 0, 1], [0, 0, 1, 1, 0, 1, 1, 1, 1, 0, 0, 0, 1, 0], [1, 0, 1, 0, 0, 1, 0, 1, 1, 0, 1, 1, 0, 0], [1, 0, 1, 1, 0, 1, 1, 1, 1, 0, 1, 1, 1, 0], [0, 1, 0, 1, 1, 1, 1, 1, 1, 0, 0, 1, 1, 1], [1, 0, 0, 1, 1, 0, 1, 0, 0, 1, 1, 1, 1, 1], [0, 0, 1, 1, 0, 1, 0, 1, 1, 1, 1, 0, 0, 0], [1, 0, 1, 1, 1, 1, 1, 1, 1, 0, 1, 0, 1, 1], [1, 1, 0, 1, 0, 1, 0, 0, 0, 1, 1, 0, 1, 0], [0, 0, 0, 0, 1, 1, 1, 0, 0, 0, 1, 0, 1, 1], [0, 0, 1, 1, 0, 0, 1, 1, 1, 1, 0, 0, 1, 0], [1, 0, 1, 1, 0, 1, 0, 1, 1, 1, 1, 0, 0, 1]], "control": {"path": 92}, "info": {"path": 32, "regions": 15, "flat": [0, 1, 1, 0, 1, 1, 1, 1, 1, 0, 0, 0, 1, 0, 0, 1, 1, 1, 0, 0, 0, 1, 1, 1, 1, 1, 1, 0, 1, 0, 0, 0, 1, 0, 1, 1, 1, 0, 0, 1, 0, 1, 0, 0, 1, 1, 0, 1, 1, 1, 1, 0, 0, 0, 1, 0, 1, 0, 1, 0, 0, 1, 0, 1, 1, 0, 1, 1, 0, 0, 1, 0, 1, 1, 0, 1, 1, 1, 1, 0, 1, 1, 1, 0, 0, 1, 0, 1, 1, 1, 1, 1, 1, 0, 0, 1, 1, 1, 1, 0, 0, 1, 1, 0, 1, 0, 0, 1, 1, 1, 1, 1, 0, 0, 1, 1, 0, 1, 0, 1, 1, 1, 1, 0, 0, 0, 1, 0, 1, 1, 1, 1, 1, 1, 1, 0, 1, 0, 1, 1, 1, 1, 0, 1, 0, 1, 0, 0, 0, 1, 1, 0, 1, 0, 0, 0, 0, 0, 1, 1, 1, 0, 0, 0, 1, 0, 1, 1, 0, 0, 1, 1, 0, 0, 1, 1, 1, 1, 0, 0, 1, 0, 1, 0, 1, 1, 0, 1, 0, 1, 1, 1, 1, 0, 0, 1]}, "quality": 0.623655913912013, "diversity": 0.5542369120910191, "controlability": 0.3764705881910035}