{"content": [[1, 1, 0, 0, 0, 0, 1, 1, 1, 0, 1, 1, 1, 0], [1, 1, 1, 0, 0, 1, 1, 1, 1, 0, 0, 1, 1, 1], [1, 1, 0, 1, 0, 1, 1, 0, 0, 0, 1, 0, 1, 0], [1, 1, 0, 0, 0, 0, 0, 1, 1, 0, 1, 0, 0, 0], [1, 1, 0, 0, 1, 1, 1, 0, 1, 1, 1, 1, 1, 0], [0, 0, 1, 1, 1, 1, 1, 1, 1, 0, 1, 0, 0, 1], [1, 0, 0, 1, 1, 0, 0, 0, 0, 1, 1, 1, 1, 0], [1, 1, 0, 1, 1, 0, 1, 1, 1, 0, 0, 0, 1, 1], [1, 1, 0, 1, 1, 0, 1, 0, 0, 0, 0, 1, 1, 0], [0, 1, 0, 1, 0, 0, 1, 0, 1, 0, 0, 0, 1, 1], [1, 1, 1, 1, 0, 0, 0, 1, 1, 0, 1, 1, 1, 0], [1, 0, 1, 0, 1, 0, 0, 1, 0, 0, 1, 1, 1, 0], [0, 1, 1, 1, 1, 1, 1, 1, 0, 0, 0, 0, 0, 1], [0, 0, 1, 0, 0, 0, 1, 0, 0, 1, 0, 0, 1, 1]], "control": {"path": 38}, "info": {"path": 36, "regions": 9, "flat": [1, 1, 0, 0, 0, 0, 1, 1, 1, 0, 1, 1, 1, 0, 1, 1, 1, 0, 0, 1, 1, 1, 1, 0, 0, 1, 1, 1, 1, 1, 0, 1, 0, 1, 1, 0, 0, 0, 1, 0, 1, 0, 1, 1, 0, 0, 0, 0, 0, 1, 1, 0, 1, 0, 0, 0, 1, 1, 0, 0, 1, 1, 1, 0, 1, 1, 1, 1, 1, 0, 0, 0, 1, 1, 1, 1, 1, 1, 1, 0, 1, 0, 0, 1, 1, 0, 0, 1, 1, 0, 0, 0, 0, 1, 1, 1, 1, 0, 1, 1, 0, 1, 1, 0, 1, 1, 1, 0, 0, 0, 1, 1, 1, 1, 0, 1, 1, 0, 1, 0, 0, 0, 0, 1, 1, 0, 0, 1, 0, 1, 0, 0, 1, 0, 1, 0, 0, 0, 1, 1, 1, 1, 1, 1, 0, 0, 0, 1, 1, 0, 1, 1, 1, 0, 1, 0, 1, 0, 1, 0, 0, 1, 0, 0, 1, 1, 1, 0, 0, 1, 1, 1, 1, 1, 1, 1, 0, 0, 0, 0, 0, 1, 0, 0, 1, 0, 0, 0, 1, 0, 0, 1, 0, 0, 1, 1]}, "quality": 0.784946236405943, "diversity": 0.9292091835868356, "controlability": 1.0}