{"content": [[0, 1, 1, 1, 1, 1, 1, 0, 0, 1, 0, 0, 1, 1], [1, 1, 1, 1, 1, 0, 0, 1, 1, 1, 1, 1, 0, 1], [1, 0, 0, 1, 0, 0, 1, 0, 0, 1, 1, 1, 0, 1], [0, 0, 1, 1, 0, 1, 1, 1, 1, 0, 1, 0, 1, 0], [1, 0, 0, 0, 0, 1, 0, 1, 1, 1, 1, 1, 0, 1], [0, 1, 1, 0, 0, 1, 0, 1, 1, 1, 1, 0, 1, 0], [1, 1, 1, 0, 1, 1, 1, 1, 1, 0, 0, 1, 0, 1], [0, 0, 1, 1, 1, 0, 1, 0, 0, 1, 1, 1, 1, 1], [1, 1, 1, 0, 0, 0, 1, 1, 0, 1, 1, 1, 0, 1], [1, 1, 0, 1, 0, 1, 1, 1, 0, 1, 1, 0, 1, 1], [1, 1, 0, 0, 1, 1, 1, 1, 0, 1, 1, 1, 0, 0], [0, 0, 1, 0, 0, 1, 1, 0, 0, 1, 1, 1, 1, 1], [1, 0, 1, 0, 0, 0, 1, 1, 0, 1, 1, 1, 1, 0], [0, 1, 0, 0, 0, 1, 0, 1, 0, 0, 1, 0, 0, 1]], "control": {"path": 92}, "info": {"path": 22, "regions": 14, "flat": [0, 1, 1, 1, 1, 1, 1, 0, 0, 1, 0, 0, 1, 1, 1, 1, 1, 1, 1, 0, 0, 1, 1, 1, 1, 1, 0, 1, 1, 0, 0, 1, 0, 0, 1, 0, 0, 1, 1, 1, 0, 1, 0, 0, 1, 1, 0, 1, 1, 1, 1, 0, 1, 0, 1, 0, 1, 0, 0, 0, 0, 1, 0, 1, 1, 1, 1, 1, 0, 1, 0, 1, 1, 0, 0, 1, 0, 1, 1, 1, 1, 0, 1, 0, 1, 1, 1, 0, 1, 1, 1, 1, 1, 0, 0, 1, 0, 1, 0, 0, 1, 1, 1, 0, 1, 0, 0, 1, 1, 1, 1, 1, 1, 1, 1, 0, 0, 0, 1, 1, 0, 1, 1, 1, 0, 1, 1, 1, 0, 1, 0, 1, 1, 1, 0, 1, 1, 0, 1, 1, 1, 1, 0, 0, 1, 1, 1, 1, 0, 1, 1, 1, 0, 0, 0, 0, 1, 0, 0, 1, 1, 0, 0, 1, 1, 1, 1, 1, 1, 0, 1, 0, 0, 0, 1, 1, 0, 1, 1, 1, 1, 0, 0, 1, 0, 0, 0, 1, 0, 1, 0, 0, 1, 0, 0, 1]}, "quality": 0.5433947770445047, "diversity": 0.8335034012584818, "controlability": 0.2588235293813149}