{"content": [[1, 1, 0, 0, 0, 1, 1, 1, 1, 0, 0, 0, 1, 1], [0, 1, 1, 0, 1, 0, 0, 0, 0, 1, 0, 1, 1, 0], [0, 1, 1, 0, 0, 0, 0, 1, 1, 1, 1, 1, 0, 1], [0, 0, 1, 1, 1, 1, 0, 1, 1, 0, 0, 1, 0, 0], [1, 1, 0, 0, 1, 1, 1, 1, 1, 1, 1, 0, 1, 1], [1, 0, 1, 1, 1, 1, 1, 1, 0, 1, 1, 1, 1, 0], [1, 1, 0, 1, 1, 1, 0, 0, 0, 0, 0, 0, 0, 1], [1, 1, 0, 1, 0, 1, 1, 1, 1, 0, 1, 1, 1, 1], [0, 1, 1, 1, 1, 1, 1, 0, 1, 0, 0, 1, 1, 0], [1, 0, 0, 0, 1, 1, 1, 1, 0, 0, 0, 1, 1, 1], [0, 1, 1, 0, 1, 1, 1, 1, 0, 1, 1, 0, 0, 0], [0, 1, 0, 0, 0, 0, 1, 1, 0, 0, 0, 0, 1, 1], [1, 1, 1, 0, 1, 0, 0, 1, 1, 0, 0, 1, 1, 1], [0, 0, 1, 0, 1, 1, 1, 1, 1, 1, 1, 1, 0, 1]], "control": {"path": 93}, "info": {"path": 31, "regions": 8, "flat": [1, 1, 0, 0, 0, 1, 1, 1, 1, 0, 0, 0, 1, 1, 0, 1, 1, 0, 1, 0, 0, 0, 0, 1, 0, 1, 1, 0, 0, 1, 1, 0, 0, 0, 0, 1, 1, 1, 1, 1, 0, 1, 0, 0, 1, 1, 1, 1, 0, 1, 1, 0, 0, 1, 0, 0, 1, 1, 0, 0, 1, 1, 1, 1, 1, 1, 1, 0, 1, 1, 1, 0, 1, 1, 1, 1, 1, 1, 0, 1, 1, 1, 1, 0, 1, 1, 0, 1, 1, 1, 0, 0, 0, 0, 0, 0, 0, 1, 1, 1, 0, 1, 0, 1, 1, 1, 1, 0, 1, 1, 1, 1, 0, 1, 1, 1, 1, 1, 1, 0, 1, 0, 0, 1, 1, 0, 1, 0, 0, 0, 1, 1, 1, 1, 0, 0, 0, 1, 1, 1, 0, 1, 1, 0, 1, 1, 1, 1, 0, 1, 1, 0, 0, 0, 0, 1, 0, 0, 0, 0, 1, 1, 0, 0, 0, 0, 1, 1, 1, 1, 1, 0, 1, 0, 0, 1, 1, 0, 0, 1, 1, 1, 0, 0, 1, 0, 1, 1, 1, 1, 1, 1, 1, 1, 0, 1]}, "quality": 0.8118279568215978, "diversity": 0.9046556121454521, "controlability": 0.36046511623715527}