{"content": [[0, 1, 1, 0, 0, 1, 0, 1, 0, 0, 0, 0, 1, 0], [1, 1, 0, 1, 0, 0, 0, 1, 1, 1, 0, 1, 0, 1], [1, 1, 0, 0, 0, 0, 1, 1, 1, 0, 1, 1, 0, 0], [1, 1, 1, 1, 0, 1, 1, 1, 1, 0, 1, 0, 1, 1], [1, 0, 1, 0, 0, 1, 1, 1, 0, 1, 1, 1, 0, 1], [1, 0, 1, 1, 0, 1, 1, 1, 1, 0, 1, 0, 0, 0], [0, 1, 0, 1, 1, 1, 0, 1, 1, 0, 1, 1, 1, 1], [0, 0, 0, 1, 1, 1, 1, 0, 0, 1, 1, 1, 0, 0], [0, 0, 1, 1, 0, 1, 0, 1, 0, 1, 0, 0, 0, 0], [1, 0, 1, 1, 1, 1, 1, 1, 1, 1, 1, 1, 1, 1], [1, 1, 0, 1, 1, 0, 0, 0, 1, 0, 0, 0, 1, 0], [1, 0, 0, 0, 1, 1, 0, 0, 0, 0, 1, 0, 1, 1], [0, 0, 1, 1, 0, 0, 0, 0, 0, 0, 0, 0, 1, 0], [1, 0, 0, 0, 0, 1, 1, 1, 1, 1, 1, 1, 0, 0]], "control": {"path": 62}, "info": {"path": 28, "regions": 12, "flat": [0, 1, 1, 0, 0, 1, 0, 1, 0, 0, 0, 0, 1, 0, 1, 1, 0, 1, 0, 0, 0, 1, 1, 1, 0, 1, 0, 1, 1, 1, 0, 0, 0, 0, 1, 1, 1, 0, 1, 1, 0, 0, 1, 1, 1, 1, 0, 1, 1, 1, 1, 0, 1, 0, 1, 1, 1, 0, 1, 0, 0, 1, 1, 1, 0, 1, 1, 1, 0, 1, 1, 0, 1, 1, 0, 1, 1, 1, 1, 0, 1, 0, 0, 0, 0, 1, 0, 1, 1, 1, 0, 1, 1, 0, 1, 1, 1, 1, 0, 0, 0, 1, 1, 1, 1, 0, 0, 1, 1, 1, 0, 0, 0, 0, 1, 1, 0, 1, 0, 1, 0, 1, 0, 0, 0, 0, 1, 0, 1, 1, 1, 1, 1, 1, 1, 1, 1, 1, 1, 1, 1, 1, 0, 1, 1, 0, 0, 0, 1, 0, 0, 0, 1, 0, 1, 0, 0, 0, 1, 1, 0, 0, 0, 0, 1, 0, 1, 1, 0, 0, 1, 1, 0, 0, 0, 0, 0, 0, 0, 0, 1, 0, 1, 0, 0, 0, 0, 1, 1, 1, 1, 1, 1, 1, 0, 0]}, "quality": 0.704301075158978, "diversity": 1.0, "controlability": 0.5090909089983471}