{"content": [[0, 1, 0, 0, 1, 1, 1, 0, 1, 1, 0, 0, 1, 1], [0, 1, 1, 1, 1, 0, 0, 1, 1, 1, 1, 1, 0, 1], [1, 0, 0, 1, 1, 0, 1, 0, 0, 1, 0, 0, 0, 1], [0, 0, 1, 1, 0, 0, 1, 1, 1, 0, 1, 1, 1, 0], [1, 0, 1, 0, 0, 1, 1, 1, 1, 0, 1, 1, 0, 0], [0, 1, 1, 1, 0, 1, 1, 1, 1, 1, 1, 1, 1, 0], [0, 1, 1, 1, 1, 1, 1, 1, 0, 1, 0, 0, 1, 0], [0, 1, 1, 1, 1, 0, 0, 0, 0, 1, 1, 1, 1, 1], [1, 1, 0, 0, 0, 1, 1, 1, 1, 1, 1, 0, 1, 0], [1, 0, 0, 0, 0, 1, 1, 1, 1, 0, 0, 0, 1, 1], [0, 0, 0, 0, 1, 1, 0, 0, 0, 1, 1, 1, 0, 0], [0, 0, 1, 0, 0, 0, 1, 0, 0, 1, 0, 1, 0, 0], [0, 0, 1, 0, 0, 1, 1, 1, 1, 1, 1, 1, 1, 0], [1, 0, 1, 1, 1, 1, 0, 1, 0, 0, 0, 0, 0, 1]], "control": {"path": 92}, "info": {"path": 28, "regions": 8, "flat": [0, 1, 0, 0, 1, 1, 1, 0, 1, 1, 0, 0, 1, 1, 0, 1, 1, 1, 1, 0, 0, 1, 1, 1, 1, 1, 0, 1, 1, 0, 0, 1, 1, 0, 1, 0, 0, 1, 0, 0, 0, 1, 0, 0, 1, 1, 0, 0, 1, 1, 1, 0, 1, 1, 1, 0, 1, 0, 1, 0, 0, 1, 1, 1, 1, 0, 1, 1, 0, 0, 0, 1, 1, 1, 0, 1, 1, 1, 1, 1, 1, 1, 1, 0, 0, 1, 1, 1, 1, 1, 1, 1, 0, 1, 0, 0, 1, 0, 0, 1, 1, 1, 1, 0, 0, 0, 0, 1, 1, 1, 1, 1, 1, 1, 0, 0, 0, 1, 1, 1, 1, 1, 1, 0, 1, 0, 1, 0, 0, 0, 0, 1, 1, 1, 1, 0, 0, 0, 1, 1, 0, 0, 0, 0, 1, 1, 0, 0, 0, 1, 1, 1, 0, 0, 0, 0, 1, 0, 0, 0, 1, 0, 0, 1, 0, 1, 0, 0, 0, 0, 1, 0, 0, 1, 1, 1, 1, 1, 1, 1, 1, 0, 1, 0, 1, 1, 1, 1, 0, 1, 0, 0, 0, 0, 0, 1]}, "quality": 0.8118279568215978, "diversity": 0.684098639375611, "controlability": 0.32941176466712807}