{"content": [[0, 1, 0, 1, 0, 1, 1, 0, 1, 1, 1, 0, 0, 0], [0, 1, 0, 1, 0, 1, 1, 0, 0, 1, 1, 0, 1, 1], [1, 1, 1, 1, 0, 0, 0, 0, 0, 1, 1, 0, 0, 1], [1, 1, 1, 0, 0, 0, 0, 1, 1, 0, 1, 0, 1, 1], [1, 1, 0, 0, 1, 1, 1, 1, 0, 0, 0, 0, 1, 0], [1, 1, 1, 0, 0, 1, 1, 1, 1, 1, 1, 0, 0, 0], [1, 0, 0, 0, 0, 0, 1, 1, 1, 0, 0, 0, 1, 0], [1, 1, 0, 1, 1, 1, 1, 0, 1, 0, 0, 0, 1, 1], [0, 0, 1, 1, 0, 0, 0, 0, 1, 1, 0, 1, 0, 1], [1, 0, 0, 1, 0, 0, 1, 0, 0, 1, 1, 1, 1, 0], [0, 1, 0, 1, 0, 0, 0, 0, 1, 1, 0, 0, 1, 0], [1, 1, 1, 1, 0, 0, 1, 0, 1, 1, 0, 0, 1, 1], [0, 0, 0, 1, 1, 0, 1, 1, 1, 0, 0, 1, 0, 0], [1, 1, 1, 1, 0, 0, 0, 1, 1, 1, 0, 1, 0, 0]], "control": {"path": 45}, "info": {"path": 26, "regions": 9, "flat": [0, 1, 0, 1, 0, 1, 1, 0, 1, 1, 1, 0, 0, 0, 0, 1, 0, 1, 0, 1, 1, 0, 0, 1, 1, 0, 1, 1, 1, 1, 1, 1, 0, 0, 0, 0, 0, 1, 1, 0, 0, 1, 1, 1, 1, 0, 0, 0, 0, 1, 1, 0, 1, 0, 1, 1, 1, 1, 0, 0, 1, 1, 1, 1, 0, 0, 0, 0, 1, 0, 1, 1, 1, 0, 0, 1, 1, 1, 1, 1, 1, 0, 0, 0, 1, 0, 0, 0, 0, 0, 1, 1, 1, 0, 0, 0, 1, 0, 1, 1, 0, 1, 1, 1, 1, 0, 1, 0, 0, 0, 1, 1, 0, 0, 1, 1, 0, 0, 0, 0, 1, 1, 0, 1, 0, 1, 1, 0, 0, 1, 0, 0, 1, 0, 0, 1, 1, 1, 1, 0, 0, 1, 0, 1, 0, 0, 0, 0, 1, 1, 0, 0, 1, 0, 1, 1, 1, 1, 0, 0, 1, 0, 1, 1, 0, 0, 1, 1, 0, 0, 0, 1, 1, 0, 1, 1, 1, 0, 0, 1, 0, 0, 1, 1, 1, 1, 0, 0, 0, 1, 1, 1, 0, 1, 0, 0]}, "quality": 0.7492319505258409, "diversity": 0.5353363566990076, "controlability": 0.6842105261357341}