{"content": [[0, 1, 1, 0, 0, 1, 0, 1, 0, 0, 0, 0, 1, 0], [1, 1, 0, 1, 0, 0, 0, 1, 1, 1, 0, 1, 0, 1], [1, 1, 0, 0, 0, 1, 1, 1, 1, 0, 1, 1, 0, 1], [1, 1, 1, 1, 0, 1, 1, 1, 1, 0, 1, 0, 1, 1], [1, 0, 1, 0, 0, 1, 1, 1, 0, 1, 1, 1, 0, 1], [1, 0, 1, 1, 0, 1, 1, 1, 1, 0, 1, 0, 0, 0], [0, 1, 0, 1, 1, 1, 0, 1, 1, 0, 1, 1, 1, 1], [0, 0, 0, 1, 1, 1, 1, 0, 0, 1, 1, 1, 0, 0], [0, 0, 1, 1, 0, 1, 0, 1, 0, 1, 0, 0, 0, 0], [1, 1, 1, 1, 1, 1, 1, 1, 1, 1, 1, 1, 1, 0], [1, 1, 0, 1, 1, 1, 0, 0, 1, 0, 0, 0, 1, 0], [1, 0, 0, 0, 1, 1, 0, 1, 0, 0, 1, 0, 1, 1], [0, 0, 0, 1, 0, 0, 0, 0, 0, 0, 0, 0, 0, 0], [1, 0, 0, 0, 0, 1, 1, 1, 1, 1, 1, 1, 0, 0]], "control": {"path": 62}, "info": {"path": 28, "regions": 11, "flat": [0, 1, 1, 0, 0, 1, 0, 1, 0, 0, 0, 0, 1, 0, 1, 1, 0, 1, 0, 0, 0, 1, 1, 1, 0, 1, 0, 1, 1, 1, 0, 0, 0, 1, 1, 1, 1, 0, 1, 1, 0, 1, 1, 1, 1, 1, 0, 1, 1, 1, 1, 0, 1, 0, 1, 1, 1, 0, 1, 0, 0, 1, 1, 1, 0, 1, 1, 1, 0, 1, 1, 0, 1, 1, 0, 1, 1, 1, 1, 0, 1, 0, 0, 0, 0, 1, 0, 1, 1, 1, 0, 1, 1, 0, 1, 1, 1, 1, 0, 0, 0, 1, 1, 1, 1, 0, 0, 1, 1, 1, 0, 0, 0, 0, 1, 1, 0, 1, 0, 1, 0, 1, 0, 0, 0, 0, 1, 1, 1, 1, 1, 1, 1, 1, 1, 1, 1, 1, 1, 0, 1, 1, 0, 1, 1, 1, 0, 0, 1, 0, 0, 0, 1, 0, 1, 0, 0, 0, 1, 1, 0, 1, 0, 0, 1, 0, 1, 1, 0, 0, 0, 1, 0, 0, 0, 0, 0, 0, 0, 0, 0, 0, 1, 0, 0, 0, 0, 1, 1, 1, 1, 1, 1, 1, 0, 0]}, "quality": 0.731182795574633, "diversity": 0.5952881151776718, "controlability": 0.5090909089983471}