{"content": [[0, 1, 0, 1, 0, 1, 1, 1, 1, 1, 0, 0, 1, 1], [0, 1, 1, 0, 0, 1, 0, 1, 1, 1, 1, 1, 0, 1], [1, 1, 0, 1, 0, 0, 1, 0, 0, 0, 0, 1, 1, 1], [0, 0, 1, 1, 0, 0, 0, 1, 1, 0, 1, 1, 0, 0], [1, 1, 1, 0, 1, 1, 1, 1, 1, 0, 1, 1, 0, 1], [0, 1, 1, 1, 0, 0, 1, 1, 1, 1, 1, 1, 0, 0], [1, 0, 0, 1, 1, 0, 1, 1, 0, 1, 0, 0, 1, 0], [0, 1, 0, 1, 1, 0, 1, 1, 0, 1, 0, 1, 1, 0], [1, 1, 0, 1, 0, 0, 1, 1, 1, 1, 1, 1, 0, 0], [1, 0, 0, 1, 0, 1, 1, 1, 1, 0, 0, 0, 1, 1], [0, 1, 0, 1, 1, 1, 0, 0, 1, 1, 1, 0, 1, 0], [0, 0, 1, 0, 0, 1, 1, 1, 0, 0, 1, 0, 1, 1], [0, 0, 1, 1, 1, 1, 1, 1, 0, 1, 1, 1, 1, 0], [0, 0, 1, 0, 0, 1, 0, 1, 0, 1, 0, 0, 0, 1]], "control": {"path": 38}, "info": {"path": 35, "regions": 9, "flat": [0, 1, 0, 1, 0, 1, 1, 1, 1, 1, 0, 0, 1, 1, 0, 1, 1, 0, 0, 1, 0, 1, 1, 1, 1, 1, 0, 1, 1, 1, 0, 1, 0, 0, 1, 0, 0, 0, 0, 1, 1, 1, 0, 0, 1, 1, 0, 0, 0, 1, 1, 0, 1, 1, 0, 0, 1, 1, 1, 0, 1, 1, 1, 1, 1, 0, 1, 1, 0, 1, 0, 1, 1, 1, 0, 0, 1, 1, 1, 1, 1, 1, 0, 0, 1, 0, 0, 1, 1, 0, 1, 1, 0, 1, 0, 0, 1, 0, 0, 1, 0, 1, 1, 0, 1, 1, 0, 1, 0, 1, 1, 0, 1, 1, 0, 1, 0, 0, 1, 1, 1, 1, 1, 1, 0, 0, 1, 0, 0, 1, 0, 1, 1, 1, 1, 0, 0, 0, 1, 1, 0, 1, 0, 1, 1, 1, 0, 0, 1, 1, 1, 0, 1, 0, 0, 0, 1, 0, 0, 1, 1, 1, 0, 0, 1, 0, 1, 1, 0, 0, 1, 1, 1, 1, 1, 1, 0, 1, 1, 1, 1, 0, 0, 0, 1, 0, 0, 1, 0, 1, 0, 1, 0, 0, 0, 1]}, "quality": 0.784946236405943, "diversity": 0.9528061223912236, "controlability": 1.0}