{"content": [[1, 1, 1, 1, 1, 1, 1, 1, 0, 0, 0], [1, 1, 1, 1, 0, 1, 1, 0, 0, 3, 0], [1, 1, 1, 1, 1, 5, 1, 5, 1, 1, 1], [0, 1, 5, 0, 0, 1, 5, 1, 0, 1, 0], [5, 5, 5, 1, 1, 1, 0, 1, 1, 1, 1], [1, 0, 1, 1, 5, 0, 1, 4, 5, 1, 1], [1, 1, 0, 0, 1, 1, 1, 2, 1, 0, 1]], "control": {"player_key": 17, "key_door": 17}, "info": {"regions": 1, "players": 1, "keys": 1, "doors": 1, "enemies": 9, "player_key": 7, "key_door": 6, "pk_path": [[7, 6], [8, 6], [8, 5], [8, 4], [9, 4], [9, 3], [9, 2], [9, 1]], "kd_path": []}, "quality": 0.9262747335294634, "diversity": 1.0, "controlability": 0.43333333304444444}