{"content": [[0, 1, 1, 0, 1, 1, 1, 1, 1, 1, 0, 0, 1, 1], [0, 1, 1, 1, 1, 0, 1, 1, 0, 1, 1, 1, 1, 1], [1, 1, 1, 1, 0, 0, 1, 0, 1, 1, 0, 1, 0, 1], [0, 1, 1, 0, 1, 1, 1, 0, 1, 0, 0, 1, 0, 1], [0, 0, 1, 1, 1, 0, 1, 0, 1, 1, 1, 1, 1, 0], [1, 1, 1, 0, 1, 1, 1, 1, 1, 1, 1, 0, 1, 1], [1, 1, 1, 0, 1, 1, 1, 0, 0, 1, 1, 0, 1, 0], [1, 1, 0, 0, 0, 1, 1, 1, 0, 0, 1, 1, 1, 1], [1, 0, 0, 1, 0, 1, 0, 1, 1, 1, 1, 1, 1, 0], [1, 1, 0, 1, 1, 1, 1, 0, 1, 1, 0, 1, 1, 1], [1, 1, 0, 0, 1, 1, 1, 1, 0, 1, 1, 1, 0, 0], [0, 1, 0, 0, 0, 1, 1, 0, 0, 1, 1, 0, 0, 0], [1, 1, 1, 1, 1, 0, 1, 1, 0, 1, 1, 1, 1, 0], [1, 0, 1, 0, 0, 1, 1, 1, 0, 0, 1, 1, 0, 0]], "control": {"path": 92}, "info": {"path": 32, "regions": 1, "flat": [0, 1, 1, 0, 1, 1, 1, 1, 1, 1, 0, 0, 1, 1, 0, 1, 1, 1, 1, 0, 1, 1, 0, 1, 1, 1, 1, 1, 1, 1, 1, 1, 0, 0, 1, 0, 1, 1, 0, 1, 0, 1, 0, 1, 1, 0, 1, 1, 1, 0, 1, 0, 0, 1, 0, 1, 0, 0, 1, 1, 1, 0, 1, 0, 1, 1, 1, 1, 1, 0, 1, 1, 1, 0, 1, 1, 1, 1, 1, 1, 1, 0, 1, 1, 1, 1, 1, 0, 1, 1, 1, 0, 0, 1, 1, 0, 1, 0, 1, 1, 0, 0, 0, 1, 1, 1, 0, 0, 1, 1, 1, 1, 1, 0, 0, 1, 0, 1, 0, 1, 1, 1, 1, 1, 1, 0, 1, 1, 0, 1, 1, 1, 1, 0, 1, 1, 0, 1, 1, 1, 1, 1, 0, 0, 1, 1, 1, 1, 0, 1, 1, 1, 0, 0, 0, 1, 0, 0, 0, 1, 1, 0, 0, 1, 1, 0, 0, 0, 1, 1, 1, 1, 1, 0, 1, 1, 0, 1, 1, 1, 1, 0, 1, 0, 1, 0, 0, 1, 1, 1, 0, 0, 1, 1, 0, 0]}, "quality": 1.0, "diversity": 0.6980017005933672, "controlability": 0.3764705881910035}