{"content": [[1, 1, 1, 0, 1, 1, 1, 1, 1, 1, 0, 1, 0, 1], [0, 1, 1, 1, 1, 0, 1, 0, 0, 1, 1, 1, 1, 1], [1, 1, 0, 0, 0, 0, 1, 1, 1, 1, 0, 1, 0, 1], [0, 1, 1, 1, 1, 1, 0, 0, 0, 0, 0, 1, 0, 1], [1, 0, 1, 0, 1, 0, 0, 0, 1, 1, 1, 1, 1, 0], [1, 1, 1, 1, 1, 0, 1, 1, 1, 1, 1, 0, 1, 0], [1, 1, 1, 1, 0, 1, 1, 0, 0, 1, 0, 0, 1, 0], [1, 1, 0, 0, 0, 1, 1, 1, 0, 0, 1, 1, 1, 1], [1, 1, 1, 0, 0, 1, 0, 0, 0, 1, 1, 1, 1, 0], [1, 0, 0, 0, 0, 1, 1, 1, 0, 0, 1, 1, 1, 1], [0, 1, 0, 1, 1, 1, 1, 0, 0, 0, 1, 1, 0, 1], [0, 1, 0, 0, 0, 0, 0, 0, 0, 1, 1, 0, 0, 0], [1, 1, 1, 1, 1, 0, 1, 1, 0, 0, 1, 1, 1, 0], [0, 0, 1, 1, 1, 1, 1, 1, 0, 0, 1, 0, 0, 0]], "control": {"path": 92}, "info": {"path": 40, "regions": 2, "flat": [1, 1, 1, 0, 1, 1, 1, 1, 1, 1, 0, 1, 0, 1, 0, 1, 1, 1, 1, 0, 1, 0, 0, 1, 1, 1, 1, 1, 1, 1, 0, 0, 0, 0, 1, 1, 1, 1, 0, 1, 0, 1, 0, 1, 1, 1, 1, 1, 0, 0, 0, 0, 0, 1, 0, 1, 1, 0, 1, 0, 1, 0, 0, 0, 1, 1, 1, 1, 1, 0, 1, 1, 1, 1, 1, 0, 1, 1, 1, 1, 1, 0, 1, 0, 1, 1, 1, 1, 0, 1, 1, 0, 0, 1, 0, 0, 1, 0, 1, 1, 0, 0, 0, 1, 1, 1, 0, 0, 1, 1, 1, 1, 1, 1, 1, 0, 0, 1, 0, 0, 0, 1, 1, 1, 1, 0, 1, 0, 0, 0, 0, 1, 1, 1, 0, 0, 1, 1, 1, 1, 0, 1, 0, 1, 1, 1, 1, 0, 0, 0, 1, 1, 0, 1, 0, 1, 0, 0, 0, 0, 0, 0, 0, 1, 1, 0, 0, 0, 1, 1, 1, 1, 1, 0, 1, 1, 0, 0, 1, 1, 1, 0, 0, 0, 1, 1, 1, 1, 1, 1, 0, 0, 1, 0, 0, 0]}, "quality": 0.9731182793155277, "diversity": 0.8384353740487904, "controlability": 0.47058823523875437}