{"content": [[1, 1, 0, 0, 1, 0, 1, 1, 0, 0, 0, 0, 0, 1], [0, 1, 1, 1, 1, 1, 1, 1, 0, 0, 1, 1, 0, 1], [1, 1, 0, 1, 0, 0, 0, 1, 1, 1, 1, 0, 1, 1], [0, 0, 1, 1, 1, 0, 0, 1, 1, 0, 0, 1, 0, 1], [0, 0, 1, 0, 0, 0, 1, 0, 1, 0, 1, 1, 0, 0], [1, 1, 1, 0, 1, 1, 1, 0, 0, 1, 1, 0, 1, 0], [1, 0, 1, 1, 0, 0, 1, 0, 0, 1, 0, 1, 1, 0], [1, 1, 0, 1, 0, 1, 1, 1, 1, 0, 1, 1, 1, 1], [1, 1, 1, 1, 0, 1, 0, 1, 1, 1, 1, 1, 1, 0], [1, 0, 0, 0, 0, 0, 1, 1, 0, 0, 1, 1, 1, 1], [0, 1, 0, 0, 1, 1, 1, 0, 0, 1, 1, 0, 1, 1], [0, 1, 0, 0, 0, 0, 1, 0, 0, 1, 1, 0, 0, 0], [1, 1, 1, 1, 1, 0, 1, 1, 0, 0, 1, 1, 1, 0], [1, 0, 1, 1, 0, 1, 1, 1, 1, 0, 1, 0, 0, 0]], "control": {"path": 93}, "info": {"path": 21, "regions": 5, "flat": [1, 1, 0, 0, 1, 0, 1, 1, 0, 0, 0, 0, 0, 1, 0, 1, 1, 1, 1, 1, 1, 1, 0, 0, 1, 1, 0, 1, 1, 1, 0, 1, 0, 0, 0, 1, 1, 1, 1, 0, 1, 1, 0, 0, 1, 1, 1, 0, 0, 1, 1, 0, 0, 1, 0, 1, 0, 0, 1, 0, 0, 0, 1, 0, 1, 0, 1, 1, 0, 0, 1, 1, 1, 0, 1, 1, 1, 0, 0, 1, 1, 0, 1, 0, 1, 0, 1, 1, 0, 0, 1, 0, 0, 1, 0, 1, 1, 0, 1, 1, 0, 1, 0, 1, 1, 1, 1, 0, 1, 1, 1, 1, 1, 1, 1, 1, 0, 1, 0, 1, 1, 1, 1, 1, 1, 0, 1, 0, 0, 0, 0, 0, 1, 1, 0, 0, 1, 1, 1, 1, 0, 1, 0, 0, 1, 1, 1, 0, 0, 1, 1, 0, 1, 1, 0, 1, 0, 0, 0, 0, 1, 0, 0, 1, 1, 0, 0, 0, 1, 1, 1, 1, 1, 0, 1, 1, 0, 0, 1, 1, 1, 0, 1, 0, 1, 1, 0, 1, 1, 1, 1, 0, 1, 0, 0, 0]}, "quality": 0.7674731179346342, "diversity": 0.8029827314615505, "controlability": 0.2441860464832342}