{"content": [[0, 1, 1, 0, 1, 0, 1, 1, 1, 0, 0, 0, 1, 1], [0, 1, 0, 1, 1, 0, 0, 1, 0, 1, 1, 1, 0, 1], [1, 1, 0, 1, 0, 1, 1, 0, 1, 1, 0, 1, 1, 1], [0, 1, 1, 1, 0, 1, 1, 1, 1, 0, 1, 0, 1, 1], [0, 0, 1, 0, 0, 1, 1, 1, 0, 1, 1, 1, 1, 0], [1, 1, 1, 1, 0, 1, 1, 0, 1, 0, 1, 0, 1, 0], [0, 1, 1, 1, 1, 1, 1, 1, 0, 0, 1, 0, 1, 1], [0, 0, 1, 1, 0, 1, 1, 0, 0, 0, 1, 1, 1, 1], [1, 0, 0, 0, 0, 1, 0, 1, 1, 1, 0, 0, 1, 0], [1, 1, 1, 1, 0, 1, 1, 1, 1, 1, 1, 0, 1, 0], [1, 1, 0, 0, 1, 0, 1, 0, 1, 1, 0, 0, 1, 0], [0, 0, 0, 1, 1, 1, 1, 0, 0, 1, 1, 1, 1, 0], [1, 1, 1, 1, 0, 0, 1, 1, 1, 1, 0, 1, 1, 0], [0, 0, 0, 0, 0, 1, 1, 1, 1, 0, 1, 1, 1, 0]], "control": {"path": 62}, "info": {"path": 30, "regions": 4, "flat": [0, 1, 1, 0, 1, 0, 1, 1, 1, 0, 0, 0, 1, 1, 0, 1, 0, 1, 1, 0, 0, 1, 0, 1, 1, 1, 0, 1, 1, 1, 0, 1, 0, 1, 1, 0, 1, 1, 0, 1, 1, 1, 0, 1, 1, 1, 0, 1, 1, 1, 1, 0, 1, 0, 1, 1, 0, 0, 1, 0, 0, 1, 1, 1, 0, 1, 1, 1, 1, 0, 1, 1, 1, 1, 0, 1, 1, 0, 1, 0, 1, 0, 1, 0, 0, 1, 1, 1, 1, 1, 1, 1, 0, 0, 1, 0, 1, 1, 0, 0, 1, 1, 0, 1, 1, 0, 0, 0, 1, 1, 1, 1, 1, 0, 0, 0, 0, 1, 0, 1, 1, 1, 0, 0, 1, 0, 1, 1, 1, 1, 0, 1, 1, 1, 1, 1, 1, 0, 1, 0, 1, 1, 0, 0, 1, 0, 1, 0, 1, 1, 0, 0, 1, 0, 0, 0, 0, 1, 1, 1, 1, 0, 0, 1, 1, 1, 1, 0, 1, 1, 1, 1, 0, 0, 1, 1, 1, 1, 0, 1, 1, 0, 0, 0, 0, 0, 0, 1, 1, 1, 1, 0, 1, 1, 1, 0]}, "quality": 0.9193548384842178, "diversity": 0.8216326529615265, "controlability": 0.5454545453553719}