{"content": [[1, 1, 1, 5, 0, 1, 5, 5], [7, 5, 1, 1, 1, 2, 5, 1], [4, 0, 6, 1, 5, 1, 6, 7], [0, 5, 7, 5, 0, 7, 0, 0], [1, 7, 7, 6, 6, 1, 1, 6], [1, 4, 5, 0, 1, 0, 0, 5], [0, 5, 5, 1, 0, 6, 0, 5], [5, 0, 4, 0, 7, 1, 0, 7], [4, 0, 1, 5, 5, 1, 6, 0], [5, 7, 1, 7, 0, 4, 7, 6], [5, 5, 1, 6, 5, 0, 0, 4], [5, 0, 6, 7, 3, 7, 6, 1]], "control": {"col_treasures": 18, "solution_length": 45}, "info": {"regions": 1, "players": 1, "exits": 1, "layout": 43, "heuristic": 141, "solution": [], "content": [[1, 1, 1, 5, 0, 1, 5, 5], [7, 5, 1, 1, 1, 2, 5, 1], [4, 0, 6, 1, 5, 1, 6, 7], [0, 5, 7, 5, 0, 7, 0, 0], [1, 7, 7, 6, 6, 1, 1, 6], [1, 4, 5, 0, 1, 0, 0, 5], [0, 5, 5, 1, 0, 6, 0, 5], [5, 0, 4, 0, 7, 1, 0, 7], [4, 0, 1, 5, 5, 1, 6, 0], [5, 7, 1, 7, 0, 4, 7, 6], [5, 5, 1, 6, 5, 0, 0, 4], [5, 0, 6, 7, 3, 7, 6, 1]], "potions": 6, "treasures": 21, "enemies": 24, "solution_length": 0, "enemies_loc": [[0, 1], [2, 2], [6, 2], [7, 2], [2, 3], [5, 3], [1, 4], [2, 4], [3, 4], [4, 4], [7, 4], [5, 6], [4, 7], [7, 7], [6, 8], [1, 9], [3, 9], [6, 9], [7, 9], [3, 10], [2, 11], [3, 11], [5, 11], [6, 11]], "status": "running", "health": 5, "col_treasures": 4, "col_potions": 0, "col_enemies": 0}, "quality": 0.49050564234849087, "diversity": 1.0, "controlability": 0.14285714275510203}