{"content": [[4, 4, 6, 1, 0, 5, 4, 5], [0, 0, 5, 0, 1, 7, 5, 0], [0, 5, 4, 4, 4, 4, 6, 1], [4, 2, 1, 0, 0, 7, 0, 0], [1, 2, 1, 0, 6, 4, 6, 5], [1, 6, 0, 1, 1, 7, 5, 3], [0, 4, 4, 6, 0, 7, 1, 5], [5, 0, 1, 0, 4, 0, 5, 1], [5, 5, 1, 4, 5, 4, 1, 1], [3, 3, 1, 5, 0, 4, 4, 6], [2, 0, 4, 4, 7, 6, 7, 0], [4, 5, 6, 6, 0, 1, 1, 1]], "control": {"col_treasures": 18, "solution_length": 45}, "info": {"regions": 1, "players": 3, "exits": 3, "layout": 40, "heuristic": -1, "solution": [], "content": [[4, 4, 6, 1, 0, 5, 4, 5], [0, 0, 5, 0, 1, 7, 5, 0], [0, 5, 4, 4, 4, 4, 6, 1], [4, 2, 1, 0, 0, 7, 0, 0], [1, 2, 1, 0, 6, 4, 6, 5], [1, 6, 0, 1, 1, 7, 5, 3], [0, 4, 4, 6, 0, 7, 1, 5], [5, 0, 1, 0, 4, 0, 5, 1], [5, 5, 1, 4, 5, 4, 1, 1], [3, 3, 1, 5, 0, 4, 4, 6], [2, 0, 4, 4, 7, 6, 7, 0], [4, 5, 6, 6, 0, 1, 1, 1]], "potions": 19, "treasures": 15, "enemies": 16, "solution_length": 0, "enemies_loc": [[2, 0], [5, 1], [6, 2], [5, 3], [4, 4], [6, 4], [1, 5], [5, 5], [3, 6], [5, 6], [7, 9], [4, 10], [5, 10], [6, 10], [2, 11], [3, 11]]}, "quality": 0.3194152046530489, "diversity": 0.28080356476562507, "controlability": 0.0}