{"content": [[1, 4, 1, 5, 0, 1, 5, 5], [5, 0, 5, 5, 1, 6, 6, 5], [0, 0, 6, 3, 5, 6, 6, 7], [0, 5, 5, 0, 0, 1, 0, 0], [6, 7, 1, 0, 3, 1, 7, 0], [1, 4, 5, 7, 6, 0, 7, 4], [0, 5, 4, 1, 0, 0, 6, 5], [5, 0, 7, 0, 4, 1, 6, 7], [5, 0, 1, 5, 5, 4, 4, 1], [5, 1, 7, 7, 1, 5, 1, 1], [5, 0, 7, 1, 5, 6, 0, 1], [4, 0, 2, 7, 7, 1, 1, 1]], "control": {"col_treasures": 18, "solution_length": 45}, "info": {"regions": 1, "players": 1, "exits": 2, "layout": 42, "heuristic": -1, "solution": [], "content": [[1, 4, 1, 5, 0, 1, 5, 5], [5, 0, 5, 5, 1, 6, 6, 5], [0, 0, 6, 3, 5, 6, 6, 7], [0, 5, 5, 0, 0, 1, 0, 0], [6, 7, 1, 0, 3, 1, 7, 0], [1, 4, 5, 7, 6, 0, 7, 4], [0, 5, 4, 1, 0, 0, 6, 5], [5, 0, 7, 0, 4, 1, 6, 7], [5, 0, 1, 5, 5, 4, 4, 1], [5, 1, 7, 7, 1, 5, 1, 1], [5, 0, 7, 1, 5, 6, 0, 1], [4, 0, 2, 7, 7, 1, 1, 1]], "potions": 8, "treasures": 21, "enemies": 22, "solution_length": 0, "enemies_loc": [[5, 1], [6, 1], [2, 2], [5, 2], [6, 2], [7, 2], [0, 4], [1, 4], [6, 4], [3, 5], [4, 5], [6, 5], [6, 6], [2, 7], [6, 7], [7, 7], [2, 9], [3, 9], [2, 10], [5, 10], [3, 11], [4, 11]]}, "quality": 0.32429824559493864, "diversity": 0.8607841892645999, "controlability": 0.0}