{"content": [[1, 1, 4, 1, 7, 5, 5, 4], [7, 0, 7, 0, 1, 7, 4, 0], [0, 7, 4, 1, 4, 1, 4, 1], [0, 5, 1, 2, 0, 1, 1, 5], [6, 4, 1, 5, 6, 1, 7, 0], [1, 6, 7, 7, 1, 6, 7, 4], [0, 1, 6, 0, 1, 0, 4, 5], [0, 0, 1, 0, 1, 0, 1, 3], [7, 0, 1, 5, 5, 7, 0, 4], [4, 4, 1, 7, 6, 4, 7, 6], [6, 7, 1, 4, 7, 6, 4, 1], [5, 3, 6, 7, 7, 2, 0, 1]], "control": {"col_treasures": 18, "solution_length": 45}, "info": {"regions": 1, "players": 2, "exits": 2, "layout": 41, "heuristic": -1, "solution": [], "content": [[1, 1, 4, 1, 7, 5, 5, 4], [7, 0, 7, 0, 1, 7, 4, 0], [0, 7, 4, 1, 4, 1, 4, 1], [0, 5, 1, 2, 0, 1, 1, 5], [6, 4, 1, 5, 6, 1, 7, 0], [1, 6, 7, 7, 1, 6, 7, 4], [0, 1, 6, 0, 1, 0, 4, 5], [0, 0, 1, 0, 1, 0, 1, 3], [7, 0, 1, 5, 5, 7, 0, 4], [4, 4, 1, 7, 6, 4, 7, 6], [6, 7, 1, 4, 7, 6, 4, 1], [5, 3, 6, 7, 7, 2, 0, 1]], "potions": 15, "treasures": 9, "enemies": 27, "solution_length": 0, "enemies_loc": [[4, 0], [0, 1], [2, 1], [5, 1], [1, 2], [0, 4], [4, 4], [6, 4], [1, 5], [2, 5], [3, 5], [5, 5], [6, 5], [2, 6], [0, 8], [5, 8], [3, 9], [4, 9], [6, 9], [7, 9], [0, 10], [1, 10], [4, 10], [5, 10], [2, 11], [3, 11], [4, 11]]}, "quality": 0.32220760231343054, "diversity": 0.31249999288194474, "controlability": 0.0}