{"content": [[7, 4, 1, 1, 7, 7, 3, 7], [1, 4, 5, 6, 3, 6, 4, 0], [4, 4, 1, 1, 3, 7, 4, 0], [4, 2, 3, 4, 0, 6, 6, 5], [1, 7, 3, 6, 7, 4, 2, 7], [7, 0, 6, 1, 4, 0, 7, 4], [0, 6, 1, 0, 7, 3, 0, 0], [7, 1, 1, 3, 0, 5, 6, 7], [6, 0, 6, 1, 1, 4, 0, 6], [2, 4, 6, 0, 1, 3, 2, 3], [4, 7, 4, 0, 7, 0, 7, 2], [7, 5, 2, 6, 0, 4, 3, 2]], "control": {"col_treasures": 17, "solution_length": 43}, "info": {"regions": 1, "players": 7, "exits": 10, "layout": 29, "heuristic": -1, "solution": [], "content": [[7, 4, 1, 1, 7, 7, 3, 7], [1, 4, 5, 6, 3, 6, 4, 0], [4, 4, 1, 1, 3, 7, 4, 0], [4, 2, 3, 4, 0, 6, 6, 5], [1, 7, 3, 6, 7, 4, 2, 7], [7, 0, 6, 1, 4, 0, 7, 4], [0, 6, 1, 0, 7, 3, 0, 0], [7, 1, 1, 3, 0, 5, 6, 7], [6, 0, 6, 1, 1, 4, 0, 6], [2, 4, 6, 0, 1, 3, 2, 3], [4, 7, 4, 0, 7, 0, 7, 2], [7, 5, 2, 6, 0, 4, 3, 2]], "potions": 16, "treasures": 4, "enemies": 30, "solution_length": 0, "enemies_loc": [[0, 0], [4, 0], [5, 0], [7, 0], [3, 1], [5, 1], [5, 2], [5, 3], [6, 3], [1, 4], [3, 4], [4, 4], [7, 4], [0, 5], [2, 5], [6, 5], [1, 6], [4, 6], [0, 7], [6, 7], [7, 7], [0, 8], [2, 8], [7, 8], [2, 9], [1, 10], [4, 10], [6, 10], [0, 11], [3, 11]]}, "quality": 0.29641812863365247, "diversity": 0.45552883668870225, "controlability": 0.0}