{"content": [[1, 4, 1, 0, 0, 2, 1, 0, 0, 0, 0], [0, 5, 2, 1, 0, 1, 5, 2, 3, 5, 0], [3, 5, 3, 1, 1, 0, 2, 2, 0, 2, 0], [0, 1, 0, 0, 1, 5, 0, 5, 4, 3, 2], [1, 5, 5, 1, 1, 1, 1, 2, 1, 1, 0], [1, 2, 4, 1, 0, 0, 4, 0, 2, 5, 3], [1, 2, 4, 0, 4, 2, 1, 0, 4, 5, 0]], "control": {"player_key": 17, "key_door": 17}, "info": {"regions": 1, "players": 12, "keys": 5, "doors": 7, "enemies": 10, "player_key": 4, "key_door": 14, "pk_path": [[5, 0], [5, 1], [6, 1], [7, 1], [8, 1]], "kd_path": []}, "quality": 0.47759327682626823, "diversity": 0.6438180646614022, "controlability": 0.5999999996}