{"content": [[2, 4, 1, 0, 0, 2, 1, 0, 1, 1, 0], [0, 5, 2, 1, 0, 1, 5, 2, 3, 5, 0], [3, 5, 3, 1, 1, 0, 2, 2, 0, 2, 0], [0, 1, 0, 0, 1, 0, 0, 5, 4, 4, 2], [1, 4, 5, 1, 1, 4, 1, 1, 1, 1, 5], [1, 0, 4, 1, 4, 0, 4, 0, 4, 5, 4], [1, 2, 4, 0, 3, 2, 1, 0, 1, 5, 1]], "control": {"player_key": 18, "key_door": 18}, "info": {"regions": 1, "players": 10, "keys": 4, "doors": 11, "enemies": 9, "player_key": -1, "key_door": 14, "pk_path": [], "kd_path": []}, "quality": 0.47762707278876815, "diversity": 0.14666666311111132, "controlability": 0.4374999997265625}