{"content": [[1, 4, 1, 0, 2, 3, 1, 0, 1, 0, 0], [5, 5, 2, 1, 0, 0, 1, 2, 3, 5, 0], [2, 5, 3, 1, 1, 1, 4, 2, 0, 2, 0], [0, 1, 0, 0, 1, 2, 0, 5, 1, 1, 2], [0, 5, 5, 5, 0, 1, 0, 1, 0, 1, 1], [1, 2, 3, 1, 4, 0, 4, 0, 2, 5, 3], [5, 2, 4, 0, 4, 2, 1, 0, 4, 3, 1]], "control": {"player_key": 17, "key_door": 17}, "info": {"regions": 1, "players": 12, "keys": 6, "doors": 7, "enemies": 10, "player_key": 1, "key_door": 10, "pk_path": [[4, 0], [5, 0]], "kd_path": []}, "quality": 0.4767709084053238, "diversity": 0.17460317037037054, "controlability": 0.3666666664222222}