{"content": [[3, 4, 5, 0, 5, 1, 5, 4, 5, 1, 4], [5, 3, 5, 5, 5, 5, 0, 3, 0, 3, 1], [1, 4, 1, 4, 1, 2, 2, 0, 2, 2, 1], [2, 5, 2, 4, 2, 1, 3, 1, 0, 4, 0], [5, 0, 2, 0, 0, 3, 5, 3, 1, 3, 5], [3, 4, 1, 0, 0, 5, 5, 1, 0, 1, 5], [4, 0, 5, 0, 5, 3, 4, 1, 3, 0, 4]], "control": {"player_key": 13, "key_door": 13}, "info": {"regions": 1, "players": 8, "keys": 11, "doors": 11, "enemies": 18, "player_key": 7, "key_door": 1, "pk_path": [[5, 2], [5, 1], [4, 1], [3, 1], [2, 1], [1, 1], [0, 1], [0, 0]], "kd_path": []}, "quality": 0.4658097512330468, "diversity": 1.0, "controlability": 0.3636363633057851}