{"content": [[1, 4, 1, 0, 0, 3, 1, 0, 1, 0, 0], [0, 5, 2, 1, 0, 1, 2, 2, 3, 5, 0], [3, 5, 3, 1, 1, 1, 1, 2, 0, 2, 0], [0, 1, 4, 0, 1, 2, 0, 5, 4, 4, 1], [1, 5, 5, 5, 1, 1, 1, 2, 1, 1, 0], [1, 2, 4, 1, 0, 0, 4, 2, 2, 5, 3], [1, 2, 3, 0, 4, 2, 1, 0, 4, 3, 0]], "control": {"player_key": 17, "key_door": 17}, "info": {"regions": 1, "players": 12, "keys": 7, "doors": 8, "enemies": 8, "player_key": 6, "key_door": 8, "pk_path": [[2, 1], [2, 2], [3, 2], [4, 2], [5, 2], [5, 1], [5, 0]], "kd_path": []}, "quality": 0.4768385003303237, "diversity": 0.09999999999999998, "controlability": 0.46666666635555554}