{"content": [[1, 4, 1, 0, 0, 3, 1, 0, 1, 0, 0], [0, 5, 5, 1, 0, 1, 2, 2, 4, 5, 0], [3, 5, 3, 3, 1, 2, 1, 2, 0, 2, 0], [0, 1, 4, 1, 1, 2, 0, 5, 4, 4, 2], [1, 0, 5, 5, 1, 1, 1, 2, 1, 1, 0], [1, 2, 4, 1, 0, 0, 4, 2, 2, 5, 5], [1, 2, 3, 0, 4, 2, 1, 0, 4, 3, 0]], "control": {"player_key": 17, "key_door": 17}, "info": {"regions": 1, "players": 13, "keys": 6, "doors": 9, "enemies": 9, "player_key": 2, "key_door": 8, "pk_path": [[6, 1], [6, 0], [5, 0]], "kd_path": []}, "quality": 0.4751599675259349, "diversity": 0.7332451310258679, "controlability": 0.3333333331111111}