{"content": [[1, 2, 1, 0, 0, 3, 1, 0, 1, 0, 0], [0, 5, 2, 1, 0, 1, 2, 4, 4, 5, 0], [3, 5, 3, 1, 1, 1, 1, 2, 0, 2, 0], [0, 1, 4, 0, 1, 2, 0, 5, 5, 4, 2], [1, 5, 5, 5, 1, 1, 1, 2, 1, 1, 0], [1, 2, 4, 1, 0, 0, 4, 2, 2, 2, 2], [1, 2, 3, 0, 4, 2, 1, 0, 4, 3, 0]], "control": {"player_key": 17, "key_door": 17}, "info": {"regions": 1, "players": 15, "keys": 5, "doors": 8, "enemies": 8, "player_key": 8, "key_door": 3, "pk_path": [[1, 0], [1, 1], [1, 2], [2, 2], [3, 2], [4, 2], [5, 2], [5, 1], [5, 0]], "kd_path": []}, "quality": 0.47601613190937925, "diversity": 0.2682575269422509, "controlability": 0.36666666642222223}