{"content": [[1, 1, 6, 6, 7, 5, 5, 4], [1, 4, 7, 1, 6, 1, 4, 1], [0, 7, 6, 4, 4, 1, 4, 1], [0, 5, 6, 2, 0, 4, 4, 5], [6, 7, 6, 6, 7, 7, 7, 6], [1, 6, 0, 7, 7, 7, 7, 4], [0, 1, 5, 0, 0, 6, 0, 5], [0, 0, 7, 3, 7, 0, 1, 1], [6, 0, 4, 7, 6, 7, 1, 4], [1, 0, 1, 7, 6, 4, 0, 6], [1, 1, 1, 1, 7, 6, 4, 4], [3, 0, 0, 7, 7, 7, 4, 0]], "control": {"col_treasures": 8, "solution_length": 30}, "info": {"regions": 1, "players": 1, "exits": 2, "layout": 36, "heuristic": -1, "solution": [], "content": [[1, 1, 6, 6, 7, 5, 5, 4], [1, 4, 7, 1, 6, 1, 4, 1], [0, 7, 6, 4, 4, 1, 4, 1], [0, 5, 6, 2, 0, 4, 4, 5], [6, 7, 6, 6, 7, 7, 7, 6], [1, 6, 0, 7, 7, 7, 7, 4], [0, 1, 5, 0, 0, 6, 0, 5], [0, 0, 7, 3, 7, 0, 1, 1], [6, 0, 4, 7, 6, 7, 1, 4], [1, 0, 1, 7, 6, 4, 0, 6], [1, 1, 1, 1, 7, 6, 4, 4], [3, 0, 0, 7, 7, 7, 4, 0]], "potions": 15, "treasures": 6, "enemies": 36, "solution_length": 0, "enemies_loc": [[2, 0], [3, 0], [4, 0], [2, 1], [4, 1], [1, 2], [2, 2], [2, 3], [0, 4], [1, 4], [2, 4], [3, 4], [4, 4], [5, 4], [6, 4], [7, 4], [1, 5], [3, 5], [4, 5], [5, 5], [6, 5], [5, 6], [2, 7], [4, 7], [0, 8], [3, 8], [4, 8], [5, 8], [3, 9], [4, 9], [7, 9], [4, 10], [5, 10], [3, 11], [4, 11], [5, 11]]}, "quality": 0.31596491226334145, "diversity": 0.27838541033203135, "controlability": 0.0}