{"content": [[1, 1, 1, 5, 7, 3, 5, 6], [0, 0, 0, 3, 1, 1, 5, 6], [6, 0, 6, 1, 2, 6, 6, 1], [0, 5, 1, 0, 0, 7, 0, 5], [1, 0, 1, 6, 3, 0, 7, 6], [6, 7, 0, 7, 1, 6, 1, 5], [1, 5, 0, 7, 0, 5, 1, 5], [5, 0, 7, 0, 1, 0, 7, 6], [1, 0, 1, 5, 1, 4, 6, 1], [7, 0, 1, 5, 0, 5, 7, 1], [5, 5, 6, 6, 7, 0, 0, 1], [5, 5, 2, 7, 0, 7, 6, 1]], "control": {"col_treasures": 18, "solution_length": 45}, "info": {"regions": 2, "players": 2, "exits": 3, "layout": 45, "heuristic": -1, "solution": [], "content": [[1, 1, 1, 5, 7, 3, 5, 6], [0, 0, 0, 3, 1, 1, 5, 6], [6, 0, 6, 1, 2, 6, 6, 1], [0, 5, 1, 0, 0, 7, 0, 5], [1, 0, 1, 6, 3, 0, 7, 6], [6, 7, 0, 7, 1, 6, 1, 5], [1, 5, 0, 7, 0, 5, 1, 5], [5, 0, 7, 0, 1, 0, 7, 6], [1, 0, 1, 5, 1, 4, 6, 1], [7, 0, 1, 5, 0, 5, 7, 1], [5, 5, 6, 6, 7, 0, 0, 1], [5, 5, 2, 7, 0, 7, 6, 1]], "potions": 1, "treasures": 17, "enemies": 28, "solution_length": 0, "enemies_loc": [[4, 0], [7, 0], [7, 1], [0, 2], [2, 2], [5, 2], [6, 2], [5, 3], [3, 4], [6, 4], [7, 4], [0, 5], [1, 5], [3, 5], [5, 5], [3, 6], [2, 7], [6, 7], [7, 7], [6, 8], [0, 9], [6, 9], [2, 10], [3, 10], [4, 10], [3, 11], [5, 11], [6, 11]]}, "quality": 0.319309465428936, "diversity": 0.3090876368130391, "controlability": 0.0}