{"content": [[1, 1, 1, 0, 1, 1, 1, 2, 2, 1, 0], [1, 1, 1, 1, 0, 1, 1, 0, 0, 1, 0], [1, 5, 1, 1, 1, 0, 2, 2, 1, 1, 0], [0, 1, 0, 0, 0, 1, 0, 1, 0, 1, 0], [1, 5, 5, 1, 1, 1, 1, 1, 1, 1, 1], [1, 5, 1, 1, 4, 2, 1, 1, 3, 1, 1], [1, 0, 0, 0, 1, 1, 0, 0, 1, 3, 1]], "control": {"player_key": 17, "key_door": 17}, "info": {"regions": 1, "players": 5, "keys": 2, "doors": 1, "enemies": 4, "player_key": 8, "key_door": 4, "pk_path": [[7, 0], [6, 0], [6, 1], [6, 2], [7, 2], [7, 3], [7, 4], [7, 5], [8, 5]], "kd_path": []}, "quality": 0.4958881578788305, "diversity": 0.5, "controlability": 0.39999999973333333}