{"content": [[1, 1, 1, 0, 1, 1, 1, 0, 0, 1, 2], [1, 1, 1, 1, 0, 2, 1, 0, 0, 1, 0], [1, 1, 1, 1, 1, 0, 2, 0, 1, 1, 0], [1, 1, 0, 0, 0, 5, 1, 1, 0, 1, 0], [1, 5, 5, 1, 1, 1, 1, 1, 1, 1, 1], [1, 5, 1, 1, 4, 0, 1, 1, 5, 1, 1], [1, 0, 0, 0, 1, 1, 0, 0, 1, 3, 1]], "control": {"player_key": 17, "key_door": 17}, "info": {"regions": 1, "players": 3, "keys": 1, "doors": 1, "enemies": 5, "player_key": 7, "key_door": 8, "pk_path": [[10, 0], [9, 0], [9, 1], [9, 2], [9, 3], [9, 4], [9, 5], [9, 6]], "kd_path": []}, "quality": 0.49749909875788145, "diversity": 0.5444630490024676, "controlability": 0.49999999966666664}