{"content": [[1, 1, 1, 0, 1, 1, 1, 1, 0, 1, 0], [1, 1, 1, 5, 0, 1, 1, 0, 0, 1, 0], [1, 1, 1, 1, 1, 0, 3, 5, 1, 1, 0], [0, 1, 0, 0, 0, 1, 0, 1, 0, 1, 0], [1, 5, 1, 2, 1, 1, 1, 1, 1, 2, 1], [1, 0, 1, 1, 4, 0, 1, 1, 5, 1, 1], [1, 0, 0, 0, 1, 1, 0, 4, 1, 3, 1]], "control": {"player_key": 17, "key_door": 17}, "info": {"regions": 1, "players": 2, "keys": 2, "doors": 2, "enemies": 4, "player_key": 7, "key_door": 7, "pk_path": [[3, 4], [4, 4], [5, 4], [6, 4], [7, 4], [7, 3], [7, 2], [6, 2]], "kd_path": []}, "quality": 0.4975328947124957, "diversity": 0.05555555555555558, "controlability": 0.46666666635555554}