{"content": [[1, 4, 1, 0, 5, 3, 1, 0, 0, 0, 0], [1, 5, 4, 1, 0, 1, 1, 2, 0, 0, 0], [1, 1, 1, 1, 0, 0, 1, 2, 0, 1, 0], [0, 1, 0, 0, 1, 1, 0, 1, 0, 1, 1], [1, 5, 5, 1, 1, 1, 1, 1, 1, 1, 1], [1, 0, 1, 1, 4, 0, 1, 2, 4, 2, 1], [1, 2, 1, 0, 4, 1, 1, 0, 0, 1, 1]], "control": {"player_key": 17, "key_door": 17}, "info": {"regions": 1, "players": 5, "keys": 1, "doors": 5, "enemies": 4, "player_key": 3, "key_door": 16, "pk_path": [[7, 1], [6, 1], [6, 0], [5, 0]], "kd_path": []}, "quality": 0.4934210526159972, "diversity": 0.3577728344412704, "controlability": 0.5999999999333333}