{"content": [[1, 4, 1, 0, 1, 3, 1, 1, 0, 0, 0], [1, 5, 4, 1, 0, 1, 1, 0, 0, 1, 0], [1, 1, 1, 1, 0, 0, 1, 2, 0, 1, 0], [0, 1, 0, 3, 1, 1, 0, 1, 0, 1, 1], [1, 4, 5, 1, 1, 1, 1, 1, 1, 1, 1], [1, 0, 5, 1, 4, 0, 1, 1, 4, 2, 1], [1, 5, 1, 0, 1, 1, 0, 0, 1, 1, 1]], "control": {"player_key": 17, "key_door": 17}, "info": {"regions": 1, "players": 2, "keys": 2, "doors": 5, "enemies": 4, "player_key": 4, "key_door": 16, "pk_path": [[7, 2], [6, 2], [6, 1], [6, 0], [5, 0]], "kd_path": []}, "quality": 0.4950657894496624, "diversity": 0.3998197604322308, "controlability": 0.6333333332444444}