{"content": [[4, 3, 1, 0, 0, 3, 1, 2, 0, 0, 0], [1, 2, 1, 1, 4, 1, 1, 2, 0, 1, 0], [0, 1, 1, 1, 0, 0, 1, 2, 0, 1, 0], [0, 1, 0, 0, 1, 1, 0, 5, 0, 1, 1], [1, 5, 5, 1, 1, 1, 1, 1, 1, 1, 1], [1, 0, 1, 1, 4, 0, 1, 2, 4, 2, 2], [1, 2, 3, 0, 4, 1, 0, 0, 1, 5, 1]], "control": {"player_key": 17, "key_door": 17}, "info": {"regions": 1, "players": 8, "keys": 3, "doors": 5, "enemies": 4, "player_key": 14, "key_door": 1, "pk_path": [[7, 0], [7, 1], [7, 2], [7, 3], [7, 4], [6, 4], [5, 4], [4, 4], [3, 4], [2, 4], [1, 4], [1, 3], [1, 2], [1, 1], [1, 0]], "kd_path": []}, "quality": 0.48930921050305143, "diversity": 0.050000000000000044, "controlability": 0.49999999966666664}