{"content": [[1, 4, 1, 0, 5, 3, 1, 1, 0, 0, 0], [2, 2, 1, 1, 0, 1, 1, 2, 0, 1, 0], [1, 1, 1, 1, 0, 0, 1, 2, 0, 1, 0], [0, 1, 0, 0, 1, 0, 0, 1, 0, 1, 1], [1, 5, 5, 1, 1, 1, 1, 1, 1, 1, 1], [1, 0, 1, 1, 4, 0, 1, 2, 4, 2, 1], [1, 5, 4, 0, 1, 1, 0, 0, 1, 1, 1]], "control": {"player_key": 17, "key_door": 17}, "info": {"regions": 1, "players": 6, "keys": 1, "doors": 4, "enemies": 4, "player_key": 16, "key_door": 16, "pk_path": [[0, 1], [0, 2], [1, 2], [1, 3], [1, 4], [2, 4], [3, 4], [4, 4], [5, 4], [6, 4], [7, 4], [7, 3], [7, 2], [7, 1], [7, 0], [6, 0], [5, 0]], "kd_path": []}, "quality": 0.4934210526159972, "diversity": 0.24710647428626575, "controlability": 1.0}