{"content": [[4, 1, 1, 0, 1, 3, 1, 1, 0, 0, 0], [1, 2, 1, 1, 0, 1, 1, 0, 0, 1, 0], [1, 1, 1, 1, 0, 0, 1, 2, 0, 1, 0], [0, 1, 1, 0, 1, 1, 0, 1, 0, 1, 1], [1, 4, 5, 4, 1, 1, 1, 1, 1, 1, 1], [1, 0, 1, 1, 4, 0, 4, 2, 4, 5, 1], [1, 5, 0, 0, 1, 1, 0, 0, 1, 5, 1]], "control": {"player_key": 17, "key_door": 17}, "info": {"regions": 1, "players": 3, "keys": 1, "doors": 6, "enemies": 4, "player_key": -1, "key_door": 17, "pk_path": [], "kd_path": []}, "quality": 0.49424342103694163, "diversity": 0.40833309729194345, "controlability": 0.5}