{"content": [[0, 4, 3, 5, 5, 5, 0, 5, 0, 5, 3], [0, 4, 1, 1, 0, 1, 1, 0, 2, 5, 5], [3, 5, 4, 3, 4, 0, 2, 3, 3, 2, 1], [4, 5, 2, 3, 4, 4, 0, 2, 0, 5, 0], [4, 0, 4, 4, 5, 5, 1, 1, 5, 4, 2], [0, 0, 0, 4, 1, 1, 0, 4, 1, 4, 5], [4, 3, 4, 5, 0, 1, 5, 1, 2, 3, 4]], "control": {"player_key": 18, "key_door": 18}, "info": {"regions": 2, "players": 7, "keys": 9, "doors": 17, "enemies": 16, "player_key": 9, "key_door": 1, "pk_path": [[8, 1], [8, 2], [7, 2], [6, 2], [6, 1], [5, 1], [5, 0], [4, 0], [3, 0], [2, 0]], "kd_path": []}, "quality": 0.4277415415838387, "diversity": 1.0, "controlability": 0.31249999980468746}