{"content": [[1, 1, 1, 2, 0, 3, 1, 0, 0, 0, 0], [0, 5, 1, 1, 5, 1, 1, 2, 0, 1, 0], [2, 1, 1, 1, 0, 0, 1, 2, 0, 1, 0], [0, 1, 0, 0, 1, 2, 0, 1, 0, 1, 1], [0, 5, 2, 1, 1, 1, 1, 1, 1, 1, 1], [1, 0, 1, 1, 4, 0, 5, 2, 4, 2, 3], [1, 2, 4, 0, 4, 3, 1, 0, 1, 4, 0]], "control": {"player_key": 17, "key_door": 17}, "info": {"regions": 1, "players": 9, "keys": 3, "doors": 5, "enemies": 4, "player_key": 4, "key_door": 10, "pk_path": [[3, 0], [3, 1], [4, 1], [5, 1], [5, 0]], "kd_path": []}, "quality": 0.488486842082107, "diversity": 1.0, "controlability": 0.46666666635555554}