{"content": [[5, 1, 1, 0, 1, 3, 1, 1, 2, 0, 0], [1, 2, 0, 1, 0, 1, 1, 2, 0, 1, 0], [1, 1, 1, 1, 0, 0, 1, 2, 0, 1, 0], [0, 1, 2, 0, 1, 1, 0, 1, 0, 1, 1], [1, 4, 5, 1, 1, 1, 1, 1, 1, 1, 1], [3, 1, 1, 1, 4, 0, 4, 2, 4, 5, 0], [1, 5, 4, 0, 1, 1, 0, 0, 1, 5, 1]], "control": {"player_key": 17, "key_door": 17}, "info": {"regions": 1, "players": 6, "keys": 2, "doors": 5, "enemies": 5, "player_key": 3, "key_door": 12, "pk_path": [[8, 0], [7, 0], [6, 0], [5, 0]], "kd_path": []}, "quality": 0.4909201513738787, "diversity": 0.5004014353880694, "controlability": 0.49999999966666664}