{"content": [[2, 2, 1, 0, 5, 3, 1, 0, 0, 0, 0], [1, 5, 1, 1, 0, 1, 1, 2, 0, 0, 0], [1, 1, 1, 1, 0, 0, 1, 2, 0, 1, 0], [0, 1, 1, 0, 1, 1, 0, 1, 0, 1, 0], [1, 5, 5, 1, 1, 1, 1, 1, 1, 1, 1], [1, 0, 1, 1, 4, 0, 1, 2, 4, 2, 1], [1, 4, 2, 0, 4, 1, 1, 0, 0, 1, 1]], "control": {"player_key": 17, "key_door": 17}, "info": {"regions": 1, "players": 7, "keys": 1, "doors": 4, "enemies": 4, "player_key": 17, "key_door": 10, "pk_path": [[0, 0], [0, 1], [0, 2], [1, 2], [1, 3], [1, 4], [2, 4], [3, 4], [4, 4], [5, 4], [6, 4], [7, 4], [7, 3], [7, 2], [7, 1], [6, 1], [6, 0], [5, 0]], "kd_path": []}, "quality": 0.4925986841950528, "diversity": 1.0, "controlability": 0.833333333111111}