{"content": [[1, 1, 1, 1, 7, 4, 7, 1], [0, 2, 1, 0, 4, 0, 5, 0], [0, 4, 4, 4, 7, 6, 6, 1], [0, 5, 1, 0, 0, 7, 4, 5], [1, 7, 1, 0, 6, 1, 7, 6], [0, 4, 0, 7, 7, 6, 0, 5], [0, 7, 5, 1, 1, 1, 6, 5], [5, 0, 0, 0, 1, 0, 1, 1], [4, 0, 4, 4, 0, 4, 1, 1], [4, 0, 4, 7, 4, 6, 1, 6], [6, 3, 6, 6, 7, 4, 0, 1], [4, 4, 3, 7, 7, 1, 0, 4]], "control": {"col_treasures": 8, "solution_length": 30}, "info": {"regions": 1, "players": 1, "exits": 2, "layout": 44, "heuristic": -1, "solution": [], "content": [[1, 1, 1, 1, 7, 4, 7, 1], [0, 2, 1, 0, 4, 0, 5, 0], [0, 4, 4, 4, 7, 6, 6, 1], [0, 5, 1, 0, 0, 7, 4, 5], [1, 7, 1, 0, 6, 1, 7, 6], [0, 4, 0, 7, 7, 6, 0, 5], [0, 7, 5, 1, 1, 1, 6, 5], [5, 0, 0, 0, 1, 0, 1, 1], [4, 0, 4, 4, 0, 4, 1, 1], [4, 0, 4, 7, 4, 6, 1, 6], [6, 3, 6, 6, 7, 4, 0, 1], [4, 4, 3, 7, 7, 1, 0, 4]], "potions": 18, "treasures": 7, "enemies": 24, "solution_length": 0, "enemies_loc": [[4, 0], [6, 0], [4, 2], [5, 2], [6, 2], [5, 3], [1, 4], [4, 4], [6, 4], [7, 4], [3, 5], [4, 5], [5, 5], [1, 6], [6, 6], [3, 9], [5, 9], [7, 9], [0, 10], [2, 10], [3, 10], [4, 10], [3, 11], [4, 11]]}, "quality": 0.3270760233721377, "diversity": 0.5711805496093751, "controlability": 0.0}