{"content": [[1, 1, 5, 5, 0, 1, 7, 5], [5, 0, 5, 5, 1, 0, 6, 5], [6, 7, 4, 2, 5, 1, 6, 6], [1, 5, 5, 0, 0, 7, 0, 5], [1, 0, 0, 1, 3, 6, 7, 0], [1, 0, 5, 1, 1, 6, 1, 4], [1, 5, 0, 1, 0, 0, 1, 5], [5, 0, 7, 0, 1, 0, 0, 1], [7, 1, 1, 5, 1, 4, 6, 1], [5, 5, 7, 7, 0, 4, 7, 6], [5, 0, 1, 1, 5, 0, 0, 0], [0, 0, 2, 7, 4, 5, 2, 1]], "control": {"col_treasures": 18, "solution_length": 45}, "info": {"regions": 1, "players": 3, "exits": 1, "layout": 48, "heuristic": -1, "solution": [], "content": [[1, 1, 5, 5, 0, 1, 7, 5], [5, 0, 5, 5, 1, 0, 6, 5], [6, 7, 4, 2, 5, 1, 6, 6], [1, 5, 5, 0, 0, 7, 0, 5], [1, 0, 0, 1, 3, 6, 7, 0], [1, 0, 5, 1, 1, 6, 1, 4], [1, 5, 0, 1, 0, 0, 1, 5], [5, 0, 7, 0, 1, 0, 0, 1], [7, 1, 1, 5, 1, 4, 6, 1], [5, 5, 7, 7, 0, 4, 7, 6], [5, 0, 1, 1, 5, 0, 0, 0], [0, 0, 2, 7, 4, 5, 2, 1]], "potions": 5, "treasures": 21, "enemies": 18, "solution_length": 0, "enemies_loc": [[6, 0], [6, 1], [0, 2], [1, 2], [6, 2], [7, 2], [5, 3], [5, 4], [6, 4], [5, 5], [2, 7], [0, 8], [6, 8], [2, 9], [3, 9], [6, 9], [7, 9], [3, 11]]}, "quality": 0.3319298245545337, "diversity": 0.25863659722606824, "controlability": 0.0}