{"content": [[1, 1, 1, 1, 7, 5, 5, 1], [0, 0, 0, 0, 1, 7, 4, 4], [0, 0, 1, 1, 4, 3, 4, 1], [0, 1, 1, 2, 5, 7, 5, 0], [0, 4, 1, 0, 1, 1, 7, 0], [1, 6, 0, 7, 1, 1, 7, 4], [0, 0, 4, 0, 6, 7, 0, 5], [5, 0, 1, 0, 1, 0, 0, 1], [4, 0, 4, 5, 4, 0, 0, 1], [1, 6, 1, 5, 4, 4, 1, 6], [6, 0, 6, 1, 5, 6, 1, 4], [4, 4, 6, 6, 5, 7, 0, 1]], "control": {"col_treasures": 8, "solution_length": 30}, "info": {"regions": 1, "players": 1, "exits": 1, "layout": 52, "heuristic": 0, "solution": [{"x": 4, "y": 4, "action": {"x": 1, "y": 0}}, {"x": 5, "y": 4, "action": {"x": 0, "y": -1}}, {"x": 5, "y": 3, "action": {"x": 1, "y": 0}}, {"x": 6, "y": 3, "action": {"x": 0, "y": 0}}], "content": [[1, 1, 1, 1, 7, 5, 5, 1], [0, 0, 0, 0, 1, 7, 4, 4], [0, 0, 1, 1, 4, 3, 4, 1], [0, 1, 1, 2, 5, 7, 5, 0], [0, 4, 1, 0, 1, 1, 7, 0], [1, 6, 0, 7, 1, 1, 7, 4], [0, 0, 4, 0, 6, 7, 0, 5], [5, 0, 1, 0, 1, 0, 0, 1], [4, 0, 4, 5, 4, 0, 0, 1], [1, 6, 1, 5, 4, 4, 1, 6], [6, 0, 6, 1, 5, 6, 1, 4], [4, 4, 6, 6, 5, 7, 0, 1]], "potions": 15, "treasures": 10, "enemies": 17, "solution_length": 4, "enemies_loc": [[4, 0], [5, 1], [5, 3], [6, 4], [1, 5], [3, 5], [6, 5], [4, 6], [5, 6], [1, 9], [7, 9], [0, 10], [2, 10], [5, 10], [2, 11], [3, 11], [5, 11]], "status": "win", "health": 5, "col_treasures": 1, "col_potions": 1, "col_enemies": 0}, "quality": 0.8583333332484374, "diversity": 1.0, "controlability": 0.20192307658099112}