{"content": [[1, 1, 7, 3, 0, 6, 3, 0], [0, 0, 0, 0, 6, 6, 4, 0], [0, 7, 1, 4, 5, 1, 6, 1], [7, 4, 7, 0, 0, 7, 0, 0], [6, 0, 7, 1, 6, 1, 7, 0], [1, 4, 0, 1, 1, 7, 0, 4], [3, 2, 6, 2, 1, 7, 0, 5], [5, 0, 7, 0, 7, 6, 0, 1], [5, 0, 4, 4, 5, 1, 4, 4], [4, 0, 1, 7, 0, 4, 1, 6], [6, 7, 7, 1, 4, 6, 0, 1], [0, 0, 2, 3, 3, 6, 6, 1]], "control": {"col_treasures": 18, "solution_length": 45}, "info": {"regions": 2, "players": 3, "exits": 5, "layout": 44, "heuristic": -1, "solution": [], "content": [[1, 1, 7, 3, 0, 6, 3, 0], [0, 0, 0, 0, 6, 6, 4, 0], [0, 7, 1, 4, 5, 1, 6, 1], [7, 4, 7, 0, 0, 7, 0, 0], [6, 0, 7, 1, 6, 1, 7, 0], [1, 4, 0, 1, 1, 7, 0, 4], [3, 2, 6, 2, 1, 7, 0, 5], [5, 0, 7, 0, 7, 6, 0, 1], [5, 0, 4, 4, 5, 1, 4, 4], [4, 0, 1, 7, 0, 4, 1, 6], [6, 7, 7, 1, 4, 6, 0, 1], [0, 0, 2, 3, 3, 6, 6, 1]], "potions": 12, "treasures": 5, "enemies": 27, "solution_length": 0, "enemies_loc": [[2, 0], [5, 0], [4, 1], [5, 1], [1, 2], [6, 2], [0, 3], [2, 3], [5, 3], [0, 4], [2, 4], [4, 4], [6, 4], [5, 5], [2, 6], [5, 6], [2, 7], [4, 7], [5, 7], [3, 9], [7, 9], [0, 10], [1, 10], [2, 10], [5, 10], [5, 11], [6, 11]]}, "quality": 0.31581531338266333, "diversity": 0.26792477717633945, "controlability": 0.0}