{"content": [[1, 1, 4, 1, 0, 7, 0, 7], [4, 0, 7, 0, 1, 7, 5, 1], [2, 0, 1, 4, 4, 7, 2, 1], [0, 2, 1, 6, 0, 4, 1, 3], [1, 0, 6, 0, 6, 1, 7, 0], [1, 6, 1, 0, 1, 2, 1, 0], [2, 1, 4, 0, 0, 1, 1, 5], [5, 0, 7, 3, 7, 2, 4, 5], [0, 0, 1, 5, 5, 4, 0, 4], [1, 6, 7, 6, 0, 1, 4, 0], [2, 0, 6, 7, 7, 1, 0, 0], [0, 5, 4, 1, 3, 1, 4, 1]], "control": {"col_treasures": 18, "solution_length": 45}, "info": {"regions": 1, "players": 7, "exits": 3, "layout": 49, "heuristic": -1, "solution": [], "content": [[1, 1, 4, 1, 0, 7, 0, 7], [4, 0, 7, 0, 1, 7, 5, 1], [2, 0, 1, 4, 4, 7, 2, 1], [0, 2, 1, 6, 0, 4, 1, 3], [1, 0, 6, 0, 6, 1, 7, 0], [1, 6, 1, 0, 1, 2, 1, 0], [2, 1, 4, 0, 0, 1, 1, 5], [5, 0, 7, 3, 7, 2, 4, 5], [0, 0, 1, 5, 5, 4, 0, 4], [1, 6, 7, 6, 0, 1, 4, 0], [2, 0, 6, 7, 7, 1, 0, 0], [0, 5, 4, 1, 3, 1, 4, 1]], "potions": 12, "treasures": 7, "enemies": 18, "solution_length": 0, "enemies_loc": [[5, 0], [7, 0], [2, 1], [5, 1], [5, 2], [3, 3], [2, 4], [4, 4], [6, 4], [1, 5], [2, 7], [4, 7], [1, 9], [2, 9], [3, 9], [2, 10], [3, 10], [4, 10]]}, "quality": 0.3277192982321699, "diversity": 0.340277769826389, "controlability": 0.0}