{"content": [[1, 1, 1, 1, 7, 7, 1, 0], [2, 0, 5, 5, 1, 7, 6, 1], [2, 6, 1, 4, 5, 6, 5, 1], [0, 2, 1, 0, 0, 2, 1, 0], [1, 5, 1, 0, 6, 3, 4, 0], [1, 6, 0, 1, 1, 1, 1, 4], [6, 1, 7, 0, 0, 1, 2, 5], [5, 0, 4, 0, 7, 2, 4, 1], [5, 0, 1, 5, 2, 4, 1, 1], [2, 1, 1, 5, 0, 0, 4, 0], [5, 0, 6, 1, 5, 1, 0, 1], [0, 0, 0, 7, 2, 3, 4, 1]], "control": {"col_treasures": 18, "solution_length": 45}, "info": {"regions": 1, "players": 9, "exits": 2, "layout": 52, "heuristic": -1, "solution": [], "content": [[1, 1, 1, 1, 7, 7, 1, 0], [2, 0, 5, 5, 1, 7, 6, 1], [2, 6, 1, 4, 5, 6, 5, 1], [0, 2, 1, 0, 0, 2, 1, 0], [1, 5, 1, 0, 6, 3, 4, 0], [1, 6, 0, 1, 1, 1, 1, 4], [6, 1, 7, 0, 0, 1, 2, 5], [5, 0, 4, 0, 7, 2, 4, 1], [5, 0, 1, 5, 2, 4, 1, 1], [2, 1, 1, 5, 0, 0, 4, 0], [5, 0, 6, 1, 5, 1, 0, 1], [0, 0, 0, 7, 2, 3, 4, 1]], "potions": 8, "treasures": 12, "enemies": 13, "solution_length": 0, "enemies_loc": [[4, 0], [5, 0], [5, 1], [6, 1], [1, 2], [5, 2], [4, 4], [1, 5], [0, 6], [2, 6], [4, 7], [2, 10], [3, 11]]}, "quality": 0.32701754384627885, "diversity": 0.4130208255078127, "controlability": 0.0}