{"content": [[1, 1, 1, 1, 7, 0, 5, 2], [0, 0, 5, 5, 1, 1, 6, 2], [0, 0, 4, 7, 4, 7, 0, 1], [0, 2, 1, 6, 0, 4, 1, 4], [0, 0, 6, 0, 6, 3, 5, 0], [1, 6, 0, 4, 1, 2, 7, 4], [0, 2, 4, 4, 1, 6, 1, 6], [5, 0, 0, 0, 7, 1, 4, 5], [5, 0, 1, 5, 5, 4, 0, 0], [6, 7, 1, 5, 4, 4, 4, 0], [2, 0, 4, 1, 4, 7, 0, 1], [0, 6, 6, 0, 6, 1, 6, 1]], "control": {"col_treasures": 18, "solution_length": 45}, "info": {"regions": 1, "players": 6, "exits": 1, "layout": 45, "heuristic": -1, "solution": [], "content": [[1, 1, 1, 1, 7, 0, 5, 2], [0, 0, 5, 5, 1, 1, 6, 2], [0, 0, 4, 7, 4, 7, 0, 1], [0, 2, 1, 6, 0, 4, 1, 4], [0, 0, 6, 0, 6, 3, 5, 0], [1, 6, 0, 4, 1, 2, 7, 4], [0, 2, 4, 4, 1, 6, 1, 6], [5, 0, 0, 0, 7, 1, 4, 5], [5, 0, 1, 5, 5, 4, 0, 0], [6, 7, 1, 5, 4, 4, 4, 0], [2, 0, 4, 1, 4, 7, 0, 1], [0, 6, 6, 0, 6, 1, 6, 1]], "potions": 15, "treasures": 10, "enemies": 19, "solution_length": 0, "enemies_loc": [[4, 0], [6, 1], [3, 2], [5, 2], [3, 3], [2, 4], [4, 4], [1, 5], [6, 5], [5, 6], [7, 6], [4, 7], [0, 9], [1, 9], [5, 10], [1, 11], [2, 11], [4, 11], [6, 11]]}, "quality": 0.32565789471717305, "diversity": 0.4283854090820314, "controlability": 0.0}