{"content": [[1, 1, 3, 6, 3, 5, 4, 2], [5, 0, 1, 0, 1, 7, 4, 0], [0, 0, 4, 4, 0, 5, 1, 1], [0, 2, 1, 4, 0, 4, 1, 4], [4, 6, 3, 0, 6, 3, 6, 0], [1, 6, 1, 6, 1, 1, 7, 0], [2, 1, 7, 7, 0, 1, 0, 5], [5, 4, 4, 0, 6, 4, 4, 6], [6, 1, 1, 4, 4, 4, 0, 0], [1, 0, 1, 2, 0, 6, 4, 0], [2, 1, 6, 1, 4, 6, 0, 1], [0, 0, 5, 2, 4, 1, 4, 1]], "control": {"col_treasures": 18, "solution_length": 45}, "info": {"regions": 1, "players": 6, "exits": 4, "layout": 45, "heuristic": -1, "solution": [], "content": [[1, 1, 3, 6, 3, 5, 4, 2], [5, 0, 1, 0, 1, 7, 4, 0], [0, 0, 4, 4, 0, 5, 1, 1], [0, 2, 1, 4, 0, 4, 1, 4], [4, 6, 3, 0, 6, 3, 6, 0], [1, 6, 1, 6, 1, 1, 7, 0], [2, 1, 7, 7, 0, 1, 0, 5], [5, 4, 4, 0, 6, 4, 4, 6], [6, 1, 1, 4, 4, 4, 0, 0], [1, 0, 1, 2, 0, 6, 4, 0], [2, 1, 6, 1, 4, 6, 0, 1], [0, 0, 5, 2, 4, 1, 4, 1]], "potions": 19, "treasures": 6, "enemies": 16, "solution_length": 0, "enemies_loc": [[3, 0], [5, 1], [1, 4], [4, 4], [6, 4], [1, 5], [3, 5], [6, 5], [2, 6], [3, 6], [4, 7], [7, 7], [0, 8], [5, 9], [2, 10], [5, 10]]}, "quality": 0.32355263155248243, "diversity": 0.30183232207266586, "controlability": 0.0}