{"content": [[1, 1, 1, 1, 6, 5, 5, 0], [5, 0, 5, 7, 6, 3, 1, 7], [2, 0, 4, 7, 4, 1, 5, 1], [4, 2, 4, 0, 0, 4, 1, 4], [0, 0, 1, 0, 6, 3, 7, 2], [1, 6, 0, 4, 1, 1, 1, 4], [2, 5, 4, 7, 0, 1, 0, 7], [4, 5, 7, 0, 1, 2, 4, 1], [2, 0, 1, 5, 5, 4, 0, 4], [1, 1, 1, 1, 0, 2, 4, 5], [5, 0, 0, 7, 4, 1, 0, 1], [0, 6, 5, 3, 4, 7, 4, 1]], "control": {"col_treasures": 8, "solution_length": 30}, "info": {"regions": 1, "players": 7, "exits": 3, "layout": 43, "heuristic": -1, "solution": [], "content": [[1, 1, 1, 1, 6, 5, 5, 0], [5, 0, 5, 7, 6, 3, 1, 7], [2, 0, 4, 7, 4, 1, 5, 1], [4, 2, 4, 0, 0, 4, 1, 4], [0, 0, 1, 0, 6, 3, 7, 2], [1, 6, 0, 4, 1, 1, 1, 4], [2, 5, 4, 7, 0, 1, 0, 7], [4, 5, 7, 0, 1, 2, 4, 1], [2, 0, 1, 5, 5, 4, 0, 4], [1, 1, 1, 1, 0, 2, 4, 5], [5, 0, 0, 7, 4, 1, 0, 1], [0, 6, 5, 3, 4, 7, 4, 1]], "potions": 17, "treasures": 12, "enemies": 14, "solution_length": 0, "enemies_loc": [[4, 0], [3, 1], [4, 1], [7, 1], [3, 2], [4, 4], [6, 4], [1, 5], [3, 6], [7, 6], [2, 7], [3, 10], [1, 11], [5, 11]]}, "quality": 0.3207748537752833, "diversity": 0.3376736031901043, "controlability": 0.0}