{"content": [[1, 1, 4, 1, 0, 5, 5, 7], [5, 0, 5, 5, 1, 7, 5, 0], [0, 0, 1, 1, 4, 1, 5, 1], [0, 6, 1, 0, 0, 4, 1, 4], [1, 7, 1, 0, 6, 3, 7, 0], [5, 6, 0, 1, 1, 7, 7, 4], [2, 1, 4, 7, 0, 1, 0, 5], [5, 0, 6, 1, 7, 2, 4, 7], [5, 0, 6, 5, 5, 0, 0, 1], [4, 1, 1, 1, 6, 4, 4, 0], [5, 3, 6, 1, 7, 1, 0, 1], [5, 5, 5, 2, 5, 1, 1, 6]], "control": {"col_treasures": 18, "solution_length": 45}, "info": {"regions": 1, "players": 3, "exits": 2, "layout": 45, "heuristic": -1, "solution": [], "content": [[1, 1, 4, 1, 0, 5, 5, 7], [5, 0, 5, 5, 1, 7, 5, 0], [0, 0, 1, 1, 4, 1, 5, 1], [0, 6, 1, 0, 0, 4, 1, 4], [1, 7, 1, 0, 6, 3, 7, 0], [5, 6, 0, 1, 1, 7, 7, 4], [2, 1, 4, 7, 0, 1, 0, 5], [5, 0, 6, 1, 7, 2, 4, 7], [5, 0, 6, 5, 5, 0, 0, 1], [4, 1, 1, 1, 6, 4, 4, 0], [5, 3, 6, 1, 7, 1, 0, 1], [5, 5, 5, 2, 5, 1, 1, 6]], "potions": 10, "treasures": 18, "enemies": 18, "solution_length": 0, "enemies_loc": [[7, 0], [5, 1], [1, 3], [1, 4], [4, 4], [6, 4], [1, 5], [5, 5], [6, 5], [3, 6], [2, 7], [4, 7], [7, 7], [2, 8], [4, 9], [2, 10], [4, 10], [7, 11]]}, "quality": 0.32706140348193763, "diversity": 0.35615078593750027, "controlability": 0.0}