{"content": [[1, 1, 3, 5, 7, 5, 4, 0], [0, 0, 5, 5, 1, 7, 7, 0], [0, 0, 7, 7, 5, 6, 5, 1], [0, 2, 1, 0, 0, 7, 5, 0], [1, 0, 1, 1, 6, 4, 5, 0], [1, 6, 0, 1, 1, 7, 7, 4], [1, 1, 4, 0, 0, 6, 1, 5], [5, 0, 4, 0, 7, 4, 0, 1], [2, 0, 1, 5, 5, 4, 1, 0], [1, 0, 7, 5, 0, 4, 4, 6], [5, 3, 6, 1, 7, 1, 0, 1], [0, 0, 5, 7, 7, 1, 1, 4]], "control": {"col_treasures": 18, "solution_length": 45}, "info": {"regions": 1, "players": 2, "exits": 2, "layout": 48, "heuristic": -1, "solution": [], "content": [[1, 1, 3, 5, 7, 5, 4, 0], [0, 0, 5, 5, 1, 7, 7, 0], [0, 0, 7, 7, 5, 6, 5, 1], [0, 2, 1, 0, 0, 7, 5, 0], [1, 0, 1, 1, 6, 4, 5, 0], [1, 6, 0, 1, 1, 7, 7, 4], [1, 1, 4, 0, 0, 6, 1, 5], [5, 0, 4, 0, 7, 4, 0, 1], [2, 0, 1, 5, 5, 4, 1, 0], [1, 0, 7, 5, 0, 4, 4, 6], [5, 3, 6, 1, 7, 1, 0, 1], [0, 0, 5, 7, 7, 1, 1, 4]], "potions": 10, "treasures": 15, "enemies": 19, "solution_length": 0, "enemies_loc": [[4, 0], [5, 1], [6, 1], [2, 2], [3, 2], [5, 2], [5, 3], [4, 4], [1, 5], [5, 5], [6, 5], [5, 6], [4, 7], [2, 9], [7, 9], [2, 10], [4, 10], [3, 11], [4, 11]]}, "quality": 0.3319298245475162, "diversity": 0.29681443085483306, "controlability": 0.0}