{"content": [[1, 3, 1, 1, 0, 5, 5, 5], [2, 0, 5, 7, 6, 7, 3, 1], [0, 5, 7, 1, 0, 1, 5, 1], [0, 5, 6, 0, 0, 7, 0, 0], [1, 7, 1, 1, 0, 1, 0, 0], [1, 6, 2, 7, 5, 1, 0, 0], [1, 5, 7, 0, 2, 0, 1, 1], [5, 0, 0, 0, 1, 2, 0, 7], [2, 1, 1, 4, 4, 4, 0, 1], [1, 6, 0, 7, 0, 0, 1, 7], [5, 0, 6, 4, 5, 6, 0, 1], [5, 6, 2, 0, 0, 7, 5, 1]], "control": {"col_treasures": 8, "solution_length": 30}, "info": {"regions": 1, "players": 6, "exits": 2, "layout": 52, "heuristic": -1, "solution": [], "content": [[1, 3, 1, 1, 0, 5, 5, 5], [2, 0, 5, 7, 6, 7, 3, 1], [0, 5, 7, 1, 0, 1, 5, 1], [0, 5, 6, 0, 0, 7, 0, 0], [1, 7, 1, 1, 0, 1, 0, 0], [1, 6, 2, 7, 5, 1, 0, 0], [1, 5, 7, 0, 2, 0, 1, 1], [5, 0, 0, 0, 1, 2, 0, 7], [2, 1, 1, 4, 4, 4, 0, 1], [1, 6, 0, 7, 0, 0, 1, 7], [5, 0, 6, 4, 5, 6, 0, 1], [5, 6, 2, 0, 0, 7, 5, 1]], "potions": 4, "treasures": 14, "enemies": 18, "solution_length": 0, "enemies_loc": [[3, 1], [4, 1], [5, 1], [2, 2], [2, 3], [5, 3], [1, 4], [1, 5], [3, 5], [2, 6], [7, 7], [1, 9], [3, 9], [7, 9], [2, 10], [5, 10], [1, 11], [5, 11]]}, "quality": 0.32912280700395197, "diversity": 0.32581017750289354, "controlability": 0.0}