{"content": [[1, 1, 1, 1, 7, 5, 7, 5], [7, 0, 7, 0, 2, 7, 4, 0], [1, 2, 1, 1, 5, 6, 5, 1], [0, 5, 1, 0, 0, 7, 1, 2], [6, 0, 1, 6, 6, 6, 7, 2], [1, 6, 5, 7, 7, 6, 7, 0], [0, 5, 6, 3, 0, 0, 6, 5], [6, 0, 1, 3, 1, 0, 0, 1], [7, 0, 7, 5, 0, 3, 0, 4], [4, 1, 1, 7, 6, 4, 7, 6], [6, 7, 7, 1, 7, 6, 4, 1], [5, 0, 6, 5, 7, 7, 0, 1]], "control": {"col_treasures": 8, "solution_length": 30}, "info": {"regions": 1, "players": 4, "exits": 3, "layout": 39, "heuristic": -1, "solution": [], "content": [[1, 1, 1, 1, 7, 5, 7, 5], [7, 0, 7, 0, 2, 7, 4, 0], [1, 2, 1, 1, 5, 6, 5, 1], [0, 5, 1, 0, 0, 7, 1, 2], [6, 0, 1, 6, 6, 6, 7, 2], [1, 6, 5, 7, 7, 6, 7, 0], [0, 5, 6, 3, 0, 0, 6, 5], [6, 0, 1, 3, 1, 0, 0, 1], [7, 0, 7, 5, 0, 3, 0, 4], [4, 1, 1, 7, 6, 4, 7, 6], [6, 7, 7, 1, 7, 6, 4, 1], [5, 0, 6, 5, 7, 7, 0, 1]], "potions": 5, "treasures": 11, "enemies": 34, "solution_length": 0, "enemies_loc": [[4, 0], [6, 0], [0, 1], [2, 1], [5, 1], [5, 2], [5, 3], [0, 4], [3, 4], [4, 4], [5, 4], [6, 4], [1, 5], [3, 5], [4, 5], [5, 5], [6, 5], [2, 6], [6, 6], [0, 7], [0, 8], [2, 8], [3, 9], [4, 9], [6, 9], [7, 9], [0, 10], [1, 10], [2, 10], [4, 10], [5, 10], [2, 11], [4, 11], [5, 11]]}, "quality": 0.3173245613785583, "diversity": 0.3230794197875978, "controlability": 0.0}