{"content": {"layout": [15, 15, 15, 5, 0, 14, 5, 5, 12, 15, 0, 15, 10, 3, 5, 15], "start": 11, "boss": 13, "shop": 8, "treasure": 0}, "control": {"map_size": 14}, "info": {"map_size": 14, "num_regions": 1, "connect_regions": 2, "loose_connections": 17, "locations": 4, "player_boss_distance": 5, "flat": [0, 2, 0, 0, 2, 0, 0, 2, 0, 0, 0, 0, 2, 1, 2, 2, 1, 2, 2, 1, 2, 2, 1, 2, 0, 2, 0, 0, 2, 0, 0, 2, 0, 0, 0, 0, 0, 0, 0, 0, 2, 0, 0, 0, 0, 0, 0, 0, 0, 0, 0, 0, 1, 2, 2, 1, 2, 2, 1, 2, 0, 0, 0, 0, 2, 0, 0, 0, 0, 0, 0, 0, 0, 0, 0, 0, 2, 0, 0, 0, 0, 0, 2, 0, 0, 1, 2, 2, 1, 2, 0, 0, 0, 2, 1, 2, 0, 2, 0, 0, 2, 0, 0, 0, 0, 0, 2, 0, 0, 2, 0, 0, 2, 0, 0, 0, 0, 0, 2, 0, 0, 1, 0, 2, 1, 0, 2, 1, 2, 2, 1, 2, 0, 2, 0, 0, 0, 0, 0, 0, 0, 0, 2, 0], "dead_end": 0}, "quality": 0.5899999999066667, "diversity": 0.1698717923778046, "controlability": 0.49999999921875}