{"content": {"layout": [12, 11, 5, 14, 0, 14, 6, 3, 12, 11, 14, 13, 7, 3, 5, 0], "start": 0, "boss": 13, "shop": 8, "treasure": 1}, "control": {"map_size": 14}, "info": {"map_size": 14, "num_regions": 1, "connect_regions": 5, "loose_connections": 15, "locations": 4, "player_boss_distance": -1, "flat": [0, 0, 0, 0, 2, 0, 0, 0, 0, 0, 2, 0, 0, 1, 2, 2, 1, 0, 2, 1, 2, 0, 1, 2, 0, 2, 0, 0, 2, 0, 0, 0, 0, 0, 2, 0, 0, 0, 0, 0, 2, 0, 0, 2, 0, 0, 2, 0, 0, 0, 0, 0, 1, 2, 0, 1, 2, 2, 1, 0, 0, 0, 0, 0, 2, 0, 0, 0, 0, 0, 0, 0, 0, 0, 0, 0, 2, 0, 0, 2, 0, 0, 0, 0, 0, 1, 2, 2, 1, 0, 0, 1, 2, 2, 1, 2, 0, 2, 0, 0, 2, 0, 0, 2, 0, 0, 2, 0, 0, 2, 0, 0, 2, 0, 0, 0, 0, 0, 0, 0, 2, 1, 2, 2, 1, 0, 2, 1, 2, 0, 0, 0, 0, 0, 0, 0, 0, 0, 0, 0, 0, 0, 0, 0], "dead_end": 0}, "quality": 0.5599999999266667, "diversity": 0.09827898405844282, "controlability": 0.49999999921875}