{"content": {"layout": [13, 6, 15, 5, 0, 14, 5, 10, 12, 11, 0, 15, 10, 3, 0, 6], "start": 5, "boss": 13, "shop": 8, "treasure": 8}, "control": {"map_size": 14}, "info": {"map_size": 13, "num_regions": 1, "connect_regions": 4, "loose_connections": 15, "locations": 3, "player_boss_distance": 2, "flat": [0, 0, 0, 0, 2, 0, 0, 2, 0, 0, 0, 0, 2, 1, 2, 0, 1, 2, 2, 1, 2, 2, 1, 2, 0, 2, 0, 0, 0, 0, 0, 2, 0, 0, 0, 0, 0, 0, 0, 0, 2, 0, 0, 0, 0, 0, 2, 0, 0, 0, 0, 0, 1, 2, 2, 1, 2, 0, 1, 0, 0, 0, 0, 0, 2, 0, 0, 0, 0, 0, 2, 0, 0, 0, 0, 0, 2, 0, 0, 0, 0, 0, 2, 0, 0, 1, 2, 2, 1, 0, 0, 0, 0, 2, 1, 2, 0, 2, 0, 0, 2, 0, 0, 0, 0, 0, 2, 0, 0, 2, 0, 0, 2, 0, 0, 0, 0, 0, 2, 0, 0, 1, 0, 2, 1, 0, 0, 0, 0, 0, 1, 2, 0, 2, 0, 0, 0, 0, 0, 0, 0, 0, 0, 0], "dead_end": 0}, "quality": 0.56999999992, "diversity": 0.44316122497287336, "controlability": 0.3437499994628906}