{"content": {"layout": [15, 13, 15, 15, 11, 13, 15, 4, 13, 15, 15, 15, 6, 14, 5, 11], "start": 3, "boss": 12, "shop": 8, "treasure": 0}, "control": {"map_size": 14}, "info": {"map_size": 16, "num_regions": 1, "connect_regions": 2, "loose_connections": 19, "locations": 4, "player_boss_distance": 6, "flat": [0, 2, 0, 0, 0, 0, 0, 2, 0, 0, 2, 0, 2, 1, 2, 2, 1, 2, 2, 1, 2, 2, 1, 2, 0, 2, 0, 0, 2, 0, 0, 2, 0, 0, 2, 0, 0, 2, 0, 0, 0, 0, 0, 2, 0, 0, 0, 0, 2, 1, 0, 2, 1, 2, 2, 1, 2, 0, 1, 2, 0, 2, 0, 0, 2, 0, 0, 2, 0, 0, 0, 0, 0, 0, 0, 0, 2, 0, 0, 2, 0, 0, 2, 0, 2, 1, 2, 2, 1, 2, 2, 1, 2, 2, 1, 2, 0, 2, 0, 0, 2, 0, 0, 2, 0, 0, 2, 0, 0, 2, 0, 0, 2, 0, 0, 0, 0, 0, 2, 0, 0, 1, 2, 0, 1, 2, 2, 1, 2, 2, 1, 0, 0, 0, 0, 0, 2, 0, 0, 0, 0, 0, 2, 0], "dead_end": 0}, "quality": 0.5899999999066667, "diversity": 0.09058414909949863, "controlability": 0.0}