{"content": {"layout": [15, 14, 11, 15, 0, 9, 15, 3, 14, 11, 3, 13, 7, 14, 5, 15], "start": 13, "boss": 13, "shop": 0, "treasure": 13}, "control": {"map_size": 14}, "info": {"map_size": 15, "num_regions": 1, "connect_regions": 3, "loose_connections": 21, "locations": 2, "player_boss_distance": -1, "flat": [0, 2, 0, 0, 2, 0, 0, 2, 0, 0, 2, 0, 2, 1, 2, 0, 1, 2, 2, 1, 0, 2, 1, 2, 0, 2, 0, 0, 2, 0, 0, 2, 0, 0, 2, 0, 0, 0, 0, 0, 0, 0, 0, 2, 0, 0, 2, 0, 0, 0, 0, 2, 1, 0, 2, 1, 2, 2, 1, 0, 0, 0, 0, 0, 2, 0, 0, 2, 0, 0, 0, 0, 0, 2, 0, 0, 2, 0, 0, 2, 0, 0, 0, 0, 0, 1, 2, 2, 1, 0, 2, 1, 0, 2, 1, 2, 0, 2, 0, 0, 2, 0, 0, 0, 0, 0, 2, 0, 0, 2, 0, 0, 2, 0, 0, 0, 0, 0, 2, 0, 2, 1, 2, 0, 1, 2, 2, 1, 2, 2, 1, 2, 0, 0, 0, 0, 2, 0, 0, 0, 0, 0, 2, 0], "dead_end": 0}, "quality": 0.5799999999133333, "diversity": 0.19561886967502173, "controlability": 0.6562499989746094}