{"content": {"layout": [15, 12, 5, 5, 7, 13, 13, 2, 2, 15, 13, 13, 10, 14, 0, 15], "start": 13, "boss": 12, "shop": 8, "treasure": 8}, "control": {"map_size": 14}, "info": {"map_size": 15, "num_regions": 1, "connect_regions": 5, "loose_connections": 20, "locations": 3, "player_boss_distance": 1, "flat": [0, 2, 0, 0, 0, 0, 0, 0, 0, 0, 0, 0, 2, 1, 2, 0, 1, 2, 2, 1, 2, 2, 1, 2, 0, 2, 0, 0, 2, 0, 0, 0, 0, 0, 0, 0, 0, 2, 0, 0, 0, 0, 0, 0, 0, 0, 2, 0, 2, 1, 2, 2, 1, 2, 2, 1, 2, 0, 1, 0, 0, 0, 0, 0, 2, 0, 0, 2, 0, 0, 0, 0, 0, 2, 0, 0, 2, 0, 0, 0, 0, 0, 0, 0, 0, 1, 0, 2, 1, 2, 2, 1, 2, 2, 1, 2, 0, 0, 0, 0, 2, 0, 0, 2, 0, 0, 2, 0, 0, 2, 0, 0, 2, 0, 0, 0, 0, 0, 2, 0, 0, 1, 0, 0, 1, 2, 0, 0, 0, 2, 1, 2, 0, 2, 0, 0, 2, 0, 0, 0, 0, 0, 2, 0], "dead_end": 2}, "quality": 0.5599999999266667, "diversity": 0.5045833252999132, "controlability": 0.6562499989746094}