{"content": [[1, 1, 1, 1, 7, 1, 5, 0], [0, 0, 0, 0, 1, 7, 5, 0], [0, 0, 1, 4, 4, 1, 6, 1], [6, 5, 1, 0, 0, 7, 4, 0], [0, 0, 1, 0, 6, 1, 6, 6], [1, 3, 0, 1, 1, 7, 0, 4], [0, 5, 5, 6, 1, 0, 0, 5], [5, 0, 1, 0, 7, 0, 0, 1], [4, 0, 4, 5, 1, 4, 0, 4], [4, 0, 1, 7, 4, 4, 1, 6], [6, 2, 6, 1, 4, 6, 4, 1], [0, 0, 6, 0, 4, 1, 2, 1]], "control": {"col_treasures": 8, "solution_length": 30}, "info": {"regions": 1, "players": 2, "exits": 1, "layout": 54, "heuristic": -1, "solution": [], "content": [[1, 1, 1, 1, 7, 1, 5, 0], [0, 0, 0, 0, 1, 7, 5, 0], [0, 0, 1, 4, 4, 1, 6, 1], [6, 5, 1, 0, 0, 7, 4, 0], [0, 0, 1, 0, 6, 1, 6, 6], [1, 3, 0, 1, 1, 7, 0, 4], [0, 5, 5, 6, 1, 0, 0, 5], [5, 0, 1, 0, 7, 0, 0, 1], [4, 0, 4, 5, 1, 4, 0, 4], [4, 0, 1, 7, 4, 4, 1, 6], [6, 2, 6, 1, 4, 6, 4, 1], [0, 0, 6, 0, 4, 1, 2, 1]], "potions": 14, "treasures": 8, "enemies": 17, "solution_length": 0, "enemies_loc": [[4, 0], [5, 1], [6, 2], [0, 3], [5, 3], [4, 4], [6, 4], [7, 4], [5, 5], [3, 6], [4, 7], [3, 9], [7, 9], [0, 10], [2, 10], [5, 10], [2, 11]]}, "quality": 0.3326315789404248, "diversity": 0.26215277152157757, "controlability": 0.0}