{"content": [[1, 1, 1, 1, 4, 5, 7, 1], [1, 2, 0, 0, 4, 7, 4, 0], [0, 4, 1, 4, 7, 6, 6, 1], [0, 5, 2, 0, 0, 7, 4, 1], [6, 7, 1, 6, 1, 1, 7, 6], [1, 4, 0, 1, 3, 6, 0, 4], [0, 0, 0, 1, 4, 7, 1, 0], [1, 0, 0, 4, 1, 0, 1, 1], [4, 0, 4, 1, 0, 0, 4, 1], [4, 0, 7, 7, 4, 4, 1, 6], [6, 3, 6, 1, 1, 1, 0, 1], [4, 4, 1, 0, 7, 1, 0, 1]], "control": {"col_treasures": 8, "solution_length": 30}, "info": {"regions": 1, "players": 2, "exits": 2, "layout": 53, "heuristic": -1, "solution": [], "content": [[1, 1, 1, 1, 4, 5, 7, 1], [1, 2, 0, 0, 4, 7, 4, 0], [0, 4, 1, 4, 7, 6, 6, 1], [0, 5, 2, 0, 0, 7, 4, 1], [6, 7, 1, 6, 1, 1, 7, 6], [1, 4, 0, 1, 3, 6, 0, 4], [0, 0, 0, 1, 4, 7, 1, 0], [1, 0, 0, 4, 1, 0, 1, 1], [4, 0, 4, 1, 0, 0, 4, 1], [4, 0, 7, 7, 4, 4, 1, 6], [6, 3, 6, 1, 1, 1, 0, 1], [4, 4, 1, 0, 7, 1, 0, 1]], "potions": 18, "treasures": 2, "enemies": 19, "solution_length": 0, "enemies_loc": [[6, 0], [5, 1], [4, 2], [5, 2], [6, 2], [5, 3], [0, 4], [1, 4], [3, 4], [6, 4], [7, 4], [5, 5], [5, 6], [2, 9], [3, 9], [7, 9], [0, 10], [2, 10], [4, 11]]}, "quality": 0.3319298245475162, "diversity": 0.3235677012858075, "controlability": 0.0}