{"content": {"layout": [5, 11, 0, 5, 0, 14, 5, 4, 12, 15, 14, 9, 6, 14, 0, 0], "start": 3, "boss": 3, "shop": 3, "treasure": 3}, "control": {"map_size": 14}, "info": {"map_size": 12, "num_regions": 1, "connect_regions": 4, "loose_connections": 13, "locations": 1, "player_boss_distance": -1, "flat": [0, 0, 0, 0, 2, 0, 0, 0, 0, 0, 0, 0, 2, 1, 2, 2, 1, 0, 0, 0, 0, 2, 1, 2, 0, 0, 0, 0, 2, 0, 0, 0, 0, 0, 0, 0, 0, 0, 0, 0, 2, 0, 0, 0, 0, 0, 0, 0, 0, 0, 0, 0, 1, 2, 2, 1, 2, 0, 1, 2, 0, 0, 0, 0, 2, 0, 0, 0, 0, 0, 0, 0, 0, 0, 0, 0, 2, 0, 0, 2, 0, 0, 0, 0, 0, 1, 2, 2, 1, 2, 0, 1, 2, 2, 1, 0, 0, 2, 0, 0, 2, 0, 0, 2, 0, 0, 2, 0, 0, 2, 0, 0, 2, 0, 0, 0, 0, 0, 0, 0, 0, 1, 2, 0, 1, 2, 0, 0, 0, 0, 0, 0, 0, 0, 0, 0, 2, 0, 0, 0, 0, 0, 0, 0], "dead_end": 0}, "quality": 0.56999999992, "diversity": 0.6571180470748337, "controlability": 0.18749999970703118}