{"content": {"layout": [15, 13, 15, 13, 7, 13, 15, 10, 0, 15, 15, 11, 6, 11, 5, 11], "start": 0, "boss": 12, "shop": 8, "treasure": 0}, "control": {"map_size": 14}, "info": {"map_size": 15, "num_regions": 1, "connect_regions": 1, "loose_connections": 13, "locations": 2, "player_boss_distance": 5, "flat": [0, 2, 0, 0, 0, 0, 0, 2, 0, 0, 0, 0, 2, 1, 2, 2, 1, 2, 2, 1, 2, 2, 1, 2, 0, 2, 0, 0, 2, 0, 0, 2, 0, 0, 2, 0, 0, 2, 0, 0, 0, 0, 0, 2, 0, 0, 2, 0, 2, 1, 2, 2, 1, 2, 2, 1, 2, 0, 1, 0, 0, 0, 0, 0, 2, 0, 0, 2, 0, 0, 2, 0, 0, 0, 0, 0, 2, 0, 0, 2, 0, 0, 2, 0, 0, 0, 0, 2, 1, 2, 2, 1, 2, 2, 1, 0, 0, 0, 0, 0, 2, 0, 0, 2, 0, 0, 2, 0, 0, 2, 0, 0, 2, 0, 0, 0, 0, 0, 2, 0, 0, 1, 2, 2, 1, 0, 2, 1, 2, 2, 1, 0, 0, 0, 0, 0, 2, 0, 0, 0, 0, 0, 2, 0], "dead_end": 0}, "quality": 0.7687499996953125, "diversity": 0.13873105860016188, "controlability": 0.6562499989746094}