{"content": {"layout": [15, 9, 15, 9, 7, 10, 6, 3, 8, 8, 13, 11, 6, 7, 12, 11], "start": 8, "boss": 8, "shop": 8, "treasure": 13}, "control": {"map_size": 10}, "info": {"map_size": 16, "num_regions": 1, "connect_regions": 4, "loose_connections": 13, "locations": 2, "player_boss_distance": -1, "flat": [0, 2, 0, 0, 0, 0, 0, 2, 0, 0, 0, 0, 2, 1, 2, 2, 1, 0, 2, 1, 2, 2, 1, 0, 0, 2, 0, 0, 2, 0, 0, 2, 0, 0, 2, 0, 0, 2, 0, 0, 2, 0, 0, 2, 0, 0, 2, 0, 2, 1, 2, 0, 1, 0, 0, 1, 2, 2, 1, 0, 0, 0, 0, 0, 2, 0, 0, 0, 0, 0, 0, 0, 0, 0, 0, 0, 0, 0, 0, 0, 0, 0, 2, 0, 0, 1, 0, 0, 1, 0, 2, 1, 2, 2, 1, 0, 0, 2, 0, 0, 2, 0, 0, 2, 0, 0, 2, 0, 0, 2, 0, 0, 2, 0, 0, 0, 0, 0, 2, 0, 0, 1, 2, 2, 1, 2, 0, 1, 2, 2, 1, 0, 0, 0, 0, 0, 0, 0, 0, 2, 0, 0, 2, 0], "dead_end": 2}, "quality": 0.56999999992, "diversity": 0.47656249392089856, "controlability": 1.0}