{"content": [[6, 1, 1, 1, 7, 5, 4, 5], [6, 0, 5, 5, 1, 7, 3, 1], [0, 0, 7, 1, 4, 1, 2, 1], [0, 1, 6, 0, 0, 7, 0, 0], [1, 2, 1, 1, 1, 3, 6, 0], [1, 6, 0, 7, 5, 1, 7, 0], [0, 1, 5, 0, 5, 1, 1, 1], [3, 0, 7, 0, 7, 0, 0, 7], [2, 0, 1, 4, 4, 4, 0, 2], [1, 6, 0, 3, 2, 0, 1, 7], [5, 0, 6, 1, 7, 3, 2, 1], [5, 5, 2, 0, 0, 7, 5, 2]], "control": {"col_treasures": 18, "solution_length": 45}, "info": {"regions": 1, "players": 8, "exits": 5, "layout": 48, "heuristic": -1, "solution": [], "content": [[6, 1, 1, 1, 7, 5, 4, 5], [6, 0, 5, 5, 1, 7, 3, 1], [0, 0, 7, 1, 4, 1, 2, 1], [0, 1, 6, 0, 0, 7, 0, 0], [1, 2, 1, 1, 1, 3, 6, 0], [1, 6, 0, 7, 5, 1, 7, 0], [0, 1, 5, 0, 5, 1, 1, 1], [3, 0, 7, 0, 7, 0, 0, 7], [2, 0, 1, 4, 4, 4, 0, 2], [1, 6, 0, 3, 2, 0, 1, 7], [5, 0, 6, 1, 7, 3, 2, 1], [5, 5, 2, 0, 0, 7, 5, 2]], "potions": 5, "treasures": 11, "enemies": 19, "solution_length": 0, "enemies_loc": [[0, 0], [4, 0], [0, 1], [5, 1], [2, 2], [2, 3], [5, 3], [6, 4], [1, 5], [3, 5], [6, 5], [2, 7], [4, 7], [7, 7], [1, 9], [7, 9], [2, 10], [4, 10], [5, 11]]}, "quality": 0.32561403507449677, "diversity": 0.2796378901320685, "controlability": 0.0}