{"content": [[1, 1, 1, 0, 5, 3, 1, 1, 0, 1, 0], [1, 1, 1, 1, 1, 1, 1, 0, 0, 1, 0], [1, 0, 1, 1, 1, 1, 1, 5, 1, 1, 1], [0, 1, 0, 3, 0, 1, 0, 1, 0, 1, 0], [4, 5, 1, 1, 1, 5, 2, 1, 1, 1, 1], [1, 0, 1, 5, 4, 0, 1, 1, 1, 1, 1], [1, 0, 0, 0, 1, 1, 0, 0, 1, 3, 1]], "control": {"player_key": 17, "key_door": 17}, "info": {"regions": 1, "players": 1, "keys": 3, "doors": 2, "enemies": 5, "player_key": 5, "key_door": 9, "pk_path": [[6, 4], [5, 4], [5, 3], [5, 2], [5, 1], [5, 0]], "kd_path": []}, "quality": 0.4966767303287134, "diversity": 0.7524731015304665, "controlability": 0.46666666635555554}