{"content": [[1, 0, 4, 0, 1, 1, 1, 0, 0, 1, 0], [1, 1, 1, 1, 0, 0, 1, 0, 0, 1, 0], [1, 1, 1, 1, 1, 1, 1, 5, 1, 1, 0], [0, 1, 0, 0, 0, 1, 0, 1, 0, 1, 0], [1, 5, 1, 1, 1, 1, 0, 1, 1, 1, 1], [1, 0, 1, 1, 1, 0, 1, 1, 1, 0, 2], [1, 0, 0, 0, 1, 1, 0, 0, 1, 3, 3]], "control": {"player_key": 17, "key_door": 17}, "info": {"regions": 1, "players": 1, "keys": 2, "doors": 1, "enemies": 2, "player_key": 2, "key_door": 13, "pk_path": [[10, 5], [10, 6], [9, 6]], "kd_path": []}, "quality": 0.4991776315708319, "diversity": 0.8188188026359698, "controlability": 0.49999999966666664}