{"content": [[1, 1, 1, 0, 1, 1, 1, 1, 0, 1, 0], [1, 5, 5, 1, 0, 0, 1, 0, 0, 1, 0], [1, 1, 1, 1, 1, 1, 1, 5, 1, 1, 0], [0, 1, 0, 0, 0, 0, 5, 1, 0, 1, 0], [1, 1, 1, 1, 1, 1, 1, 1, 0, 1, 1], [1, 0, 1, 1, 1, 0, 1, 1, 2, 1, 1], [1, 4, 0, 0, 5, 1, 0, 0, 1, 3, 1]], "control": {"player_key": 17, "key_door": 17}, "info": {"regions": 1, "players": 1, "keys": 1, "doors": 1, "enemies": 5, "player_key": 2, "key_door": 14, "pk_path": [[8, 5], [8, 6], [9, 6]], "kd_path": []}, "quality": 0.9713660577067594, "diversity": 1.0, "controlability": 0.5333333329777777}