{"content": [[1, 1, 1, 0, 1, 1, 1, 1, 0, 1, 0], [1, 5, 5, 1, 0, 0, 1, 0, 0, 1, 0], [1, 1, 1, 1, 1, 1, 1, 5, 1, 1, 0], [0, 1, 0, 0, 0, 1, 0, 1, 0, 1, 0], [1, 1, 1, 5, 0, 1, 1, 1, 0, 1, 1], [1, 0, 1, 1, 1, 0, 1, 1, 0, 1, 0], [1, 4, 0, 0, 1, 1, 0, 1, 2, 3, 5]], "control": {"player_key": 17, "key_door": 17}, "info": {"regions": 1, "players": 1, "keys": 1, "doors": 1, "enemies": 5, "player_key": 1, "key_door": 18, "pk_path": [[8, 6], [9, 6]], "kd_path": []}, "quality": 0.999143835607994, "diversity": 0.7382571280291281, "controlability": 0.5333333333111111}