{"content": [[2, 2, 1, 1, 4, 4, 3, 6], [5, 0, 7, 4, 3, 7, 4, 2], [6, 5, 1, 3, 0, 1, 4, 1], [4, 1, 4, 7, 0, 1, 0, 0], [6, 0, 0, 6, 2, 4, 6, 4], [0, 2, 1, 1, 1, 4, 0, 4], [0, 2, 4, 4, 2, 6, 1, 0], [4, 5, 7, 0, 7, 2, 4, 7], [4, 4, 1, 1, 4, 4, 3, 1], [5, 5, 0, 0, 0, 6, 2, 3], [1, 5, 3, 0, 1, 4, 0, 1], [1, 6, 1, 6, 4, 1, 1, 7]], "control": {"col_treasures": 4, "solution_length": 23}, "info": {"regions": 1, "players": 9, "exits": 6, "layout": 38, "heuristic": -1, "solution": [], "content": [[2, 2, 1, 1, 4, 4, 3, 6], [5, 0, 7, 4, 3, 7, 4, 2], [6, 5, 1, 3, 0, 1, 4, 1], [4, 1, 4, 7, 0, 1, 0, 0], [6, 0, 0, 6, 2, 4, 6, 4], [0, 2, 1, 1, 1, 4, 0, 4], [0, 2, 4, 4, 2, 6, 1, 0], [4, 5, 7, 0, 7, 2, 4, 7], [4, 4, 1, 1, 4, 4, 3, 1], [5, 5, 0, 0, 0, 6, 2, 3], [1, 5, 3, 0, 1, 4, 0, 1], [1, 6, 1, 6, 4, 1, 1, 7]], "potions": 21, "treasures": 6, "enemies": 16, "solution_length": 0, "enemies_loc": [[7, 0], [2, 1], [5, 1], [0, 2], [3, 3], [0, 4], [3, 4], [6, 4], [5, 6], [2, 7], [4, 7], [7, 7], [5, 9], [1, 11], [3, 11], [7, 11]]}, "quality": 0.3103216374028304, "diversity": 0.4135890059481536, "controlability": 0.0}