{"content": [[6, 1, 3, 6, 6, 5, 4, 0], [0, 0, 0, 5, 1, 7, 4, 0], [0, 0, 7, 1, 5, 3, 1, 1], [0, 1, 1, 0, 0, 7, 5, 4], [1, 7, 1, 0, 1, 3, 7, 0], [1, 6, 0, 1, 1, 1, 0, 0], [2, 1, 4, 7, 4, 6, 1, 5], [4, 0, 7, 0, 7, 0, 1, 1], [2, 0, 1, 4, 0, 4, 1, 1], [4, 0, 1, 6, 6, 4, 1, 6], [5, 0, 6, 1, 7, 1, 0, 1], [5, 0, 0, 2, 2, 1, 4, 2]], "control": {"col_treasures": 18, "solution_length": 45}, "info": {"regions": 1, "players": 5, "exits": 3, "layout": 52, "heuristic": -1, "solution": [], "content": [[6, 1, 3, 6, 6, 5, 4, 0], [0, 0, 0, 5, 1, 7, 4, 0], [0, 0, 7, 1, 5, 3, 1, 1], [0, 1, 1, 0, 0, 7, 5, 4], [1, 7, 1, 0, 1, 3, 7, 0], [1, 6, 0, 1, 1, 1, 0, 0], [2, 1, 4, 7, 4, 6, 1, 5], [4, 0, 7, 0, 7, 0, 1, 1], [2, 0, 1, 4, 0, 4, 1, 1], [4, 0, 1, 6, 6, 4, 1, 6], [5, 0, 6, 1, 7, 1, 0, 1], [5, 0, 0, 2, 2, 1, 4, 2]], "potions": 11, "treasures": 7, "enemies": 18, "solution_length": 0, "enemies_loc": [[0, 0], [3, 0], [4, 0], [5, 1], [2, 2], [5, 3], [1, 4], [6, 4], [1, 5], [3, 6], [5, 6], [2, 7], [4, 7], [3, 9], [4, 9], [7, 9], [2, 10], [4, 10]]}, "quality": 0.32912280700395197, "diversity": 0.32558759933894243, "controlability": 0.0}