{"content": [[1, 1, 7, 2, 2, 4, 5, 7], [4, 2, 7, 0, 2, 7, 6, 1], [6, 5, 7, 4, 0, 3, 5, 1], [0, 4, 1, 6, 0, 7, 1, 4], [0, 5, 1, 0, 3, 1, 6, 4], [1, 6, 1, 0, 1, 4, 0, 0], [6, 7, 7, 1, 1, 7, 0, 7], [4, 0, 7, 1, 7, 4, 1, 4], [2, 0, 1, 1, 0, 1, 1, 7], [5, 6, 6, 0, 0, 1, 1, 2], [2, 5, 1, 1, 4, 0, 0, 1], [0, 6, 6, 0, 6, 1, 4, 1]], "control": {"col_treasures": 8, "solution_length": 30}, "info": {"regions": 1, "players": 7, "exits": 2, "layout": 45, "heuristic": -1, "solution": [], "content": [[1, 1, 7, 2, 2, 4, 5, 7], [4, 2, 7, 0, 2, 7, 6, 1], [6, 5, 7, 4, 0, 3, 5, 1], [0, 4, 1, 6, 0, 7, 1, 4], [0, 5, 1, 0, 3, 1, 6, 4], [1, 6, 1, 0, 1, 4, 0, 0], [6, 7, 7, 1, 1, 7, 0, 7], [4, 0, 7, 1, 7, 4, 1, 4], [2, 0, 1, 1, 0, 1, 1, 7], [5, 6, 6, 0, 0, 1, 1, 2], [2, 5, 1, 1, 4, 0, 0, 1], [0, 6, 6, 0, 6, 1, 4, 1]], "potions": 12, "treasures": 6, "enemies": 24, "solution_length": 0, "enemies_loc": [[2, 0], [7, 0], [2, 1], [5, 1], [6, 1], [0, 2], [2, 2], [3, 3], [5, 3], [6, 4], [1, 5], [0, 6], [1, 6], [2, 6], [5, 6], [7, 6], [2, 7], [4, 7], [7, 8], [1, 9], [2, 9], [1, 11], [2, 11], [4, 11]]}, "quality": 0.32425438593837347, "diversity": 0.36625743221261176, "controlability": 0.0}