{"content": [[1, 3, 1, 1, 1, 1, 7, 6], [0, 2, 7, 5, 5, 7, 7, 1], [0, 5, 4, 1, 5, 6, 2, 1], [0, 5, 1, 6, 0, 7, 0, 0], [6, 5, 6, 1, 1, 1, 1, 0], [1, 6, 5, 7, 0, 7, 7, 4], [0, 0, 4, 5, 0, 1, 0, 5], [4, 4, 7, 0, 1, 4, 1, 1], [5, 3, 1, 5, 4, 4, 0, 5], [4, 6, 4, 6, 0, 4, 7, 6], [5, 0, 6, 1, 4, 7, 0, 0], [0, 3, 7, 0, 7, 7, 4, 1]], "control": {"col_treasures": 4, "solution_length": 23}, "info": {"regions": 1, "players": 2, "exits": 3, "layout": 41, "heuristic": -1, "solution": [], "content": [[1, 3, 1, 1, 1, 1, 7, 6], [0, 2, 7, 5, 5, 7, 7, 1], [0, 5, 4, 1, 5, 6, 2, 1], [0, 5, 1, 6, 0, 7, 0, 0], [6, 5, 6, 1, 1, 1, 1, 0], [1, 6, 5, 7, 0, 7, 7, 4], [0, 0, 4, 5, 0, 1, 0, 5], [4, 4, 7, 0, 1, 4, 1, 1], [5, 3, 1, 5, 4, 4, 0, 5], [4, 6, 4, 6, 0, 4, 7, 6], [5, 0, 6, 1, 4, 7, 0, 0], [0, 3, 7, 0, 7, 7, 4, 1]], "potions": 13, "treasures": 13, "enemies": 24, "solution_length": 0, "enemies_loc": [[6, 0], [7, 0], [2, 1], [5, 1], [6, 1], [5, 2], [3, 3], [5, 3], [0, 4], [2, 4], [1, 5], [3, 5], [5, 5], [6, 5], [2, 7], [1, 9], [3, 9], [6, 9], [7, 9], [2, 10], [5, 10], [2, 11], [4, 11], [5, 11]]}, "quality": 0.3215058479275395, "diversity": 0.2729845948963997, "controlability": 0.0}