{"content": [[1, 1, 3, 1, 0, 7, 6, 0], [0, 0, 0, 0, 1, 3, 3, 1], [0, 4, 7, 1, 0, 7, 1, 1], [7, 2, 1, 7, 0, 7, 1, 0], [0, 1, 1, 0, 1, 1, 7, 7], [1, 6, 0, 0, 1, 7, 0, 0], [0, 0, 5, 0, 5, 7, 0, 1], [4, 0, 0, 0, 1, 1, 1, 7], [4, 0, 1, 0, 4, 4, 1, 1], [5, 6, 1, 0, 1, 4, 1, 3], [2, 0, 1, 1, 5, 6, 0, 1], [0, 3, 1, 7, 2, 5, 4, 1]], "control": {"col_treasures": 8, "solution_length": 30}, "info": {"regions": 4, "players": 3, "exits": 5, "layout": 60, "heuristic": -1, "solution": [], "content": [[1, 1, 3, 1, 0, 7, 6, 0], [0, 0, 0, 0, 1, 3, 3, 1], [0, 4, 7, 1, 0, 7, 1, 1], [7, 2, 1, 7, 0, 7, 1, 0], [0, 1, 1, 0, 1, 1, 7, 7], [1, 6, 0, 0, 1, 7, 0, 0], [0, 0, 5, 0, 5, 7, 0, 1], [4, 0, 0, 0, 1, 1, 1, 7], [4, 0, 1, 0, 4, 4, 1, 1], [5, 6, 1, 0, 1, 4, 1, 3], [2, 0, 1, 1, 5, 6, 0, 1], [0, 3, 1, 7, 2, 5, 4, 1]], "potions": 7, "treasures": 5, "enemies": 16, "solution_length": 0, "enemies_loc": [[5, 0], [6, 0], [2, 2], [5, 2], [0, 3], [3, 3], [5, 3], [6, 4], [7, 4], [1, 5], [5, 5], [5, 6], [7, 7], [1, 9], [5, 10], [3, 11]]}, "quality": 0.3058669929999858, "diversity": 0.5833333270833336, "controlability": 0.0}