{"content": [[1, 1, 7, 1, 6, 5, 4, 0], [0, 2, 5, 0, 1, 7, 5, 0], [0, 0, 1, 1, 4, 6, 2, 1], [0, 5, 7, 4, 0, 5, 0, 0], [1, 7, 6, 1, 1, 3, 7, 1], [1, 6, 0, 1, 1, 7, 1, 4], [0, 1, 5, 0, 4, 6, 1, 5], [4, 0, 3, 0, 7, 0, 4, 1], [5, 0, 4, 5, 5, 6, 1, 1], [1, 7, 1, 5, 1, 4, 1, 5], [5, 3, 6, 7, 4, 4, 4, 1], [5, 5, 7, 2, 7, 1, 1, 1]], "control": {"col_treasures": 18, "solution_length": 45}, "info": {"regions": 1, "players": 3, "exits": 3, "layout": 45, "heuristic": -1, "solution": [], "content": [[1, 1, 7, 1, 6, 5, 4, 0], [0, 2, 5, 0, 1, 7, 5, 0], [0, 0, 1, 1, 4, 6, 2, 1], [0, 5, 7, 4, 0, 5, 0, 0], [1, 7, 6, 1, 1, 3, 7, 1], [1, 6, 0, 1, 1, 7, 1, 4], [0, 1, 5, 0, 4, 6, 1, 5], [4, 0, 3, 0, 7, 0, 4, 1], [5, 0, 4, 5, 5, 6, 1, 1], [1, 7, 1, 5, 1, 4, 1, 5], [5, 3, 6, 7, 4, 4, 4, 1], [5, 5, 7, 2, 7, 1, 1, 1]], "potions": 12, "treasures": 15, "enemies": 18, "solution_length": 0, "enemies_loc": [[2, 0], [4, 0], [5, 1], [5, 2], [2, 3], [1, 4], [2, 4], [6, 4], [1, 5], [5, 5], [5, 6], [4, 7], [5, 8], [1, 9], [2, 10], [3, 10], [2, 11], [4, 11]]}, "quality": 0.3263596490960466, "diversity": 0.36487267745225715, "controlability": 0.0}