{"content": [[1, 1, 5, 1, 6, 5, 5, 5], [1, 0, 0, 5, 1, 1, 7, 1], [0, 0, 4, 1, 2, 1, 5, 1], [4, 5, 1, 0, 0, 1, 5, 4], [6, 0, 1, 6, 6, 1, 7, 0], [1, 4, 1, 4, 1, 7, 1, 4], [1, 0, 3, 0, 6, 7, 1, 1], [4, 0, 3, 0, 7, 4, 0, 1], [5, 0, 4, 5, 5, 4, 1, 1], [1, 0, 1, 5, 3, 4, 7, 6], [5, 0, 1, 1, 5, 1, 0, 0], [5, 0, 7, 6, 7, 1, 4, 1]], "control": {"col_treasures": 18, "solution_length": 45}, "info": {"regions": 1, "players": 1, "exits": 3, "layout": 50, "heuristic": -1, "solution": [], "content": [[1, 1, 5, 1, 6, 5, 5, 5], [1, 0, 0, 5, 1, 1, 7, 1], [0, 0, 4, 1, 2, 1, 5, 1], [4, 5, 1, 0, 0, 1, 5, 4], [6, 0, 1, 6, 6, 1, 7, 0], [1, 4, 1, 4, 1, 7, 1, 4], [1, 0, 3, 0, 6, 7, 1, 1], [4, 0, 3, 0, 7, 4, 0, 1], [5, 0, 4, 5, 5, 4, 1, 1], [1, 0, 1, 5, 3, 4, 7, 6], [5, 0, 1, 1, 5, 1, 0, 0], [5, 0, 7, 6, 7, 1, 4, 1]], "potions": 12, "treasures": 15, "enemies": 15, "solution_length": 0, "enemies_loc": [[4, 0], [6, 1], [0, 4], [3, 4], [4, 4], [6, 4], [5, 5], [4, 6], [5, 6], [4, 7], [6, 9], [7, 9], [2, 11], [3, 11], [4, 11]]}, "quality": 0.3319298245545337, "diversity": 0.3230902705338544, "controlability": 0.0}