{"content": [[7, 3, 7, 1, 0, 5, 4, 5], [2, 5, 5, 4, 6, 7, 3, 1], [0, 0, 7, 3, 0, 1, 5, 1], [0, 5, 7, 0, 0, 7, 0, 0], [1, 1, 6, 2, 0, 1, 7, 0], [1, 6, 2, 7, 1, 1, 0, 0], [0, 4, 5, 1, 5, 0, 1, 1], [5, 0, 4, 0, 7, 2, 1, 7], [6, 0, 1, 5, 0, 6, 0, 1], [5, 6, 1, 5, 0, 0, 1, 1], [5, 0, 6, 1, 5, 6, 0, 1], [5, 6, 2, 2, 2, 1, 5, 1]], "control": {"col_treasures": 8, "solution_length": 30}, "info": {"regions": 1, "players": 7, "exits": 3, "layout": 47, "heuristic": -1, "solution": [], "content": [[7, 3, 7, 1, 0, 5, 4, 5], [2, 5, 5, 4, 6, 7, 3, 1], [0, 0, 7, 3, 0, 1, 5, 1], [0, 5, 7, 0, 0, 7, 0, 0], [1, 1, 6, 2, 0, 1, 7, 0], [1, 6, 2, 7, 1, 1, 0, 0], [0, 4, 5, 1, 5, 0, 1, 1], [5, 0, 4, 0, 7, 2, 1, 7], [6, 0, 1, 5, 0, 6, 0, 1], [5, 6, 1, 5, 0, 0, 1, 1], [5, 0, 6, 1, 5, 6, 0, 1], [5, 6, 2, 2, 2, 1, 5, 1]], "potions": 4, "treasures": 16, "enemies": 19, "solution_length": 0, "enemies_loc": [[0, 0], [2, 0], [4, 1], [5, 1], [2, 2], [2, 3], [5, 3], [2, 4], [6, 4], [1, 5], [3, 5], [4, 7], [7, 7], [0, 8], [5, 8], [1, 9], [2, 10], [5, 10], [1, 11]]}, "quality": 0.3263304093296815, "diversity": 0.5729166606770835, "controlability": 0.0}