{"content": [[2, 1, 3, 1, 0, 5, 5, 0], [5, 0, 2, 0, 1, 3, 1, 0], [0, 0, 7, 4, 4, 1, 5, 1], [0, 2, 4, 4, 0, 4, 1, 4], [0, 0, 1, 1, 2, 1, 7, 2], [1, 6, 1, 6, 1, 5, 1, 7], [1, 5, 7, 2, 0, 4, 4, 5], [5, 4, 2, 0, 0, 2, 4, 6], [3, 1, 1, 2, 5, 5, 0, 4], [1, 6, 6, 1, 0, 1, 4, 0], [2, 1, 0, 1, 2, 1, 0, 1], [0, 4, 1, 3, 4, 7, 1, 1]], "control": {"col_treasures": 8, "solution_length": 30}, "info": {"regions": 1, "players": 11, "exits": 4, "layout": 47, "heuristic": -1, "solution": [], "content": [[2, 1, 3, 1, 0, 5, 5, 0], [5, 0, 2, 0, 1, 3, 1, 0], [0, 0, 7, 4, 4, 1, 5, 1], [0, 2, 4, 4, 0, 4, 1, 4], [0, 0, 1, 1, 2, 1, 7, 2], [1, 6, 1, 6, 1, 5, 1, 7], [1, 5, 7, 2, 0, 4, 4, 5], [5, 4, 2, 0, 0, 2, 4, 6], [3, 1, 1, 2, 5, 5, 0, 4], [1, 6, 6, 1, 0, 1, 4, 0], [2, 1, 0, 1, 2, 1, 0, 1], [0, 4, 1, 3, 4, 7, 1, 1]], "potions": 14, "treasures": 10, "enemies": 10, "solution_length": 0, "enemies_loc": [[2, 2], [6, 4], [1, 5], [3, 5], [7, 5], [2, 6], [7, 7], [1, 9], [2, 9], [5, 11]]}, "quality": 0.32282163740022624, "diversity": 0.3422916591093752, "controlability": 0.0}