{"content": [[1, 1, 1, 0, 1, 1, 1, 1, 0, 1, 1], [1, 1, 1, 1, 0, 1, 1, 0, 0, 1, 0], [1, 0, 1, 1, 1, 1, 1, 0, 1, 1, 0], [5, 1, 0, 0, 0, 1, 0, 1, 0, 1, 0], [1, 5, 1, 1, 1, 0, 1, 2, 1, 1, 1], [1, 0, 1, 1, 4, 0, 1, 1, 5, 1, 1], [1, 0, 0, 0, 1, 1, 0, 0, 1, 3, 1]], "control": {"player_key": 17, "key_door": 17}, "info": {"regions": 2, "players": 1, "keys": 1, "doors": 1, "enemies": 3, "player_key": 4, "key_door": -1, "pk_path": [[7, 4], [7, 5], [8, 5], [8, 6], [9, 6]], "kd_path": []}, "quality": 0.5876865668467365, "diversity": 0.8472222106481486, "controlability": 0.13333333324444444}