{"content": [[0, 1, 1, 0, 1, 1, 1, 1, 1, 1, 0, 0, 1, 1], [0, 1, 1, 1, 1, 0, 1, 1, 0, 1, 1, 1, 1, 1], [1, 1, 1, 1, 0, 0, 1, 0, 1, 1, 0, 1, 0, 1], [0, 1, 1, 0, 1, 1, 1, 0, 1, 0, 0, 1, 0, 1], [0, 0, 1, 1, 1, 0, 1, 0, 1, 1, 1, 1, 1, 0], [1, 1, 1, 0, 1, 1, 1, 0, 1, 1, 1, 0, 1, 1], [1, 1, 1, 0, 1, 1, 1, 0, 0, 1, 1, 0, 1, 0], [1, 1, 0, 0, 0, 1, 1, 1, 0, 0, 1, 1, 1, 1], [1, 0, 0, 1, 0, 1, 0, 1, 1, 1, 1, 1, 1, 0], [1, 1, 0, 1, 1, 1, 1, 1, 1, 0, 0, 1, 1, 1], [0, 1, 0, 0, 1, 1, 1, 1, 0, 0, 1, 1, 0, 0], [0, 1, 0, 0, 0, 1, 1, 0, 0, 1, 1, 0, 0, 0], [1, 1, 1, 1, 1, 0, 1, 1, 0, 1, 1, 1, 1, 0], [1, 0, 1, 0, 0, 1, 1, 1, 0, 0, 1, 1, 0, 0]], "control": {"path": 92}, "info": {"path": 34, "regions": 1, "flat": [0, 1, 1, 0, 1, 1, 1, 1, 1, 1, 0, 0, 1, 1, 0, 1, 1, 1, 1, 0, 1, 1, 0, 1, 1, 1, 1, 1, 1, 1, 1, 1, 0, 0, 1, 0, 1, 1, 0, 1, 0, 1, 0, 1, 1, 0, 1, 1, 1, 0, 1, 0, 0, 1, 0, 1, 0, 0, 1, 1, 1, 0, 1, 0, 1, 1, 1, 1, 1, 0, 1, 1, 1, 0, 1, 1, 1, 0, 1, 1, 1, 0, 1, 1, 1, 1, 1, 0, 1, 1, 1, 0, 0, 1, 1, 0, 1, 0, 1, 1, 0, 0, 0, 1, 1, 1, 0, 0, 1, 1, 1, 1, 1, 0, 0, 1, 0, 1, 0, 1, 1, 1, 1, 1, 1, 0, 1, 1, 0, 1, 1, 1, 1, 1, 1, 0, 0, 1, 1, 1, 0, 1, 0, 0, 1, 1, 1, 1, 0, 0, 1, 1, 0, 0, 0, 1, 0, 0, 0, 1, 1, 0, 0, 1, 1, 0, 0, 0, 1, 1, 1, 1, 1, 0, 1, 1, 0, 1, 1, 1, 1, 0, 1, 0, 1, 0, 0, 1, 1, 1, 0, 0, 1, 1, 0, 0]}, "quality": 1.0, "diversity": 0.7259903960677383, "controlability": 0.3999999999529412}