{"content": [[0, 1, 0, 0, 0, 1, 0, 1, 1, 1, 0, 0, 1, 1], [0, 1, 0, 1, 1, 0, 0, 1, 1, 1, 1, 0, 0, 1], [1, 1, 0, 1, 0, 1, 1, 0, 1, 1, 0, 0, 1, 1], [0, 1, 1, 1, 0, 1, 1, 1, 1, 0, 1, 0, 1, 1], [0, 0, 1, 0, 0, 1, 1, 1, 1, 1, 1, 0, 1, 0], [1, 1, 1, 1, 0, 1, 1, 1, 1, 0, 1, 0, 1, 0], [0, 1, 0, 0, 1, 1, 1, 1, 0, 0, 1, 1, 1, 1], [0, 0, 1, 1, 1, 0, 1, 0, 0, 0, 0, 1, 1, 1], [1, 0, 0, 0, 0, 1, 0, 1, 1, 1, 0, 0, 1, 0], [1, 1, 1, 1, 1, 1, 1, 1, 1, 1, 1, 0, 1, 0], [1, 0, 0, 0, 1, 1, 1, 0, 1, 0, 0, 0, 1, 0], [0, 0, 0, 0, 1, 1, 1, 1, 0, 1, 1, 0, 1, 0], [0, 0, 1, 1, 0, 0, 1, 1, 0, 1, 0, 1, 1, 0], [0, 0, 0, 0, 0, 1, 1, 1, 1, 1, 1, 1, 0, 0]], "control": {"path": 62}, "info": {"path": 39, "regions": 4, "flat": [0, 1, 0, 0, 0, 1, 0, 1, 1, 1, 0, 0, 1, 1, 0, 1, 0, 1, 1, 0, 0, 1, 1, 1, 1, 0, 0, 1, 1, 1, 0, 1, 0, 1, 1, 0, 1, 1, 0, 0, 1, 1, 0, 1, 1, 1, 0, 1, 1, 1, 1, 0, 1, 0, 1, 1, 0, 0, 1, 0, 0, 1, 1, 1, 1, 1, 1, 0, 1, 0, 1, 1, 1, 1, 0, 1, 1, 1, 1, 0, 1, 0, 1, 0, 0, 1, 0, 0, 1, 1, 1, 1, 0, 0, 1, 1, 1, 1, 0, 0, 1, 1, 1, 0, 1, 0, 0, 0, 0, 1, 1, 1, 1, 0, 0, 0, 0, 1, 0, 1, 1, 1, 0, 0, 1, 0, 1, 1, 1, 1, 1, 1, 1, 1, 1, 1, 1, 0, 1, 0, 1, 0, 0, 0, 1, 1, 1, 0, 1, 0, 0, 0, 1, 0, 0, 0, 0, 0, 1, 1, 1, 1, 0, 1, 1, 0, 1, 0, 0, 0, 1, 1, 0, 0, 1, 1, 0, 1, 0, 1, 1, 0, 0, 0, 0, 0, 0, 1, 1, 1, 1, 1, 1, 1, 0, 0]}, "quality": 0.9193548384842178, "diversity": 0.8080936919211229, "controlability": 0.7090909089619835}