{"content": [[0, 1, 1, 1, 1, 1, 1, 1, 1, 1, 0, 0, 1, 1], [0, 1, 1, 1, 1, 0, 1, 1, 1, 0, 1, 1, 1, 1], [1, 1, 0, 1, 0, 0, 1, 1, 1, 1, 1, 0, 1, 0], [0, 1, 0, 1, 1, 1, 0, 1, 0, 0, 0, 1, 0, 1], [1, 0, 0, 0, 1, 1, 1, 0, 0, 1, 1, 1, 1, 1], [1, 1, 1, 1, 0, 1, 1, 1, 1, 1, 1, 1, 1, 0], [0, 1, 1, 1, 1, 1, 1, 0, 0, 1, 0, 0, 1, 0], [0, 1, 0, 1, 0, 0, 1, 1, 1, 0, 1, 1, 1, 1], [1, 1, 0, 1, 0, 1, 0, 0, 1, 1, 0, 1, 1, 0], [1, 0, 0, 0, 1, 1, 1, 1, 0, 0, 1, 1, 1, 1], [0, 1, 1, 0, 1, 1, 1, 0, 0, 1, 1, 1, 0, 1], [0, 1, 0, 0, 0, 0, 1, 0, 0, 1, 1, 0, 1, 0], [1, 1, 1, 0, 0, 1, 1, 1, 1, 1, 1, 1, 1, 0], [1, 0, 1, 1, 1, 1, 1, 1, 0, 0, 1, 1, 0, 0]], "control": {"path": 92}, "info": {"path": 51, "regions": 1, "flat": [0, 1, 1, 1, 1, 1, 1, 1, 1, 1, 0, 0, 1, 1, 0, 1, 1, 1, 1, 0, 1, 1, 1, 0, 1, 1, 1, 1, 1, 1, 0, 1, 0, 0, 1, 1, 1, 1, 1, 0, 1, 0, 0, 1, 0, 1, 1, 1, 0, 1, 0, 0, 0, 1, 0, 1, 1, 0, 0, 0, 1, 1, 1, 0, 0, 1, 1, 1, 1, 1, 1, 1, 1, 1, 0, 1, 1, 1, 1, 1, 1, 1, 1, 0, 0, 1, 1, 1, 1, 1, 1, 0, 0, 1, 0, 0, 1, 0, 0, 1, 0, 1, 0, 0, 1, 1, 1, 0, 1, 1, 1, 1, 1, 1, 0, 1, 0, 1, 0, 0, 1, 1, 0, 1, 1, 0, 1, 0, 0, 0, 1, 1, 1, 1, 0, 0, 1, 1, 1, 1, 0, 1, 1, 0, 1, 1, 1, 0, 0, 1, 1, 1, 0, 1, 0, 1, 0, 0, 0, 0, 1, 0, 0, 1, 1, 0, 1, 0, 1, 1, 1, 0, 0, 1, 1, 1, 1, 1, 1, 1, 1, 0, 1, 0, 1, 1, 1, 1, 1, 1, 0, 0, 1, 1, 0, 0]}, "quality": 1.0, "diversity": 0.7545725836566415, "controlability": 0.5999999999294118}