{"content": [[1, 1, 1, 1, 7, 0, 1, 1], [0, 2, 1, 0, 1, 6, 1, 0], [6, 0, 0, 0, 7, 0, 6, 1], [0, 0, 1, 0, 0, 2, 4, 1], [1, 7, 1, 0, 6, 1, 7, 6], [1, 5, 6, 7, 0, 1, 0, 4], [0, 1, 4, 1, 1, 7, 0, 5], [1, 0, 0, 0, 1, 0, 1, 1], [4, 0, 4, 1, 6, 4, 0, 1], [4, 0, 0, 7, 4, 4, 1, 6], [6, 3, 6, 1, 6, 6, 0, 1], [4, 4, 1, 0, 7, 1, 0, 1]], "control": {"col_treasures": 8, "solution_length": 30}, "info": {"regions": 2, "players": 2, "exits": 1, "layout": 60, "heuristic": -1, "solution": [], "content": [[1, 1, 1, 1, 7, 0, 1, 1], [0, 2, 1, 0, 1, 6, 1, 0], [6, 0, 0, 0, 7, 0, 6, 1], [0, 0, 1, 0, 0, 2, 4, 1], [1, 7, 1, 0, 6, 1, 7, 6], [1, 5, 6, 7, 0, 1, 0, 4], [0, 1, 4, 1, 1, 7, 0, 5], [1, 0, 0, 0, 1, 0, 1, 1], [4, 0, 4, 1, 6, 4, 0, 1], [4, 0, 0, 7, 4, 4, 1, 6], [6, 3, 6, 1, 6, 6, 0, 1], [4, 4, 1, 0, 7, 1, 0, 1]], "potions": 11, "treasures": 2, "enemies": 20, "solution_length": 0, "enemies_loc": [[4, 0], [5, 1], [0, 2], [4, 2], [6, 2], [1, 4], [4, 4], [6, 4], [7, 4], [2, 5], [3, 5], [5, 6], [4, 8], [3, 9], [7, 9], [0, 10], [2, 10], [4, 10], [5, 10], [4, 11]]}, "quality": 0.3248796408874231, "diversity": 0.24401041098307308, "controlability": 0.0}