{"content": [[2, 5, 1, 1, 4, 4, 2, 5], [5, 4, 7, 4, 3, 7, 4, 2], [6, 5, 1, 1, 2, 1, 1, 1], [4, 1, 4, 5, 0, 4, 0, 0], [4, 5, 0, 2, 1, 4, 6, 4], [1, 6, 1, 6, 1, 2, 5, 4], [7, 4, 0, 2, 4, 2, 0, 0], [4, 5, 5, 2, 7, 5, 1, 7], [0, 4, 4, 1, 0, 4, 3, 1], [7, 2, 0, 0, 1, 0, 2, 3], [1, 5, 3, 0, 1, 4, 0, 1], [1, 6, 4, 4, 4, 1, 1, 5]], "control": {"col_treasures": 18, "solution_length": 46}, "info": {"regions": 1, "players": 11, "exits": 4, "layout": 36, "heuristic": -1, "solution": [], "content": [[2, 5, 1, 1, 4, 4, 2, 5], [5, 4, 7, 4, 3, 7, 4, 2], [6, 5, 1, 1, 2, 1, 1, 1], [4, 1, 4, 5, 0, 4, 0, 0], [4, 5, 0, 2, 1, 4, 6, 4], [1, 6, 1, 6, 1, 2, 5, 4], [7, 4, 0, 2, 4, 2, 0, 0], [4, 5, 5, 2, 7, 5, 1, 7], [0, 4, 4, 1, 0, 4, 3, 1], [7, 2, 0, 0, 1, 0, 2, 3], [1, 5, 3, 0, 1, 4, 0, 1], [1, 6, 4, 4, 4, 1, 1, 5]], "potions": 22, "treasures": 12, "enemies": 11, "solution_length": 0, "enemies_loc": [[2, 1], [5, 1], [0, 2], [6, 4], [1, 5], [3, 5], [0, 6], [4, 7], [7, 7], [0, 9], [1, 11]]}, "quality": 0.3075438596256314, "diversity": 0.3966145738346357, "controlability": 0.0}