{"content": {"layout": [15, 15, 15, 0, 0, 14, 5, 15, 12, 15, 13, 15, 6, 10, 5, 11], "start": 11, "boss": 13, "shop": 5, "treasure": 0}, "control": {"map_size": 14}, "info": {"map_size": 14, "num_regions": 1, "connect_regions": 1, "loose_connections": 15, "locations": 4, "player_boss_distance": 5, "flat": [0, 2, 0, 0, 2, 0, 0, 2, 0, 0, 0, 0, 2, 1, 2, 2, 1, 2, 2, 1, 2, 0, 0, 0, 0, 2, 0, 0, 2, 0, 0, 2, 0, 0, 0, 0, 0, 0, 0, 0, 2, 0, 0, 0, 0, 0, 2, 0, 0, 0, 0, 0, 1, 2, 2, 1, 2, 2, 1, 2, 0, 0, 0, 0, 2, 0, 0, 0, 0, 0, 2, 0, 0, 0, 0, 0, 2, 0, 0, 0, 0, 0, 2, 0, 0, 1, 2, 2, 1, 2, 2, 1, 2, 2, 1, 2, 0, 2, 0, 0, 2, 0, 0, 2, 0, 0, 2, 0, 0, 2, 0, 0, 2, 0, 0, 0, 0, 0, 2, 0, 0, 1, 2, 0, 1, 0, 2, 1, 2, 2, 1, 0, 0, 0, 0, 0, 2, 0, 0, 0, 0, 0, 2, 0], "dead_end": 0}, "quality": 0.8437499998828124, "diversity": 0.24786931468172935, "controlability": 0.49999999921875}