{"content": [[1, 1, 1, 1, 0, 0, 1, 0, 0, 1, 0, 0, 1, 0], [1, 1, 0, 0, 0, 1, 1, 0, 0, 1, 0, 1, 0, 1], [1, 0, 0, 0, 0, 0, 1, 0, 0, 1, 1, 0, 0, 0], [1, 0, 1, 0, 1, 0, 1, 1, 1, 0, 1, 1, 0, 0], [1, 1, 1, 0, 0, 0, 0, 1, 1, 0, 0, 0, 1, 1], [1, 1, 1, 1, 1, 1, 0, 1, 1, 0, 1, 1, 0, 0], [0, 1, 1, 1, 0, 1, 1, 1, 1, 1, 1, 1, 1, 0], [1, 1, 1, 0, 0, 1, 0, 0, 0, 1, 0, 1, 1, 1], [0, 0, 0, 0, 0, 1, 1, 1, 1, 1, 1, 1, 1, 0], [0, 0, 0, 1, 0, 0, 1, 1, 0, 1, 1, 1, 1, 1], [0, 1, 0, 1, 0, 0, 1, 1, 0, 0, 0, 0, 0, 0], [1, 0, 1, 0, 0, 0, 0, 1, 0, 1, 1, 1, 1, 1], [1, 1, 0, 1, 1, 0, 1, 0, 0, 1, 0, 0, 0, 1], [0, 0, 1, 1, 1, 0, 1, 0, 0, 0, 0, 1, 1, 1]], "control": {"path": 52}, "info": {"path": 25, "regions": 14, "flat": [1, 1, 1, 1, 0, 0, 1, 0, 0, 1, 0, 0, 1, 0, 1, 1, 0, 0, 0, 1, 1, 0, 0, 1, 0, 1, 0, 1, 1, 0, 0, 0, 0, 0, 1, 0, 0, 1, 1, 0, 0, 0, 1, 0, 1, 0, 1, 0, 1, 1, 1, 0, 1, 1, 0, 0, 1, 1, 1, 0, 0, 0, 0, 1, 1, 0, 0, 0, 1, 1, 1, 1, 1, 1, 1, 1, 0, 1, 1, 0, 1, 1, 0, 0, 0, 1, 1, 1, 0, 1, 1, 1, 1, 1, 1, 1, 1, 0, 1, 1, 1, 0, 0, 1, 0, 0, 0, 1, 0, 1, 1, 1, 0, 0, 0, 0, 0, 1, 1, 1, 1, 1, 1, 1, 1, 0, 0, 0, 0, 1, 0, 0, 1, 1, 0, 1, 1, 1, 1, 1, 0, 1, 0, 1, 0, 0, 1, 1, 0, 0, 0, 0, 0, 0, 1, 0, 1, 0, 0, 0, 0, 1, 0, 1, 1, 1, 1, 1, 1, 1, 0, 1, 1, 0, 1, 0, 0, 1, 0, 0, 0, 1, 0, 0, 1, 1, 1, 0, 1, 0, 0, 0, 0, 1, 1, 1]}, "quality": 0.5969662055968006, "diversity": 1.0, "controlability": 0.5555555554320988}