{"content": [[1, 0, 0, 1, 0, 1, 0, 1, 1, 1, 0, 0, 0, 0], [1, 0, 0, 0, 1, 1, 0, 0, 0, 1, 0, 0, 1, 0], [1, 1, 1, 0, 1, 0, 1, 1, 1, 0, 0, 1, 1, 0], [1, 0, 0, 1, 0, 1, 0, 0, 0, 0, 1, 0, 0, 0], [0, 1, 1, 0, 1, 0, 0, 0, 0, 0, 0, 0, 0, 0], [0, 0, 1, 1, 0, 1, 1, 0, 0, 0, 0, 0, 0, 1], [0, 1, 1, 0, 0, 0, 0, 0, 1, 0, 1, 1, 1, 1], [1, 0, 0, 0, 1, 1, 1, 1, 1, 0, 1, 1, 1, 1], [1, 0, 0, 1, 1, 0, 0, 1, 0, 1, 1, 0, 0, 0], [1, 0, 1, 1, 0, 1, 0, 1, 1, 1, 0, 0, 1, 0], [1, 1, 1, 1, 1, 0, 1, 1, 1, 1, 0, 0, 0, 0], [0, 1, 0, 1, 1, 1, 1, 1, 1, 0, 0, 1, 0, 1], [1, 1, 1, 1, 1, 0, 1, 0, 1, 0, 0, 1, 0, 1], [0, 0, 0, 1, 0, 1, 1, 1, 1, 1, 1, 0, 1, 0]], "control": {"path": 94}, "info": {"path": 23, "regions": 18, "flat": [1, 0, 0, 1, 0, 1, 0, 1, 1, 1, 0, 0, 0, 0, 1, 0, 0, 0, 1, 1, 0, 0, 0, 1, 0, 0, 1, 0, 1, 1, 1, 0, 1, 0, 1, 1, 1, 0, 0, 1, 1, 0, 1, 0, 0, 1, 0, 1, 0, 0, 0, 0, 1, 0, 0, 0, 0, 1, 1, 0, 1, 0, 0, 0, 0, 0, 0, 0, 0, 0, 0, 0, 1, 1, 0, 1, 1, 0, 0, 0, 0, 0, 0, 1, 0, 1, 1, 0, 0, 0, 0, 0, 1, 0, 1, 1, 1, 1, 1, 0, 0, 0, 1, 1, 1, 1, 1, 0, 1, 1, 1, 1, 1, 0, 0, 1, 1, 0, 0, 1, 0, 1, 1, 0, 0, 0, 1, 0, 1, 1, 0, 1, 0, 1, 1, 1, 0, 0, 1, 0, 1, 1, 1, 1, 1, 0, 1, 1, 1, 1, 0, 0, 0, 0, 0, 1, 0, 1, 1, 1, 1, 1, 1, 0, 0, 1, 0, 1, 1, 1, 1, 1, 1, 0, 1, 0, 1, 0, 0, 1, 0, 1, 0, 0, 0, 1, 0, 1, 1, 1, 1, 1, 1, 0, 1, 0]}, "quality": 0.45372503823265004, "diversity": 1.0, "controlability": 0.26436781606156695}