{"content": [[1, 0, 1, 0, 0, 1, 0, 0, 1, 1, 0, 0, 1, 1], [0, 1, 1, 1, 1, 1, 0, 0, 0, 1, 0, 1, 1, 0], [1, 0, 1, 0, 0, 1, 1, 1, 1, 1, 1, 1, 0, 0], [0, 1, 0, 0, 0, 0, 0, 0, 1, 0, 1, 1, 0, 0], [0, 1, 1, 0, 1, 1, 1, 0, 0, 1, 1, 1, 0, 1], [0, 0, 0, 1, 1, 0, 0, 0, 1, 1, 1, 1, 1, 0], [1, 1, 0, 1, 1, 0, 1, 1, 0, 0, 0, 1, 0, 0], [1, 0, 0, 1, 1, 0, 1, 0, 1, 1, 1, 1, 1, 1], [1, 1, 0, 1, 1, 0, 0, 0, 0, 0, 1, 1, 1, 1], [0, 1, 1, 1, 0, 0, 1, 0, 1, 0, 1, 0, 1, 0], [0, 0, 0, 1, 0, 1, 0, 0, 1, 0, 1, 1, 0, 0], [0, 0, 0, 0, 1, 1, 1, 0, 1, 1, 0, 1, 1, 0], [1, 0, 1, 1, 0, 0, 1, 0, 0, 0, 1, 0, 0, 1], [1, 0, 0, 1, 1, 1, 1, 0, 0, 1, 1, 0, 0, 1]], "control": {"path": 81}, "info": {"path": 23, "regions": 13, "flat": [1, 0, 1, 0, 0, 1, 0, 0, 1, 1, 0, 0, 1, 1, 0, 1, 1, 1, 1, 1, 0, 0, 0, 1, 0, 1, 1, 0, 1, 0, 1, 0, 0, 1, 1, 1, 1, 1, 1, 1, 0, 0, 0, 1, 0, 0, 0, 0, 0, 0, 1, 0, 1, 1, 0, 0, 0, 1, 1, 0, 1, 1, 1, 0, 0, 1, 1, 1, 0, 1, 0, 0, 0, 1, 1, 0, 0, 0, 1, 1, 1, 1, 1, 0, 1, 1, 0, 1, 1, 0, 1, 1, 0, 0, 0, 1, 0, 0, 1, 0, 0, 1, 1, 0, 1, 0, 1, 1, 1, 1, 1, 1, 1, 1, 0, 1, 1, 0, 0, 0, 0, 0, 1, 1, 1, 1, 0, 1, 1, 1, 0, 0, 1, 0, 1, 0, 1, 0, 1, 0, 0, 0, 0, 1, 0, 1, 0, 0, 1, 0, 1, 1, 0, 0, 0, 0, 0, 0, 1, 1, 1, 0, 1, 1, 0, 1, 1, 0, 1, 0, 1, 1, 0, 0, 1, 0, 0, 0, 1, 0, 0, 1, 1, 0, 0, 1, 1, 1, 1, 0, 0, 1, 1, 0, 0, 1]}, "quality": 0.588133640310925, "diversity": 1.0, "controlability": 0.3108108107688094}