{"content": [[0, 0, 0, 0, 0, 0, 1, 0, 1, 1, 1, 1, 0, 1], [1, 1, 0, 0, 1, 1, 1, 1, 1, 0, 0, 1, 0, 1], [1, 0, 1, 1, 1, 1, 1, 1, 0, 1, 1, 0, 1, 1], [1, 1, 0, 1, 1, 1, 0, 1, 0, 0, 0, 0, 1, 1], [1, 1, 1, 1, 0, 1, 1, 0, 0, 0, 0, 0, 1, 0], [1, 0, 0, 1, 0, 1, 0, 0, 0, 0, 1, 1, 0, 1], [1, 1, 0, 1, 1, 1, 1, 0, 1, 0, 0, 1, 0, 0], [1, 0, 0, 1, 0, 0, 0, 1, 0, 1, 1, 0, 0, 0], [1, 0, 0, 0, 0, 0, 0, 0, 0, 1, 1, 1, 1, 1], [0, 0, 0, 1, 1, 0, 1, 0, 0, 1, 1, 0, 1, 1], [1, 1, 1, 0, 1, 0, 1, 0, 0, 0, 1, 0, 0, 1], [0, 1, 0, 0, 0, 1, 1, 0, 0, 0, 1, 1, 1, 0], [1, 0, 0, 0, 0, 1, 0, 0, 0, 0, 0, 1, 1, 1], [1, 0, 0, 0, 1, 0, 1, 1, 0, 1, 1, 1, 1, 0]], "control": {"path": 89}, "info": {"path": 20, "regions": 14, "flat": [0, 0, 0, 0, 0, 0, 1, 0, 1, 1, 1, 1, 0, 1, 1, 1, 0, 0, 1, 1, 1, 1, 1, 0, 0, 1, 0, 1, 1, 0, 1, 1, 1, 1, 1, 1, 0, 1, 1, 0, 1, 1, 1, 1, 0, 1, 1, 1, 0, 1, 0, 0, 0, 0, 1, 1, 1, 1, 1, 1, 0, 1, 1, 0, 0, 0, 0, 0, 1, 0, 1, 0, 0, 1, 0, 1, 0, 0, 0, 0, 1, 1, 0, 1, 1, 1, 0, 1, 1, 1, 1, 0, 1, 0, 0, 1, 0, 0, 1, 0, 0, 1, 0, 0, 0, 1, 0, 1, 1, 0, 0, 0, 1, 0, 0, 0, 0, 0, 0, 0, 0, 1, 1, 1, 1, 1, 0, 0, 0, 1, 1, 0, 1, 0, 0, 1, 1, 0, 1, 1, 1, 1, 1, 0, 1, 0, 1, 0, 0, 0, 1, 0, 0, 1, 0, 1, 0, 0, 0, 1, 1, 0, 0, 0, 1, 1, 1, 0, 1, 0, 0, 0, 0, 1, 0, 0, 0, 0, 0, 1, 1, 1, 1, 0, 0, 0, 1, 0, 1, 1, 0, 1, 1, 1, 1, 0]}, "quality": 0.5076804913429741, "diversity": 1.0, "controlability": 0.24390243899464606}