{"content": [[1, 1, 0, 0, 0, 1, 1, 1, 0, 0, 0, 0, 0, 1], [0, 1, 1, 0, 1, 0, 0, 0, 0, 1, 0, 1, 1, 0], [0, 1, 1, 0, 1, 0, 0, 1, 1, 1, 1, 1, 0, 1], [0, 0, 0, 1, 1, 1, 0, 1, 1, 0, 0, 1, 0, 0], [1, 1, 0, 0, 1, 1, 1, 1, 1, 1, 1, 1, 1, 1], [1, 0, 1, 1, 1, 1, 1, 1, 0, 1, 1, 1, 1, 0], [1, 1, 0, 1, 1, 1, 0, 0, 0, 0, 0, 0, 0, 1], [1, 1, 0, 1, 0, 1, 1, 1, 1, 0, 1, 1, 0, 1], [0, 1, 1, 1, 1, 1, 1, 0, 1, 0, 0, 1, 1, 0], [1, 0, 0, 0, 1, 1, 1, 0, 0, 0, 0, 1, 1, 1], [0, 1, 1, 0, 1, 1, 1, 0, 0, 1, 1, 0, 0, 0], [0, 1, 0, 0, 0, 0, 0, 1, 0, 0, 0, 0, 1, 1], [1, 1, 1, 0, 1, 0, 0, 1, 1, 0, 0, 1, 1, 1], [0, 0, 1, 0, 0, 1, 1, 1, 1, 1, 1, 1, 0, 1]], "control": {"path": 93}, "info": {"path": 24, "regions": 12, "flat": [1, 1, 0, 0, 0, 1, 1, 1, 0, 0, 0, 0, 0, 1, 0, 1, 1, 0, 1, 0, 0, 0, 0, 1, 0, 1, 1, 0, 0, 1, 1, 0, 1, 0, 0, 1, 1, 1, 1, 1, 0, 1, 0, 0, 0, 1, 1, 1, 0, 1, 1, 0, 0, 1, 0, 0, 1, 1, 0, 0, 1, 1, 1, 1, 1, 1, 1, 1, 1, 1, 1, 0, 1, 1, 1, 1, 1, 1, 0, 1, 1, 1, 1, 0, 1, 1, 0, 1, 1, 1, 0, 0, 0, 0, 0, 0, 0, 1, 1, 1, 0, 1, 0, 1, 1, 1, 1, 0, 1, 1, 0, 1, 0, 1, 1, 1, 1, 1, 1, 0, 1, 0, 0, 1, 1, 0, 1, 0, 0, 0, 1, 1, 1, 0, 0, 0, 0, 1, 1, 1, 0, 1, 1, 0, 1, 1, 1, 0, 0, 1, 1, 0, 0, 0, 0, 1, 0, 0, 0, 0, 0, 1, 0, 0, 0, 0, 1, 1, 1, 1, 1, 0, 1, 0, 0, 1, 1, 0, 0, 1, 1, 1, 0, 0, 1, 0, 0, 1, 1, 1, 1, 1, 1, 1, 0, 1]}, "quality": 0.6328725035773453, "diversity": 1.0, "controlability": 0.27906976740941053}