{"content": [[0, 1, 0, 0, 1, 0, 0, 1, 1, 0, 1, 0, 0, 0], [1, 0, 1, 0, 0, 0, 0, 1, 1, 1, 1, 0, 1, 1], [0, 1, 1, 1, 0, 1, 1, 1, 0, 0, 0, 1, 1, 1], [0, 1, 0, 1, 1, 0, 1, 0, 0, 1, 0, 0, 1, 1], [1, 1, 0, 1, 1, 1, 1, 0, 0, 0, 0, 1, 0, 1], [1, 1, 1, 1, 1, 1, 1, 1, 0, 1, 0, 0, 1, 1], [1, 1, 0, 0, 0, 1, 0, 1, 1, 1, 1, 0, 0, 1], [0, 1, 0, 1, 1, 0, 0, 1, 1, 1, 0, 0, 1, 0], [1, 0, 1, 0, 1, 1, 1, 1, 1, 0, 0, 1, 1, 0], [1, 0, 1, 0, 0, 1, 0, 0, 1, 0, 0, 1, 1, 0], [0, 0, 1, 1, 1, 1, 1, 1, 1, 0, 1, 0, 0, 1], [1, 0, 0, 0, 0, 1, 0, 0, 0, 1, 0, 1, 0, 1], [0, 0, 0, 0, 0, 0, 1, 0, 1, 1, 0, 1, 0, 1], [0, 1, 1, 1, 0, 0, 1, 1, 0, 0, 1, 0, 1, 1]], "control": {"path": 79}, "info": {"path": 22, "regions": 17, "flat": [0, 1, 0, 0, 1, 0, 0, 1, 1, 0, 1, 0, 0, 0, 1, 0, 1, 0, 0, 0, 0, 1, 1, 1, 1, 0, 1, 1, 0, 1, 1, 1, 0, 1, 1, 1, 0, 0, 0, 1, 1, 1, 0, 1, 0, 1, 1, 0, 1, 0, 0, 1, 0, 0, 1, 1, 1, 1, 0, 1, 1, 1, 1, 0, 0, 0, 0, 1, 0, 1, 1, 1, 1, 1, 1, 1, 1, 1, 0, 1, 0, 0, 1, 1, 1, 1, 0, 0, 0, 1, 0, 1, 1, 1, 1, 0, 0, 1, 0, 1, 0, 1, 1, 0, 0, 1, 1, 1, 0, 0, 1, 0, 1, 0, 1, 0, 1, 1, 1, 1, 1, 0, 0, 1, 1, 0, 1, 0, 1, 0, 0, 1, 0, 0, 1, 0, 0, 1, 1, 0, 0, 0, 1, 1, 1, 1, 1, 1, 1, 0, 1, 0, 0, 1, 1, 0, 0, 0, 0, 1, 0, 0, 0, 1, 0, 1, 0, 1, 0, 0, 0, 0, 0, 0, 1, 0, 1, 1, 0, 1, 0, 1, 0, 1, 1, 1, 0, 0, 1, 1, 0, 0, 1, 0, 1, 1]}, "quality": 0.46274961579753976, "diversity": 1.0, "controlability": 0.3055555555131173}