{"content": [[1, 0, 0, 1, 0, 1, 1, 1, 0, 0, 0, 0, 0, 0], [0, 0, 0, 1, 0, 0, 0, 0, 1, 1, 0, 1, 0, 0], [1, 1, 1, 1, 1, 0, 1, 0, 1, 1, 0, 1, 0, 1], [0, 1, 0, 1, 0, 0, 1, 0, 0, 1, 1, 1, 0, 1], [0, 0, 1, 1, 0, 0, 0, 1, 1, 1, 1, 0, 0, 0], [1, 1, 1, 1, 0, 0, 1, 0, 0, 1, 1, 0, 0, 1], [0, 1, 1, 0, 0, 0, 1, 0, 0, 1, 0, 0, 0, 1], [1, 0, 0, 0, 0, 0, 0, 1, 1, 1, 0, 1, 1, 0], [1, 1, 0, 1, 1, 0, 0, 0, 1, 0, 1, 1, 1, 1], [0, 1, 1, 1, 0, 0, 0, 1, 1, 1, 0, 1, 1, 0], [0, 0, 0, 0, 0, 0, 0, 1, 1, 1, 0, 1, 0, 0], [0, 1, 0, 0, 1, 0, 1, 1, 1, 1, 0, 1, 1, 0], [1, 0, 1, 1, 1, 0, 1, 0, 0, 0, 1, 0, 1, 0], [0, 1, 0, 1, 1, 0, 0, 0, 0, 0, 1, 1, 0, 1]], "control": {"path": 68}, "info": {"path": 16, "regions": 16, "flat": [1, 0, 0, 1, 0, 1, 1, 1, 0, 0, 0, 0, 0, 0, 0, 0, 0, 1, 0, 0, 0, 0, 1, 1, 0, 1, 0, 0, 1, 1, 1, 1, 1, 0, 1, 0, 1, 1, 0, 1, 0, 1, 0, 1, 0, 1, 0, 0, 1, 0, 0, 1, 1, 1, 0, 1, 0, 0, 1, 1, 0, 0, 0, 1, 1, 1, 1, 0, 0, 0, 1, 1, 1, 1, 0, 0, 1, 0, 0, 1, 1, 0, 0, 1, 0, 1, 1, 0, 0, 0, 1, 0, 0, 1, 0, 0, 0, 1, 1, 0, 0, 0, 0, 0, 0, 1, 1, 1, 0, 1, 1, 0, 1, 1, 0, 1, 1, 0, 0, 0, 1, 0, 1, 1, 1, 1, 0, 1, 1, 1, 0, 0, 0, 1, 1, 1, 0, 1, 1, 0, 0, 0, 0, 0, 0, 0, 0, 1, 1, 1, 0, 1, 0, 0, 0, 1, 0, 0, 1, 0, 1, 1, 1, 1, 0, 1, 1, 0, 1, 0, 1, 1, 1, 0, 1, 0, 0, 0, 1, 0, 1, 0, 0, 1, 0, 1, 1, 0, 0, 0, 0, 0, 1, 1, 0, 1]}, "quality": 0.38248847910860284, "diversity": 1.0, "controlability": 0.2622950819242139}