{"content": [[1, 1, 0, 0, 0, 0, 1, 1, 1, 0, 1, 1, 0, 0], [0, 0, 1, 0, 0, 1, 0, 0, 1, 0, 1, 1, 0, 0], [1, 0, 0, 1, 1, 0, 0, 0, 0, 1, 0, 0, 1, 0], [1, 0, 0, 1, 1, 1, 0, 1, 1, 1, 0, 1, 1, 0], [1, 0, 0, 0, 1, 1, 0, 0, 0, 1, 0, 0, 1, 1], [1, 1, 0, 1, 0, 0, 1, 0, 0, 0, 1, 1, 1, 1], [0, 1, 1, 1, 0, 1, 0, 1, 1, 0, 0, 1, 0, 1], [1, 0, 1, 1, 0, 0, 0, 1, 0, 0, 0, 1, 1, 0], [0, 1, 0, 1, 0, 0, 1, 1, 0, 1, 0, 1, 0, 1], [0, 1, 1, 1, 1, 0, 1, 1, 1, 0, 0, 1, 0, 0], [1, 0, 1, 1, 1, 1, 0, 0, 0, 1, 1, 1, 0, 0], [1, 1, 0, 1, 0, 0, 0, 1, 1, 0, 0, 0, 1, 0], [1, 0, 1, 0, 1, 1, 0, 0, 1, 1, 0, 0, 1, 1], [0, 0, 0, 1, 0, 1, 1, 1, 1, 0, 1, 0, 1, 0]], "control": {"path": 41}, "info": {"path": 13, "regions": 21, "flat": [1, 1, 0, 0, 0, 0, 1, 1, 1, 0, 1, 1, 0, 0, 0, 0, 1, 0, 0, 1, 0, 0, 1, 0, 1, 1, 0, 0, 1, 0, 0, 1, 1, 0, 0, 0, 0, 1, 0, 0, 1, 0, 1, 0, 0, 1, 1, 1, 0, 1, 1, 1, 0, 1, 1, 0, 1, 0, 0, 0, 1, 1, 0, 0, 0, 1, 0, 0, 1, 1, 1, 1, 0, 1, 0, 0, 1, 0, 0, 0, 1, 1, 1, 1, 0, 1, 1, 1, 0, 1, 0, 1, 1, 0, 0, 1, 0, 1, 1, 0, 1, 1, 0, 0, 0, 1, 0, 0, 0, 1, 1, 0, 0, 1, 0, 1, 0, 0, 1, 1, 0, 1, 0, 1, 0, 1, 0, 1, 1, 1, 1, 0, 1, 1, 1, 0, 0, 1, 0, 0, 1, 0, 1, 1, 1, 1, 0, 0, 0, 1, 1, 1, 0, 0, 1, 1, 0, 1, 0, 0, 0, 1, 1, 0, 0, 0, 1, 0, 1, 0, 1, 0, 1, 1, 0, 0, 1, 1, 0, 0, 1, 1, 0, 0, 0, 1, 0, 1, 1, 1, 1, 0, 1, 0, 1, 0]}, "quality": 0.23214285705994897, "diversity": 0.9923469386914524, "controlability": 0.38235294106401385}