{"content": [[1, 1, 0, 1, 1, 0, 1, 0, 0, 0, 0, 0, 1, 0], [1, 0, 0, 1, 1, 0, 0, 0, 0, 0, 0, 0, 0, 1], [1, 1, 0, 0, 0, 0, 1, 0, 0, 1, 0, 1, 0, 0], [0, 1, 1, 0, 1, 1, 1, 1, 1, 0, 1, 1, 1, 1], [1, 1, 1, 1, 0, 0, 0, 0, 0, 1, 0, 1, 1, 0], [0, 1, 1, 1, 1, 0, 1, 1, 0, 1, 0, 0, 1, 1], [1, 0, 1, 1, 1, 0, 0, 0, 1, 0, 0, 1, 1, 1], [0, 0, 0, 1, 0, 1, 0, 0, 1, 0, 1, 0, 0, 1], [1, 1, 0, 1, 0, 0, 1, 1, 1, 0, 0, 1, 0, 0], [1, 1, 0, 1, 0, 1, 1, 0, 1, 1, 0, 1, 0, 1], [0, 1, 1, 0, 1, 0, 1, 0, 0, 1, 1, 1, 0, 1], [1, 1, 0, 1, 1, 1, 0, 0, 0, 0, 1, 1, 1, 1], [1, 1, 0, 1, 0, 0, 1, 0, 1, 1, 0, 0, 1, 1], [1, 1, 1, 1, 0, 1, 1, 0, 0, 1, 1, 0, 1, 1]], "control": {"path": 88}, "info": {"path": 14, "regions": 17, "flat": [1, 1, 0, 1, 1, 0, 1, 0, 0, 0, 0, 0, 1, 0, 1, 0, 0, 1, 1, 0, 0, 0, 0, 0, 0, 0, 0, 1, 1, 1, 0, 0, 0, 0, 1, 0, 0, 1, 0, 1, 0, 0, 0, 1, 1, 0, 1, 1, 1, 1, 1, 0, 1, 1, 1, 1, 1, 1, 1, 1, 0, 0, 0, 0, 0, 1, 0, 1, 1, 0, 0, 1, 1, 1, 1, 0, 1, 1, 0, 1, 0, 0, 1, 1, 1, 0, 1, 1, 1, 0, 0, 0, 1, 0, 0, 1, 1, 1, 0, 0, 0, 1, 0, 1, 0, 0, 1, 0, 1, 0, 0, 1, 1, 1, 0, 1, 0, 0, 1, 1, 1, 0, 0, 1, 0, 0, 1, 1, 0, 1, 0, 1, 1, 0, 1, 1, 0, 1, 0, 1, 0, 1, 1, 0, 1, 0, 1, 0, 0, 1, 1, 1, 0, 1, 1, 1, 0, 1, 1, 1, 0, 0, 0, 0, 1, 1, 1, 1, 1, 1, 0, 1, 0, 0, 1, 0, 1, 1, 0, 0, 1, 1, 1, 1, 1, 1, 0, 1, 1, 0, 0, 1, 1, 0, 1, 1]}, "quality": 0.31989247299141726, "diversity": 1.0, "controlability": 0.17283950615150132}