{"content": [[0, 1, 1, 0, 1, 1, 0, 1, 1, 0, 0, 0, 1, 0], [1, 1, 1, 0, 0, 1, 0, 0, 0, 0, 1, 0, 1, 1], [1, 1, 1, 1, 1, 1, 1, 1, 1, 1, 1, 0, 1, 0], [1, 1, 0, 1, 1, 1, 1, 0, 1, 1, 0, 1, 1, 1], [1, 1, 0, 1, 1, 1, 0, 1, 1, 0, 1, 1, 1, 0], [1, 0, 0, 1, 0, 1, 1, 0, 0, 1, 1, 0, 1, 1], [0, 0, 0, 0, 1, 0, 1, 1, 1, 0, 0, 1, 0, 0], [0, 0, 1, 0, 0, 0, 0, 1, 1, 1, 1, 0, 0, 1], [1, 0, 0, 1, 1, 1, 0, 1, 1, 0, 0, 0, 0, 1], [0, 0, 0, 1, 0, 1, 1, 0, 0, 0, 1, 1, 0, 0], [1, 0, 1, 0, 0, 0, 0, 1, 1, 0, 0, 1, 1, 0], [1, 1, 1, 1, 0, 1, 1, 0, 1, 0, 0, 1, 1, 0], [1, 1, 0, 0, 0, 0, 0, 1, 0, 0, 1, 1, 1, 1], [0, 1, 1, 1, 1, 1, 0, 1, 1, 1, 0, 0, 1, 0]], "control": {"path": 76}, "info": {"path": 18, "regions": 14, "flat": [0, 1, 1, 0, 1, 1, 0, 1, 1, 0, 0, 0, 1, 0, 1, 1, 1, 0, 0, 1, 0, 0, 0, 0, 1, 0, 1, 1, 1, 1, 1, 1, 1, 1, 1, 1, 1, 1, 1, 0, 1, 0, 1, 1, 0, 1, 1, 1, 1, 0, 1, 1, 0, 1, 1, 1, 1, 1, 0, 1, 1, 1, 0, 1, 1, 0, 1, 1, 1, 0, 1, 0, 0, 1, 0, 1, 1, 0, 0, 1, 1, 0, 1, 1, 0, 0, 0, 0, 1, 0, 1, 1, 1, 0, 0, 1, 0, 0, 0, 0, 1, 0, 0, 0, 0, 1, 1, 1, 1, 0, 0, 1, 1, 0, 0, 1, 1, 1, 0, 1, 1, 0, 0, 0, 0, 1, 0, 0, 0, 1, 0, 1, 1, 0, 0, 0, 1, 1, 0, 0, 1, 0, 1, 0, 0, 0, 0, 1, 1, 0, 0, 1, 1, 0, 1, 1, 1, 1, 0, 1, 1, 0, 1, 0, 0, 1, 1, 0, 1, 1, 0, 0, 0, 0, 0, 1, 0, 0, 1, 1, 1, 1, 0, 1, 1, 1, 1, 1, 0, 1, 1, 1, 0, 0, 1, 0]}, "quality": 0.4719662056414434, "diversity": 1.0, "controlability": 0.26086956517958415}