{"content": [[0, 0, 1, 0, 0, 0, 1, 0, 0, 0, 0, 0, 0, 0], [0, 1, 1, 0, 1, 1, 1, 1, 0, 1, 0, 1, 0, 1], [0, 1, 1, 1, 1, 1, 0, 0, 0, 0, 1, 0, 1, 0], [0, 1, 0, 1, 0, 0, 0, 1, 0, 1, 1, 1, 0, 1], [1, 0, 1, 0, 1, 1, 1, 1, 1, 0, 0, 1, 0, 1], [1, 1, 1, 0, 0, 1, 0, 1, 1, 0, 1, 1, 1, 0], [0, 0, 0, 0, 1, 1, 1, 1, 0, 1, 0, 1, 0, 0], [0, 0, 0, 0, 1, 1, 0, 1, 0, 1, 0, 0, 1, 1], [0, 1, 0, 1, 1, 0, 1, 1, 1, 0, 1, 1, 0, 0], [0, 0, 1, 1, 1, 0, 1, 0, 1, 1, 1, 0, 0, 1], [1, 1, 1, 0, 0, 0, 1, 1, 0, 0, 1, 1, 1, 1], [0, 0, 1, 1, 1, 0, 1, 1, 0, 0, 1, 1, 0, 0], [1, 1, 1, 1, 0, 0, 1, 1, 0, 0, 1, 1, 0, 0], [0, 0, 0, 1, 1, 1, 1, 0, 1, 0, 0, 0, 0, 1]], "control": {"path": 44}, "info": {"path": 22, "regions": 14, "flat": [0, 0, 1, 0, 0, 0, 1, 0, 0, 0, 0, 0, 0, 0, 0, 1, 1, 0, 1, 1, 1, 1, 0, 1, 0, 1, 0, 1, 0, 1, 1, 1, 1, 1, 0, 0, 0, 0, 1, 0, 1, 0, 0, 1, 0, 1, 0, 0, 0, 1, 0, 1, 1, 1, 0, 1, 1, 0, 1, 0, 1, 1, 1, 1, 1, 0, 0, 1, 0, 1, 1, 1, 1, 0, 0, 1, 0, 1, 1, 0, 1, 1, 1, 0, 0, 0, 0, 0, 1, 1, 1, 1, 0, 1, 0, 1, 0, 0, 0, 0, 0, 0, 1, 1, 0, 1, 0, 1, 0, 0, 1, 1, 0, 1, 0, 1, 1, 0, 1, 1, 1, 0, 1, 1, 0, 0, 0, 0, 1, 1, 1, 0, 1, 0, 1, 1, 1, 0, 0, 1, 1, 1, 1, 0, 0, 0, 1, 1, 0, 0, 1, 1, 1, 1, 0, 0, 1, 1, 1, 0, 1, 1, 0, 0, 1, 1, 0, 0, 1, 1, 1, 1, 0, 0, 1, 1, 0, 0, 1, 1, 0, 0, 0, 0, 0, 1, 1, 1, 1, 0, 1, 0, 0, 0, 0, 1]}, "quality": 0.5433947770445047, "diversity": 1.0, "controlability": 0.5945945944338933}