{"content": [[0, 0, 1, 0, 0, 0, 1, 0, 1, 0, 1, 1, 0, 1], [1, 1, 1, 0, 0, 0, 1, 1, 0, 0, 0, 0, 1, 0], [1, 1, 0, 0, 0, 0, 1, 0, 0, 1, 1, 0, 1, 0], [1, 1, 0, 0, 0, 0, 1, 1, 1, 0, 1, 0, 0, 0], [1, 0, 1, 1, 1, 1, 0, 0, 0, 1, 1, 1, 0, 0], [1, 0, 0, 1, 1, 0, 1, 1, 1, 1, 0, 0, 1, 1], [1, 0, 0, 0, 1, 0, 1, 0, 0, 1, 1, 1, 1, 0], [1, 1, 0, 1, 0, 0, 1, 1, 1, 0, 0, 0, 0, 1], [1, 0, 0, 1, 0, 0, 1, 1, 0, 1, 0, 1, 0, 1], [0, 1, 0, 1, 0, 0, 1, 0, 1, 1, 1, 0, 1, 1], [1, 1, 1, 1, 0, 1, 0, 0, 1, 1, 0, 1, 0, 1], [1, 0, 1, 0, 0, 1, 0, 1, 0, 0, 1, 1, 0, 1], [0, 0, 1, 1, 0, 1, 1, 1, 0, 1, 0, 0, 1, 1], [0, 0, 1, 0, 0, 1, 1, 1, 1, 1, 1, 1, 1, 1]], "control": {"path": 45}, "info": {"path": 17, "regions": 13, "flat": [0, 0, 1, 0, 0, 0, 1, 0, 1, 0, 1, 1, 0, 1, 1, 1, 1, 0, 0, 0, 1, 1, 0, 0, 0, 0, 1, 0, 1, 1, 0, 0, 0, 0, 1, 0, 0, 1, 1, 0, 1, 0, 1, 1, 0, 0, 0, 0, 1, 1, 1, 0, 1, 0, 0, 0, 1, 0, 1, 1, 1, 1, 0, 0, 0, 1, 1, 1, 0, 0, 1, 0, 0, 1, 1, 0, 1, 1, 1, 1, 0, 0, 1, 1, 1, 0, 0, 0, 1, 0, 1, 0, 0, 1, 1, 1, 1, 0, 1, 1, 0, 1, 0, 0, 1, 1, 1, 0, 0, 0, 0, 1, 1, 0, 0, 1, 0, 0, 1, 1, 0, 1, 0, 1, 0, 1, 0, 1, 0, 1, 0, 0, 1, 0, 1, 1, 1, 0, 1, 1, 1, 1, 1, 1, 0, 1, 0, 0, 1, 1, 0, 1, 0, 1, 1, 0, 1, 0, 0, 1, 0, 1, 0, 0, 1, 1, 0, 1, 0, 0, 1, 1, 0, 1, 1, 1, 0, 1, 0, 0, 1, 1, 0, 0, 1, 0, 0, 1, 1, 1, 1, 1, 1, 1, 1, 1]}, "quality": 0.48099078320633315, "diversity": 0.9974489795283866, "controlability": 0.44736842093490303}