{"content": [[1, 1, 1, 1, 7, 1, 7, 1], [0, 2, 0, 6, 4, 0, 7, 0], [0, 4, 4, 4, 7, 6, 6, 6], [4, 5, 1, 0, 0, 7, 4, 0], [7, 0, 1, 6, 3, 1, 6, 6], [7, 7, 0, 7, 1, 6, 7, 4], [0, 5, 6, 1, 1, 7, 1, 1], [1, 0, 0, 0, 1, 0, 1, 6], [4, 0, 1, 1, 5, 4, 0, 1], [7, 5, 7, 6, 0, 4, 7, 6], [6, 3, 6, 6, 7, 6, 3, 1], [5, 4, 1, 7, 0, 7, 0, 1]], "control": {"col_treasures": 18, "solution_length": 45}, "info": {"regions": 1, "players": 1, "exits": 3, "layout": 43, "heuristic": -1, "solution": [], "content": [[1, 1, 1, 1, 7, 1, 7, 1], [0, 2, 0, 6, 4, 0, 7, 0], [0, 4, 4, 4, 7, 6, 6, 6], [4, 5, 1, 0, 0, 7, 4, 0], [7, 0, 1, 6, 3, 1, 6, 6], [7, 7, 0, 7, 1, 6, 7, 4], [0, 5, 6, 1, 1, 7, 1, 1], [1, 0, 0, 0, 1, 0, 1, 6], [4, 0, 1, 1, 5, 4, 0, 1], [7, 5, 7, 6, 0, 4, 7, 6], [6, 3, 6, 6, 7, 6, 3, 1], [5, 4, 1, 7, 0, 7, 0, 1]], "potions": 11, "treasures": 5, "enemies": 33, "solution_length": 0, "enemies_loc": [[4, 0], [6, 0], [3, 1], [6, 1], [4, 2], [5, 2], [6, 2], [7, 2], [5, 3], [0, 4], [3, 4], [6, 4], [7, 4], [0, 5], [1, 5], [3, 5], [5, 5], [6, 5], [2, 6], [5, 6], [7, 7], [0, 9], [2, 9], [3, 9], [6, 9], [7, 9], [0, 10], [2, 10], [3, 10], [4, 10], [5, 10], [3, 11], [5, 11]]}, "quality": 0.32498538009764716, "diversity": 0.2966707447074146, "controlability": 0.0}