{"content": [[1, 1, 1, 0, 1, 3, 0, 0, 0, 0, 0], [1, 5, 4, 1, 0, 2, 4, 2, 0, 1, 0], [1, 2, 1, 0, 0, 0, 1, 2, 1, 1, 0], [0, 1, 0, 0, 1, 1, 0, 1, 0, 1, 0], [1, 5, 5, 4, 1, 1, 1, 1, 1, 1, 1], [1, 0, 1, 1, 4, 0, 1, 1, 5, 1, 1], [1, 0, 0, 0, 1, 1, 0, 0, 1, 3, 1]], "control": {"player_key": 17, "key_door": 17}, "info": {"regions": 1, "players": 4, "keys": 2, "doors": 4, "enemies": 4, "player_key": 1, "key_door": 16, "pk_path": [[5, 1], [5, 0]], "kd_path": []}, "quality": 0.494243421028718, "diversity": 0.46388592524181604, "controlability": 0.5333333333111111}