{"content": [[1, 1, 1, 0, 0, 3, 1, 1, 0, 0, 0], [1, 5, 4, 1, 0, 1, 1, 0, 0, 2, 0], [1, 1, 1, 1, 1, 0, 1, 1, 1, 1, 0], [0, 1, 0, 0, 1, 1, 0, 1, 0, 1, 0], [1, 5, 5, 1, 1, 1, 5, 1, 1, 1, 1], [1, 5, 0, 1, 4, 1, 1, 2, 4, 1, 1], [1, 2, 2, 0, 1, 1, 0, 0, 1, 1, 1]], "control": {"player_key": 17, "key_door": 17}, "info": {"regions": 1, "players": 4, "keys": 1, "doors": 3, "enemies": 5, "player_key": 7, "key_door": 14, "pk_path": [[9, 1], [9, 2], [8, 2], [7, 2], [6, 2], [6, 1], [6, 0], [5, 0]], "kd_path": []}, "quality": 0.4950319934868245, "diversity": 0.3114250553051632, "controlability": 0.6999999995333333}