{"content": {"layout": [13, 15, 15, 5, 0, 13, 15, 3, 13, 6, 15, 15, 6, 15, 5, 11], "start": 11, "boss": 6, "shop": 8, "treasure": 3}, "control": {"map_size": 14}, "info": {"map_size": 15, "num_regions": 1, "connect_regions": 1, "loose_connections": 16, "locations": 4, "player_boss_distance": 2, "flat": [0, 0, 0, 0, 2, 0, 0, 2, 0, 0, 0, 0, 2, 1, 2, 2, 1, 2, 2, 1, 2, 2, 1, 2, 0, 2, 0, 0, 2, 0, 0, 2, 0, 0, 0, 0, 0, 0, 0, 0, 0, 0, 0, 2, 0, 0, 2, 0, 0, 0, 0, 2, 1, 2, 2, 1, 2, 2, 1, 0, 0, 0, 0, 0, 2, 0, 0, 2, 0, 0, 0, 0, 0, 0, 0, 0, 2, 0, 0, 2, 0, 0, 2, 0, 2, 1, 2, 0, 1, 2, 2, 1, 2, 2, 1, 2, 0, 2, 0, 0, 0, 0, 0, 2, 0, 0, 2, 0, 0, 2, 0, 0, 2, 0, 0, 0, 0, 0, 2, 0, 0, 1, 2, 2, 1, 2, 2, 1, 2, 2, 1, 0, 0, 0, 0, 0, 2, 0, 0, 0, 0, 0, 2, 0], "dead_end": 0}, "quality": 0.787499999953125, "diversity": 0.11214538849964917, "controlability": 0.6562499989746094}