{"content": {"layout": [7, 15, 15, 13, 0, 14, 5, 3, 12, 11, 13, 3, 6, 15, 7, 0], "start": 3, "boss": 5, "shop": 0, "treasure": 0}, "control": {"map_size": 14}, "info": {"map_size": 14, "num_regions": 1, "connect_regions": 1, "loose_connections": 10, "locations": 3, "player_boss_distance": 3, "flat": [0, 2, 0, 0, 2, 0, 0, 2, 0, 0, 0, 0, 2, 1, 2, 2, 1, 2, 2, 1, 2, 2, 1, 2, 0, 0, 0, 0, 2, 0, 0, 2, 0, 0, 2, 0, 0, 0, 0, 0, 2, 0, 0, 0, 0, 0, 2, 0, 0, 0, 0, 0, 1, 2, 2, 1, 2, 2, 1, 0, 0, 0, 0, 0, 2, 0, 0, 0, 0, 0, 0, 0, 0, 0, 0, 0, 2, 0, 0, 0, 0, 0, 2, 0, 0, 1, 2, 2, 1, 0, 2, 1, 2, 2, 1, 0, 0, 2, 0, 0, 2, 0, 0, 2, 0, 0, 0, 0, 0, 2, 0, 0, 2, 0, 0, 2, 0, 0, 0, 0, 0, 1, 2, 2, 1, 2, 2, 1, 2, 0, 0, 0, 0, 0, 0, 0, 2, 0, 0, 0, 0, 0, 0, 0], "dead_end": 0}, "quality": 0.7687499996484375, "diversity": 0.14341517640032098, "controlability": 0.49999999921875}