{"content": [[3, 1, 5, 1, 5, 3, 1, 2, 1, 0, 0], [3, 2, 1, 4, 3, 4, 2, 1, 3, 2, 0], [5, 4, 1, 1, 3, 3, 2, 2, 4, 5, 2], [3, 2, 5, 3, 1, 3, 5, 1, 5, 1, 1], [3, 1, 3, 1, 0, 0, 3, 3, 1, 0, 3], [2, 1, 1, 0, 3, 2, 3, 2, 5, 4, 1], [5, 4, 3, 3, 0, 1, 0, 1, 1, 4, 0]], "control": {"player_key": 14, "key_door": 14}, "info": {"regions": 1, "players": 11, "keys": 19, "doors": 7, "enemies": 9, "player_key": 7, "key_door": 4, "pk_path": [[7, 0], [6, 0], [5, 0], [4, 0], [3, 0], [2, 0], [1, 0], [0, 0]], "kd_path": []}, "quality": 0.467758651737435, "diversity": 0.507054660523222, "controlability": 0.4583333329513889}