{"content": [[2, 4, 1, 0, 0, 3, 1, 3, 1, 0, 0], [4, 5, 2, 1, 0, 1, 5, 2, 3, 5, 0], [2, 5, 3, 1, 1, 1, 2, 2, 0, 2, 0], [0, 1, 4, 0, 1, 2, 0, 5, 4, 4, 4], [4, 5, 5, 1, 1, 2, 0, 2, 1, 1, 0], [1, 2, 3, 1, 0, 0, 4, 2, 2, 5, 3], [5, 2, 3, 5, 0, 1, 2, 0, 5, 3, 0]], "control": {"player_key": 17, "key_door": 17}, "info": {"regions": 1, "players": 15, "keys": 8, "doors": 8, "enemies": 11, "player_key": -1, "key_door": 8, "pk_path": [], "kd_path": []}, "quality": 0.47098053349621294, "diversity": 0.7987891554962019, "controlability": 0.26666666648888887}