{"content": [[5, 1, 3, 4, 3, 4, 5, 0, 4, 3, 3], [3, 5, 2, 5, 1, 5, 2, 1, 0, 0, 3], [3, 3, 5, 0, 2, 3, 2, 3, 4, 3, 5], [1, 4, 3, 2, 3, 2, 2, 0, 0, 0, 2], [3, 0, 1, 2, 2, 0, 4, 0, 0, 3, 5], [3, 2, 3, 2, 0, 2, 1, 1, 4, 4, 4], [2, 4, 2, 2, 4, 1, 2, 2, 3, 0, 3]], "control": {"player_key": 16, "key_door": 16}, "info": {"regions": 1, "players": 18, "keys": 19, "doors": 11, "enemies": 8, "player_key": 1, "key_door": 1, "pk_path": [[2, 1], [2, 0]], "kd_path": []}, "quality": 0.4595687634904907, "diversity": 0.7142856952380958, "controlability": 0.07142857137755101}