{"content": [[2, 1, 3, 1, 2, 0, 1, 0, 4, 4, 4], [5, 4, 1, 0, 5, 3, 3, 1, 4, 4, 3], [0, 1, 4, 2, 1, 5, 1, 2, 0, 5, 2], [3, 0, 4, 5, 5, 2, 2, 1, 5, 2, 1], [4, 3, 0, 0, 5, 4, 1, 0, 0, 0, 5], [0, 5, 1, 5, 3, 5, 2, 2, 2, 4, 2], [3, 5, 3, 3, 4, 1, 2, 5, 0, 1, 0]], "control": {"player_key": 17, "key_door": 17}, "info": {"regions": 1, "players": 13, "keys": 10, "doors": 12, "enemies": 14, "player_key": 2, "key_door": 8, "pk_path": [[0, 0], [1, 0], [2, 0]], "kd_path": []}, "quality": 0.46512256666210205, "diversity": 0.11111111111111116, "controlability": 0.3333333331111111}