{"content": [[4, 0, 0, 0, 5, 2, 0, 0, 1, 0, 1], [4, 4, 1, 1, 3, 4, 4, 1, 1, 2, 2], [3, 1, 4, 5, 3, 5, 1, 0, 0, 0, 3], [1, 0, 4, 2, 5, 2, 2, 1, 5, 0, 4], [2, 2, 3, 4, 5, 0, 1, 4, 1, 3, 4], [2, 2, 3, 1, 5, 5, 2, 1, 3, 4, 1], [1, 4, 2, 0, 3, 0, 1, 4, 0, 4, 2]], "control": {"player_key": 12, "key_door": 12}, "info": {"regions": 1, "players": 13, "keys": 9, "doors": 15, "enemies": 8, "player_key": 2, "key_door": 5, "pk_path": [[5, 0], [4, 0], [4, 1]], "kd_path": []}, "quality": 0.4686148161208794, "diversity": 1.0, "controlability": 0.34999999964999995}