{"content": [[1, 1, 1, 1, 7, 1, 1, 0], [5, 0, 0, 0, 1, 7, 4, 0], [0, 2, 1, 1, 7, 1, 7, 1], [7, 5, 2, 0, 0, 7, 1, 0], [1, 0, 1, 0, 7, 1, 7, 0], [1, 7, 5, 7, 7, 6, 7, 4], [0, 5, 6, 1, 0, 0, 1, 3], [4, 0, 1, 0, 1, 6, 0, 1], [7, 1, 4, 5, 5, 3, 7, 1], [4, 0, 1, 7, 6, 4, 7, 6], [6, 3, 7, 1, 7, 0, 0, 1], [5, 0, 0, 0, 7, 4, 1, 1]], "control": {"col_treasures": 8, "solution_length": 30}, "info": {"regions": 1, "players": 2, "exits": 3, "layout": 52, "heuristic": -1, "solution": [], "content": [[1, 1, 1, 1, 7, 1, 1, 0], [5, 0, 0, 0, 1, 7, 4, 0], [0, 2, 1, 1, 7, 1, 7, 1], [7, 5, 2, 0, 0, 7, 1, 0], [1, 0, 1, 0, 7, 1, 7, 0], [1, 7, 5, 7, 7, 6, 7, 4], [0, 5, 6, 1, 0, 0, 1, 3], [4, 0, 1, 0, 1, 6, 0, 1], [7, 1, 4, 5, 5, 3, 7, 1], [4, 0, 1, 7, 6, 4, 7, 6], [6, 3, 7, 1, 7, 0, 0, 1], [5, 0, 0, 0, 7, 4, 1, 1]], "potions": 7, "treasures": 7, "enemies": 25, "solution_length": 0, "enemies_loc": [[4, 0], [5, 1], [4, 2], [6, 2], [0, 3], [5, 3], [4, 4], [6, 4], [1, 5], [3, 5], [4, 5], [5, 5], [6, 5], [2, 6], [5, 7], [0, 8], [6, 8], [3, 9], [4, 9], [6, 9], [7, 9], [0, 10], [2, 10], [4, 10], [4, 11]]}, "quality": 0.33122807016162514, "diversity": 0.3428819372612849, "controlability": 0.0}