{"content": [[1, 1, 1, 1, 4, 1, 7, 1], [0, 2, 0, 0, 4, 7, 1, 7], [0, 0, 0, 4, 7, 2, 6, 1], [0, 2, 1, 0, 0, 7, 4, 1], [1, 7, 1, 6, 6, 1, 6, 6], [1, 4, 0, 1, 6, 0, 0, 4], [0, 7, 6, 1, 1, 0, 0, 5], [5, 0, 0, 0, 1, 0, 1, 4], [4, 0, 4, 1, 0, 4, 0, 1], [0, 0, 1, 0, 4, 4, 1, 6], [6, 3, 6, 1, 7, 6, 1, 1], [4, 0, 4, 0, 7, 1, 0, 1]], "control": {"col_treasures": 8, "solution_length": 30}, "info": {"regions": 2, "players": 3, "exits": 1, "layout": 56, "heuristic": -1, "solution": [], "content": [[1, 1, 1, 1, 4, 1, 7, 1], [0, 2, 0, 0, 4, 7, 1, 7], [0, 0, 0, 4, 7, 2, 6, 1], [0, 2, 1, 0, 0, 7, 4, 1], [1, 7, 1, 6, 6, 1, 6, 6], [1, 4, 0, 1, 6, 0, 0, 4], [0, 7, 6, 1, 1, 0, 0, 5], [5, 0, 0, 0, 1, 0, 1, 4], [4, 0, 4, 1, 0, 4, 0, 1], [0, 0, 1, 0, 4, 4, 1, 6], [6, 3, 6, 1, 7, 6, 1, 1], [4, 0, 4, 0, 7, 1, 0, 1]], "potions": 14, "treasures": 2, "enemies": 20, "solution_length": 0, "enemies_loc": [[6, 0], [5, 1], [7, 1], [4, 2], [6, 2], [5, 3], [1, 4], [3, 4], [4, 4], [6, 4], [7, 4], [4, 5], [1, 6], [2, 6], [7, 9], [0, 10], [2, 10], [4, 10], [5, 10], [4, 11]]}, "quality": 0.3241778865015321, "diversity": 0.4749999931250002, "controlability": 0.0}