{"content": {"layout": [13, 15, 0, 8, 0, 14, 5, 3, 12, 11, 14, 15, 6, 14, 7, 0], "start": 3, "boss": 0, "shop": 0, "treasure": 8}, "control": {"map_size": 11}, "info": {"map_size": 13, "num_regions": 1, "connect_regions": 1, "loose_connections": 11, "locations": 3, "player_boss_distance": 5, "flat": [0, 0, 0, 0, 2, 0, 0, 0, 0, 0, 0, 0, 2, 1, 2, 2, 1, 2, 0, 0, 0, 0, 1, 0, 0, 2, 0, 0, 2, 0, 0, 0, 0, 0, 2, 0, 0, 0, 0, 0, 2, 0, 0, 0, 0, 0, 2, 0, 0, 0, 0, 0, 1, 2, 2, 1, 2, 2, 1, 0, 0, 0, 0, 0, 2, 0, 0, 0, 0, 0, 0, 0, 0, 0, 0, 0, 2, 0, 0, 2, 0, 0, 2, 0, 0, 1, 2, 2, 1, 0, 0, 1, 2, 2, 1, 2, 0, 2, 0, 0, 2, 0, 0, 2, 0, 0, 2, 0, 0, 2, 0, 0, 2, 0, 0, 2, 0, 0, 0, 0, 0, 1, 2, 0, 1, 2, 2, 1, 2, 0, 0, 0, 0, 0, 0, 0, 2, 0, 0, 0, 0, 0, 0, 0], "dead_end": 0}, "quality": 0.8062499996015625, "diversity": 0.11990740552613788, "controlability": 0.8124999987304689}