{"content": [[1, 1, 1, 1, 7, 5, 5, 6], [5, 0, 0, 3, 1, 7, 5, 5], [0, 0, 6, 1, 4, 1, 7, 1], [0, 5, 7, 0, 0, 4, 6, 0], [1, 0, 1, 6, 1, 0, 6, 6], [1, 6, 0, 7, 7, 6, 1, 5], [1, 5, 6, 7, 0, 5, 1, 5], [5, 0, 6, 0, 7, 1, 7, 6], [6, 5, 4, 5, 0, 0, 4, 1], [5, 0, 5, 7, 6, 4, 7, 1], [1, 5, 7, 1, 2, 2, 0, 1], [5, 5, 6, 0, 7, 7, 0, 1]], "control": {"col_treasures": 8, "solution_length": 30}, "info": {"regions": 1, "players": 2, "exits": 1, "layout": 42, "heuristic": -1, "solution": [], "content": [[1, 1, 1, 1, 7, 5, 5, 6], [5, 0, 0, 3, 1, 7, 5, 5], [0, 0, 6, 1, 4, 1, 7, 1], [0, 5, 7, 0, 0, 4, 6, 0], [1, 0, 1, 6, 1, 0, 6, 6], [1, 6, 0, 7, 7, 6, 1, 5], [1, 5, 6, 7, 0, 5, 1, 5], [5, 0, 6, 0, 7, 1, 7, 6], [6, 5, 4, 5, 0, 0, 4, 1], [5, 0, 5, 7, 6, 4, 7, 1], [1, 5, 7, 1, 2, 2, 0, 1], [5, 5, 6, 0, 7, 7, 0, 1]], "potions": 5, "treasures": 18, "enemies": 28, "solution_length": 0, "enemies_loc": [[4, 0], [7, 0], [5, 1], [2, 2], [6, 2], [2, 3], [6, 3], [3, 4], [6, 4], [7, 4], [1, 5], [3, 5], [4, 5], [5, 5], [2, 6], [3, 6], [2, 7], [4, 7], [6, 7], [7, 7], [0, 8], [3, 9], [4, 9], [6, 9], [2, 10], [2, 11], [4, 11], [5, 11]]}, "quality": 0.32429824559493864, "diversity": 0.23363094689732167, "controlability": 0.0}