{"content": [[1, 0, 1, 0, 1, 3, 0, 0, 0, 0, 0], [1, 5, 4, 1, 0, 1, 1, 0, 0, 1, 0], [1, 1, 1, 1, 0, 0, 1, 1, 1, 4, 0], [0, 1, 0, 0, 1, 1, 0, 1, 0, 1, 0], [1, 5, 5, 1, 1, 1, 1, 1, 1, 1, 2], [1, 2, 0, 1, 4, 4, 1, 1, 5, 1, 1], [1, 1, 0, 0, 1, 4, 0, 0, 1, 1, 1]], "control": {"player_key": 17, "key_door": 17}, "info": {"regions": 1, "players": 2, "keys": 1, "doors": 5, "enemies": 4, "player_key": 9, "key_door": 16, "pk_path": [[10, 4], [9, 4], [8, 4], [7, 4], [7, 3], [7, 2], [6, 2], [6, 1], [5, 1], [5, 0]], "kd_path": []}, "quality": 0.4958881578788305, "diversity": 0.6619231284007087, "controlability": 0.7999999998}