{"content": [[1, 1, 1, 0, 1, 3, 0, 0, 0, 0, 0], [1, 5, 1, 0, 0, 1, 1, 0, 0, 1, 0], [1, 1, 1, 1, 0, 0, 1, 1, 1, 1, 0], [0, 1, 0, 0, 1, 1, 0, 1, 0, 1, 2], [1, 5, 5, 1, 4, 1, 1, 1, 1, 1, 1], [1, 0, 0, 1, 4, 0, 1, 1, 5, 1, 1], [1, 0, 0, 0, 1, 0, 0, 0, 4, 1, 1]], "control": {"player_key": 17, "key_door": 17}, "info": {"regions": 1, "players": 1, "keys": 1, "doors": 3, "enemies": 4, "player_key": 8, "key_door": 9, "pk_path": [[10, 3], [9, 3], [9, 2], [8, 2], [7, 2], [6, 2], [6, 1], [5, 1], [5, 0]], "kd_path": []}, "quality": 0.4983552631498875, "diversity": 0.8099747315867009, "controlability": 0.5666666662888888}