{"content": [[1, 1, 1, 0, 2, 3, 1, 0, 0, 0, 0], [1, 0, 4, 0, 0, 1, 1, 0, 0, 5, 0], [1, 1, 1, 1, 0, 0, 2, 2, 1, 1, 0], [0, 1, 0, 0, 5, 1, 0, 1, 0, 1, 0], [1, 5, 5, 1, 1, 3, 1, 1, 1, 1, 1], [1, 0, 1, 1, 4, 1, 1, 1, 1, 1, 1], [1, 0, 0, 0, 1, 1, 0, 0, 1, 3, 1]], "control": {"player_key": 17, "key_door": 17}, "info": {"regions": 1, "players": 3, "keys": 3, "doors": 2, "enemies": 4, "player_key": 1, "key_door": 16, "pk_path": [[4, 0], [5, 0]], "kd_path": []}, "quality": 0.4958881578706068, "diversity": 0.45833332638888913, "controlability": 0.5333333333111111}