{"content": [[4, 1, 1, 2, 1, 3, 1, 0, 0, 0, 0], [1, 1, 1, 1, 0, 1, 1, 5, 0, 1, 0], [1, 1, 1, 1, 0, 0, 3, 2, 1, 1, 0], [0, 1, 0, 0, 1, 1, 0, 1, 0, 1, 0], [1, 5, 5, 1, 4, 1, 1, 1, 1, 1, 1], [1, 0, 1, 1, 4, 0, 1, 1, 5, 1, 1], [1, 0, 0, 0, 1, 1, 0, 0, 1, 3, 1]], "control": {"player_key": 17, "key_door": 17}, "info": {"regions": 1, "players": 2, "keys": 3, "doors": 3, "enemies": 4, "player_key": 2, "key_door": 5, "pk_path": [[3, 0], [4, 0], [5, 0]], "kd_path": []}, "quality": 0.4958881578706068, "diversity": 1.0, "controlability": 0.23333333317777777}