{"content": [[1, 1, 5, 0, 1, 3, 0, 0, 0, 0, 0], [1, 5, 1, 0, 0, 1, 1, 0, 2, 1, 0], [1, 5, 1, 1, 0, 0, 3, 1, 1, 1, 0], [0, 1, 0, 0, 1, 1, 0, 1, 0, 1, 0], [1, 5, 1, 1, 1, 1, 1, 1, 1, 1, 1], [1, 0, 0, 1, 4, 0, 1, 1, 5, 1, 1], [1, 0, 0, 0, 1, 0, 0, 0, 1, 1, 1]], "control": {"player_key": 17, "key_door": 17}, "info": {"regions": 1, "players": 1, "keys": 2, "doors": 1, "enemies": 5, "player_key": 6, "key_door": 10, "pk_path": [[8, 1], [8, 2], [7, 2], [6, 2], [6, 1], [5, 1], [5, 0]], "kd_path": []}, "quality": 0.49832146717882586, "diversity": 0.4604149034512329, "controlability": 0.5333333329777777}