{"content": [[6, 5, 1, 1, 0, 5, 5, 5], [4, 0, 5, 1, 1, 7, 5, 5], [0, 5, 4, 1, 4, 0, 6, 7], [0, 5, 4, 0, 0, 7, 5, 0], [5, 0, 1, 0, 3, 1, 7, 6], [5, 5, 6, 0, 7, 0, 1, 4], [0, 4, 4, 1, 0, 1, 5, 6], [5, 0, 4, 0, 7, 0, 0, 1], [5, 5, 1, 5, 4, 0, 6, 0], [4, 0, 1, 6, 0, 0, 1, 3], [5, 5, 4, 1, 5, 6, 0, 4], [0, 0, 7, 2, 0, 7, 4, 1]], "control": {"col_treasures": 18, "solution_length": 45}, "info": {"regions": 1, "players": 1, "exits": 2, "layout": 43, "heuristic": -1, "solution": [], "content": [[6, 5, 1, 1, 0, 5, 5, 5], [4, 0, 5, 1, 1, 7, 5, 5], [0, 5, 4, 1, 4, 0, 6, 7], [0, 5, 4, 0, 0, 7, 5, 0], [5, 0, 1, 0, 3, 1, 7, 6], [5, 5, 6, 0, 7, 0, 1, 4], [0, 4, 4, 1, 0, 1, 5, 6], [5, 0, 4, 0, 7, 0, 0, 1], [5, 5, 1, 5, 4, 0, 6, 0], [4, 0, 1, 6, 0, 0, 1, 3], [5, 5, 4, 1, 5, 6, 0, 4], [0, 0, 7, 2, 0, 7, 4, 1]], "potions": 13, "treasures": 21, "enemies": 16, "solution_length": 0, "enemies_loc": [[0, 0], [5, 1], [6, 2], [7, 2], [5, 3], [6, 4], [7, 4], [2, 5], [4, 5], [7, 6], [4, 7], [6, 8], [3, 9], [5, 10], [2, 11], [5, 11]]}, "quality": 0.3256871344835382, "diversity": 0.26145832713020845, "controlability": 0.0}