{"content": [[0, 1, 1, 0, 0, 1, 0, 1, 1, 0, 0, 0, 1, 1], [0, 1, 1, 1, 1, 0, 1, 0, 1, 1, 1, 1, 1, 1], [0, 1, 0, 1, 0, 1, 1, 0, 1, 1, 0, 1, 1, 0], [0, 0, 0, 1, 1, 1, 1, 0, 1, 0, 0, 1, 0, 1], [1, 0, 0, 0, 1, 1, 1, 0, 0, 1, 1, 1, 0, 1], [0, 0, 1, 1, 0, 1, 1, 1, 1, 0, 1, 1, 1, 0], [0, 1, 0, 1, 1, 1, 1, 0, 1, 0, 0, 1, 1, 1], [0, 1, 1, 0, 1, 1, 1, 0, 0, 0, 0, 1, 1, 0], [1, 1, 0, 0, 0, 1, 0, 1, 1, 1, 0, 0, 1, 0], [1, 1, 1, 0, 1, 1, 1, 1, 0, 0, 1, 1, 1, 1], [1, 1, 1, 0, 0, 0, 1, 0, 1, 1, 1, 0, 1, 1], [0, 0, 0, 0, 1, 0, 1, 0, 0, 0, 0, 0, 1, 0], [1, 0, 1, 1, 0, 0, 1, 0, 1, 1, 0, 1, 1, 1], [0, 0, 0, 1, 0, 1, 1, 1, 0, 1, 1, 1, 0, 0]], "control": {"path": 62}, "info": {"path": 23, "regions": 9, "flat": [0, 1, 1, 0, 0, 1, 0, 1, 1, 0, 0, 0, 1, 1, 0, 1, 1, 1, 1, 0, 1, 0, 1, 1, 1, 1, 1, 1, 0, 1, 0, 1, 0, 1, 1, 0, 1, 1, 0, 1, 1, 0, 0, 0, 0, 1, 1, 1, 1, 0, 1, 0, 0, 1, 0, 1, 1, 0, 0, 0, 1, 1, 1, 0, 0, 1, 1, 1, 0, 1, 0, 0, 1, 1, 0, 1, 1, 1, 1, 0, 1, 1, 1, 0, 0, 1, 0, 1, 1, 1, 1, 0, 1, 0, 0, 1, 1, 1, 0, 1, 1, 0, 1, 1, 1, 0, 0, 0, 0, 1, 1, 0, 1, 1, 0, 0, 0, 1, 0, 1, 1, 1, 0, 0, 1, 0, 1, 1, 1, 0, 1, 1, 1, 1, 0, 0, 1, 1, 1, 1, 1, 1, 1, 0, 0, 0, 1, 0, 1, 1, 1, 0, 1, 1, 0, 0, 0, 0, 1, 0, 1, 0, 0, 0, 0, 0, 1, 0, 1, 0, 1, 1, 0, 0, 1, 0, 1, 1, 0, 1, 1, 1, 0, 0, 0, 1, 0, 1, 1, 1, 0, 1, 1, 1, 0, 0]}, "quality": 0.695660521973545, "diversity": 0.869412050429679, "controlability": 0.41818181810578514}