{"content": [[1, 1, 1, 0, 1, 1, 1, 1, 1, 1, 0, 0, 0, 1], [0, 1, 1, 1, 1, 0, 1, 0, 0, 1, 1, 1, 1, 1], [1, 1, 0, 0, 0, 0, 1, 1, 1, 1, 0, 0, 0, 1], [0, 1, 1, 1, 1, 1, 0, 0, 0, 0, 0, 1, 0, 1], [1, 0, 1, 0, 1, 0, 1, 0, 1, 1, 1, 1, 1, 0], [1, 1, 1, 1, 1, 0, 1, 1, 1, 1, 1, 0, 1, 0], [1, 1, 1, 1, 0, 1, 1, 0, 0, 1, 0, 0, 1, 0], [1, 1, 0, 0, 0, 1, 1, 1, 0, 0, 1, 1, 1, 1], [1, 1, 1, 1, 0, 1, 0, 0, 1, 1, 1, 1, 1, 0], [1, 0, 0, 0, 0, 1, 1, 1, 0, 0, 1, 1, 1, 1], [0, 1, 0, 1, 0, 1, 1, 0, 0, 0, 1, 1, 0, 1], [0, 1, 0, 0, 0, 0, 1, 0, 0, 1, 1, 0, 0, 0], [1, 1, 1, 1, 1, 0, 1, 1, 0, 0, 1, 1, 1, 0], [1, 0, 1, 1, 1, 1, 1, 1, 0, 0, 1, 0, 0, 0]], "control": {"path": 92}, "info": {"path": 37, "regions": 3, "flat": [1, 1, 1, 0, 1, 1, 1, 1, 1, 1, 0, 0, 0, 1, 0, 1, 1, 1, 1, 0, 1, 0, 0, 1, 1, 1, 1, 1, 1, 1, 0, 0, 0, 0, 1, 1, 1, 1, 0, 0, 0, 1, 0, 1, 1, 1, 1, 1, 0, 0, 0, 0, 0, 1, 0, 1, 1, 0, 1, 0, 1, 0, 1, 0, 1, 1, 1, 1, 1, 0, 1, 1, 1, 1, 1, 0, 1, 1, 1, 1, 1, 0, 1, 0, 1, 1, 1, 1, 0, 1, 1, 0, 0, 1, 0, 0, 1, 0, 1, 1, 0, 0, 0, 1, 1, 1, 0, 0, 1, 1, 1, 1, 1, 1, 1, 1, 0, 1, 0, 0, 1, 1, 1, 1, 1, 0, 1, 0, 0, 0, 0, 1, 1, 1, 0, 0, 1, 1, 1, 1, 0, 1, 0, 1, 0, 1, 1, 0, 0, 0, 1, 1, 0, 1, 0, 1, 0, 0, 0, 0, 1, 0, 0, 1, 1, 0, 0, 0, 1, 1, 1, 1, 1, 0, 1, 1, 0, 0, 1, 1, 1, 0, 1, 0, 1, 1, 1, 1, 1, 1, 0, 0, 1, 0, 0, 0]}, "quality": 0.9462365588998728, "diversity": 1.0, "controlability": 0.4352941175958478}