{"content": [[0, 1, 0, 0, 1, 1, 1, 0, 0, 1, 0, 0, 1, 1], [0, 1, 1, 1, 1, 0, 0, 0, 1, 1, 1, 1, 1, 1], [1, 1, 1, 1, 1, 0, 1, 0, 1, 1, 0, 1, 1, 1], [1, 1, 1, 1, 1, 0, 1, 1, 1, 1, 0, 1, 1, 0], [1, 0, 1, 0, 0, 1, 1, 0, 1, 1, 1, 1, 1, 1], [0, 0, 1, 1, 1, 0, 0, 1, 1, 1, 1, 1, 1, 1], [1, 1, 0, 0, 1, 1, 1, 0, 0, 1, 0, 0, 1, 0], [1, 1, 1, 1, 0, 1, 1, 0, 0, 1, 1, 1, 1, 1], [1, 1, 1, 0, 0, 0, 1, 1, 1, 1, 1, 0, 0, 0], [1, 0, 1, 1, 1, 1, 1, 0, 0, 0, 0, 0, 1, 1], [0, 1, 1, 1, 1, 1, 0, 0, 0, 1, 1, 1, 1, 0], [1, 1, 1, 1, 1, 0, 0, 0, 0, 1, 0, 1, 1, 1], [0, 1, 0, 0, 1, 1, 0, 1, 0, 1, 1, 1, 1, 0], [0, 0, 1, 1, 1, 1, 0, 1, 0, 1, 0, 0, 1, 1]], "control": {"path": 93}, "info": {"path": 31, "regions": 3, "flat": [0, 1, 0, 0, 1, 1, 1, 0, 0, 1, 0, 0, 1, 1, 0, 1, 1, 1, 1, 0, 0, 0, 1, 1, 1, 1, 1, 1, 1, 1, 1, 1, 1, 0, 1, 0, 1, 1, 0, 1, 1, 1, 1, 1, 1, 1, 1, 0, 1, 1, 1, 1, 0, 1, 1, 0, 1, 0, 1, 0, 0, 1, 1, 0, 1, 1, 1, 1, 1, 1, 0, 0, 1, 1, 1, 0, 0, 1, 1, 1, 1, 1, 1, 1, 1, 1, 0, 0, 1, 1, 1, 0, 0, 1, 0, 0, 1, 0, 1, 1, 1, 1, 0, 1, 1, 0, 0, 1, 1, 1, 1, 1, 1, 1, 1, 0, 0, 0, 1, 1, 1, 1, 1, 0, 0, 0, 1, 0, 1, 1, 1, 1, 1, 0, 0, 0, 0, 0, 1, 1, 0, 1, 1, 1, 1, 1, 0, 0, 0, 1, 1, 1, 1, 0, 1, 1, 1, 1, 1, 0, 0, 0, 0, 1, 0, 1, 1, 1, 0, 1, 0, 0, 1, 1, 0, 1, 0, 1, 1, 1, 1, 0, 0, 0, 1, 1, 1, 1, 0, 1, 0, 1, 0, 0, 1, 1]}, "quality": 0.9462365588998728, "diversity": 0.7530762303998928, "controlability": 0.36046511623715527}