{"content": [[2, 1, 3, 4, 4, 4, 5, 3], [7, 0, 5, 0, 2, 6, 0, 0], [0, 3, 1, 3, 0, 2, 4, 1], [3, 2, 1, 0, 0, 1, 1, 1], [0, 0, 6, 6, 1, 7, 0, 2], [1, 2, 1, 6, 1, 5, 0, 0], [7, 1, 4, 1, 0, 6, 1, 5], [5, 5, 7, 0, 0, 2, 0, 1], [4, 0, 4, 3, 2, 4, 1, 1], [1, 0, 0, 0, 6, 0, 2, 5], [2, 0, 1, 6, 1, 6, 0, 6], [5, 6, 0, 3, 4, 1, 0, 1]], "control": {"col_treasures": 4, "solution_length": 23}, "info": {"regions": 1, "players": 10, "exits": 7, "layout": 48, "heuristic": -1, "solution": [], "content": [[2, 1, 3, 4, 4, 4, 5, 3], [7, 0, 5, 0, 2, 6, 0, 0], [0, 3, 1, 3, 0, 2, 4, 1], [3, 2, 1, 0, 0, 1, 1, 1], [0, 0, 6, 6, 1, 7, 0, 2], [1, 2, 1, 6, 1, 5, 0, 0], [7, 1, 4, 1, 0, 6, 1, 5], [5, 5, 7, 0, 0, 2, 0, 1], [4, 0, 4, 3, 2, 4, 1, 1], [1, 0, 0, 0, 6, 0, 2, 5], [2, 0, 1, 6, 1, 6, 0, 6], [5, 6, 0, 3, 4, 1, 0, 1]], "potions": 9, "treasures": 8, "enemies": 14, "solution_length": 0, "enemies_loc": [[0, 1], [5, 1], [2, 4], [3, 4], [5, 4], [3, 5], [0, 6], [5, 6], [2, 7], [4, 9], [3, 10], [5, 10], [7, 10], [1, 11]]}, "quality": 0.32280701753093255, "diversity": 0.3502906894985467, "controlability": 0.0}