{"content": [[1, 1, 1, 0, 7, 1, 7, 7], [0, 0, 4, 5, 1, 0, 6, 6], [0, 0, 4, 4, 4, 1, 6, 1], [4, 7, 1, 0, 0, 7, 6, 5], [0, 7, 1, 0, 6, 1, 6, 0], [1, 3, 5, 1, 1, 0, 1, 1], [0, 1, 1, 0, 4, 7, 1, 5], [7, 0, 0, 0, 7, 0, 0, 1], [5, 0, 1, 5, 1, 4, 1, 1], [1, 0, 1, 7, 4, 4, 7, 3], [5, 7, 4, 1, 7, 6, 7, 1], [7, 6, 2, 0, 0, 1, 0, 1]], "control": {"col_treasures": 18, "solution_length": 45}, "info": {"regions": 1, "players": 1, "exits": 2, "layout": 53, "heuristic": -1, "solution": [], "content": [[1, 1, 1, 0, 7, 1, 7, 7], [0, 0, 4, 5, 1, 0, 6, 6], [0, 0, 4, 4, 4, 1, 6, 1], [4, 7, 1, 0, 0, 7, 6, 5], [0, 7, 1, 0, 6, 1, 6, 0], [1, 3, 5, 1, 1, 0, 1, 1], [0, 1, 1, 0, 4, 7, 1, 5], [7, 0, 0, 0, 7, 0, 0, 1], [5, 0, 1, 5, 1, 4, 1, 1], [1, 0, 1, 7, 4, 4, 7, 3], [5, 7, 4, 1, 7, 6, 7, 1], [7, 6, 2, 0, 0, 1, 0, 1]], "potions": 10, "treasures": 7, "enemies": 23, "solution_length": 0, "enemies_loc": [[4, 0], [6, 0], [7, 0], [6, 1], [7, 1], [6, 2], [1, 3], [5, 3], [6, 3], [1, 4], [4, 4], [6, 4], [5, 6], [0, 7], [4, 7], [3, 9], [6, 9], [1, 10], [4, 10], [5, 10], [6, 10], [0, 11], [1, 11]]}, "quality": 0.3326315789404248, "diversity": 0.2844551214783655, "controlability": 0.0}