{"content": [[7, 1, 1, 5, 0, 1, 5, 5], [5, 0, 5, 1, 1, 7, 0, 0], [0, 0, 4, 1, 4, 1, 6, 7], [0, 5, 4, 3, 0, 7, 1, 0], [1, 0, 1, 0, 1, 1, 7, 0], [1, 4, 4, 0, 5, 3, 1, 5], [0, 4, 4, 1, 0, 0, 6, 5], [6, 0, 4, 0, 7, 0, 0, 1], [6, 0, 4, 5, 4, 4, 4, 1], [5, 0, 1, 7, 1, 4, 1, 1], [5, 5, 6, 1, 4, 0, 0, 1], [5, 0, 2, 4, 0, 7, 6, 1]], "control": {"col_treasures": 18, "solution_length": 45}, "info": {"regions": 1, "players": 1, "exits": 2, "layout": 50, "heuristic": -1, "solution": [], "content": [[7, 1, 1, 5, 0, 1, 5, 5], [5, 0, 5, 1, 1, 7, 0, 0], [0, 0, 4, 1, 4, 1, 6, 7], [0, 5, 4, 3, 0, 7, 1, 0], [1, 0, 1, 0, 1, 1, 7, 0], [1, 4, 4, 0, 5, 3, 1, 5], [0, 4, 4, 1, 0, 0, 6, 5], [6, 0, 4, 0, 7, 0, 0, 1], [6, 0, 4, 5, 4, 4, 4, 1], [5, 0, 1, 7, 1, 4, 1, 1], [5, 5, 6, 1, 4, 0, 0, 1], [5, 0, 2, 4, 0, 7, 6, 1]], "potions": 15, "treasures": 14, "enemies": 14, "solution_length": 0, "enemies_loc": [[0, 0], [5, 1], [6, 2], [7, 2], [5, 3], [6, 4], [6, 6], [0, 7], [4, 7], [0, 8], [3, 9], [2, 10], [5, 11], [6, 11]]}, "quality": 0.3326315789404248, "diversity": 0.3064814743750003, "controlability": 0.0}