{"content": [[1, 5, 4, 6, 7, 5, 5, 6], [1, 0, 0, 0, 1, 1, 4, 4], [0, 2, 4, 1, 4, 1, 6, 1], [0, 5, 1, 5, 0, 1, 0, 5], [6, 4, 1, 0, 6, 6, 7, 6], [1, 3, 5, 2, 1, 7, 0, 4], [0, 5, 6, 0, 0, 0, 0, 5], [4, 0, 7, 0, 1, 0, 1, 1], [5, 6, 4, 5, 5, 4, 1, 4], [4, 1, 1, 4, 1, 4, 1, 1], [6, 7, 1, 7, 5, 0, 0, 4], [0, 5, 7, 0, 5, 1, 5, 1]], "control": {"col_treasures": 18, "solution_length": 45}, "info": {"regions": 1, "players": 2, "exits": 1, "layout": 45, "heuristic": -1, "solution": [], "content": [[1, 5, 4, 6, 7, 5, 5, 6], [1, 0, 0, 0, 1, 1, 4, 4], [0, 2, 4, 1, 4, 1, 6, 1], [0, 5, 1, 5, 0, 1, 0, 5], [6, 4, 1, 0, 6, 6, 7, 6], [1, 3, 5, 2, 1, 7, 0, 4], [0, 5, 6, 0, 0, 0, 0, 5], [4, 0, 7, 0, 1, 0, 1, 1], [5, 6, 4, 5, 5, 4, 1, 4], [4, 1, 1, 4, 1, 4, 1, 1], [6, 7, 1, 7, 5, 0, 0, 4], [0, 5, 7, 0, 5, 1, 5, 1]], "potions": 15, "treasures": 16, "enemies": 17, "solution_length": 0, "enemies_loc": [[3, 0], [4, 0], [7, 0], [6, 2], [0, 4], [4, 4], [5, 4], [6, 4], [7, 4], [5, 5], [2, 6], [2, 7], [1, 8], [0, 10], [1, 10], [3, 10], [2, 11]]}, "quality": 0.32846491226073726, "diversity": 0.33854165929008173, "controlability": 0.0}