{"content": [[0, 1, 0, 1, 1, 1, 1, 0, 1, 1, 0, 0, 1, 1], [0, 1, 1, 1, 0, 1, 1, 0, 0, 1, 1, 1, 0, 1], [1, 1, 0, 1, 0, 0, 0, 0, 0, 1, 1, 1, 0, 1], [1, 1, 1, 0, 0, 0, 1, 1, 1, 0, 1, 0, 1, 1], [1, 0, 0, 0, 0, 1, 1, 1, 0, 0, 0, 0, 0, 1], [0, 1, 1, 1, 0, 1, 0, 1, 1, 1, 1, 1, 1, 0], [1, 0, 0, 0, 1, 0, 1, 1, 0, 1, 0, 0, 1, 0], [1, 1, 0, 1, 1, 1, 1, 0, 1, 1, 0, 1, 0, 1], [1, 1, 0, 1, 0, 0, 1, 0, 1, 1, 0, 0, 0, 0], [1, 0, 1, 1, 0, 1, 1, 0, 1, 1, 0, 1, 1, 1], [0, 0, 0, 1, 1, 1, 0, 0, 0, 1, 1, 1, 0, 0], [1, 0, 1, 1, 0, 0, 1, 0, 1, 1, 0, 1, 1, 1], [0, 0, 1, 1, 0, 1, 0, 1, 1, 0, 1, 1, 1, 0], [0, 0, 1, 1, 1, 0, 0, 1, 1, 0, 0, 0, 0, 0]], "control": {"path": 45}, "info": {"path": 25, "regions": 11, "flat": [0, 1, 0, 1, 1, 1, 1, 0, 1, 1, 0, 0, 1, 1, 0, 1, 1, 1, 0, 1, 1, 0, 0, 1, 1, 1, 0, 1, 1, 1, 0, 1, 0, 0, 0, 0, 0, 1, 1, 1, 0, 1, 1, 1, 1, 0, 0, 0, 1, 1, 1, 0, 1, 0, 1, 1, 1, 0, 0, 0, 0, 1, 1, 1, 0, 0, 0, 0, 0, 1, 0, 1, 1, 1, 0, 1, 0, 1, 1, 1, 1, 1, 1, 0, 1, 0, 0, 0, 1, 0, 1, 1, 0, 1, 0, 0, 1, 0, 1, 1, 0, 1, 1, 1, 1, 0, 1, 1, 0, 1, 0, 1, 1, 1, 0, 1, 0, 0, 1, 0, 1, 1, 0, 0, 0, 0, 1, 0, 1, 1, 0, 1, 1, 0, 1, 1, 0, 1, 1, 1, 0, 0, 0, 1, 1, 1, 0, 0, 0, 1, 1, 1, 0, 0, 1, 0, 1, 1, 0, 0, 1, 0, 1, 1, 0, 1, 1, 1, 0, 0, 1, 1, 0, 1, 0, 1, 1, 0, 1, 1, 1, 0, 0, 0, 1, 1, 1, 0, 0, 1, 1, 0, 0, 0, 0, 0]}, "quality": 0.6776113668437656, "diversity": 0.8013605441239762, "controlability": 0.657894736668975}