{"content": [[1, 1, 1, 0, 1, 1, 1, 1, 1, 1, 0], [1, 1, 0, 1, 0, 1, 1, 1, 0, 1, 0], [1, 1, 1, 1, 1, 1, 1, 0, 0, 1, 0], [0, 1, 0, 0, 0, 1, 0, 0, 0, 1, 0], [1, 5, 1, 1, 5, 5, 0, 1, 1, 1, 1], [1, 0, 1, 1, 4, 0, 1, 1, 0, 1, 1], [1, 0, 0, 0, 1, 1, 0, 0, 2, 3, 1]], "control": {"player_key": 17, "key_door": 17}, "info": {"regions": 1, "players": 1, "keys": 1, "doors": 1, "enemies": 3, "player_key": 1, "key_door": 16, "pk_path": [[8, 6], [9, 6]], "kd_path": []}, "quality": 0.9861111109799383, "diversity": 0.11111111111111116, "controlability": 0.5333333333111111}