{"content": [[1, 1, 1, 0, 0, 3, 1, 0, 0, 0, 0], [1, 5, 1, 1, 0, 1, 1, 2, 0, 1, 2], [2, 1, 1, 1, 0, 0, 1, 2, 0, 1, 0], [0, 1, 0, 0, 1, 2, 0, 5, 0, 1, 1], [1, 4, 5, 1, 1, 1, 1, 1, 1, 1, 1], [1, 0, 0, 1, 3, 0, 4, 2, 4, 5, 1], [1, 3, 4, 0, 2, 0, 0, 0, 1, 5, 1]], "control": {"player_key": 17, "key_door": 17}, "info": {"regions": 1, "players": 7, "keys": 3, "doors": 4, "enemies": 5, "player_key": 3, "key_door": 12, "pk_path": [[7, 1], [6, 1], [6, 0], [5, 0]], "kd_path": []}, "quality": 0.49009778295293427, "diversity": 1.0, "controlability": 0.49999999966666664}