{"content": [[1, 1, 1, 0, 0, 3, 1, 0, 0, 0, 0], [2, 5, 1, 1, 0, 1, 2, 2, 4, 3, 0], [2, 1, 1, 1, 0, 0, 1, 2, 0, 1, 0], [2, 1, 0, 2, 1, 2, 0, 1, 0, 1, 1], [0, 2, 5, 1, 1, 1, 1, 1, 1, 1, 1], [1, 3, 1, 1, 0, 0, 1, 2, 4, 5, 2], [1, 0, 4, 0, 4, 3, 1, 0, 1, 0, 1]], "control": {"player_key": 17, "key_door": 17}, "info": {"regions": 1, "players": 11, "keys": 4, "doors": 4, "enemies": 3, "player_key": 16, "key_door": 4, "pk_path": [[0, 1], [0, 2], [0, 3], [1, 3], [1, 4], [2, 4], [3, 4], [4, 4], [5, 4], [6, 4], [7, 4], [7, 3], [7, 2], [7, 1], [6, 1], [6, 0], [5, 0]], "kd_path": []}, "quality": 0.48684210524021815, "diversity": 0.7707220268021433, "controlability": 0.6333333332444444}