{"content": [[4, 1, 1, 3, 2, 3, 1, 0, 0, 0, 0], [1, 2, 1, 1, 0, 1, 1, 2, 0, 1, 0], [0, 1, 1, 1, 0, 0, 1, 2, 0, 1, 0], [0, 1, 0, 0, 1, 1, 0, 5, 0, 1, 1], [1, 5, 5, 1, 1, 1, 4, 1, 1, 1, 1], [1, 1, 1, 1, 4, 0, 4, 2, 4, 2, 1], [1, 2, 3, 0, 4, 1, 0, 3, 1, 5, 1]], "control": {"player_key": 17, "key_door": 17}, "info": {"regions": 1, "players": 7, "keys": 4, "doors": 6, "enemies": 4, "player_key": 1, "key_door": 3, "pk_path": [[4, 0], [3, 0]], "kd_path": []}, "quality": 0.488486842082107, "diversity": 0.033333333333333326, "controlability": 0.13333333324444444}