{"content": [[4, 3, 1, 0, 5, 3, 1, 0, 0, 0, 0], [1, 2, 1, 1, 0, 1, 1, 2, 0, 0, 0], [0, 1, 1, 1, 0, 0, 1, 2, 2, 1, 0], [0, 1, 0, 0, 1, 1, 0, 1, 0, 1, 1], [1, 5, 5, 1, 1, 1, 1, 1, 1, 1, 1], [1, 0, 1, 1, 4, 0, 1, 2, 4, 2, 1], [1, 2, 3, 0, 1, 1, 0, 0, 1, 5, 1]], "control": {"player_key": 17, "key_door": 17}, "info": {"regions": 1, "players": 7, "keys": 3, "doors": 3, "enemies": 4, "player_key": 1, "key_door": 1, "pk_path": [[1, 1], [1, 0]], "kd_path": []}, "quality": 0.4917763157658847, "diversity": 0.4444444351851855, "controlability": 0.06666666662222222}