{"content": [[1, 1, 1, 0, 0, 3, 1, 0, 0, 2, 0], [1, 5, 1, 1, 0, 1, 2, 2, 4, 3, 0], [3, 4, 1, 1, 0, 0, 1, 3, 0, 1, 0], [0, 1, 0, 0, 1, 2, 0, 1, 0, 1, 1], [4, 1, 5, 1, 1, 1, 1, 1, 1, 1, 1], [1, 3, 1, 1, 0, 0, 4, 2, 4, 5, 2], [1, 3, 4, 0, 4, 3, 1, 0, 1, 5, 0]], "control": {"player_key": 17, "key_door": 17}, "info": {"regions": 1, "players": 6, "keys": 7, "doors": 7, "enemies": 4, "player_key": 12, "key_door": 4, "pk_path": [[9, 0], [9, 1], [9, 2], [9, 3], [9, 4], [8, 4], [7, 4], [7, 3], [7, 2], [7, 1], [6, 1], [6, 0], [5, 0]], "kd_path": []}, "quality": 0.48601973681927374, "diversity": 0.6748677090388012, "controlability": 0.5333333329777777}