{"content": [[1, 1, 1, 0, 0, 2, 1, 0, 0, 0, 0], [1, 5, 1, 1, 0, 1, 2, 2, 4, 3, 0], [2, 1, 1, 1, 0, 0, 1, 2, 0, 1, 0], [0, 1, 0, 0, 1, 1, 0, 1, 0, 1, 1], [0, 4, 5, 1, 1, 1, 1, 1, 1, 1, 1], [1, 3, 1, 1, 4, 0, 4, 2, 4, 5, 1], [1, 3, 4, 0, 1, 3, 1, 0, 1, 5, 1]], "control": {"player_key": 17, "key_door": 17}, "info": {"regions": 1, "players": 6, "keys": 4, "doors": 6, "enemies": 4, "player_key": 11, "key_door": 1, "pk_path": [[5, 0], [5, 1], [6, 1], [6, 2], [7, 2], [7, 3], [7, 4], [8, 4], [9, 4], [9, 3], [9, 2], [9, 1]], "kd_path": []}, "quality": 0.48930921050305143, "diversity": 0.5277777657407412, "controlability": 0.3999999997333333}