{"content": [[1, 1, 7, 1, 0, 7, 5, 2], [1, 0, 7, 0, 2, 7, 3, 1], [0, 5, 7, 1, 0, 6, 2, 1], [0, 5, 1, 0, 0, 7, 0, 0], [0, 7, 1, 1, 0, 1, 3, 0], [4, 6, 1, 0, 1, 2, 0, 4], [1, 1, 0, 0, 5, 0, 1, 5], [5, 0, 0, 0, 7, 4, 0, 0], [5, 0, 1, 5, 4, 1, 1, 7], [1, 6, 1, 6, 0, 1, 7, 0], [2, 0, 1, 1, 2, 6, 0, 6], [0, 0, 2, 0, 6, 1, 6, 1]], "control": {"col_treasures": 8, "solution_length": 30}, "info": {"regions": 2, "players": 7, "exits": 2, "layout": 57, "heuristic": -1, "solution": [], "content": [[1, 1, 7, 1, 0, 7, 5, 2], [1, 0, 7, 0, 2, 7, 3, 1], [0, 5, 7, 1, 0, 6, 2, 1], [0, 5, 1, 0, 0, 7, 0, 0], [0, 7, 1, 1, 0, 1, 3, 0], [4, 6, 1, 0, 1, 2, 0, 4], [1, 1, 0, 0, 5, 0, 1, 5], [5, 0, 0, 0, 7, 4, 0, 0], [5, 0, 1, 5, 4, 1, 1, 7], [1, 6, 1, 6, 0, 1, 7, 0], [2, 0, 1, 1, 2, 6, 0, 6], [0, 0, 2, 0, 6, 1, 6, 1]], "potions": 4, "treasures": 8, "enemies": 18, "solution_length": 0, "enemies_loc": [[2, 0], [5, 0], [2, 1], [5, 1], [2, 2], [5, 2], [5, 3], [1, 4], [1, 5], [4, 7], [7, 8], [1, 9], [3, 9], [6, 9], [5, 10], [7, 10], [4, 11], [6, 11]]}, "quality": 0.3206691145650593, "diversity": 0.3282490003255212, "controlability": 0.0}