{"content": [[1, 1, 1, 0, 1, 1, 1, 2, 0, 1, 0], [1, 5, 1, 1, 0, 1, 1, 0, 0, 1, 0], [1, 1, 1, 1, 0, 1, 1, 5, 1, 1, 0], [4, 1, 0, 0, 1, 1, 0, 1, 0, 1, 0], [1, 5, 5, 0, 1, 1, 1, 1, 1, 1, 1], [2, 0, 1, 2, 4, 0, 1, 1, 5, 1, 1], [1, 0, 0, 0, 1, 1, 0, 0, 1, 3, 1]], "control": {"player_key": 17, "key_door": 17}, "info": {"regions": 1, "players": 3, "keys": 1, "doors": 2, "enemies": 5, "player_key": 10, "key_door": 14, "pk_path": [[7, 0], [6, 0], [6, 1], [6, 2], [7, 2], [7, 3], [7, 4], [7, 5], [8, 5], [8, 6], [9, 6]], "kd_path": []}, "quality": 0.4966767303287134, "diversity": 0.7137403555828126, "controlability": 0.7999999994666667}