{"content": [[1, 1, 1, 0, 1, 1, 1, 0, 0, 1, 0], [1, 1, 1, 1, 0, 1, 1, 0, 0, 1, 0], [1, 1, 1, 1, 0, 1, 1, 5, 3, 1, 0], [5, 1, 0, 0, 1, 1, 0, 1, 0, 1, 0], [3, 5, 2, 1, 1, 1, 1, 1, 1, 4, 1], [1, 0, 1, 1, 1, 0, 1, 1, 5, 1, 1], [1, 0, 0, 0, 1, 1, 0, 0, 1, 3, 1]], "control": {"player_key": 17, "key_door": 17}, "info": {"regions": 1, "players": 1, "keys": 3, "doors": 1, "enemies": 4, "player_key": 8, "key_door": 3, "pk_path": [[2, 4], [3, 4], [4, 4], [4, 3], [5, 3], [5, 2], [6, 2], [7, 2], [8, 2]], "kd_path": []}, "quality": 0.4983552631498875, "diversity": 1.0, "controlability": 0.36666666642222223}