{"content": [[0, 1, 1, 0, 5, 1, 1, 1, 0, 1, 2], [1, 1, 1, 1, 0, 1, 1, 0, 0, 1, 0], [1, 1, 1, 1, 1, 1, 1, 5, 1, 1, 5], [0, 1, 0, 0, 0, 0, 0, 1, 0, 0, 0], [5, 5, 5, 1, 1, 5, 1, 1, 1, 1, 1], [1, 0, 1, 1, 5, 0, 0, 4, 5, 1, 1], [1, 1, 0, 0, 1, 1, 1, 5, 1, 3, 1]], "control": {"player_key": 17, "key_door": 17}, "info": {"regions": 1, "players": 1, "keys": 1, "doors": 1, "enemies": 10, "player_key": 11, "key_door": 3, "pk_path": [[10, 0], [9, 0], [9, 1], [9, 2], [8, 2], [7, 2], [7, 3], [7, 4], [8, 4], [8, 5], [8, 6], [9, 6]], "kd_path": []}, "quality": 0.9393074580271918, "diversity": 0.7832611638191445, "controlability": 0.46666666635555554}