{"content": [[1, 1, 1, 0, 5, 1, 1, 1, 0, 1, 0], [1, 1, 1, 1, 0, 1, 1, 0, 0, 1, 3], [1, 2, 1, 1, 1, 1, 1, 5, 1, 1, 1], [0, 1, 0, 0, 0, 1, 0, 1, 0, 1, 0], [0, 5, 5, 1, 1, 5, 1, 1, 1, 1, 1], [1, 5, 1, 1, 5, 0, 1, 4, 5, 1, 1], [5, 1, 0, 0, 1, 1, 0, 0, 1, 0, 1]], "control": {"player_key": 17, "key_door": 17}, "info": {"regions": 1, "players": 1, "keys": 1, "doors": 1, "enemies": 9, "player_key": 10, "key_door": 7, "pk_path": [[1, 2], [2, 2], [3, 2], [4, 2], [5, 2], [6, 2], [7, 2], [8, 2], [9, 2], [9, 1], [10, 1]], "kd_path": []}, "quality": 0.9818302890541548, "diversity": 0.8525698360381597, "controlability": 0.5666666662888888}