{"content": {"layout": [15, 15, 0, 14, 0, 14, 5, 3, 12, 15, 0, 0, 6, 14, 5, 0], "start": 3, "boss": 8, "shop": 8, "treasure": 0}, "control": {"map_size": 11}, "info": {"map_size": 11, "num_regions": 1, "connect_regions": 1, "loose_connections": 11, "locations": 3, "player_boss_distance": 5, "flat": [0, 2, 0, 0, 2, 0, 0, 0, 0, 0, 2, 0, 2, 1, 2, 2, 1, 2, 0, 0, 0, 0, 1, 2, 0, 2, 0, 0, 2, 0, 0, 0, 0, 0, 2, 0, 0, 0, 0, 0, 2, 0, 0, 0, 0, 0, 2, 0, 0, 0, 0, 0, 1, 2, 2, 1, 2, 2, 1, 0, 0, 0, 0, 0, 2, 0, 0, 0, 0, 0, 0, 0, 0, 0, 0, 0, 2, 0, 0, 0, 0, 0, 0, 0, 0, 1, 2, 2, 1, 2, 0, 0, 0, 0, 0, 0, 0, 2, 0, 0, 2, 0, 0, 0, 0, 0, 0, 0, 0, 2, 0, 0, 2, 0, 0, 0, 0, 0, 0, 0, 0, 1, 2, 0, 1, 2, 2, 1, 2, 0, 0, 0, 0, 0, 0, 0, 2, 0, 0, 0, 0, 0, 0, 0], "dead_end": 0}, "quality": 0.8062499996015625, "diversity": 0.10852581352875179, "controlability": 0.4999999992187501}