{"content": [[0, 1, 1, 0, 1, 0, 1, 1, 1, 1, 0, 0, 1, 1], [0, 1, 0, 1, 1, 0, 1, 1, 1, 1, 1, 1, 0, 1], [1, 1, 1, 1, 0, 0, 0, 0, 1, 1, 0, 1, 0, 1], [0, 1, 1, 1, 0, 1, 1, 1, 1, 1, 1, 0, 1, 0], [0, 0, 1, 1, 0, 1, 1, 0, 1, 1, 1, 0, 1, 0], [0, 1, 1, 1, 0, 1, 1, 0, 1, 0, 1, 0, 1, 0], [0, 1, 0, 1, 1, 1, 1, 0, 0, 0, 1, 1, 1, 1], [0, 0, 1, 1, 0, 0, 0, 0, 0, 0, 0, 1, 1, 1], [1, 0, 1, 0, 0, 1, 0, 1, 1, 1, 0, 1, 1, 0], [1, 1, 1, 1, 1, 1, 1, 1, 0, 1, 1, 0, 1, 0], [1, 0, 0, 0, 1, 1, 1, 0, 0, 1, 0, 0, 1, 0], [0, 0, 0, 0, 0, 1, 1, 0, 1, 1, 0, 0, 1, 0], [0, 0, 1, 1, 0, 0, 1, 0, 1, 1, 0, 1, 1, 1], [0, 0, 1, 0, 0, 1, 1, 1, 1, 0, 1, 1, 1, 0]], "control": {"path": 62}, "info": {"path": 40, "regions": 3, "flat": [0, 1, 1, 0, 1, 0, 1, 1, 1, 1, 0, 0, 1, 1, 0, 1, 0, 1, 1, 0, 1, 1, 1, 1, 1, 1, 0, 1, 1, 1, 1, 1, 0, 0, 0, 0, 1, 1, 0, 1, 0, 1, 0, 1, 1, 1, 0, 1, 1, 1, 1, 1, 1, 0, 1, 0, 0, 0, 1, 1, 0, 1, 1, 0, 1, 1, 1, 0, 1, 0, 0, 1, 1, 1, 0, 1, 1, 0, 1, 0, 1, 0, 1, 0, 0, 1, 0, 1, 1, 1, 1, 0, 0, 0, 1, 1, 1, 1, 0, 0, 1, 1, 0, 0, 0, 0, 0, 0, 0, 1, 1, 1, 1, 0, 1, 0, 0, 1, 0, 1, 1, 1, 0, 1, 1, 0, 1, 1, 1, 1, 1, 1, 1, 1, 0, 1, 1, 0, 1, 0, 1, 0, 0, 0, 1, 1, 1, 0, 0, 1, 0, 0, 1, 0, 0, 0, 0, 0, 0, 1, 1, 0, 1, 1, 0, 0, 1, 0, 0, 0, 1, 1, 0, 0, 1, 0, 1, 1, 0, 1, 1, 1, 0, 0, 1, 0, 0, 1, 1, 1, 1, 0, 1, 1, 1, 0]}, "quality": 0.9462365588998728, "diversity": 0.48896103890099063, "controlability": 0.7272727271404958}