{"content": [[0, 0, 1, 1, 1, 1, 1, 1, 1, 0, 0, 0, 0, 1], [0, 1, 1, 1, 0, 0, 1, 1, 0, 1, 1, 1, 0, 0], [0, 1, 1, 1, 0, 0, 0, 0, 1, 1, 0, 1, 1, 1], [0, 0, 1, 0, 1, 1, 1, 1, 0, 1, 0, 0, 1, 1], [0, 0, 1, 1, 0, 1, 1, 0, 0, 0, 1, 1, 1, 0], [0, 1, 1, 1, 0, 1, 0, 0, 1, 1, 1, 0, 0, 0], [0, 1, 1, 0, 1, 1, 1, 1, 0, 0, 1, 1, 1, 1], [0, 0, 0, 1, 0, 0, 0, 0, 0, 0, 0, 1, 1, 1], [1, 0, 0, 0, 0, 1, 0, 1, 1, 0, 0, 0, 1, 0], [1, 1, 1, 1, 1, 1, 1, 1, 1, 0, 1, 1, 1, 1], [0, 1, 0, 0, 1, 1, 1, 0, 1, 0, 0, 0, 1, 0], [0, 1, 0, 0, 0, 1, 1, 0, 0, 0, 1, 1, 1, 0], [0, 1, 1, 1, 0, 0, 1, 1, 1, 1, 1, 1, 0, 0], [0, 0, 1, 0, 0, 0, 1, 0, 1, 0, 1, 1, 0, 0]], "control": {"path": 62}, "info": {"path": 39, "regions": 5, "flat": [0, 0, 1, 1, 1, 1, 1, 1, 1, 0, 0, 0, 0, 1, 0, 1, 1, 1, 0, 0, 1, 1, 0, 1, 1, 1, 0, 0, 0, 1, 1, 1, 0, 0, 0, 0, 1, 1, 0, 1, 1, 1, 0, 0, 1, 0, 1, 1, 1, 1, 0, 1, 0, 0, 1, 1, 0, 0, 1, 1, 0, 1, 1, 0, 0, 0, 1, 1, 1, 0, 0, 1, 1, 1, 0, 1, 0, 0, 1, 1, 1, 0, 0, 0, 0, 1, 1, 0, 1, 1, 1, 1, 0, 0, 1, 1, 1, 1, 0, 0, 0, 1, 0, 0, 0, 0, 0, 0, 0, 1, 1, 1, 1, 0, 0, 0, 0, 1, 0, 1, 1, 0, 0, 0, 1, 0, 1, 1, 1, 1, 1, 1, 1, 1, 1, 0, 1, 1, 1, 1, 0, 1, 0, 0, 1, 1, 1, 0, 1, 0, 0, 0, 1, 0, 0, 1, 0, 0, 0, 1, 1, 0, 0, 0, 1, 1, 1, 0, 0, 1, 1, 1, 0, 0, 1, 1, 1, 1, 1, 1, 0, 0, 0, 0, 1, 0, 0, 0, 1, 0, 1, 0, 1, 1, 0, 0]}, "quality": 0.8924731180685628, "diversity": 0.5012558869081993, "controlability": 0.7090909089619835}