{"content": [[1, 1, 1, 0, 0, 1, 1, 1, 1, 1, 0], [1, 1, 1, 1, 0, 0, 5, 0, 0, 1, 0], [1, 0, 1, 1, 1, 5, 1, 5, 1, 1, 5], [0, 1, 0, 0, 0, 1, 0, 1, 0, 1, 0], [1, 1, 1, 1, 1, 5, 0, 1, 1, 1, 1], [2, 0, 0, 1, 4, 0, 1, 1, 0, 0, 1], [1, 0, 0, 0, 1, 1, 0, 0, 1, 3, 1]], "control": {"player_key": 17, "key_door": 17}, "info": {"regions": 1, "players": 1, "keys": 1, "doors": 1, "enemies": 5, "player_key": 18, "key_door": 14, "pk_path": [[0, 5], [0, 4], [1, 4], [2, 4], [3, 4], [4, 4], [5, 4], [5, 3], [5, 2], [6, 2], [7, 2], [7, 3], [7, 4], [8, 4], [9, 4], [10, 4], [10, 5], [10, 6], [9, 6]], "kd_path": []}, "quality": 0.999143835607994, "diversity": 0.7673423864922772, "controlability": 0.9666666663555555}