{"content": [[1, 1, 1, 0, 1, 1, 1, 1, 0, 1, 0], [1, 1, 1, 1, 0, 1, 1, 2, 0, 1, 0], [1, 1, 1, 1, 1, 1, 1, 5, 1, 1, 0], [2, 1, 0, 0, 0, 1, 0, 1, 2, 1, 0], [1, 5, 1, 1, 1, 1, 1, 1, 5, 1, 1], [1, 0, 1, 1, 4, 0, 1, 1, 1, 0, 1], [1, 0, 0, 0, 1, 1, 0, 0, 1, 3, 1]], "control": {"player_key": 17, "key_door": 17}, "info": {"regions": 1, "players": 3, "keys": 1, "doors": 1, "enemies": 3, "player_key": 7, "key_door": 8, "pk_path": [[7, 1], [7, 2], [7, 3], [7, 4], [7, 5], [8, 5], [8, 6], [9, 6]], "kd_path": []}, "quality": 0.4983552631498875, "diversity": 0.4760942668911339, "controlability": 0.49999999966666664}