{"content": [[1, 1, 1, 0, 1, 1, 1, 1, 1, 1, 0], [1, 1, 1, 5, 0, 0, 1, 0, 0, 1, 0], [1, 1, 1, 1, 1, 1, 1, 0, 1, 1, 0], [0, 1, 5, 0, 0, 1, 5, 1, 0, 1, 0], [1, 5, 0, 0, 1, 5, 1, 1, 1, 1, 1], [1, 5, 1, 1, 4, 0, 1, 1, 0, 1, 1], [1, 0, 0, 2, 1, 1, 5, 0, 1, 3, 1]], "control": {"player_key": 17, "key_door": 17}, "info": {"regions": 1, "players": 1, "keys": 1, "doors": 1, "enemies": 7, "player_key": 10, "key_door": 8, "pk_path": [[3, 6], [4, 6], [5, 6], [6, 6], [6, 5], [6, 4], [7, 4], [8, 4], [9, 4], [9, 5], [9, 6]], "kd_path": []}, "quality": 0.9974315068411053, "diversity": 0.04166666666666663, "controlability": 0.5999999996}