{"content": [[5, 1, 6, 1, 2, 1, 6, 6], [2, 5, 7, 0, 5, 7, 3, 6], [4, 3, 4, 1, 3, 1, 2, 0], [5, 2, 5, 6, 0, 4, 0, 4], [6, 1, 1, 6, 6, 3, 6, 2], [0, 2, 1, 6, 1, 7, 6, 0], [1, 2, 7, 7, 1, 0, 2, 7], [4, 0, 7, 0, 7, 2, 4, 6], [5, 1, 2, 7, 5, 4, 0, 1], [1, 6, 1, 0, 0, 1, 3, 7], [2, 0, 2, 1, 4, 0, 0, 1], [5, 6, 6, 6, 1, 5, 4, 6]], "control": {"col_treasures": 4, "solution_length": 23}, "info": {"regions": 1, "players": 12, "exits": 5, "layout": 34, "heuristic": -1, "solution": [], "content": [[5, 1, 6, 1, 2, 1, 6, 6], [2, 5, 7, 0, 5, 7, 3, 6], [4, 3, 4, 1, 3, 1, 2, 0], [5, 2, 5, 6, 0, 4, 0, 4], [6, 1, 1, 6, 6, 3, 6, 2], [0, 2, 1, 6, 1, 7, 6, 0], [1, 2, 7, 7, 1, 0, 2, 7], [4, 0, 7, 0, 7, 2, 4, 6], [5, 1, 2, 7, 5, 4, 0, 1], [1, 6, 1, 0, 0, 1, 3, 7], [2, 0, 2, 1, 4, 0, 0, 1], [5, 6, 6, 6, 1, 5, 4, 6]], "potions": 9, "treasures": 9, "enemies": 27, "solution_length": 0, "enemies_loc": [[2, 0], [6, 0], [7, 0], [2, 1], [5, 1], [7, 1], [3, 3], [0, 4], [3, 4], [4, 4], [6, 4], [3, 5], [5, 5], [6, 5], [2, 6], [3, 6], [7, 6], [2, 7], [4, 7], [7, 7], [3, 8], [1, 9], [7, 9], [1, 11], [2, 11], [3, 11], [7, 11]]}, "quality": 0.3033625730766502, "diversity": 0.44173176135253933, "controlability": 0.0}