{"content": [[5, 4, 7, 1, 1, 7, 3, 3], [5, 0, 7, 5, 1, 1, 1, 0], [7, 0, 6, 5, 0, 3, 4, 1], [0, 0, 4, 3, 0, 4, 0, 1], [6, 6, 5, 0, 2, 3, 6, 4], [0, 2, 1, 1, 5, 7, 6, 7], [0, 2, 4, 7, 1, 1, 5, 6], [0, 3, 7, 0, 1, 2, 0, 4], [5, 0, 1, 5, 5, 6, 6, 1], [1, 5, 1, 0, 2, 6, 1, 7], [2, 5, 2, 5, 4, 7, 1, 7], [1, 3, 1, 3, 6, 0, 6, 7]], "control": {"col_treasures": 4, "solution_length": 23}, "info": {"regions": 1, "players": 7, "exits": 8, "layout": 37, "heuristic": -1, "solution": [], "content": [[5, 4, 7, 1, 1, 7, 3, 3], [5, 0, 7, 5, 1, 1, 1, 0], [7, 0, 6, 5, 0, 3, 4, 1], [0, 0, 4, 3, 0, 4, 0, 1], [6, 6, 5, 0, 2, 3, 6, 4], [0, 2, 1, 1, 5, 7, 6, 7], [0, 2, 4, 7, 1, 1, 5, 6], [0, 3, 7, 0, 1, 2, 0, 4], [5, 0, 1, 5, 5, 6, 6, 1], [1, 5, 1, 0, 2, 6, 1, 7], [2, 5, 2, 5, 4, 7, 1, 7], [1, 3, 1, 3, 6, 0, 6, 7]], "potions": 8, "treasures": 13, "enemies": 23, "solution_length": 0, "enemies_loc": [[2, 0], [5, 0], [2, 1], [0, 2], [2, 2], [0, 4], [1, 4], [6, 4], [5, 5], [6, 5], [7, 5], [3, 6], [7, 6], [2, 7], [5, 8], [6, 8], [5, 9], [7, 9], [5, 10], [7, 10], [4, 11], [6, 11], [7, 11]]}, "quality": 0.30893274851423086, "diversity": 0.43558113077713845, "controlability": 0.0}