{"content": [[6, 4, 6, 6, 0, 1, 3, 5], [2, 4, 0, 4, 1, 2, 0, 7], [0, 5, 2, 5, 0, 0, 5, 0], [6, 7, 2, 4, 1, 4, 1, 5], [1, 3, 1, 6, 3, 4, 2, 2], [6, 7, 0, 0, 4, 7, 7, 1], [0, 0, 7, 0, 7, 4, 2, 6], [1, 0, 1, 3, 0, 6, 0, 4], [2, 1, 6, 1, 7, 0, 0, 1], [1, 7, 6, 3, 2, 3, 3, 3], [5, 0, 4, 0, 7, 0, 0, 6], [7, 5, 2, 0, 3, 4, 2, 2]], "control": {"col_treasures": 5, "solution_length": 24}, "info": {"regions": 1, "players": 12, "exits": 9, "layout": 35, "heuristic": -1, "solution": [], "content": [[6, 4, 6, 6, 0, 1, 3, 5], [2, 4, 0, 4, 1, 2, 0, 7], [0, 5, 2, 5, 0, 0, 5, 0], [6, 7, 2, 4, 1, 4, 1, 5], [1, 3, 1, 6, 3, 4, 2, 2], [6, 7, 0, 0, 4, 7, 7, 1], [0, 0, 7, 0, 7, 4, 2, 6], [1, 0, 1, 3, 0, 6, 0, 4], [2, 1, 6, 1, 7, 0, 0, 1], [1, 7, 6, 3, 2, 3, 3, 3], [5, 0, 4, 0, 7, 0, 0, 6], [7, 5, 2, 0, 3, 4, 2, 2]], "potions": 11, "treasures": 7, "enemies": 22, "solution_length": 0, "enemies_loc": [[0, 0], [2, 0], [3, 0], [7, 1], [0, 3], [1, 3], [3, 4], [0, 5], [1, 5], [5, 5], [6, 5], [2, 6], [4, 6], [7, 6], [5, 7], [2, 8], [4, 8], [1, 9], [2, 9], [4, 10], [7, 10], [0, 11]]}, "quality": 0.3019444444216855, "diversity": 0.38370171835461153, "controlability": 0.0}