{"content": [[0, 1, 6, 4, 2, 3, 6, 0], [5, 4, 5, 5, 1, 6, 4, 0], [7, 3, 1, 4, 3, 1, 5, 1], [3, 4, 1, 3, 5, 4, 1, 4], [0, 5, 6, 1, 4, 7, 5, 2], [0, 6, 2, 7, 1, 3, 0, 0], [0, 3, 7, 0, 1, 0, 3, 5], [5, 7, 7, 7, 1, 2, 3, 1], [2, 1, 4, 4, 1, 2, 1, 0], [1, 6, 0, 0, 4, 1, 1, 5], [2, 0, 6, 6, 5, 0, 0, 0], [5, 6, 6, 6, 1, 4, 7, 6]], "control": {"col_treasures": 18, "solution_length": 45}, "info": {"regions": 1, "players": 7, "exits": 9, "layout": 36, "heuristic": -1, "solution": [], "content": [[0, 1, 6, 4, 2, 3, 6, 0], [5, 4, 5, 5, 1, 6, 4, 0], [7, 3, 1, 4, 3, 1, 5, 1], [3, 4, 1, 3, 5, 4, 1, 4], [0, 5, 6, 1, 4, 7, 5, 2], [0, 6, 2, 7, 1, 3, 0, 0], [0, 3, 7, 0, 1, 0, 3, 5], [5, 7, 7, 7, 1, 2, 3, 1], [2, 1, 4, 4, 1, 2, 1, 0], [1, 6, 0, 0, 4, 1, 1, 5], [2, 0, 6, 6, 5, 0, 0, 0], [5, 6, 6, 6, 1, 4, 7, 6]], "potions": 12, "treasures": 12, "enemies": 20, "solution_length": 0, "enemies_loc": [[2, 0], [6, 0], [5, 1], [0, 2], [2, 4], [5, 4], [1, 5], [3, 5], [2, 6], [1, 7], [2, 7], [3, 7], [1, 9], [2, 10], [3, 10], [1, 11], [2, 11], [3, 11], [6, 11], [7, 11]]}, "quality": 0.3068421052397403, "diversity": 0.43865739782986124, "controlability": 0.0}