{"content": [[3, 0, 1, 1, 6, 3, 6, 5], [2, 0, 5, 5, 2, 7, 3, 0], [7, 0, 6, 3, 4, 1, 3, 0], [3, 2, 4, 3, 2, 0, 0, 0], [0, 4, 6, 7, 2, 6, 7, 0], [6, 6, 1, 1, 1, 0, 6, 7], [7, 4, 7, 0, 4, 6, 1, 5], [1, 2, 7, 7, 3, 5, 0, 1], [5, 0, 4, 0, 2, 1, 1, 7], [1, 7, 7, 5, 5, 4, 1, 1], [5, 5, 6, 5, 5, 1, 0, 1], [1, 6, 6, 2, 4, 1, 0, 5]], "control": {"col_treasures": 18, "solution_length": 45}, "info": {"regions": 1, "players": 8, "exits": 8, "layout": 35, "heuristic": -1, "solution": [], "content": [[3, 0, 1, 1, 6, 3, 6, 5], [2, 0, 5, 5, 2, 7, 3, 0], [7, 0, 6, 3, 4, 1, 3, 0], [3, 2, 4, 3, 2, 0, 0, 0], [0, 4, 6, 7, 2, 6, 7, 0], [6, 6, 1, 1, 1, 0, 6, 7], [7, 4, 7, 0, 4, 6, 1, 5], [1, 2, 7, 7, 3, 5, 0, 1], [5, 0, 4, 0, 2, 1, 1, 7], [1, 7, 7, 5, 5, 4, 1, 1], [5, 5, 6, 5, 5, 1, 0, 1], [1, 6, 6, 2, 4, 1, 0, 5]], "potions": 8, "treasures": 13, "enemies": 24, "solution_length": 0, "enemies_loc": [[4, 0], [6, 0], [5, 1], [0, 2], [2, 2], [2, 4], [3, 4], [5, 4], [6, 4], [0, 5], [1, 5], [6, 5], [7, 5], [0, 6], [2, 6], [5, 6], [2, 7], [3, 7], [7, 8], [1, 9], [2, 9], [2, 10], [1, 11], [2, 11]]}, "quality": 0.30545321635114075, "diversity": 0.3979349320106911, "controlability": 0.0}