{"content": [[2, 5, 4, 1, 2, 5, 6, 3], [5, 4, 7, 6, 3, 7, 6, 5], [6, 4, 1, 0, 2, 6, 5, 6], [1, 1, 7, 5, 0, 4, 0, 5], [1, 0, 3, 7, 1, 4, 6, 4], [1, 6, 1, 6, 4, 7, 5, 4], [7, 7, 0, 0, 7, 6, 0, 0], [7, 5, 2, 4, 7, 5, 1, 7], [0, 4, 4, 1, 0, 4, 0, 0], [5, 2, 6, 3, 1, 0, 2, 3], [2, 5, 4, 2, 1, 2, 0, 1], [0, 6, 3, 5, 0, 1, 1, 5]], "control": {"col_treasures": 8, "solution_length": 30}, "info": {"regions": 1, "players": 9, "exits": 6, "layout": 31, "heuristic": -1, "solution": [], "content": [[2, 5, 4, 1, 2, 5, 6, 3], [5, 4, 7, 6, 3, 7, 6, 5], [6, 4, 1, 0, 2, 6, 5, 6], [1, 1, 7, 5, 0, 4, 0, 5], [1, 0, 3, 7, 1, 4, 6, 4], [1, 6, 1, 6, 4, 7, 5, 4], [7, 7, 0, 0, 7, 6, 0, 0], [7, 5, 2, 4, 7, 5, 1, 7], [0, 4, 4, 1, 0, 4, 0, 0], [5, 2, 6, 3, 1, 0, 2, 3], [2, 5, 4, 2, 1, 2, 0, 1], [0, 6, 3, 5, 0, 1, 1, 5]], "potions": 13, "treasures": 14, "enemies": 23, "solution_length": 0, "enemies_loc": [[6, 0], [2, 1], [3, 1], [5, 1], [6, 1], [0, 2], [5, 2], [7, 2], [2, 3], [3, 4], [6, 4], [1, 5], [3, 5], [5, 5], [0, 6], [1, 6], [4, 6], [5, 6], [0, 7], [4, 7], [7, 7], [2, 9], [1, 11]]}, "quality": 0.3005994151826337, "diversity": 0.38503085488040145, "controlability": 0.0}