{"content": [[2, 4, 5, 1, 6, 7, 2, 6], [5, 4, 6, 7, 1, 7, 1, 3], [6, 5, 1, 2, 4, 1, 2, 1], [6, 0, 4, 3, 7, 4, 1, 1], [6, 3, 0, 7, 2, 6, 1, 4], [0, 6, 0, 6, 4, 4, 5, 0], [7, 4, 4, 0, 1, 6, 5, 5], [7, 3, 7, 7, 3, 0, 0, 4], [2, 7, 4, 4, 2, 3, 5, 1], [5, 5, 0, 0, 5, 0, 1, 7], [5, 5, 6, 5, 1, 6, 0, 1], [1, 3, 2, 6, 4, 0, 0, 5]], "control": {"col_treasures": 6, "solution_length": 26}, "info": {"regions": 1, "players": 8, "exits": 7, "layout": 29, "heuristic": -1, "solution": [], "content": [[2, 4, 5, 1, 6, 7, 2, 6], [5, 4, 6, 7, 1, 7, 1, 3], [6, 5, 1, 2, 4, 1, 2, 1], [6, 0, 4, 3, 7, 4, 1, 1], [6, 3, 0, 7, 2, 6, 1, 4], [0, 6, 0, 6, 4, 4, 5, 0], [7, 4, 4, 0, 1, 6, 5, 5], [7, 3, 7, 7, 3, 0, 0, 4], [2, 7, 4, 4, 2, 3, 5, 1], [5, 5, 0, 0, 5, 0, 1, 7], [5, 5, 6, 5, 1, 6, 0, 1], [1, 3, 2, 6, 4, 0, 0, 5]], "potions": 14, "treasures": 14, "enemies": 24, "solution_length": 0, "enemies_loc": [[4, 0], [5, 0], [7, 0], [2, 1], [3, 1], [5, 1], [0, 2], [0, 3], [4, 3], [0, 4], [3, 4], [5, 4], [1, 5], [3, 5], [0, 6], [5, 6], [0, 7], [2, 7], [3, 7], [1, 8], [7, 9], [2, 10], [5, 10], [3, 11]]}, "quality": 0.2978216374054346, "diversity": 0.4328304498114227, "controlability": 0.0}