{"content": [[2, 3, 5, 1, 6, 3, 2, 5], [5, 4, 5, 4, 2, 7, 2, 3], [6, 5, 1, 1, 4, 1, 3, 1], [3, 3, 4, 3, 0, 0, 1, 0], [1, 0, 0, 7, 1, 6, 6, 0], [1, 6, 1, 6, 1, 2, 5, 6], [7, 4, 7, 0, 4, 6, 3, 5], [1, 5, 3, 1, 3, 5, 0, 1], [7, 4, 4, 6, 2, 3, 5, 0], [1, 0, 0, 5, 5, 0, 1, 1], [5, 5, 6, 6, 1, 6, 0, 1], [1, 6, 3, 3, 4, 1, 0, 5]], "control": {"col_treasures": 18, "solution_length": 45}, "info": {"regions": 1, "players": 6, "exits": 13, "layout": 35, "heuristic": -1, "solution": [], "content": [[2, 3, 5, 1, 6, 3, 2, 5], [5, 4, 5, 4, 2, 7, 2, 3], [6, 5, 1, 1, 4, 1, 3, 1], [3, 3, 4, 3, 0, 0, 1, 0], [1, 0, 0, 7, 1, 6, 6, 0], [1, 6, 1, 6, 1, 2, 5, 6], [7, 4, 7, 0, 4, 6, 3, 5], [1, 5, 3, 1, 3, 5, 0, 1], [7, 4, 4, 6, 2, 3, 5, 0], [1, 0, 0, 5, 5, 0, 1, 1], [5, 5, 6, 6, 1, 6, 0, 1], [1, 6, 3, 3, 4, 1, 0, 5]], "potions": 9, "treasures": 15, "enemies": 18, "solution_length": 0, "enemies_loc": [[4, 0], [5, 1], [0, 2], [3, 4], [5, 4], [6, 4], [1, 5], [3, 5], [7, 5], [0, 6], [2, 6], [5, 6], [0, 8], [3, 8], [2, 10], [3, 10], [5, 10], [1, 11]]}, "quality": 0.30334795319346763, "diversity": 0.41524056531343034, "controlability": 0.0}