{"content": [[7, 3, 4, 1, 4, 4, 3, 3], [7, 1, 2, 4, 3, 6, 4, 5], [4, 5, 1, 3, 3, 7, 5, 1], [7, 3, 1, 0, 0, 0, 3, 1], [1, 3, 0, 2, 1, 4, 6, 0], [3, 6, 5, 6, 7, 5, 4, 4], [0, 1, 7, 0, 4, 5, 0, 5], [4, 5, 4, 4, 5, 2, 1, 1], [7, 0, 0, 1, 2, 4, 5, 1], [5, 6, 0, 0, 7, 2, 1, 3], [1, 7, 6, 2, 2, 2, 0, 0], [0, 6, 3, 0, 0, 1, 5, 6]], "control": {"col_treasures": 8, "solution_length": 30}, "info": {"regions": 1, "players": 8, "exits": 12, "layout": 33, "heuristic": -1, "solution": [], "content": [[7, 3, 4, 1, 4, 4, 3, 3], [7, 1, 2, 4, 3, 6, 4, 5], [4, 5, 1, 3, 3, 7, 5, 1], [7, 3, 1, 0, 0, 0, 3, 1], [1, 3, 0, 2, 1, 4, 6, 0], [3, 6, 5, 6, 7, 5, 4, 4], [0, 1, 7, 0, 4, 5, 0, 5], [4, 5, 4, 4, 5, 2, 1, 1], [7, 0, 0, 1, 2, 4, 5, 1], [5, 6, 0, 0, 7, 2, 1, 3], [1, 7, 6, 2, 2, 2, 0, 0], [0, 6, 3, 0, 0, 1, 5, 6]], "potions": 14, "treasures": 12, "enemies": 17, "solution_length": 0, "enemies_loc": [[0, 0], [0, 1], [5, 1], [5, 2], [0, 3], [6, 4], [1, 5], [3, 5], [4, 5], [2, 6], [0, 8], [1, 9], [4, 9], [1, 10], [2, 10], [1, 11], [7, 11]]}, "quality": 0.29986842103037753, "diversity": 0.3946354070507815, "controlability": 0.0}