{"content": [[2, 0, 1, 1, 6, 3, 3, 3], [6, 4, 5, 5, 6, 6, 0, 5], [7, 4, 4, 3, 3, 7, 5, 1], [1, 5, 3, 2, 0, 2, 6, 5], [0, 5, 6, 5, 3, 4, 2, 4], [5, 3, 1, 6, 1, 3, 7, 0], [5, 7, 4, 0, 4, 0, 5, 5], [7, 1, 7, 7, 1, 0, 1, 7], [5, 1, 1, 2, 0, 3, 1, 0], [5, 6, 7, 3, 1, 2, 3, 5], [6, 0, 6, 0, 5, 6, 0, 0], [0, 5, 2, 0, 7, 4, 1, 6]], "control": {"col_treasures": 17, "solution_length": 43}, "info": {"regions": 1, "players": 7, "exits": 12, "layout": 30, "heuristic": -1, "solution": [], "content": [[2, 0, 1, 1, 6, 3, 3, 3], [6, 4, 5, 5, 6, 6, 0, 5], [7, 4, 4, 3, 3, 7, 5, 1], [1, 5, 3, 2, 0, 2, 6, 5], [0, 5, 6, 5, 3, 4, 2, 4], [5, 3, 1, 6, 1, 3, 7, 0], [5, 7, 4, 0, 4, 0, 5, 5], [7, 1, 7, 7, 1, 0, 1, 7], [5, 1, 1, 2, 0, 3, 1, 0], [5, 6, 7, 3, 1, 2, 3, 5], [6, 0, 6, 0, 5, 6, 0, 0], [0, 5, 2, 0, 7, 4, 1, 6]], "potions": 8, "treasures": 17, "enemies": 22, "solution_length": 0, "enemies_loc": [[4, 0], [0, 1], [4, 1], [5, 1], [0, 2], [5, 2], [6, 3], [2, 4], [3, 5], [6, 5], [1, 6], [0, 7], [2, 7], [3, 7], [7, 7], [1, 9], [2, 9], [0, 10], [2, 10], [5, 10], [4, 11], [7, 11]]}, "quality": 0.29640350875047, "diversity": 0.41812014516715135, "controlability": 0.0}