{"content": [[7, 1, 6, 1, 4, 1, 3, 0], [2, 7, 2, 4, 3, 7, 3, 6], [7, 3, 1, 1, 2, 0, 5, 1], [4, 1, 1, 0, 1, 4, 2, 4], [0, 3, 1, 5, 1, 3, 4, 2], [1, 7, 5, 0, 7, 3, 1, 4], [1, 5, 0, 1, 1, 0, 2, 7], [4, 0, 7, 2, 2, 0, 3, 4], [2, 1, 0, 3, 0, 4, 3, 1], [5, 2, 1, 0, 2, 1, 2, 1], [1, 7, 3, 0, 2, 2, 0, 0], [5, 4, 2, 6, 2, 1, 1, 6]], "control": {"col_treasures": 18, "solution_length": 46}, "info": {"regions": 1, "players": 16, "exits": 11, "layout": 39, "heuristic": -1, "solution": [], "content": [[7, 1, 6, 1, 4, 1, 3, 0], [2, 7, 2, 4, 3, 7, 3, 6], [7, 3, 1, 1, 2, 0, 5, 1], [4, 1, 1, 0, 1, 4, 2, 4], [0, 3, 1, 5, 1, 3, 4, 2], [1, 7, 5, 0, 7, 3, 1, 4], [1, 5, 0, 1, 1, 0, 2, 7], [4, 0, 7, 2, 2, 0, 3, 4], [2, 1, 0, 3, 0, 4, 3, 1], [5, 2, 1, 0, 2, 1, 2, 1], [1, 7, 3, 0, 2, 2, 0, 0], [5, 4, 2, 6, 2, 1, 1, 6]], "potions": 11, "treasures": 6, "enemies": 13, "solution_length": 0, "enemies_loc": [[0, 0], [2, 0], [1, 1], [5, 1], [7, 1], [0, 2], [1, 5], [4, 5], [7, 6], [2, 7], [1, 10], [3, 11], [7, 11]]}, "quality": 0.3032894736607375, "diversity": 0.4185267761439736, "controlability": 0.0}