{"content": [[7, 1, 7, 6, 4, 7, 3, 3], [6, 1, 2, 4, 3, 5, 2, 2], [3, 1, 4, 7, 4, 7, 5, 1], [4, 1, 4, 0, 4, 4, 2, 1], [6, 1, 1, 2, 1, 1, 3, 2], [6, 7, 7, 1, 7, 5, 1, 1], [0, 0, 0, 2, 2, 5, 0, 2], [4, 7, 4, 5, 1, 0, 4, 2], [2, 4, 5, 0, 0, 4, 3, 4], [3, 2, 0, 0, 7, 2, 2, 3], [1, 7, 7, 0, 0, 2, 7, 7], [5, 1, 5, 4, 2, 1, 1, 2]], "control": {"col_treasures": 13, "solution_length": 37}, "info": {"regions": 1, "players": 17, "exits": 8, "layout": 30, "heuristic": -1, "solution": [], "content": [[7, 1, 7, 6, 4, 7, 3, 3], [6, 1, 2, 4, 3, 5, 2, 2], [3, 1, 4, 7, 4, 7, 5, 1], [4, 1, 4, 0, 4, 4, 2, 1], [6, 1, 1, 2, 1, 1, 3, 2], [6, 7, 7, 1, 7, 5, 1, 1], [0, 0, 0, 2, 2, 5, 0, 2], [4, 7, 4, 5, 1, 0, 4, 2], [2, 4, 5, 0, 0, 4, 3, 4], [3, 2, 0, 0, 7, 2, 2, 3], [1, 7, 7, 0, 0, 2, 7, 7], [5, 1, 5, 4, 2, 1, 1, 2]], "potions": 15, "treasures": 8, "enemies": 18, "solution_length": 0, "enemies_loc": [[0, 0], [2, 0], [3, 0], [5, 0], [0, 1], [3, 2], [5, 2], [0, 4], [0, 5], [1, 5], [2, 5], [4, 5], [1, 7], [4, 9], [1, 10], [2, 10], [6, 10], [7, 10]]}, "quality": 0.2921929824351237, "diversity": 0.43020832303267065, "controlability": 0.0}