{"content": [[1, 1, 7, 2, 5, 4, 5, 0], [2, 0, 7, 0, 1, 7, 3, 6], [0, 3, 4, 3, 3, 0, 2, 1], [0, 2, 1, 0, 0, 1, 0, 1], [6, 1, 3, 3, 1, 7, 0, 6], [0, 2, 3, 0, 1, 3, 6, 0], [1, 5, 4, 1, 0, 7, 1, 7], [2, 0, 7, 7, 7, 2, 3, 4], [2, 0, 2, 3, 5, 7, 0, 5], [5, 1, 7, 0, 0, 1, 6, 0], [2, 4, 1, 5, 4, 6, 1, 7], [5, 3, 6, 0, 1, 5, 4, 7]], "control": {"col_treasures": 4, "solution_length": 23}, "info": {"regions": 1, "players": 10, "exits": 11, "layout": 39, "heuristic": -1, "solution": [], "content": [[1, 1, 7, 2, 5, 4, 5, 0], [2, 0, 7, 0, 1, 7, 3, 6], [0, 3, 4, 3, 3, 0, 2, 1], [0, 2, 1, 0, 0, 1, 0, 1], [6, 1, 3, 3, 1, 7, 0, 6], [0, 2, 3, 0, 1, 3, 6, 0], [1, 5, 4, 1, 0, 7, 1, 7], [2, 0, 7, 7, 7, 2, 3, 4], [2, 0, 2, 3, 5, 7, 0, 5], [5, 1, 7, 0, 0, 1, 6, 0], [2, 4, 1, 5, 4, 6, 1, 7], [5, 3, 6, 0, 1, 5, 4, 7]], "potions": 7, "treasures": 9, "enemies": 20, "solution_length": 0, "enemies_loc": [[2, 0], [2, 1], [5, 1], [7, 1], [0, 4], [5, 4], [7, 4], [6, 5], [5, 6], [7, 6], [2, 7], [3, 7], [4, 7], [5, 8], [2, 9], [6, 9], [5, 10], [7, 10], [2, 11], [7, 11]]}, "quality": 0.30749999997608374, "diversity": 0.386151165880409, "controlability": 0.0}