{"content": [[5, 4, 7, 1, 5, 4, 5, 6], [5, 0, 7, 0, 5, 1, 7, 1], [0, 0, 6, 3, 0, 1, 2, 0], [0, 2, 1, 7, 0, 6, 0, 1], [6, 6, 2, 6, 6, 3, 6, 6], [5, 2, 1, 7, 0, 7, 6, 7], [0, 2, 2, 7, 0, 7, 1, 7], [2, 0, 7, 0, 7, 2, 4, 6], [5, 0, 1, 5, 5, 7, 0, 5], [1, 1, 7, 6, 0, 6, 6, 0], [2, 4, 1, 1, 7, 6, 1, 7], [4, 3, 6, 0, 6, 5, 4, 7]], "control": {"col_treasures": 4, "solution_length": 23}, "info": {"regions": 1, "players": 9, "exits": 3, "layout": 33, "heuristic": -1, "solution": [], "content": [[5, 4, 7, 1, 5, 4, 5, 6], [5, 0, 7, 0, 5, 1, 7, 1], [0, 0, 6, 3, 0, 1, 2, 0], [0, 2, 1, 7, 0, 6, 0, 1], [6, 6, 2, 6, 6, 3, 6, 6], [5, 2, 1, 7, 0, 7, 6, 7], [0, 2, 2, 7, 0, 7, 1, 7], [2, 0, 7, 0, 7, 2, 4, 6], [5, 0, 1, 5, 5, 7, 0, 5], [1, 1, 7, 6, 0, 6, 6, 0], [2, 4, 1, 1, 7, 6, 1, 7], [4, 3, 6, 0, 6, 5, 4, 7]], "potions": 6, "treasures": 11, "enemies": 34, "solution_length": 0, "enemies_loc": [[2, 0], [7, 0], [2, 1], [6, 1], [2, 2], [3, 3], [5, 3], [0, 4], [1, 4], [3, 4], [4, 4], [6, 4], [7, 4], [3, 5], [5, 5], [6, 5], [7, 5], [3, 6], [5, 6], [7, 6], [2, 7], [4, 7], [7, 7], [5, 8], [2, 9], [3, 9], [5, 9], [6, 9], [4, 10], [5, 10], [7, 10], [2, 11], [4, 11], [7, 11]]}, "quality": 0.30548245611750585, "diversity": 0.3606636510349551, "controlability": 0.0}