{"content": [[2, 0, 6, 1, 6, 7, 6, 5], [2, 7, 0, 5, 5, 6, 2, 5], [7, 5, 4, 3, 3, 6, 5, 1], [7, 4, 6, 1, 1, 2, 4, 0], [0, 5, 6, 0, 4, 7, 7, 0], [5, 3, 1, 6, 1, 1, 0, 0], [7, 7, 4, 0, 4, 0, 5, 5], [7, 5, 7, 7, 1, 0, 0, 4], [5, 4, 1, 2, 2, 3, 1, 2], [5, 6, 7, 0, 7, 2, 3, 5], [2, 0, 6, 5, 5, 6, 0, 0], [4, 0, 2, 0, 1, 3, 1, 6]], "control": {"col_treasures": 8, "solution_length": 30}, "info": {"regions": 1, "players": 10, "exits": 6, "layout": 30, "heuristic": -1, "solution": [], "content": [[2, 0, 6, 1, 6, 7, 6, 5], [2, 7, 0, 5, 5, 6, 2, 5], [7, 5, 4, 3, 3, 6, 5, 1], [7, 4, 6, 1, 1, 2, 4, 0], [0, 5, 6, 0, 4, 7, 7, 0], [5, 3, 1, 6, 1, 1, 0, 0], [7, 7, 4, 0, 4, 0, 5, 5], [7, 5, 7, 7, 1, 0, 0, 4], [5, 4, 1, 2, 2, 3, 1, 2], [5, 6, 7, 0, 7, 2, 3, 5], [2, 0, 6, 5, 5, 6, 0, 0], [4, 0, 2, 0, 1, 3, 1, 6]], "potions": 9, "treasures": 16, "enemies": 25, "solution_length": 0, "enemies_loc": [[2, 0], [4, 0], [5, 0], [6, 0], [1, 1], [5, 1], [0, 2], [5, 2], [0, 3], [2, 3], [2, 4], [5, 4], [6, 4], [3, 5], [0, 6], [1, 6], [0, 7], [2, 7], [3, 7], [1, 9], [2, 9], [4, 9], [2, 10], [5, 10], [7, 11]]}, "quality": 0.2985087719081431, "diversity": 0.3944830151379246, "controlability": 0.0}