{"content": [[0, 5, 2, 2, 2, 5, 2, 0], [2, 4, 5, 5, 1, 6, 2, 5], [6, 4, 1, 4, 2, 6, 5, 1], [1, 4, 7, 4, 0, 4, 1, 5], [1, 0, 1, 1, 4, 7, 5, 0], [0, 6, 2, 7, 4, 7, 7, 1], [0, 3, 3, 0, 1, 0, 2, 0], [7, 7, 7, 7, 6, 5, 1, 1], [2, 1, 0, 5, 1, 4, 0, 0], [1, 7, 0, 3, 4, 2, 1, 3], [2, 0, 6, 2, 2, 2, 0, 0], [0, 6, 6, 1, 0, 1, 1, 1]], "control": {"col_treasures": 8, "solution_length": 30}, "info": {"regions": 1, "players": 15, "exits": 4, "layout": 39, "heuristic": -1, "solution": [], "content": [[0, 5, 2, 2, 2, 5, 2, 0], [2, 4, 5, 5, 1, 6, 2, 5], [6, 4, 1, 4, 2, 6, 5, 1], [1, 4, 7, 4, 0, 4, 1, 5], [1, 0, 1, 1, 4, 7, 5, 0], [0, 6, 2, 7, 4, 7, 7, 1], [0, 3, 3, 0, 1, 0, 2, 0], [7, 7, 7, 7, 6, 5, 1, 1], [2, 1, 0, 5, 1, 4, 0, 0], [1, 7, 0, 3, 4, 2, 1, 3], [2, 0, 6, 2, 2, 2, 0, 0], [0, 6, 6, 1, 0, 1, 1, 1]], "potions": 10, "treasures": 10, "enemies": 18, "solution_length": 0, "enemies_loc": [[5, 1], [0, 2], [5, 2], [2, 3], [5, 4], [1, 5], [3, 5], [5, 5], [6, 5], [0, 7], [1, 7], [2, 7], [3, 7], [4, 7], [1, 9], [2, 10], [1, 11], [2, 11]]}, "quality": 0.3089035087478658, "diversity": 0.3753433974845469, "controlability": 0.0}