{"content": [[1, 1, 1, 1, 6, 4, 4, 0], [5, 0, 0, 7, 1, 0, 2, 0], [0, 0, 7, 6, 4, 6, 1, 1], [7, 2, 7, 7, 0, 7, 1, 0], [0, 6, 0, 0, 1, 1, 7, 7], [1, 6, 0, 1, 1, 7, 0, 0], [1, 1, 3, 0, 5, 4, 0, 6], [1, 0, 7, 0, 0, 2, 1, 4], [4, 0, 6, 5, 0, 4, 1, 1], [1, 1, 1, 0, 1, 4, 1, 0], [2, 0, 6, 1, 4, 6, 0, 1], [3, 5, 6, 7, 2, 1, 4, 0]], "control": {"col_treasures": 8, "solution_length": 30}, "info": {"regions": 2, "players": 5, "exits": 2, "layout": 54, "heuristic": -1, "solution": [], "content": [[1, 1, 1, 1, 6, 4, 4, 0], [5, 0, 0, 7, 1, 0, 2, 0], [0, 0, 7, 6, 4, 6, 1, 1], [7, 2, 7, 7, 0, 7, 1, 0], [0, 6, 0, 0, 1, 1, 7, 7], [1, 6, 0, 1, 1, 7, 0, 0], [1, 1, 3, 0, 5, 4, 0, 6], [1, 0, 7, 0, 0, 2, 1, 4], [4, 0, 6, 5, 0, 4, 1, 1], [1, 1, 1, 0, 1, 4, 1, 0], [2, 0, 6, 1, 4, 6, 0, 1], [3, 5, 6, 7, 2, 1, 4, 0]], "potions": 10, "treasures": 4, "enemies": 21, "solution_length": 0, "enemies_loc": [[4, 0], [3, 1], [2, 2], [3, 2], [5, 2], [0, 3], [2, 3], [3, 3], [5, 3], [1, 4], [6, 4], [7, 4], [1, 5], [5, 5], [7, 6], [2, 7], [2, 8], [2, 10], [5, 10], [2, 11], [3, 11]]}, "quality": 0.3220726233368414, "diversity": 0.32124255238560295, "controlability": 0.0}