{"content": [[7, 3, 3, 4, 7, 7, 3, 4], [6, 1, 5, 6, 1, 6, 3, 0], [3, 3, 1, 0, 0, 7, 4, 1], [6, 3, 4, 7, 0, 0, 0, 4], [6, 3, 0, 0, 4, 4, 6, 0], [1, 6, 1, 1, 7, 6, 0, 0], [7, 1, 4, 0, 1, 2, 3, 5], [5, 3, 4, 0, 1, 0, 6, 4], [4, 1, 0, 1, 2, 7, 1, 1], [1, 0, 0, 0, 0, 2, 3, 5], [2, 3, 4, 5, 5, 7, 6, 1], [1, 0, 1, 3, 1, 0, 0, 6]], "control": {"col_treasures": 18, "solution_length": 45}, "info": {"regions": 1, "players": 4, "exits": 13, "layout": 41, "heuristic": -1, "solution": [], "content": [[7, 3, 3, 4, 7, 7, 3, 4], [6, 1, 5, 6, 1, 6, 3, 0], [3, 3, 1, 0, 0, 7, 4, 1], [6, 3, 4, 7, 0, 0, 0, 4], [6, 3, 0, 0, 4, 4, 6, 0], [1, 6, 1, 1, 7, 6, 0, 0], [7, 1, 4, 0, 1, 2, 3, 5], [5, 3, 4, 0, 1, 0, 6, 4], [4, 1, 0, 1, 2, 7, 1, 1], [1, 0, 0, 0, 0, 2, 3, 5], [2, 3, 4, 5, 5, 7, 6, 1], [1, 0, 1, 3, 1, 0, 0, 6]], "potions": 12, "treasures": 6, "enemies": 20, "solution_length": 0, "enemies_loc": [[0, 0], [4, 0], [5, 0], [0, 1], [3, 1], [5, 1], [5, 2], [0, 3], [3, 3], [0, 4], [6, 4], [1, 5], [4, 5], [5, 5], [0, 6], [6, 7], [5, 8], [5, 10], [6, 10], [7, 11]]}, "quality": 0.31308479529684696, "diversity": 0.4866071342633932, "controlability": 0.0}