{"content": [[2, 2, 7, 1, 5, 7, 3, 1], [2, 4, 3, 7, 2, 7, 3, 6], [7, 0, 2, 3, 3, 6, 4, 1], [6, 0, 7, 7, 0, 2, 1, 0], [6, 6, 6, 1, 2, 1, 6, 0], [0, 5, 2, 0, 1, 1, 0, 4], [1, 2, 4, 7, 1, 0, 1, 7], [0, 0, 7, 0, 5, 2, 4, 1], [2, 1, 2, 5, 6, 7, 5, 1], [5, 7, 1, 0, 0, 0, 1, 7], [6, 0, 6, 2, 0, 0, 6, 1], [1, 6, 6, 6, 0, 0, 7, 6]], "control": {"col_treasures": 8, "solution_length": 30}, "info": {"regions": 1, "players": 13, "exits": 5, "layout": 38, "heuristic": -1, "solution": [], "content": [[2, 2, 7, 1, 5, 7, 3, 1], [2, 4, 3, 7, 2, 7, 3, 6], [7, 0, 2, 3, 3, 6, 4, 1], [6, 0, 7, 7, 0, 2, 1, 0], [6, 6, 6, 1, 2, 1, 6, 0], [0, 5, 2, 0, 1, 1, 0, 4], [1, 2, 4, 7, 1, 0, 1, 7], [0, 0, 7, 0, 5, 2, 4, 1], [2, 1, 2, 5, 6, 7, 5, 1], [5, 7, 1, 0, 0, 0, 1, 7], [6, 0, 6, 2, 0, 0, 6, 1], [1, 6, 6, 6, 0, 0, 7, 6]], "potions": 5, "treasures": 6, "enemies": 29, "solution_length": 0, "enemies_loc": [[2, 0], [5, 0], [3, 1], [5, 1], [7, 1], [0, 2], [5, 2], [0, 3], [2, 3], [3, 3], [0, 4], [1, 4], [2, 4], [6, 4], [3, 6], [7, 6], [2, 7], [4, 8], [5, 8], [1, 9], [7, 9], [0, 10], [2, 10], [6, 10], [1, 11], [2, 11], [3, 11], [6, 11], [7, 11]]}, "quality": 0.3082163742451573, "diversity": 0.37575953973795595, "controlability": 0.0}