{"content": [[1, 1, 3, 1, 7, 7, 6, 5], [5, 7, 5, 0, 6, 6, 2, 0], [7, 0, 2, 1, 3, 1, 5, 1], [5, 7, 1, 0, 1, 4, 6, 0], [1, 5, 1, 1, 0, 3, 6, 2], [0, 6, 0, 1, 1, 1, 6, 0], [1, 1, 7, 0, 4, 1, 0, 7], [4, 0, 7, 4, 4, 4, 4, 7], [2, 1, 1, 3, 0, 4, 1, 1], [1, 7, 6, 3, 0, 3, 4, 5], [1, 0, 1, 5, 2, 3, 0, 2], [6, 6, 2, 0, 1, 4, 1, 6]], "control": {"col_treasures": 4, "solution_length": 23}, "info": {"regions": 1, "players": 7, "exits": 7, "layout": 43, "heuristic": -1, "solution": [], "content": [[1, 1, 3, 1, 7, 7, 6, 5], [5, 7, 5, 0, 6, 6, 2, 0], [7, 0, 2, 1, 3, 1, 5, 1], [5, 7, 1, 0, 1, 4, 6, 0], [1, 5, 1, 1, 0, 3, 6, 2], [0, 6, 0, 1, 1, 1, 6, 0], [1, 1, 7, 0, 4, 1, 0, 7], [4, 0, 7, 4, 4, 4, 4, 7], [2, 1, 1, 3, 0, 4, 1, 1], [1, 7, 6, 3, 0, 3, 4, 5], [1, 0, 1, 5, 2, 3, 0, 2], [6, 6, 2, 0, 1, 4, 1, 6]], "potions": 10, "treasures": 8, "enemies": 21, "solution_length": 0, "enemies_loc": [[4, 0], [5, 0], [6, 0], [1, 1], [4, 1], [5, 1], [0, 2], [1, 3], [6, 3], [6, 4], [1, 5], [6, 5], [2, 6], [7, 6], [2, 7], [7, 7], [1, 9], [2, 9], [0, 11], [1, 11], [7, 11]]}, "quality": 0.31796783623171915, "diversity": 0.3385995288498266, "controlability": 0.0}