{"content": [[0, 0, 1, 2, 0, 1, 2, 3], [5, 4, 5, 2, 1, 6, 1, 2], [7, 4, 1, 5, 4, 3, 5, 1], [1, 7, 4, 3, 4, 4, 1, 6], [6, 3, 1, 5, 6, 4, 1, 4], [0, 5, 0, 0, 4, 4, 0, 5], [6, 5, 7, 7, 1, 1, 0, 0], [7, 3, 7, 7, 1, 0, 0, 0], [1, 1, 2, 1, 5, 5, 0, 1], [5, 5, 6, 0, 7, 1, 1, 2], [4, 0, 5, 5, 5, 2, 6, 0], [7, 3, 4, 1, 1, 5, 2, 5]], "control": {"col_treasures": 11, "solution_length": 35}, "info": {"regions": 1, "players": 8, "exits": 6, "layout": 37, "heuristic": -1, "solution": [], "content": [[0, 0, 1, 2, 0, 1, 2, 3], [5, 4, 5, 2, 1, 6, 1, 2], [7, 4, 1, 5, 4, 3, 5, 1], [1, 7, 4, 3, 4, 4, 1, 6], [6, 3, 1, 5, 6, 4, 1, 4], [0, 5, 0, 0, 4, 4, 0, 5], [6, 5, 7, 7, 1, 1, 0, 0], [7, 3, 7, 7, 1, 0, 0, 0], [1, 1, 2, 1, 5, 5, 0, 1], [5, 5, 6, 0, 7, 1, 1, 2], [4, 0, 5, 5, 5, 2, 6, 0], [7, 3, 4, 1, 1, 5, 2, 5]], "potions": 12, "treasures": 17, "enemies": 16, "solution_length": 0, "enemies_loc": [[5, 1], [0, 2], [1, 3], [7, 3], [0, 4], [4, 4], [0, 6], [2, 6], [3, 6], [0, 7], [2, 7], [3, 7], [2, 9], [4, 9], [6, 10], [0, 11]]}, "quality": 0.3096345029001219, "diversity": 0.3864356792883834, "controlability": 0.0}