{"content": [[2, 1, 7, 4, 4, 4, 5, 0], [2, 0, 5, 0, 1, 6, 4, 0], [0, 3, 1, 3, 3, 0, 2, 1], [3, 5, 1, 0, 0, 1, 0, 1], [0, 1, 6, 3, 1, 7, 2, 6], [6, 6, 4, 1, 1, 3, 0, 0], [7, 5, 4, 1, 0, 7, 1, 7], [5, 0, 7, 7, 1, 2, 0, 1], [2, 0, 4, 3, 2, 0, 1, 1], [5, 0, 0, 0, 0, 0, 6, 5], [2, 0, 1, 5, 4, 6, 0, 1], [5, 6, 6, 3, 1, 5, 4, 6]], "control": {"col_treasures": 18, "solution_length": 45}, "info": {"regions": 1, "players": 8, "exits": 8, "layout": 44, "heuristic": -1, "solution": [], "content": [[2, 1, 7, 4, 4, 4, 5, 0], [2, 0, 5, 0, 1, 6, 4, 0], [0, 3, 1, 3, 3, 0, 2, 1], [3, 5, 1, 0, 0, 1, 0, 1], [0, 1, 6, 3, 1, 7, 2, 6], [6, 6, 4, 1, 1, 3, 0, 0], [7, 5, 4, 1, 0, 7, 1, 7], [5, 0, 7, 7, 1, 2, 0, 1], [2, 0, 4, 3, 2, 0, 1, 1], [5, 0, 0, 0, 0, 0, 6, 5], [2, 0, 1, 5, 4, 6, 0, 1], [5, 6, 6, 3, 1, 5, 4, 6]], "potions": 9, "treasures": 10, "enemies": 17, "solution_length": 0, "enemies_loc": [[2, 0], [5, 1], [2, 4], [5, 4], [7, 4], [0, 5], [1, 5], [0, 6], [5, 6], [7, 6], [2, 7], [3, 7], [6, 9], [5, 10], [1, 11], [2, 11], [7, 11]]}, "quality": 0.31795321634853657, "diversity": 0.39732141953125033, "controlability": 0.0}