{"content": [[4, 3, 6, 2, 7, 3, 6, 5], [5, 4, 5, 6, 1, 6, 4, 0], [6, 3, 1, 1, 0, 1, 5, 1], [3, 4, 1, 3, 0, 4, 1, 4], [0, 5, 6, 0, 1, 6, 6, 2], [1, 6, 1, 1, 6, 2, 0, 0], [7, 1, 4, 0, 4, 6, 3, 5], [5, 0, 0, 7, 1, 0, 0, 1], [6, 1, 4, 4, 2, 4, 1, 1], [1, 0, 0, 0, 0, 0, 3, 5], [2, 0, 1, 6, 5, 0, 0, 1], [6, 6, 2, 3, 1, 4, 0, 6]], "control": {"col_treasures": 18, "solution_length": 45}, "info": {"regions": 1, "players": 6, "exits": 8, "layout": 42, "heuristic": -1, "solution": [], "content": [[4, 3, 6, 2, 7, 3, 6, 5], [5, 4, 5, 6, 1, 6, 4, 0], [6, 3, 1, 1, 0, 1, 5, 1], [3, 4, 1, 3, 0, 4, 1, 4], [0, 5, 6, 0, 1, 6, 6, 2], [1, 6, 1, 1, 6, 2, 0, 0], [7, 1, 4, 0, 4, 6, 3, 5], [5, 0, 0, 7, 1, 0, 0, 1], [6, 1, 4, 4, 2, 4, 1, 1], [1, 0, 0, 0, 0, 0, 3, 5], [2, 0, 1, 6, 5, 0, 0, 1], [6, 6, 2, 3, 1, 4, 0, 6]], "potions": 12, "treasures": 9, "enemies": 19, "solution_length": 0, "enemies_loc": [[2, 0], [4, 0], [6, 0], [3, 1], [5, 1], [0, 2], [2, 4], [5, 4], [6, 4], [1, 5], [4, 5], [0, 6], [5, 6], [3, 7], [0, 8], [3, 10], [0, 11], [1, 11], [7, 11]]}, "quality": 0.3165789473431196, "diversity": 0.3195312422617188, "controlability": 0.0}