{"content": [[6, 1, 4, 2, 3, 1, 6, 1], [4, 1, 3, 5, 1, 7, 2, 6], [7, 3, 4, 3, 3, 0, 5, 1], [5, 3, 7, 0, 0, 4, 7, 5], [0, 1, 1, 3, 1, 0, 5, 2], [0, 0, 1, 0, 1, 1, 1, 4], [1, 5, 7, 1, 0, 0, 2, 5], [4, 0, 3, 4, 5, 3, 3, 4], [2, 1, 1, 3, 1, 4, 5, 1], [5, 3, 1, 0, 2, 1, 3, 3], [2, 0, 7, 2, 2, 6, 0, 1], [0, 6, 5, 6, 0, 0, 7, 6]], "control": {"col_treasures": 5, "solution_length": 24}, "info": {"regions": 1, "players": 9, "exits": 14, "layout": 39, "heuristic": -1, "solution": [], "content": [[6, 1, 4, 2, 3, 1, 6, 1], [4, 1, 3, 5, 1, 7, 2, 6], [7, 3, 4, 3, 3, 0, 5, 1], [5, 3, 7, 0, 0, 4, 7, 5], [0, 1, 1, 3, 1, 0, 5, 2], [0, 0, 1, 0, 1, 1, 1, 4], [1, 5, 7, 1, 0, 0, 2, 5], [4, 0, 3, 4, 5, 3, 3, 4], [2, 1, 1, 3, 1, 4, 5, 1], [5, 3, 1, 0, 2, 1, 3, 3], [2, 0, 7, 2, 2, 6, 0, 1], [0, 6, 5, 6, 0, 0, 7, 6]], "potions": 9, "treasures": 11, "enemies": 14, "solution_length": 0, "enemies_loc": [[0, 0], [6, 0], [5, 1], [7, 1], [0, 2], [2, 3], [6, 3], [2, 6], [2, 10], [5, 10], [1, 11], [3, 11], [6, 11], [7, 11]]}, "quality": 0.3060964912043016, "diversity": 0.3918876168442237, "controlability": 0.0}