{"content": [[2, 2, 6, 1, 4, 4, 3, 1], [5, 0, 5, 4, 3, 7, 4, 2], [6, 0, 2, 1, 3, 1, 3, 1], [4, 1, 1, 7, 1, 1, 1, 0], [6, 0, 0, 6, 2, 4, 6, 4], [0, 6, 0, 1, 1, 4, 0, 4], [1, 2, 7, 0, 2, 0, 2, 5], [4, 5, 7, 4, 4, 4, 0, 1], [2, 1, 1, 3, 7, 4, 1, 0], [1, 5, 0, 0, 0, 6, 2, 2], [6, 0, 6, 5, 1, 3, 0, 1], [1, 6, 2, 3, 4, 6, 6, 6]], "control": {"col_treasures": 18, "solution_length": 45}, "info": {"regions": 1, "players": 12, "exits": 7, "layout": 38, "heuristic": -1, "solution": [], "content": [[2, 2, 6, 1, 4, 4, 3, 1], [5, 0, 5, 4, 3, 7, 4, 2], [6, 0, 2, 1, 3, 1, 3, 1], [4, 1, 1, 7, 1, 1, 1, 0], [6, 0, 0, 6, 2, 4, 6, 4], [0, 6, 0, 1, 1, 4, 0, 4], [1, 2, 7, 0, 2, 0, 2, 5], [4, 5, 7, 4, 4, 4, 0, 1], [2, 1, 1, 3, 7, 4, 1, 0], [1, 5, 0, 0, 0, 6, 2, 2], [6, 0, 6, 5, 1, 3, 0, 1], [1, 6, 2, 3, 4, 6, 6, 6]], "potions": 15, "treasures": 6, "enemies": 18, "solution_length": 0, "enemies_loc": [[2, 0], [5, 1], [0, 2], [3, 3], [0, 4], [3, 4], [6, 4], [1, 5], [2, 6], [2, 7], [4, 8], [5, 9], [0, 10], [2, 10], [1, 11], [5, 11], [6, 11], [7, 11]]}, "quality": 0.30751461985926626, "diversity": 0.36799568088631507, "controlability": 0.0}