{"content": [[1, 1, 2, 1, 2, 5, 2, 7], [2, 0, 5, 0, 6, 6, 2, 5], [6, 4, 7, 4, 2, 7, 5, 1], [1, 7, 1, 4, 0, 4, 6, 7], [1, 7, 1, 1, 6, 2, 2, 4], [0, 6, 6, 7, 4, 7, 7, 1], [0, 2, 3, 0, 1, 1, 0, 7], [4, 7, 1, 0, 6, 2, 4, 7], [5, 6, 1, 5, 5, 1, 0, 0], [4, 7, 0, 3, 1, 4, 7, 0], [2, 0, 6, 1, 7, 2, 0, 2], [0, 6, 6, 1, 0, 1, 1, 1]], "control": {"col_treasures": 4, "solution_length": 23}, "info": {"regions": 1, "players": 13, "exits": 2, "layout": 37, "heuristic": -1, "solution": [], "content": [[1, 1, 2, 1, 2, 5, 2, 7], [2, 0, 5, 0, 6, 6, 2, 5], [6, 4, 7, 4, 2, 7, 5, 1], [1, 7, 1, 4, 0, 4, 6, 7], [1, 7, 1, 1, 6, 2, 2, 4], [0, 6, 6, 7, 4, 7, 7, 1], [0, 2, 3, 0, 1, 1, 0, 7], [4, 7, 1, 0, 6, 2, 4, 7], [5, 6, 1, 5, 5, 1, 0, 0], [4, 7, 0, 3, 1, 4, 7, 0], [2, 0, 6, 1, 7, 2, 0, 2], [0, 6, 6, 1, 0, 1, 1, 1]], "potions": 10, "treasures": 7, "enemies": 27, "solution_length": 0, "enemies_loc": [[7, 0], [4, 1], [5, 1], [0, 2], [2, 2], [5, 2], [1, 3], [6, 3], [7, 3], [1, 4], [4, 4], [1, 5], [2, 5], [3, 5], [5, 5], [6, 5], [7, 6], [1, 7], [4, 7], [7, 7], [1, 8], [1, 9], [6, 9], [2, 10], [4, 10], [1, 11], [2, 11]]}, "quality": 0.30893274851423086, "diversity": 0.36314005146366735, "controlability": 0.0}