{"content": [[2, 1, 1, 1, 4, 4, 3, 2], [5, 0, 7, 4, 3, 6, 4, 6], [6, 5, 1, 1, 3, 1, 5, 1], [0, 1, 7, 5, 2, 4, 0, 0], [0, 0, 5, 3, 1, 4, 6, 7], [0, 6, 1, 1, 1, 2, 5, 1], [0, 2, 0, 0, 2, 0, 0, 0], [4, 5, 7, 2, 7, 2, 4, 7], [2, 4, 1, 1, 0, 0, 3, 1], [3, 5, 0, 0, 0, 0, 1, 3], [1, 5, 3, 0, 1, 4, 0, 0], [1, 6, 5, 6, 4, 5, 6, 5]], "control": {"col_treasures": 4, "solution_length": 23}, "info": {"regions": 1, "players": 9, "exits": 8, "layout": 42, "heuristic": -1, "solution": [], "content": [[2, 1, 1, 1, 4, 4, 3, 2], [5, 0, 7, 4, 3, 6, 4, 6], [6, 5, 1, 1, 3, 1, 5, 1], [0, 1, 7, 5, 2, 4, 0, 0], [0, 0, 5, 3, 1, 4, 6, 7], [0, 6, 1, 1, 1, 2, 5, 1], [0, 2, 0, 0, 2, 0, 0, 0], [4, 5, 7, 2, 7, 2, 4, 7], [2, 4, 1, 1, 0, 0, 3, 1], [3, 5, 0, 0, 0, 0, 1, 3], [1, 5, 3, 0, 1, 4, 0, 0], [1, 6, 5, 6, 4, 5, 6, 5]], "potions": 11, "treasures": 12, "enemies": 14, "solution_length": 0, "enemies_loc": [[2, 1], [5, 1], [7, 1], [0, 2], [2, 3], [6, 4], [7, 4], [1, 5], [2, 7], [4, 7], [7, 7], [1, 11], [3, 11], [6, 11]]}, "quality": 0.31447368418544647, "diversity": 0.34889322075683604, "controlability": 0.0}