{"content": [[2, 3, 3, 2, 3, 1, 6, 5], [7, 4, 5, 6, 1, 7, 4, 0], [6, 1, 1, 1, 6, 1, 0, 1], [3, 6, 1, 3, 0, 4, 0, 4], [0, 0, 6, 3, 1, 6, 6, 2], [0, 6, 0, 1, 1, 6, 0, 0], [7, 1, 4, 0, 3, 0, 3, 5], [1, 0, 4, 7, 1, 3, 0, 1], [2, 4, 4, 4, 4, 4, 1, 1], [1, 3, 5, 0, 0, 1, 3, 7], [2, 0, 4, 5, 2, 1, 1, 1], [6, 6, 5, 1, 2, 4, 0, 1]], "control": {"col_treasures": 18, "solution_length": 45}, "info": {"regions": 1, "players": 7, "exits": 11, "layout": 42, "heuristic": -1, "solution": [], "content": [[2, 3, 3, 2, 3, 1, 6, 5], [7, 4, 5, 6, 1, 7, 4, 0], [6, 1, 1, 1, 6, 1, 0, 1], [3, 6, 1, 3, 0, 4, 0, 4], [0, 0, 6, 3, 1, 6, 6, 2], [0, 6, 0, 1, 1, 6, 0, 0], [7, 1, 4, 0, 3, 0, 3, 5], [1, 0, 4, 7, 1, 3, 0, 1], [2, 4, 4, 4, 4, 4, 1, 1], [1, 3, 5, 0, 0, 1, 3, 7], [2, 0, 4, 5, 2, 1, 1, 1], [6, 6, 5, 1, 2, 4, 0, 1]], "potions": 13, "treasures": 6, "enemies": 17, "solution_length": 0, "enemies_loc": [[6, 0], [0, 1], [3, 1], [5, 1], [0, 2], [4, 2], [1, 3], [2, 4], [5, 4], [6, 4], [1, 5], [5, 5], [0, 6], [3, 7], [7, 9], [0, 11], [1, 11]]}, "quality": 0.3137719297995555, "diversity": 0.39565372660290965, "controlability": 0.0}