{"content": [[2, 1, 4, 2, 0, 5, 0, 3], [4, 5, 5, 7, 1, 6, 2, 5], [6, 4, 3, 3, 0, 2, 5, 3], [1, 7, 7, 0, 4, 4, 1, 0], [6, 0, 1, 5, 3, 0, 5, 4], [0, 0, 0, 1, 1, 7, 0, 5], [0, 7, 4, 7, 1, 4, 0, 0], [7, 5, 7, 7, 4, 5, 3, 0], [7, 1, 2, 1, 1, 3, 0, 1], [5, 5, 6, 3, 7, 2, 2, 2], [2, 0, 7, 5, 5, 2, 0, 0], [0, 6, 5, 2, 1, 1, 1, 5]], "control": {"col_treasures": 5, "solution_length": 24}, "info": {"regions": 1, "players": 11, "exits": 8, "layout": 35, "heuristic": -1, "solution": [], "content": [[2, 1, 4, 2, 0, 5, 0, 3], [4, 5, 5, 7, 1, 6, 2, 5], [6, 4, 3, 3, 0, 2, 5, 3], [1, 7, 7, 0, 4, 4, 1, 0], [6, 0, 1, 5, 3, 0, 5, 4], [0, 0, 0, 1, 1, 7, 0, 5], [0, 7, 4, 7, 1, 4, 0, 0], [7, 5, 7, 7, 4, 5, 3, 0], [7, 1, 2, 1, 1, 3, 0, 1], [5, 5, 6, 3, 7, 2, 2, 2], [2, 0, 7, 5, 5, 2, 0, 0], [0, 6, 5, 2, 1, 1, 1, 5]], "potions": 9, "treasures": 16, "enemies": 17, "solution_length": 0, "enemies_loc": [[3, 1], [5, 1], [0, 2], [1, 3], [2, 3], [0, 4], [5, 5], [1, 6], [3, 6], [0, 7], [2, 7], [3, 7], [0, 8], [2, 9], [4, 9], [2, 10], [1, 11]]}, "quality": 0.30334795319346763, "diversity": 0.7265624943359377, "controlability": 0.0}