{"content": [[2, 3, 3, 1, 7, 4, 2, 7], [5, 1, 5, 4, 3, 6, 4, 2], [6, 5, 1, 1, 2, 1, 1, 1], [4, 1, 1, 5, 0, 4, 0, 0], [0, 0, 6, 1, 1, 6, 6, 4], [1, 6, 1, 1, 1, 2, 5, 4], [7, 4, 0, 0, 4, 6, 3, 0], [5, 5, 7, 7, 1, 5, 1, 1], [0, 1, 4, 4, 4, 4, 1, 1], [3, 0, 0, 0, 7, 0, 2, 3], [2, 0, 7, 6, 1, 0, 5, 1], [6, 6, 4, 3, 4, 7, 1, 6]], "control": {"col_treasures": 18, "solution_length": 46}, "info": {"regions": 1, "players": 7, "exits": 7, "layout": 39, "heuristic": -1, "solution": [], "content": [[2, 3, 3, 1, 7, 4, 2, 7], [5, 1, 5, 4, 3, 6, 4, 2], [6, 5, 1, 1, 2, 1, 1, 1], [4, 1, 1, 5, 0, 4, 0, 0], [0, 0, 6, 1, 1, 6, 6, 4], [1, 6, 1, 1, 1, 2, 5, 4], [7, 4, 0, 0, 4, 6, 3, 0], [5, 5, 7, 7, 1, 5, 1, 1], [0, 1, 4, 4, 4, 4, 1, 1], [3, 0, 0, 0, 7, 0, 2, 3], [2, 0, 7, 6, 1, 0, 5, 1], [6, 6, 4, 3, 4, 7, 1, 6]], "potions": 15, "treasures": 9, "enemies": 19, "solution_length": 0, "enemies_loc": [[4, 0], [7, 0], [5, 1], [0, 2], [2, 4], [5, 4], [6, 4], [1, 5], [0, 6], [5, 6], [2, 7], [3, 7], [4, 9], [2, 10], [3, 10], [0, 11], [1, 11], [5, 11], [7, 11]]}, "quality": 0.312412280677321, "diversity": 0.41753471317274327, "controlability": 0.0}