{"content": [[5, 3, 4, 2, 2, 4, 0, 0], [4, 1, 7, 5, 2, 7, 2, 6], [7, 5, 4, 1, 2, 1, 5, 1], [5, 5, 0, 5, 0, 4, 1, 0], [0, 0, 1, 3, 4, 7, 5, 4], [1, 6, 2, 7, 1, 1, 1, 4], [7, 5, 3, 1, 1, 2, 1, 5], [4, 0, 3, 0, 5, 5, 0, 1], [2, 1, 1, 1, 1, 4, 5, 1], [5, 3, 0, 3, 2, 1, 1, 3], [6, 0, 1, 2, 2, 6, 0, 1], [0, 6, 6, 6, 0, 5, 7, 5]], "control": {"col_treasures": 8, "solution_length": 30}, "info": {"regions": 1, "players": 11, "exits": 7, "layout": 38, "heuristic": -1, "solution": [], "content": [[5, 3, 4, 2, 2, 4, 0, 0], [4, 1, 7, 5, 2, 7, 2, 6], [7, 5, 4, 1, 2, 1, 5, 1], [5, 5, 0, 5, 0, 4, 1, 0], [0, 0, 1, 3, 4, 7, 5, 4], [1, 6, 2, 7, 1, 1, 1, 4], [7, 5, 3, 1, 1, 2, 1, 5], [4, 0, 3, 0, 5, 5, 0, 1], [2, 1, 1, 1, 1, 4, 5, 1], [5, 3, 0, 3, 2, 1, 1, 3], [6, 0, 1, 2, 2, 6, 0, 1], [0, 6, 6, 6, 0, 5, 7, 5]], "potions": 10, "treasures": 16, "enemies": 14, "solution_length": 0, "enemies_loc": [[2, 1], [5, 1], [7, 1], [0, 2], [5, 4], [1, 5], [3, 5], [0, 6], [0, 10], [5, 10], [1, 11], [2, 11], [3, 11], [6, 11]]}, "quality": 0.3082163742451573, "diversity": 0.3783914639898259, "controlability": 0.0}