{"content": [[6, 1, 4, 2, 1, 5, 1, 2], [4, 1, 5, 6, 2, 0, 2, 1], [6, 5, 3, 1, 3, 2, 4, 1], [0, 3, 1, 3, 0, 4, 1, 5], [3, 0, 4, 3, 1, 4, 6, 0], [0, 0, 1, 1, 1, 1, 7, 4], [0, 1, 4, 1, 3, 4, 5, 7], [1, 5, 3, 4, 5, 3, 3, 1], [7, 1, 3, 4, 4, 3, 5, 2], [7, 3, 1, 0, 7, 1, 3, 7], [2, 5, 4, 2, 2, 4, 1, 6], [0, 6, 3, 2, 0, 4, 0, 1]], "control": {"col_treasures": 5, "solution_length": 24}, "info": {"regions": 2, "players": 10, "exits": 15, "layout": 35, "heuristic": -1, "solution": [], "content": [[6, 1, 4, 2, 1, 5, 1, 2], [4, 1, 5, 6, 2, 0, 2, 1], [6, 5, 3, 1, 3, 2, 4, 1], [0, 3, 1, 3, 0, 4, 1, 5], [3, 0, 4, 3, 1, 4, 6, 0], [0, 0, 1, 1, 1, 1, 7, 4], [0, 1, 4, 1, 3, 4, 5, 7], [1, 5, 3, 4, 5, 3, 3, 1], [7, 1, 3, 4, 4, 3, 5, 2], [7, 3, 1, 0, 7, 1, 3, 7], [2, 5, 4, 2, 2, 4, 1, 6], [0, 6, 3, 2, 0, 4, 0, 1]], "potions": 15, "treasures": 9, "enemies": 12, "solution_length": 0, "enemies_loc": [[0, 0], [3, 1], [0, 2], [6, 4], [6, 5], [7, 6], [0, 8], [0, 9], [4, 9], [7, 9], [7, 10], [1, 11]]}, "quality": 0.2913854888251198, "diversity": 0.359987736465993, "controlability": 0.0}