{"content": [[2, 2, 7, 1, 4, 4, 3, 6], [5, 0, 7, 0, 3, 7, 7, 1], [6, 5, 7, 3, 0, 1, 4, 1], [4, 1, 1, 7, 0, 7, 0, 0], [6, 5, 0, 6, 6, 1, 6, 1], [3, 2, 1, 7, 5, 4, 6, 4], [0, 2, 4, 7, 2, 6, 1, 0], [4, 5, 7, 0, 7, 2, 4, 7], [4, 0, 1, 1, 4, 4, 5, 5], [5, 5, 0, 6, 0, 6, 2, 3], [2, 5, 3, 1, 1, 6, 0, 1], [1, 6, 1, 0, 6, 1, 4, 1]], "control": {"col_treasures": 4, "solution_length": 23}, "info": {"regions": 1, "players": 8, "exits": 6, "layout": 34, "heuristic": -1, "solution": [], "content": [[2, 2, 7, 1, 4, 4, 3, 6], [5, 0, 7, 0, 3, 7, 7, 1], [6, 5, 7, 3, 0, 1, 4, 1], [4, 1, 1, 7, 0, 7, 0, 0], [6, 5, 0, 6, 6, 1, 6, 1], [3, 2, 1, 7, 5, 4, 6, 4], [0, 2, 4, 7, 2, 6, 1, 0], [4, 5, 7, 0, 7, 2, 4, 7], [4, 0, 1, 1, 4, 4, 5, 5], [5, 5, 0, 6, 0, 6, 2, 3], [2, 5, 3, 1, 1, 6, 0, 1], [1, 6, 1, 0, 6, 1, 4, 1]], "potions": 13, "treasures": 10, "enemies": 25, "solution_length": 0, "enemies_loc": [[2, 0], [7, 0], [2, 1], [5, 1], [6, 1], [0, 2], [2, 2], [3, 3], [5, 3], [0, 4], [3, 4], [4, 4], [6, 4], [3, 5], [6, 5], [3, 6], [5, 6], [2, 7], [4, 7], [7, 7], [3, 9], [5, 9], [5, 10], [1, 11], [4, 11]]}, "quality": 0.30546783623432333, "diversity": 0.37064393058238654, "controlability": 0.0}