{"content": [[1, 3, 3, 4, 7, 3, 6, 5], [5, 4, 5, 6, 1, 6, 4, 0], [6, 3, 1, 1, 0, 1, 5, 1], [3, 4, 1, 3, 0, 4, 1, 4], [0, 5, 2, 0, 1, 6, 6, 2], [1, 6, 0, 1, 1, 2, 0, 6], [7, 1, 4, 0, 4, 6, 3, 5], [5, 0, 7, 7, 1, 0, 0, 1], [2, 4, 4, 0, 2, 4, 1, 1], [1, 0, 1, 0, 0, 0, 3, 5], [2, 0, 6, 5, 5, 1, 0, 1], [7, 6, 2, 1, 2, 4, 0, 6]], "control": {"col_treasures": 18, "solution_length": 45}, "info": {"regions": 1, "players": 8, "exits": 8, "layout": 41, "heuristic": -1, "solution": [], "content": [[1, 3, 3, 4, 7, 3, 6, 5], [5, 4, 5, 6, 1, 6, 4, 0], [6, 3, 1, 1, 0, 1, 5, 1], [3, 4, 1, 3, 0, 4, 1, 4], [0, 5, 2, 0, 1, 6, 6, 2], [1, 6, 0, 1, 1, 2, 0, 6], [7, 1, 4, 0, 4, 6, 3, 5], [5, 0, 7, 7, 1, 0, 0, 1], [2, 4, 4, 0, 2, 4, 1, 1], [1, 0, 1, 0, 0, 0, 3, 5], [2, 0, 6, 5, 5, 1, 0, 1], [7, 6, 2, 1, 2, 4, 0, 6]], "potions": 12, "treasures": 10, "enemies": 17, "solution_length": 0, "enemies_loc": [[4, 0], [6, 0], [3, 1], [5, 1], [0, 2], [5, 4], [6, 4], [1, 5], [7, 5], [0, 6], [5, 6], [2, 7], [3, 7], [2, 10], [0, 11], [1, 11], [7, 11]]}, "quality": 0.313786549682738, "diversity": 0.3784427875728287, "controlability": 0.0}