{"content": [[3, 1, 7, 1, 0, 5, 5, 2], [7, 0, 5, 1, 1, 1, 5, 5], [0, 0, 4, 1, 4, 1, 5, 1], [0, 5, 1, 5, 0, 7, 0, 0], [1, 7, 5, 1, 1, 1, 7, 0], [1, 4, 0, 4, 0, 0, 7, 5], [0, 7, 3, 1, 5, 1, 0, 5], [4, 0, 7, 0, 7, 4, 0, 1], [5, 0, 4, 5, 4, 4, 5, 7], [1, 5, 1, 5, 5, 4, 1, 0], [5, 5, 6, 1, 5, 1, 0, 1], [5, 0, 7, 4, 6, 4, 1, 1]], "control": {"col_treasures": 18, "solution_length": 45}, "info": {"regions": 1, "players": 1, "exits": 2, "layout": 46, "heuristic": -1, "solution": [], "content": [[3, 1, 7, 1, 0, 5, 5, 2], [7, 0, 5, 1, 1, 1, 5, 5], [0, 0, 4, 1, 4, 1, 5, 1], [0, 5, 1, 5, 0, 7, 0, 0], [1, 7, 5, 1, 1, 1, 7, 0], [1, 4, 0, 4, 0, 0, 7, 5], [0, 7, 3, 1, 5, 1, 0, 5], [4, 0, 7, 0, 7, 4, 0, 1], [5, 0, 4, 5, 4, 4, 5, 7], [1, 5, 1, 5, 5, 4, 1, 0], [5, 5, 6, 1, 5, 1, 0, 1], [5, 0, 7, 4, 6, 4, 1, 1]], "potions": 12, "treasures": 22, "enemies": 13, "solution_length": 0, "enemies_loc": [[2, 0], [0, 1], [5, 3], [1, 4], [6, 4], [6, 5], [1, 6], [2, 7], [4, 7], [7, 8], [2, 10], [2, 11], [4, 11]]}, "quality": 0.3298538011493368, "diversity": 0.2875212518255741, "controlability": 0.0}