{"content": {"layout": [4, 13, 13, 9, 6, 5, 5, 11, 12, 15, 15, 0, 0, 6, 5, 1], "start": 11, "boss": 12, "shop": 15, "treasure": 2}, "control": {"map_size": 11}, "info": {"map_size": 14, "num_regions": 1, "connect_regions": 2, "loose_connections": 9, "locations": 2, "player_boss_distance": 22, "flat": [0, 0, 0, 0, 0, 0, 0, 0, 0, 0, 0, 0, 0, 1, 2, 2, 1, 2, 2, 1, 2, 2, 1, 0, 0, 0, 0, 0, 2, 0, 0, 2, 0, 0, 2, 0, 0, 2, 0, 0, 0, 0, 0, 0, 0, 0, 2, 0, 0, 1, 2, 2, 1, 2, 2, 1, 2, 2, 1, 0, 0, 0, 0, 0, 0, 0, 0, 0, 0, 0, 2, 0, 0, 0, 0, 0, 2, 0, 0, 2, 0, 0, 0, 0, 0, 1, 2, 2, 1, 2, 2, 1, 2, 0, 0, 0, 0, 2, 0, 0, 2, 0, 0, 2, 0, 0, 0, 0, 0, 0, 0, 0, 2, 0, 0, 0, 0, 0, 0, 0, 0, 0, 0, 0, 1, 2, 2, 1, 2, 2, 1, 0, 0, 0, 0, 0, 0, 0, 0, 0, 0, 0, 0, 0], "dead_end": 1}, "quality": 0.5899999999066667, "diversity": 0.585278604545722, "controlability": 0.9687499984863283}