{"content": [[1, 1, 1, 0, 1, 1, 1, 1, 0, 1, 0], [1, 1, 1, 5, 0, 0, 1, 0, 0, 1, 0], [1, 1, 1, 1, 1, 1, 1, 5, 1, 1, 0], [0, 1, 0, 0, 0, 1, 5, 1, 0, 1, 0], [1, 1, 1, 1, 5, 1, 0, 1, 0, 2, 1], [1, 0, 1, 1, 4, 0, 4, 1, 0, 0, 1], [1, 4, 0, 0, 1, 1, 0, 0, 1, 3, 1]], "control": {"player_key": 17, "key_door": 17}, "info": {"regions": 1, "players": 1, "keys": 1, "doors": 3, "enemies": 4, "player_key": 4, "key_door": 14, "pk_path": [[9, 4], [10, 4], [10, 5], [10, 6], [9, 6]], "kd_path": []}, "quality": 0.4983552631498875, "diversity": 1.0, "controlability": 0.5999999996}