{"content": [[1, 0, 0, 0, 0, 0, 0, 0, 1, 1, 1, 0, 0, 1], [0, 1, 1, 1, 0, 0, 0, 0, 1, 1, 1, 0, 0, 0], [1, 1, 0, 1, 1, 1, 1, 0, 0, 0, 1, 0, 1, 0], [0, 0, 0, 1, 1, 1, 0, 1, 0, 1, 1, 1, 1, 1], [0, 0, 1, 1, 1, 0, 0, 0, 0, 1, 0, 0, 1, 0], [1, 0, 1, 0, 0, 0, 0, 0, 1, 0, 1, 1, 0, 0], [0, 1, 0, 0, 1, 1, 0, 0, 0, 1, 0, 0, 0, 0], [1, 1, 0, 0, 1, 1, 0, 1, 0, 1, 1, 1, 1, 1], [0, 1, 0, 1, 0, 1, 0, 0, 0, 1, 1, 0, 0, 1], [1, 0, 0, 0, 0, 0, 0, 0, 0, 1, 1, 1, 0, 0], [1, 0, 0, 0, 1, 0, 0, 0, 1, 1, 1, 1, 0, 0], [0, 1, 1, 1, 0, 0, 0, 0, 1, 0, 0, 1, 0, 1], [1, 1, 0, 1, 0, 0, 1, 0, 1, 0, 1, 0, 0, 0], [1, 0, 0, 0, 0, 0, 0, 0, 1, 1, 0, 1, 0, 0]], "control": {"path": 66}, "info": {"path": 13, "regions": 20, "flat": [1, 0, 0, 0, 0, 0, 0, 0, 1, 1, 1, 0, 0, 1, 0, 1, 1, 1, 0, 0, 0, 0, 1, 1, 1, 0, 0, 0, 1, 1, 0, 1, 1, 1, 1, 0, 0, 0, 1, 0, 1, 0, 0, 0, 0, 1, 1, 1, 0, 1, 0, 1, 1, 1, 1, 1, 0, 0, 1, 1, 1, 0, 0, 0, 0, 1, 0, 0, 1, 0, 1, 0, 1, 0, 0, 0, 0, 0, 1, 0, 1, 1, 0, 0, 0, 1, 0, 0, 1, 1, 0, 0, 0, 1, 0, 0, 0, 0, 1, 1, 0, 0, 1, 1, 0, 1, 0, 1, 1, 1, 1, 1, 0, 1, 0, 1, 0, 1, 0, 0, 0, 1, 1, 0, 0, 1, 1, 0, 0, 0, 0, 0, 0, 0, 0, 1, 1, 1, 0, 0, 1, 0, 0, 0, 1, 0, 0, 0, 1, 1, 1, 1, 0, 0, 0, 1, 1, 1, 0, 0, 0, 0, 1, 0, 0, 1, 0, 1, 1, 1, 0, 1, 0, 0, 1, 0, 1, 0, 1, 0, 0, 0, 1, 0, 0, 0, 0, 0, 0, 0, 1, 1, 0, 1, 0, 0]}, "quality": 0.23214285705994897, "diversity": 1.0, "controlability": 0.22033898301350185}