{"content": [[1, 7, 7, 1, 0, 1, 5, 6], [7, 5, 5, 1, 1, 1, 6, 0], [6, 4, 6, 1, 4, 6, 5, 7], [0, 5, 7, 5, 0, 7, 0, 0], [1, 7, 7, 1, 1, 3, 7, 6], [1, 4, 6, 0, 0, 0, 1, 5], [0, 1, 5, 1, 5, 1, 6, 5], [6, 0, 7, 0, 7, 0, 0, 1], [0, 6, 4, 5, 4, 4, 1, 1], [5, 1, 1, 5, 1, 4, 1, 1], [5, 5, 6, 1, 5, 0, 0, 4], [5, 5, 2, 7, 6, 6, 1, 1]], "control": {"col_treasures": 18, "solution_length": 45}, "info": {"regions": 2, "players": 1, "exits": 1, "layout": 43, "heuristic": -1, "solution": [], "content": [[1, 7, 7, 1, 0, 1, 5, 6], [7, 5, 5, 1, 1, 1, 6, 0], [6, 4, 6, 1, 4, 6, 5, 7], [0, 5, 7, 5, 0, 7, 0, 0], [1, 7, 7, 1, 1, 3, 7, 6], [1, 4, 6, 0, 0, 0, 1, 5], [0, 1, 5, 1, 5, 1, 6, 5], [6, 0, 7, 0, 7, 0, 0, 1], [0, 6, 4, 5, 4, 4, 1, 1], [5, 1, 1, 5, 1, 4, 1, 1], [5, 5, 6, 1, 5, 0, 0, 4], [5, 5, 2, 7, 6, 6, 1, 1]], "potions": 8, "treasures": 18, "enemies": 25, "solution_length": 0, "enemies_loc": [[1, 0], [2, 0], [7, 0], [0, 1], [6, 1], [0, 2], [2, 2], [5, 2], [7, 2], [2, 3], [5, 3], [1, 4], [2, 4], [6, 4], [7, 4], [2, 5], [6, 6], [0, 7], [2, 7], [4, 7], [1, 8], [2, 10], [3, 11], [4, 11], [5, 11]]}, "quality": 0.31863695082344506, "diversity": 0.2760416600989586, "controlability": 0.0}