{"content": [[6, 1, 7, 7, 7, 5, 3, 0], [0, 0, 0, 0, 6, 7, 5, 0], [0, 0, 1, 4, 4, 1, 6, 1], [0, 4, 1, 0, 0, 7, 0, 0], [0, 7, 7, 1, 6, 1, 6, 6], [1, 7, 0, 1, 1, 7, 0, 1], [0, 5, 6, 2, 1, 7, 0, 5], [5, 0, 1, 0, 7, 0, 0, 1], [5, 0, 4, 4, 1, 7, 0, 4], [4, 0, 1, 7, 0, 4, 1, 6], [6, 5, 4, 1, 4, 6, 5, 1], [0, 0, 7, 3, 4, 1, 1, 1]], "control": {"col_treasures": 8, "solution_length": 30}, "info": {"regions": 1, "players": 1, "exits": 2, "layout": 50, "heuristic": -1, "solution": [], "content": [[6, 1, 7, 7, 7, 5, 3, 0], [0, 0, 0, 0, 6, 7, 5, 0], [0, 0, 1, 4, 4, 1, 6, 1], [0, 4, 1, 0, 0, 7, 0, 0], [0, 7, 7, 1, 6, 1, 6, 6], [1, 7, 0, 1, 1, 7, 0, 1], [0, 5, 6, 2, 1, 7, 0, 5], [5, 0, 1, 0, 7, 0, 0, 1], [5, 0, 4, 4, 1, 7, 0, 4], [4, 0, 1, 7, 0, 4, 1, 6], [6, 5, 4, 1, 4, 6, 5, 1], [0, 0, 7, 3, 4, 1, 1, 1]], "potions": 11, "treasures": 8, "enemies": 24, "solution_length": 0, "enemies_loc": [[0, 0], [2, 0], [3, 0], [4, 0], [4, 1], [5, 1], [6, 2], [5, 3], [1, 4], [2, 4], [4, 4], [6, 4], [7, 4], [1, 5], [5, 5], [2, 6], [5, 6], [4, 7], [5, 8], [3, 9], [7, 9], [0, 10], [5, 10], [2, 11]]}, "quality": 0.3326315789404248, "diversity": 0.418898802622768, "controlability": 0.0}