{"content": [[1, 1, 7, 1, 0, 1, 5, 0], [5, 5, 5, 1, 4, 7, 5, 0], [0, 0, 4, 3, 5, 6, 5, 1], [0, 7, 1, 5, 0, 7, 0, 0], [0, 7, 3, 1, 1, 1, 7, 6], [1, 4, 0, 0, 0, 0, 1, 4], [0, 4, 5, 1, 6, 1, 6, 5], [4, 0, 7, 0, 1, 0, 0, 1], [6, 0, 4, 5, 4, 4, 0, 1], [5, 5, 3, 5, 1, 4, 1, 1], [5, 5, 1, 1, 4, 0, 0, 4], [5, 5, 2, 6, 7, 6, 0, 1]], "control": {"col_treasures": 18, "solution_length": 45}, "info": {"regions": 1, "players": 1, "exits": 3, "layout": 47, "heuristic": -1, "solution": [], "content": [[1, 1, 7, 1, 0, 1, 5, 0], [5, 5, 5, 1, 4, 7, 5, 0], [0, 0, 4, 3, 5, 6, 5, 1], [0, 7, 1, 5, 0, 7, 0, 0], [0, 7, 3, 1, 1, 1, 7, 6], [1, 4, 0, 0, 0, 0, 1, 4], [0, 4, 5, 1, 6, 1, 6, 5], [4, 0, 7, 0, 1, 0, 0, 1], [6, 0, 4, 5, 4, 4, 0, 1], [5, 5, 3, 5, 1, 4, 1, 1], [5, 5, 1, 1, 4, 0, 0, 4], [5, 5, 2, 6, 7, 6, 0, 1]], "potions": 12, "treasures": 18, "enemies": 15, "solution_length": 0, "enemies_loc": [[2, 0], [5, 1], [5, 2], [1, 3], [5, 3], [1, 4], [6, 4], [7, 4], [4, 6], [6, 6], [2, 7], [0, 8], [3, 11], [4, 11], [5, 11]]}, "quality": 0.3305409356520453, "diversity": 0.2942708264395256, "controlability": 0.0}