{"content": [[1, 1, 1, 5, 0, 5, 5, 0], [5, 5, 5, 5, 1, 1, 3, 5], [0, 5, 4, 1, 5, 2, 6, 7], [7, 7, 1, 0, 0, 1, 0, 4], [6, 0, 4, 6, 6, 1, 7, 0], [1, 6, 2, 0, 1, 7, 7, 4], [0, 0, 4, 1, 0, 7, 1, 5], [4, 0, 0, 0, 7, 5, 1, 1], [5, 0, 4, 4, 5, 4, 1, 1], [6, 5, 1, 5, 0, 4, 1, 0], [6, 0, 5, 4, 5, 1, 0, 1], [0, 0, 7, 6, 7, 7, 4, 1]], "control": {"col_treasures": 18, "solution_length": 45}, "info": {"regions": 1, "players": 2, "exits": 1, "layout": 44, "heuristic": -1, "solution": [], "content": [[1, 1, 1, 5, 0, 5, 5, 0], [5, 5, 5, 5, 1, 1, 3, 5], [0, 5, 4, 1, 5, 2, 6, 7], [7, 7, 1, 0, 0, 1, 0, 4], [6, 0, 4, 6, 6, 1, 7, 0], [1, 6, 2, 0, 1, 7, 7, 4], [0, 0, 4, 1, 0, 7, 1, 5], [4, 0, 0, 0, 7, 5, 1, 1], [5, 0, 4, 4, 5, 4, 1, 1], [6, 5, 1, 5, 0, 4, 1, 0], [6, 0, 5, 4, 5, 1, 0, 1], [0, 0, 7, 6, 7, 7, 4, 1]], "potions": 12, "treasures": 18, "enemies": 19, "solution_length": 0, "enemies_loc": [[6, 2], [7, 2], [0, 3], [1, 3], [0, 4], [3, 4], [4, 4], [6, 4], [1, 5], [5, 5], [6, 5], [5, 6], [4, 7], [0, 9], [0, 10], [2, 11], [3, 11], [4, 11], [5, 11]]}, "quality": 0.3270760233721377, "diversity": 0.3461805485677085, "controlability": 0.0}