{"content": [[1, 1, 7, 6, 7, 5, 7, 1], [1, 2, 0, 6, 4, 4, 4, 0], [4, 4, 1, 4, 7, 6, 6, 1], [0, 2, 1, 0, 0, 7, 4, 0], [6, 7, 1, 6, 6, 1, 4, 6], [1, 1, 0, 0, 5, 6, 0, 4], [0, 0, 6, 1, 1, 7, 4, 0], [1, 0, 0, 0, 1, 0, 1, 1], [4, 0, 4, 1, 0, 4, 0, 1], [7, 0, 7, 7, 4, 4, 1, 6], [6, 3, 6, 1, 6, 6, 0, 1], [4, 4, 1, 0, 7, 1, 0, 1]], "control": {"col_treasures": 8, "solution_length": 30}, "info": {"regions": 1, "players": 2, "exits": 1, "layout": 48, "heuristic": -1, "solution": [], "content": [[1, 1, 7, 6, 7, 5, 7, 1], [1, 2, 0, 6, 4, 4, 4, 0], [4, 4, 1, 4, 7, 6, 6, 1], [0, 2, 1, 0, 0, 7, 4, 0], [6, 7, 1, 6, 6, 1, 4, 6], [1, 1, 0, 0, 5, 6, 0, 4], [0, 0, 6, 1, 1, 7, 4, 0], [1, 0, 0, 0, 1, 0, 1, 1], [4, 0, 4, 1, 0, 4, 0, 1], [7, 0, 7, 7, 4, 4, 1, 6], [6, 3, 6, 1, 6, 6, 0, 1], [4, 4, 1, 0, 7, 1, 0, 1]], "potions": 17, "treasures": 2, "enemies": 26, "solution_length": 0, "enemies_loc": [[2, 0], [3, 0], [4, 0], [6, 0], [3, 1], [4, 2], [5, 2], [6, 2], [5, 3], [0, 4], [1, 4], [3, 4], [4, 4], [7, 4], [5, 5], [2, 6], [5, 6], [0, 9], [2, 9], [3, 9], [7, 9], [0, 10], [2, 10], [4, 10], [5, 10], [4, 11]]}, "quality": 0.3326315789404248, "diversity": 0.2362689338660039, "controlability": 0.0}