{"content": {"layout": [7, 15, 15, 13, 9, 13, 9, 10, 13, 13, 6, 15, 3, 15, 5, 0], "start": 14, "boss": 13, "shop": 8, "treasure": 8}, "control": {"map_size": 14}, "info": {"map_size": 15, "num_regions": 1, "connect_regions": 3, "loose_connections": 19, "locations": 3, "player_boss_distance": 1, "flat": [0, 2, 0, 0, 2, 0, 0, 2, 0, 0, 0, 0, 2, 1, 2, 2, 1, 2, 2, 1, 2, 2, 1, 2, 0, 0, 0, 0, 2, 0, 0, 2, 0, 0, 2, 0, 0, 0, 0, 0, 0, 0, 0, 0, 0, 0, 2, 0, 2, 1, 0, 2, 1, 2, 2, 1, 0, 0, 1, 0, 0, 2, 0, 0, 2, 0, 0, 2, 0, 0, 2, 0, 0, 0, 0, 0, 0, 0, 0, 2, 0, 0, 2, 0, 2, 1, 2, 2, 1, 2, 0, 1, 2, 2, 1, 2, 0, 2, 0, 0, 2, 0, 0, 0, 0, 0, 2, 0, 0, 2, 0, 0, 2, 0, 0, 0, 0, 0, 0, 0, 2, 1, 0, 2, 1, 2, 2, 1, 2, 0, 0, 0, 0, 0, 0, 0, 2, 0, 0, 0, 0, 0, 0, 0], "dead_end": 0}, "quality": 0.5799999999133333, "diversity": 1.0, "controlability": 0.6562499989746094}