{"content": {"layout": [5, 1, 15, 13, 4, 10, 2, 4, 12, 10, 13, 13, 6, 15, 0, 11], "start": 8, "boss": 3, "shop": 8, "treasure": 3}, "control": {"map_size": 14}, "info": {"map_size": 15, "num_regions": 1, "connect_regions": 6, "loose_connections": 16, "locations": 2, "player_boss_distance": 5, "flat": [0, 0, 0, 0, 0, 0, 0, 2, 0, 0, 0, 0, 2, 1, 2, 2, 1, 0, 2, 1, 2, 2, 1, 2, 0, 0, 0, 0, 0, 0, 0, 2, 0, 0, 2, 0, 0, 0, 0, 0, 2, 0, 0, 2, 0, 0, 0, 0, 0, 1, 2, 0, 1, 0, 0, 1, 0, 0, 1, 2, 0, 0, 0, 0, 2, 0, 0, 0, 0, 0, 0, 0, 0, 0, 0, 0, 2, 0, 0, 0, 0, 0, 0, 0, 0, 1, 2, 0, 1, 0, 2, 1, 2, 2, 1, 2, 0, 2, 0, 0, 2, 0, 0, 2, 0, 0, 2, 0, 0, 2, 0, 0, 2, 0, 0, 0, 0, 0, 2, 0, 0, 1, 2, 2, 1, 2, 0, 0, 0, 2, 1, 0, 0, 0, 0, 0, 2, 0, 0, 0, 0, 0, 2, 0], "dead_end": 0}, "quality": 0.5499999999333333, "diversity": 0.5059027701826533, "controlability": 0.6562499989746094}