{"content": [[4, 1, 3, 6, 0, 1, 5, 0], [1, 0, 5, 4, 1, 1, 6, 2], [0, 0, 4, 4, 3, 6, 5, 1], [1, 5, 1, 0, 0, 7, 1, 0], [1, 7, 1, 0, 6, 1, 6, 0], [1, 3, 0, 5, 1, 1, 3, 4], [1, 5, 4, 0, 1, 0, 1, 5], [5, 0, 4, 0, 4, 4, 1, 1], [5, 0, 1, 5, 5, 4, 1, 0], [5, 0, 1, 7, 0, 4, 1, 6], [5, 0, 1, 1, 4, 0, 0, 1], [0, 0, 6, 3, 6, 2, 4, 1]], "control": {"col_treasures": 18, "solution_length": 45}, "info": {"regions": 1, "players": 2, "exits": 5, "layout": 52, "heuristic": -1, "solution": [], "content": [[4, 1, 3, 6, 0, 1, 5, 0], [1, 0, 5, 4, 1, 1, 6, 2], [0, 0, 4, 4, 3, 6, 5, 1], [1, 5, 1, 0, 0, 7, 1, 0], [1, 7, 1, 0, 6, 1, 6, 0], [1, 3, 0, 5, 1, 1, 3, 4], [1, 5, 4, 0, 1, 0, 1, 5], [5, 0, 4, 0, 4, 4, 1, 1], [5, 0, 1, 5, 5, 4, 1, 0], [5, 0, 1, 7, 0, 4, 1, 6], [5, 0, 1, 1, 4, 0, 0, 1], [0, 0, 6, 3, 6, 2, 4, 1]], "potions": 13, "treasures": 13, "enemies": 11, "solution_length": 0, "enemies_loc": [[3, 0], [6, 1], [5, 2], [5, 3], [1, 4], [4, 4], [6, 4], [3, 9], [7, 9], [2, 11], [4, 11]]}, "quality": 0.329824561389843, "diversity": 0.2767857077232144, "controlability": 0.0}