{"content": [[1, 1, 1, 1, 7, 5, 7, 1], [0, 2, 0, 1, 0, 7, 4, 0], [0, 1, 0, 4, 7, 0, 6, 1], [0, 5, 1, 0, 1, 7, 4, 5], [1, 7, 5, 6, 6, 1, 6, 6], [7, 6, 0, 0, 5, 6, 0, 4], [7, 0, 6, 1, 1, 7, 0, 0], [1, 0, 0, 0, 1, 0, 1, 1], [7, 0, 4, 1, 0, 4, 0, 1], [1, 0, 7, 7, 6, 4, 1, 6], [6, 3, 6, 1, 0, 6, 0, 1], [4, 0, 1, 0, 7, 1, 0, 1]], "control": {"col_treasures": 8, "solution_length": 30}, "info": {"regions": 1, "players": 1, "exits": 1, "layout": 55, "heuristic": 143, "solution": [], "content": [[1, 1, 1, 1, 7, 5, 7, 1], [0, 2, 0, 1, 0, 7, 4, 0], [0, 1, 0, 4, 7, 0, 6, 1], [0, 5, 1, 0, 1, 7, 4, 5], [1, 7, 5, 6, 6, 1, 6, 6], [7, 6, 0, 0, 5, 6, 0, 4], [7, 0, 6, 1, 1, 7, 0, 0], [1, 0, 0, 0, 1, 0, 1, 1], [7, 0, 4, 1, 0, 4, 0, 1], [1, 0, 7, 7, 6, 4, 1, 6], [6, 3, 6, 1, 0, 6, 0, 1], [4, 0, 1, 0, 7, 1, 0, 1]], "potions": 8, "treasures": 5, "enemies": 26, "solution_length": 0, "enemies_loc": [[4, 0], [6, 0], [5, 1], [4, 2], [6, 2], [5, 3], [1, 4], [3, 4], [4, 4], [6, 4], [7, 4], [0, 5], [1, 5], [5, 5], [0, 6], [2, 6], [5, 6], [0, 8], [2, 9], [3, 9], [4, 9], [7, 9], [0, 10], [2, 10], [5, 10], [4, 11]], "status": "running", "health": 5, "col_treasures": 2, "col_potions": 0, "col_enemies": 0}, "quality": 0.49741391782389605, "diversity": 0.256538114685838, "controlability": 0.249999999375}