{"content": [[4, 5, 7, 5, 7, 5, 4, 2], [7, 5, 5, 1, 1, 7, 5, 6], [0, 5, 4, 4, 4, 4, 7, 6], [0, 2, 7, 0, 0, 7, 0, 0], [1, 7, 7, 0, 2, 1, 7, 5], [5, 6, 0, 0, 0, 0, 1, 4], [0, 4, 4, 5, 1, 7, 1, 5], [7, 7, 1, 0, 5, 0, 5, 1], [6, 5, 1, 5, 6, 4, 4, 1], [5, 7, 1, 5, 0, 0, 1, 3], [5, 5, 7, 4, 4, 6, 7, 0], [5, 5, 6, 6, 0, 1, 4, 0]], "control": {"col_treasures": 18, "solution_length": 45}, "info": {"regions": 1, "players": 3, "exits": 1, "layout": 33, "heuristic": -1, "solution": [], "content": [[4, 5, 7, 5, 7, 5, 4, 2], [7, 5, 5, 1, 1, 7, 5, 6], [0, 5, 4, 4, 4, 4, 7, 6], [0, 2, 7, 0, 0, 7, 0, 0], [1, 7, 7, 0, 2, 1, 7, 5], [5, 6, 0, 0, 0, 0, 1, 4], [0, 4, 4, 5, 1, 7, 1, 5], [7, 7, 1, 0, 5, 0, 5, 1], [6, 5, 1, 5, 6, 4, 4, 1], [5, 7, 1, 5, 0, 0, 1, 3], [5, 5, 7, 4, 4, 6, 7, 0], [5, 5, 6, 6, 0, 1, 4, 0]], "potions": 14, "treasures": 21, "enemies": 24, "solution_length": 0, "enemies_loc": [[2, 0], [4, 0], [0, 1], [5, 1], [7, 1], [6, 2], [7, 2], [2, 3], [5, 3], [1, 4], [2, 4], [6, 4], [1, 5], [5, 6], [0, 7], [1, 7], [0, 8], [4, 8], [1, 9], [2, 10], [5, 10], [6, 10], [2, 11], [3, 11]]}, "quality": 0.3110964912116518, "diversity": 0.8739983880859377, "controlability": 0.0}