{"content": [[1, 4, 0, 0, 1, 3, 2, 3, 1, 1, 0], [0, 5, 1, 1, 0, 1, 5, 2, 2, 5, 0], [2, 5, 3, 1, 1, 1, 2, 2, 0, 2, 0], [0, 1, 0, 0, 1, 2, 1, 4, 4, 1, 1], [1, 4, 5, 1, 0, 4, 0, 1, 1, 1, 1], [1, 2, 3, 1, 0, 0, 4, 2, 2, 5, 3], [5, 2, 3, 0, 4, 2, 1, 5, 1, 5, 1]], "control": {"player_key": 18, "key_door": 18}, "info": {"regions": 1, "players": 13, "keys": 6, "doors": 7, "enemies": 9, "player_key": 1, "key_door": 8, "pk_path": [[6, 0], [5, 0]], "kd_path": []}, "quality": 0.47680470436782374, "diversity": 1.0, "controlability": 0.2812499998242187}