{"content": [[1, 4, 3, 0, 0, 3, 1, 3, 0, 0, 0], [0, 5, 1, 1, 0, 1, 2, 2, 2, 5, 0], [2, 1, 3, 1, 1, 0, 2, 2, 0, 5, 0], [0, 1, 0, 0, 1, 1, 1, 5, 4, 3, 2], [1, 3, 5, 1, 0, 1, 0, 2, 1, 1, 1], [1, 2, 3, 1, 4, 0, 4, 0, 3, 5, 3], [1, 2, 4, 0, 4, 1, 1, 0, 3, 5, 0]], "control": {"player_key": 17, "key_door": 17}, "info": {"regions": 1, "players": 10, "keys": 10, "doors": 6, "enemies": 7, "player_key": 9, "key_door": 1, "pk_path": [[6, 1], [6, 2], [6, 3], [5, 3], [4, 3], [4, 2], [3, 2], [3, 1], [2, 1], [2, 0]], "kd_path": []}, "quality": 0.47851703313471244, "diversity": 0.19999999999999996, "controlability": 0.3333333331111111}