{"content": [[5, 4, 2, 1, 1, 2, 1, 3, 1, 4, 0], [0, 5, 2, 1, 1, 0, 2, 2, 3, 5, 0], [3, 5, 3, 1, 1, 0, 2, 2, 0, 2, 0], [0, 1, 0, 0, 1, 5, 0, 5, 4, 4, 1], [1, 5, 5, 1, 1, 4, 1, 1, 1, 1, 0], [1, 0, 2, 1, 4, 0, 4, 0, 2, 5, 3], [1, 2, 0, 0, 4, 2, 1, 0, 4, 5, 1]], "control": {"player_key": 18, "key_door": 18}, "info": {"regions": 1, "players": 12, "keys": 5, "doors": 9, "enemies": 10, "player_key": 5, "key_door": 6, "pk_path": [[2, 0], [3, 0], [4, 0], [5, 0], [6, 0], [7, 0]], "kd_path": []}, "quality": 0.47594853998437936, "diversity": 0.6651347900837423, "controlability": 0.34374999978515625}