{"content": [[1, 2, 1, 0, 0, 3, 1, 0, 1, 0, 0], [0, 5, 1, 1, 0, 1, 2, 2, 3, 5, 0], [3, 1, 3, 1, 0, 0, 1, 2, 0, 2, 0], [0, 1, 0, 0, 1, 2, 0, 5, 5, 4, 1], [1, 5, 5, 1, 1, 1, 1, 1, 0, 1, 3], [1, 2, 1, 1, 4, 0, 4, 2, 4, 2, 3], [1, 2, 3, 0, 4, 3, 0, 0, 1, 4, 0]], "control": {"player_key": 17, "key_door": 17}, "info": {"regions": 1, "players": 10, "keys": 8, "doors": 6, "enemies": 6, "player_key": 16, "key_door": 7, "pk_path": [[1, 0], [1, 1], [1, 2], [1, 3], [1, 4], [2, 4], [3, 4], [4, 4], [5, 4], [6, 4], [7, 4], [7, 3], [7, 2], [7, 1], [6, 1], [6, 0], [5, 0]], "kd_path": []}, "quality": 0.4810179343600457, "diversity": 0.8235293954248372, "controlability": 0.7333333331777778}