{"content": [[1, 4, 4, 0, 0, 3, 1, 3, 1, 2, 3], [5, 5, 2, 1, 0, 1, 3, 2, 4, 5, 0], [2, 5, 3, 1, 1, 1, 1, 2, 0, 2, 0], [0, 2, 4, 0, 1, 2, 0, 5, 1, 4, 4], [4, 0, 5, 5, 1, 1, 0, 2, 1, 1, 0], [1, 2, 3, 1, 0, 0, 4, 2, 2, 5, 3], [5, 2, 3, 5, 0, 1, 2, 0, 5, 3, 0]], "control": {"player_key": 17, "key_door": 17}, "info": {"regions": 1, "players": 14, "keys": 9, "doors": 8, "enemies": 11, "player_key": 4, "key_door": 8, "pk_path": [[9, 0], [8, 0], [7, 0], [6, 0], [5, 0]], "kd_path": []}, "quality": 0.4709805334962129, "diversity": 0.5238095130158734, "controlability": 0.39999999973333333}