{"content": [[1, 4, 1, 0, 0, 3, 1, 0, 1, 0, 0], [0, 5, 1, 1, 0, 1, 1, 2, 3, 5, 0], [2, 5, 3, 1, 1, 1, 1, 5, 0, 2, 0], [0, 1, 4, 0, 1, 2, 0, 5, 5, 4, 2], [1, 5, 5, 5, 0, 1, 1, 1, 1, 1, 1], [1, 2, 4, 1, 3, 0, 4, 1, 2, 4, 3], [1, 2, 4, 0, 4, 1, 1, 0, 4, 3, 0]], "control": {"player_key": 17, "key_door": 17}, "info": {"regions": 1, "players": 8, "keys": 6, "doors": 9, "enemies": 9, "player_key": 3, "key_door": 8, "pk_path": [[7, 1], [6, 1], [6, 0], [5, 0]], "kd_path": []}, "quality": 0.479271809630657, "diversity": 1.0, "controlability": 0.36666666642222223}