{"content": [[5, 4, 1, 0, 2, 3, 1, 0, 1, 0, 0], [0, 5, 2, 3, 0, 1, 1, 2, 3, 5, 0], [3, 5, 3, 1, 1, 1, 4, 1, 0, 2, 0], [0, 1, 0, 0, 1, 0, 0, 5, 4, 1, 1], [1, 4, 5, 1, 1, 4, 1, 1, 1, 1, 1], [1, 4, 1, 1, 4, 0, 4, 2, 4, 5, 3], [1, 2, 3, 0, 4, 1, 0, 0, 1, 5, 1]], "control": {"player_key": 17, "key_door": 17}, "info": {"regions": 1, "players": 6, "keys": 7, "doors": 10, "enemies": 8, "player_key": 1, "key_door": 8, "pk_path": [[4, 0], [5, 0]], "kd_path": []}, "quality": 0.48012797401410134, "diversity": 0.11111111111111116, "controlability": 0.2999999998}