{"content": [[1, 1, 1, 0, 0, 1, 1, 1, 2, 1, 0], [1, 1, 1, 1, 0, 0, 1, 0, 0, 1, 0], [1, 1, 1, 1, 0, 5, 1, 5, 1, 1, 0], [5, 1, 0, 0, 0, 1, 4, 1, 0, 1, 0], [1, 5, 1, 1, 1, 1, 0, 1, 1, 1, 1], [1, 0, 1, 1, 1, 0, 1, 1, 0, 0, 1], [1, 0, 0, 0, 1, 1, 0, 0, 1, 3, 1]], "control": {"player_key": 17, "key_door": 17}, "info": {"regions": 1, "players": 1, "keys": 1, "doors": 1, "enemies": 4, "player_key": 9, "key_door": 8, "pk_path": [[8, 0], [9, 0], [9, 1], [9, 2], [9, 3], [9, 4], [10, 4], [10, 5], [10, 6], [9, 6]], "kd_path": []}, "quality": 0.9861111109799383, "diversity": 0.7083333263888891, "controlability": 0.5666666662888888}