{"content": [[0, 1, 0, 0, 1, 1, 1, 0, 1, 1, 0, 0, 1, 1], [0, 1, 1, 1, 1, 0, 0, 1, 1, 1, 0, 1, 1, 1], [1, 1, 0, 1, 1, 1, 1, 1, 1, 1, 1, 1, 0, 1], [0, 1, 1, 1, 0, 0, 1, 1, 0, 0, 0, 1, 1, 0], [1, 0, 1, 0, 0, 1, 1, 1, 1, 0, 1, 1, 0, 0], [0, 1, 1, 1, 0, 1, 0, 1, 1, 1, 1, 1, 1, 1], [1, 1, 1, 1, 1, 1, 1, 1, 0, 1, 0, 0, 1, 0], [0, 1, 1, 1, 1, 0, 1, 0, 0, 1, 0, 1, 1, 1], [1, 1, 1, 0, 0, 0, 1, 1, 0, 1, 1, 0, 0, 0], [0, 0, 0, 1, 0, 0, 1, 0, 1, 0, 1, 0, 1, 1], [0, 0, 1, 1, 0, 1, 1, 0, 0, 1, 1, 1, 1, 0], [0, 0, 1, 0, 0, 1, 0, 0, 0, 1, 0, 1, 1, 0], [0, 1, 1, 1, 0, 1, 0, 0, 1, 1, 1, 1, 1, 0], [0, 0, 1, 1, 1, 1, 0, 1, 0, 0, 0, 0, 1, 1]], "control": {"path": 62}, "info": {"path": 32, "regions": 4, "flat": [0, 1, 0, 0, 1, 1, 1, 0, 1, 1, 0, 0, 1, 1, 0, 1, 1, 1, 1, 0, 0, 1, 1, 1, 0, 1, 1, 1, 1, 1, 0, 1, 1, 1, 1, 1, 1, 1, 1, 1, 0, 1, 0, 1, 1, 1, 0, 0, 1, 1, 0, 0, 0, 1, 1, 0, 1, 0, 1, 0, 0, 1, 1, 1, 1, 0, 1, 1, 0, 0, 0, 1, 1, 1, 0, 1, 0, 1, 1, 1, 1, 1, 1, 1, 1, 1, 1, 1, 1, 1, 1, 1, 0, 1, 0, 0, 1, 0, 0, 1, 1, 1, 1, 0, 1, 0, 0, 1, 0, 1, 1, 1, 1, 1, 1, 0, 0, 0, 1, 1, 0, 1, 1, 0, 0, 0, 0, 0, 0, 1, 0, 0, 1, 0, 1, 0, 1, 0, 1, 1, 0, 0, 1, 1, 0, 1, 1, 0, 0, 1, 1, 1, 1, 0, 0, 0, 1, 0, 0, 1, 0, 0, 0, 1, 0, 1, 1, 0, 0, 1, 1, 1, 0, 1, 0, 0, 1, 1, 1, 1, 1, 0, 0, 0, 1, 1, 1, 1, 0, 1, 0, 0, 0, 0, 1, 1]}, "quality": 0.9193548384842178, "diversity": 0.8121521334790468, "controlability": 0.5818181817123966}