{"content": [[1, 1, 1, 0, 1, 1, 1, 1, 0, 1, 0, 0, 0, 1], [0, 1, 1, 1, 1, 0, 0, 0, 1, 1, 1, 1, 1, 1], [1, 0, 1, 1, 1, 0, 1, 1, 1, 1, 1, 1, 1, 0], [0, 1, 1, 1, 1, 0, 1, 1, 1, 1, 0, 1, 0, 1], [1, 1, 1, 0, 1, 0, 1, 0, 1, 1, 1, 0, 1, 1], [0, 1, 1, 1, 1, 1, 1, 1, 1, 1, 0, 1, 1, 0], [0, 1, 0, 1, 1, 1, 0, 0, 1, 1, 0, 0, 0, 0], [1, 1, 1, 1, 0, 1, 1, 0, 1, 0, 1, 1, 1, 1], [1, 1, 1, 0, 0, 1, 1, 0, 0, 1, 1, 0, 1, 0], [1, 0, 1, 0, 1, 1, 1, 1, 0, 0, 1, 0, 1, 1], [0, 1, 1, 1, 1, 1, 0, 0, 0, 1, 1, 0, 1, 0], [0, 1, 0, 0, 1, 0, 1, 1, 0, 0, 0, 1, 1, 1], [1, 1, 1, 0, 1, 1, 0, 1, 1, 1, 1, 1, 1, 1], [0, 0, 1, 1, 1, 1, 1, 1, 0, 1, 1, 1, 0, 1]], "control": {"path": 93}, "info": {"path": 42, "regions": 3, "flat": [1, 1, 1, 0, 1, 1, 1, 1, 0, 1, 0, 0, 0, 1, 0, 1, 1, 1, 1, 0, 0, 0, 1, 1, 1, 1, 1, 1, 1, 0, 1, 1, 1, 0, 1, 1, 1, 1, 1, 1, 1, 0, 0, 1, 1, 1, 1, 0, 1, 1, 1, 1, 0, 1, 0, 1, 1, 1, 1, 0, 1, 0, 1, 0, 1, 1, 1, 0, 1, 1, 0, 1, 1, 1, 1, 1, 1, 1, 1, 1, 0, 1, 1, 0, 0, 1, 0, 1, 1, 1, 0, 0, 1, 1, 0, 0, 0, 0, 1, 1, 1, 1, 0, 1, 1, 0, 1, 0, 1, 1, 1, 1, 1, 1, 1, 0, 0, 1, 1, 0, 0, 1, 1, 0, 1, 0, 1, 0, 1, 0, 1, 1, 1, 1, 0, 0, 1, 0, 1, 1, 0, 1, 1, 1, 1, 1, 0, 0, 0, 1, 1, 0, 1, 0, 0, 1, 0, 0, 1, 0, 1, 1, 0, 0, 0, 1, 1, 1, 1, 1, 1, 0, 1, 1, 0, 1, 1, 1, 1, 1, 1, 1, 0, 0, 1, 1, 1, 1, 1, 1, 0, 1, 1, 1, 0, 1]}, "quality": 0.9462365588998728, "diversity": 0.8308163264297428, "controlability": 0.4883720929664684}