{"content": [[0, 0, 1, 0, 1, 1, 1, 1, 1, 1, 0, 0, 1, 1], [0, 1, 1, 1, 1, 0, 0, 0, 0, 1, 1, 1, 0, 0], [1, 1, 0, 1, 1, 1, 1, 0, 0, 0, 0, 1, 1, 1], [0, 0, 1, 1, 0, 0, 0, 0, 1, 0, 0, 1, 0, 1], [1, 1, 1, 0, 0, 1, 1, 1, 1, 0, 1, 1, 1, 0], [1, 1, 1, 1, 1, 1, 1, 1, 1, 1, 1, 0, 1, 0], [1, 1, 1, 0, 1, 0, 1, 0, 0, 0, 0, 0, 1, 1], [0, 1, 0, 1, 0, 0, 0, 0, 1, 0, 1, 1, 1, 1], [0, 1, 1, 0, 0, 1, 0, 1, 1, 0, 1, 0, 1, 1], [1, 0, 0, 0, 0, 1, 1, 1, 0, 0, 0, 1, 1, 1], [0, 0, 0, 1, 1, 1, 1, 0, 0, 0, 1, 1, 0, 0], [0, 1, 1, 0, 0, 0, 1, 0, 0, 1, 1, 0, 0, 0], [0, 0, 1, 0, 0, 0, 0, 1, 1, 1, 1, 1, 1, 0], [1, 0, 1, 1, 1, 1, 1, 1, 0, 0, 1, 0, 0, 0]], "control": {"path": 92}, "info": {"path": 40, "regions": 6, "flat": [0, 0, 1, 0, 1, 1, 1, 1, 1, 1, 0, 0, 1, 1, 0, 1, 1, 1, 1, 0, 0, 0, 0, 1, 1, 1, 0, 0, 1, 1, 0, 1, 1, 1, 1, 0, 0, 0, 0, 1, 1, 1, 0, 0, 1, 1, 0, 0, 0, 0, 1, 0, 0, 1, 0, 1, 1, 1, 1, 0, 0, 1, 1, 1, 1, 0, 1, 1, 1, 0, 1, 1, 1, 1, 1, 1, 1, 1, 1, 1, 1, 0, 1, 0, 1, 1, 1, 0, 1, 0, 1, 0, 0, 0, 0, 0, 1, 1, 0, 1, 0, 1, 0, 0, 0, 0, 1, 0, 1, 1, 1, 1, 0, 1, 1, 0, 0, 1, 0, 1, 1, 0, 1, 0, 1, 1, 1, 0, 0, 0, 0, 1, 1, 1, 0, 0, 0, 1, 1, 1, 0, 0, 0, 1, 1, 1, 1, 0, 0, 0, 1, 1, 0, 0, 0, 1, 1, 0, 0, 0, 1, 0, 0, 1, 1, 0, 0, 0, 0, 0, 1, 0, 0, 0, 0, 1, 1, 1, 1, 1, 1, 0, 1, 0, 1, 1, 1, 1, 1, 1, 0, 0, 1, 0, 0, 0]}, "quality": 0.8655913976529078, "diversity": 0.5972045067292044, "controlability": 0.47058823523875437}