{"content": [[1, 1, 0, 0, 0, 1, 1, 1, 1, 1, 0, 0, 0, 1], [0, 1, 1, 0, 0, 0, 0, 0, 0, 1, 0, 1, 0, 0], [1, 1, 1, 0, 1, 0, 0, 1, 1, 1, 1, 1, 0, 0], [0, 0, 1, 1, 1, 1, 0, 1, 1, 0, 0, 1, 0, 0], [1, 1, 0, 0, 1, 1, 1, 1, 1, 1, 1, 0, 1, 1], [1, 0, 1, 0, 1, 1, 1, 1, 0, 1, 1, 1, 1, 0], [1, 1, 1, 1, 1, 1, 0, 0, 0, 0, 1, 0, 0, 1], [1, 1, 0, 1, 0, 1, 1, 1, 1, 0, 1, 1, 1, 1], [0, 1, 1, 1, 1, 1, 1, 0, 1, 0, 0, 1, 1, 0], [1, 0, 0, 0, 1, 1, 1, 0, 0, 0, 1, 0, 1, 1], [1, 1, 1, 0, 1, 1, 1, 1, 0, 1, 1, 0, 0, 0], [1, 1, 0, 0, 0, 0, 1, 1, 0, 0, 0, 0, 1, 1], [1, 1, 0, 1, 1, 0, 1, 1, 1, 0, 0, 1, 1, 0], [0, 0, 1, 1, 1, 1, 1, 1, 1, 1, 1, 1, 0, 1]], "control": {"path": 93}, "info": {"path": 32, "regions": 5, "flat": [1, 1, 0, 0, 0, 1, 1, 1, 1, 1, 0, 0, 0, 1, 0, 1, 1, 0, 0, 0, 0, 0, 0, 1, 0, 1, 0, 0, 1, 1, 1, 0, 1, 0, 0, 1, 1, 1, 1, 1, 0, 0, 0, 0, 1, 1, 1, 1, 0, 1, 1, 0, 0, 1, 0, 0, 1, 1, 0, 0, 1, 1, 1, 1, 1, 1, 1, 0, 1, 1, 1, 0, 1, 0, 1, 1, 1, 1, 0, 1, 1, 1, 1, 0, 1, 1, 1, 1, 1, 1, 0, 0, 0, 0, 1, 0, 0, 1, 1, 1, 0, 1, 0, 1, 1, 1, 1, 0, 1, 1, 1, 1, 0, 1, 1, 1, 1, 1, 1, 0, 1, 0, 0, 1, 1, 0, 1, 0, 0, 0, 1, 1, 1, 0, 0, 0, 1, 0, 1, 1, 1, 1, 1, 0, 1, 1, 1, 1, 0, 1, 1, 0, 0, 0, 1, 1, 0, 0, 0, 0, 1, 1, 0, 0, 0, 0, 1, 1, 1, 1, 0, 1, 1, 0, 1, 1, 1, 0, 0, 1, 1, 0, 0, 0, 1, 1, 1, 1, 1, 1, 1, 1, 1, 1, 0, 1]}, "quality": 0.8924731180685628, "diversity": 0.7678571427667049, "controlability": 0.37209302321254734}