{"content": [[1, 1, 0, 0, 0, 1, 1, 1, 1, 1, 0, 0, 0, 1], [0, 1, 1, 0, 0, 0, 0, 0, 0, 1, 0, 1, 1, 0], [1, 1, 1, 0, 1, 0, 0, 1, 1, 1, 1, 1, 0, 0], [0, 0, 1, 1, 1, 1, 0, 1, 1, 0, 0, 1, 0, 0], [1, 1, 0, 0, 1, 1, 1, 1, 1, 1, 1, 0, 1, 1], [1, 0, 1, 0, 1, 1, 1, 1, 0, 1, 1, 1, 1, 0], [1, 1, 1, 1, 1, 1, 0, 0, 0, 0, 1, 0, 0, 1], [1, 1, 0, 1, 0, 1, 1, 1, 1, 0, 1, 1, 1, 1], [0, 1, 1, 1, 1, 1, 1, 0, 1, 0, 0, 1, 1, 0], [1, 0, 0, 0, 1, 1, 1, 0, 0, 0, 1, 0, 1, 1], [1, 1, 1, 0, 1, 1, 1, 1, 0, 1, 1, 0, 0, 0], [0, 1, 0, 0, 0, 0, 1, 1, 0, 0, 0, 0, 1, 1], [1, 1, 1, 0, 1, 0, 0, 1, 1, 0, 0, 1, 1, 0], [0, 0, 1, 1, 1, 1, 1, 1, 1, 1, 1, 1, 0, 1]], "control": {"path": 93}, "info": {"path": 35, "regions": 4, "flat": [1, 1, 0, 0, 0, 1, 1, 1, 1, 1, 0, 0, 0, 1, 0, 1, 1, 0, 0, 0, 0, 0, 0, 1, 0, 1, 1, 0, 1, 1, 1, 0, 1, 0, 0, 1, 1, 1, 1, 1, 0, 0, 0, 0, 1, 1, 1, 1, 0, 1, 1, 0, 0, 1, 0, 0, 1, 1, 0, 0, 1, 1, 1, 1, 1, 1, 1, 0, 1, 1, 1, 0, 1, 0, 1, 1, 1, 1, 0, 1, 1, 1, 1, 0, 1, 1, 1, 1, 1, 1, 0, 0, 0, 0, 1, 0, 0, 1, 1, 1, 0, 1, 0, 1, 1, 1, 1, 0, 1, 1, 1, 1, 0, 1, 1, 1, 1, 1, 1, 0, 1, 0, 0, 1, 1, 0, 1, 0, 0, 0, 1, 1, 1, 0, 0, 0, 1, 0, 1, 1, 1, 1, 1, 0, 1, 1, 1, 1, 0, 1, 1, 0, 0, 0, 0, 1, 0, 0, 0, 0, 1, 1, 0, 0, 0, 0, 1, 1, 1, 1, 1, 0, 1, 0, 0, 1, 1, 0, 0, 1, 1, 0, 0, 0, 1, 1, 1, 1, 1, 1, 1, 1, 1, 1, 0, 1]}, "quality": 0.9193548384842178, "diversity": 0.7354379250780336, "controlability": 0.40697674413872365}