{"content": [[0, 1, 0, 0, 1, 1, 0, 0, 1, 1, 0, 1, 1, 1], [0, 1, 1, 1, 1, 0, 0, 1, 1, 1, 1, 1, 0, 1], [1, 0, 0, 1, 1, 0, 1, 0, 0, 1, 0, 1, 0, 1], [0, 0, 1, 1, 0, 0, 1, 1, 1, 0, 0, 1, 1, 0], [1, 0, 1, 0, 0, 1, 1, 1, 1, 0, 1, 0, 0, 0], [0, 1, 1, 1, 0, 1, 1, 0, 1, 1, 1, 1, 1, 0], [1, 1, 1, 1, 1, 1, 1, 1, 0, 1, 0, 0, 1, 0], [0, 1, 1, 1, 1, 0, 1, 0, 0, 1, 1, 1, 1, 1], [1, 1, 0, 0, 0, 0, 1, 1, 1, 1, 1, 0, 1, 0], [1, 0, 0, 1, 0, 1, 0, 1, 1, 0, 0, 0, 1, 1], [0, 0, 0, 0, 1, 1, 0, 0, 0, 1, 1, 1, 0, 0], [0, 0, 1, 0, 0, 1, 1, 0, 1, 1, 0, 1, 1, 0], [0, 0, 1, 0, 0, 1, 0, 1, 1, 1, 1, 1, 1, 0], [0, 0, 1, 1, 1, 0, 0, 0, 0, 0, 0, 0, 0, 1]], "control": {"path": 92}, "info": {"path": 25, "regions": 9, "flat": [0, 1, 0, 0, 1, 1, 0, 0, 1, 1, 0, 1, 1, 1, 0, 1, 1, 1, 1, 0, 0, 1, 1, 1, 1, 1, 0, 1, 1, 0, 0, 1, 1, 0, 1, 0, 0, 1, 0, 1, 0, 1, 0, 0, 1, 1, 0, 0, 1, 1, 1, 0, 0, 1, 1, 0, 1, 0, 1, 0, 0, 1, 1, 1, 1, 0, 1, 0, 0, 0, 0, 1, 1, 1, 0, 1, 1, 0, 1, 1, 1, 1, 1, 0, 1, 1, 1, 1, 1, 1, 1, 1, 0, 1, 0, 0, 1, 0, 0, 1, 1, 1, 1, 0, 1, 0, 0, 1, 1, 1, 1, 1, 1, 1, 0, 0, 0, 0, 1, 1, 1, 1, 1, 0, 1, 0, 1, 0, 0, 1, 0, 1, 0, 1, 1, 0, 0, 0, 1, 1, 0, 0, 0, 0, 1, 1, 0, 0, 0, 1, 1, 1, 0, 0, 0, 0, 1, 0, 0, 1, 1, 0, 1, 1, 0, 1, 1, 0, 0, 0, 1, 0, 0, 1, 0, 1, 1, 1, 1, 1, 1, 0, 0, 0, 1, 1, 1, 0, 0, 0, 0, 0, 0, 0, 0, 1]}, "quality": 0.7313748076750756, "diversity": 0.5118102796068646, "controlability": 0.2941176470242215}