{"content": [[1, 1, 0, 0, 0, 1, 1, 1, 0, 0, 0, 0, 0, 1], [1, 1, 1, 1, 1, 1, 1, 0, 1, 1, 1, 1, 1, 1], [0, 1, 1, 0, 0, 0, 1, 1, 1, 1, 1, 0, 1, 0], [0, 1, 0, 1, 1, 1, 0, 1, 0, 0, 0, 1, 0, 1], [1, 1, 1, 0, 1, 1, 1, 0, 1, 1, 1, 0, 1, 1], [1, 0, 1, 1, 1, 1, 1, 1, 1, 0, 1, 1, 1, 0], [0, 1, 0, 1, 1, 1, 0, 1, 1, 0, 0, 0, 0, 0], [0, 1, 0, 1, 0, 1, 0, 1, 1, 1, 1, 1, 1, 1], [0, 1, 1, 1, 1, 1, 1, 0, 0, 0, 1, 1, 1, 0], [1, 0, 1, 0, 1, 1, 1, 1, 0, 0, 1, 0, 1, 1], [0, 0, 0, 1, 1, 1, 0, 1, 0, 1, 0, 0, 1, 0], [1, 1, 0, 0, 1, 0, 0, 1, 0, 0, 0, 0, 1, 1], [1, 1, 1, 0, 1, 1, 0, 1, 0, 1, 0, 1, 1, 0], [0, 0, 1, 1, 1, 1, 1, 1, 0, 1, 1, 1, 0, 1]], "control": {"path": 93}, "info": {"path": 42, "regions": 5, "flat": [1, 1, 0, 0, 0, 1, 1, 1, 0, 0, 0, 0, 0, 1, 1, 1, 1, 1, 1, 1, 1, 0, 1, 1, 1, 1, 1, 1, 0, 1, 1, 0, 0, 0, 1, 1, 1, 1, 1, 0, 1, 0, 0, 1, 0, 1, 1, 1, 0, 1, 0, 0, 0, 1, 0, 1, 1, 1, 1, 0, 1, 1, 1, 0, 1, 1, 1, 0, 1, 1, 1, 0, 1, 1, 1, 1, 1, 1, 1, 0, 1, 1, 1, 0, 0, 1, 0, 1, 1, 1, 0, 1, 1, 0, 0, 0, 0, 0, 0, 1, 0, 1, 0, 1, 0, 1, 1, 1, 1, 1, 1, 1, 0, 1, 1, 1, 1, 1, 1, 0, 0, 0, 1, 1, 1, 0, 1, 0, 1, 0, 1, 1, 1, 1, 0, 0, 1, 0, 1, 1, 0, 0, 0, 1, 1, 1, 0, 1, 0, 1, 0, 0, 1, 0, 1, 1, 0, 0, 1, 0, 0, 1, 0, 0, 0, 0, 1, 1, 1, 1, 1, 0, 1, 1, 0, 1, 0, 1, 0, 1, 1, 0, 0, 0, 1, 1, 1, 1, 1, 1, 0, 1, 1, 1, 0, 1]}, "quality": 0.8924731180685628, "diversity": 0.7889610388720018, "controlability": 0.4883720929664684}