{"content": [[1, 1, 0, 0, 1, 1, 1, 1, 0, 1, 1, 0, 0, 1], [0, 1, 1, 0, 1, 0, 0, 0, 1, 1, 1, 1, 1, 1], [1, 0, 1, 1, 1, 0, 1, 1, 1, 1, 1, 1, 1, 0], [0, 1, 1, 1, 1, 0, 1, 0, 0, 1, 0, 1, 0, 1], [0, 1, 1, 0, 1, 1, 1, 0, 1, 1, 1, 0, 1, 1], [0, 1, 1, 1, 0, 1, 1, 1, 1, 1, 0, 1, 1, 0], [0, 1, 0, 1, 1, 1, 0, 0, 0, 1, 0, 0, 0, 0], [1, 1, 1, 1, 0, 1, 1, 0, 1, 0, 1, 1, 1, 1], [1, 1, 1, 0, 0, 1, 1, 0, 0, 1, 1, 0, 1, 0], [1, 0, 1, 0, 1, 1, 1, 1, 0, 0, 1, 0, 1, 1], [0, 1, 1, 1, 1, 1, 0, 0, 0, 1, 1, 0, 1, 0], [0, 1, 0, 0, 1, 0, 1, 1, 0, 0, 0, 0, 1, 1], [1, 1, 1, 0, 1, 1, 0, 1, 1, 1, 1, 0, 1, 0], [0, 1, 1, 0, 1, 1, 1, 1, 0, 1, 1, 1, 0, 1]], "control": {"path": 93}, "info": {"path": 31, "regions": 6, "flat": [1, 1, 0, 0, 1, 1, 1, 1, 0, 1, 1, 0, 0, 1, 0, 1, 1, 0, 1, 0, 0, 0, 1, 1, 1, 1, 1, 1, 1, 0, 1, 1, 1, 0, 1, 1, 1, 1, 1, 1, 1, 0, 0, 1, 1, 1, 1, 0, 1, 0, 0, 1, 0, 1, 0, 1, 0, 1, 1, 0, 1, 1, 1, 0, 1, 1, 1, 0, 1, 1, 0, 1, 1, 1, 0, 1, 1, 1, 1, 1, 0, 1, 1, 0, 0, 1, 0, 1, 1, 1, 0, 0, 0, 1, 0, 0, 0, 0, 1, 1, 1, 1, 0, 1, 1, 0, 1, 0, 1, 1, 1, 1, 1, 1, 1, 0, 0, 1, 1, 0, 0, 1, 1, 0, 1, 0, 1, 0, 1, 0, 1, 1, 1, 1, 0, 0, 1, 0, 1, 1, 0, 1, 1, 1, 1, 1, 0, 0, 0, 1, 1, 0, 1, 0, 0, 1, 0, 0, 1, 0, 1, 1, 0, 0, 0, 0, 1, 1, 1, 1, 1, 0, 1, 1, 0, 1, 1, 1, 1, 0, 1, 0, 0, 1, 1, 0, 1, 1, 1, 1, 0, 1, 1, 1, 0, 1]}, "quality": 0.8655913976529078, "diversity": 0.8378684806258387, "controlability": 0.36046511623715527}