{"content": [[6, 1, 7, 7, 7, 1, 5, 0], [5, 0, 6, 7, 1, 7, 5, 1], [0, 0, 4, 1, 5, 1, 5, 6], [5, 5, 1, 5, 4, 7, 0, 6], [1, 7, 7, 1, 6, 1, 7, 6], [1, 7, 0, 0, 7, 6, 1, 5], [0, 5, 6, 1, 0, 7, 0, 5], [5, 0, 7, 0, 7, 0, 3, 1], [6, 6, 4, 4, 6, 7, 0, 4], [7, 2, 1, 7, 0, 4, 1, 3], [6, 5, 5, 5, 7, 6, 5, 1], [0, 0, 7, 0, 4, 2, 4, 1]], "control": {"col_treasures": 18, "solution_length": 45}, "info": {"regions": 1, "players": 2, "exits": 2, "layout": 36, "heuristic": -1, "solution": [], "content": [[6, 1, 7, 7, 7, 1, 5, 0], [5, 0, 6, 7, 1, 7, 5, 1], [0, 0, 4, 1, 5, 1, 5, 6], [5, 5, 1, 5, 4, 7, 0, 6], [1, 7, 7, 1, 6, 1, 7, 6], [1, 7, 0, 0, 7, 6, 1, 5], [0, 5, 6, 1, 0, 7, 0, 5], [5, 0, 7, 0, 7, 0, 3, 1], [6, 6, 4, 4, 6, 7, 0, 4], [7, 2, 1, 7, 0, 4, 1, 3], [6, 5, 5, 5, 7, 6, 5, 1], [0, 0, 7, 0, 4, 2, 4, 1]], "potions": 8, "treasures": 16, "enemies": 32, "solution_length": 0, "enemies_loc": [[0, 0], [2, 0], [3, 0], [4, 0], [2, 1], [3, 1], [5, 1], [7, 2], [5, 3], [7, 3], [1, 4], [2, 4], [4, 4], [6, 4], [7, 4], [1, 5], [4, 5], [5, 5], [2, 6], [5, 6], [2, 7], [4, 7], [0, 8], [1, 8], [4, 8], [5, 8], [0, 9], [3, 9], [0, 10], [4, 10], [5, 10], [2, 11]]}, "quality": 0.31526315787043285, "diversity": 0.26497395202148444, "controlability": 0.0}