{"content": [[1, 7, 7, 1, 0, 5, 4, 7], [6, 6, 0, 5, 1, 7, 5, 0], [0, 0, 1, 1, 4, 6, 5, 1], [0, 5, 7, 0, 0, 7, 0, 0], [1, 7, 1, 1, 1, 5, 7, 2], [1, 6, 0, 1, 1, 0, 1, 4], [4, 4, 5, 0, 5, 1, 1, 5], [4, 0, 7, 0, 7, 0, 1, 1], [6, 0, 1, 5, 5, 3, 4, 1], [5, 1, 1, 5, 0, 7, 1, 1], [5, 0, 6, 0, 7, 1, 0, 1], [5, 7, 2, 7, 6, 1, 1, 1]], "control": {"col_treasures": 18, "solution_length": 45}, "info": {"regions": 1, "players": 2, "exits": 1, "layout": 50, "heuristic": -1, "solution": [], "content": [[1, 7, 7, 1, 0, 5, 4, 7], [6, 6, 0, 5, 1, 7, 5, 0], [0, 0, 1, 1, 4, 6, 5, 1], [0, 5, 7, 0, 0, 7, 0, 0], [1, 7, 1, 1, 1, 5, 7, 2], [1, 6, 0, 1, 1, 0, 1, 4], [4, 4, 5, 0, 5, 1, 1, 5], [4, 0, 7, 0, 7, 0, 1, 1], [6, 0, 1, 5, 5, 3, 4, 1], [5, 1, 1, 5, 0, 7, 1, 1], [5, 0, 6, 0, 7, 1, 0, 1], [5, 7, 2, 7, 6, 1, 1, 1]], "potions": 7, "treasures": 15, "enemies": 21, "solution_length": 0, "enemies_loc": [[1, 0], [2, 0], [7, 0], [0, 1], [1, 1], [5, 1], [5, 2], [2, 3], [5, 3], [1, 4], [6, 4], [1, 5], [2, 7], [4, 7], [0, 8], [5, 9], [2, 10], [4, 10], [1, 11], [3, 11], [4, 11]]}, "quality": 0.3326315789404248, "diversity": 0.2910539147824758, "controlability": 0.0}