{"content": [[1, 1, 1, 1, 7, 5, 5, 2], [0, 0, 5, 0, 1, 1, 4, 0], [0, 0, 4, 7, 4, 1, 2, 1], [0, 2, 1, 6, 0, 4, 1, 4], [0, 0, 1, 0, 6, 3, 7, 0], [1, 6, 4, 4, 1, 2, 2, 4], [0, 0, 4, 4, 1, 6, 0, 6], [5, 0, 7, 0, 7, 4, 4, 1], [5, 0, 1, 5, 5, 4, 0, 0], [6, 7, 1, 5, 4, 4, 4, 0], [6, 0, 4, 1, 4, 1, 0, 1], [0, 0, 7, 6, 7, 1, 6, 6]], "control": {"col_treasures": 18, "solution_length": 45}, "info": {"regions": 1, "players": 5, "exits": 1, "layout": 46, "heuristic": -1, "solution": [], "content": [[1, 1, 1, 1, 7, 5, 5, 2], [0, 0, 5, 0, 1, 1, 4, 0], [0, 0, 4, 7, 4, 1, 2, 1], [0, 2, 1, 6, 0, 4, 1, 4], [0, 0, 1, 0, 6, 3, 7, 0], [1, 6, 4, 4, 1, 2, 2, 4], [0, 0, 4, 4, 1, 6, 0, 6], [5, 0, 7, 0, 7, 4, 4, 1], [5, 0, 1, 5, 5, 4, 0, 0], [6, 7, 1, 5, 4, 4, 4, 0], [6, 0, 4, 1, 4, 1, 0, 1], [0, 0, 7, 6, 7, 1, 6, 6]], "potions": 18, "treasures": 8, "enemies": 18, "solution_length": 0, "enemies_loc": [[4, 0], [3, 2], [3, 3], [4, 4], [6, 4], [1, 5], [5, 6], [7, 6], [2, 7], [4, 7], [0, 9], [1, 9], [0, 10], [2, 11], [3, 11], [4, 11], [6, 11], [7, 11]]}, "quality": 0.32774853799166365, "diversity": 0.3180272034438777, "controlability": 0.0}