{"content": [[1, 1, 1, 0, 0, 1, 1, 1, 1, 1, 0, 0, 0, 1], [0, 1, 1, 1, 1, 0, 0, 0, 1, 1, 1, 0, 1, 1], [1, 0, 1, 1, 1, 0, 1, 1, 1, 1, 1, 0, 1, 1], [0, 1, 0, 1, 1, 1, 1, 1, 0, 1, 0, 1, 0, 1], [1, 1, 1, 0, 1, 1, 1, 0, 1, 1, 1, 0, 1, 1], [1, 1, 1, 1, 0, 1, 1, 1, 1, 1, 1, 1, 1, 0], [0, 1, 0, 1, 1, 1, 0, 0, 1, 1, 0, 0, 0, 1], [1, 1, 0, 1, 1, 1, 1, 0, 1, 0, 1, 1, 1, 1], [1, 1, 1, 1, 1, 1, 1, 0, 0, 1, 1, 0, 1, 0], [1, 1, 1, 0, 0, 1, 1, 1, 0, 0, 1, 1, 1, 1], [0, 1, 1, 1, 1, 1, 0, 0, 0, 1, 1, 0, 1, 0], [0, 1, 1, 0, 1, 0, 1, 1, 0, 0, 0, 1, 1, 1], [1, 1, 1, 0, 1, 1, 0, 1, 1, 1, 1, 1, 1, 1], [0, 0, 1, 1, 1, 1, 1, 1, 0, 0, 1, 1, 0, 1]], "control": {"path": 93}, "info": {"path": 38, "regions": 3, "flat": [1, 1, 1, 0, 0, 1, 1, 1, 1, 1, 0, 0, 0, 1, 0, 1, 1, 1, 1, 0, 0, 0, 1, 1, 1, 0, 1, 1, 1, 0, 1, 1, 1, 0, 1, 1, 1, 1, 1, 0, 1, 1, 0, 1, 0, 1, 1, 1, 1, 1, 0, 1, 0, 1, 0, 1, 1, 1, 1, 0, 1, 1, 1, 0, 1, 1, 1, 0, 1, 1, 1, 1, 1, 1, 0, 1, 1, 1, 1, 1, 1, 1, 1, 0, 0, 1, 0, 1, 1, 1, 0, 0, 1, 1, 0, 0, 0, 1, 1, 1, 0, 1, 1, 1, 1, 0, 1, 0, 1, 1, 1, 1, 1, 1, 1, 1, 1, 1, 1, 0, 0, 1, 1, 0, 1, 0, 1, 1, 1, 0, 0, 1, 1, 1, 0, 0, 1, 1, 1, 1, 0, 1, 1, 1, 1, 1, 0, 0, 0, 1, 1, 0, 1, 0, 0, 1, 1, 0, 1, 0, 1, 1, 0, 0, 0, 1, 1, 1, 1, 1, 1, 0, 1, 1, 0, 1, 1, 1, 1, 1, 1, 1, 0, 0, 1, 1, 1, 1, 1, 1, 0, 0, 1, 1, 0, 1]}, "quality": 0.9462365588998728, "diversity": 0.6268990928919771, "controlability": 0.44186046506489995}