{"content": [[1, 1, 1, 0, 1, 1, 1, 1, 1, 1, 0, 0, 1, 1], [0, 1, 1, 1, 1, 0, 1, 1, 1, 1, 1, 1, 1, 1], [1, 0, 1, 1, 1, 0, 1, 1, 1, 1, 1, 0, 1, 1], [1, 1, 0, 1, 1, 1, 0, 1, 0, 0, 1, 1, 0, 1], [1, 1, 0, 0, 0, 1, 1, 1, 1, 0, 0, 1, 1, 1], [1, 0, 1, 1, 0, 1, 1, 1, 1, 1, 1, 1, 0, 0], [0, 0, 1, 0, 1, 1, 1, 0, 0, 0, 0, 0, 1, 0], [1, 1, 0, 1, 0, 1, 1, 0, 1, 0, 1, 1, 1, 1], [1, 1, 1, 1, 0, 1, 1, 0, 1, 1, 0, 1, 1, 0], [1, 0, 1, 1, 0, 1, 1, 1, 1, 0, 1, 1, 1, 1], [0, 1, 1, 0, 0, 1, 1, 0, 1, 1, 1, 0, 0, 1], [0, 1, 0, 0, 1, 0, 1, 0, 0, 0, 1, 0, 1, 0], [1, 1, 1, 0, 1, 0, 1, 1, 1, 0, 1, 1, 1, 1], [1, 0, 1, 0, 1, 1, 1, 1, 0, 0, 1, 1, 0, 1]], "control": {"path": 93}, "info": {"path": 27, "regions": 4, "flat": [1, 1, 1, 0, 1, 1, 1, 1, 1, 1, 0, 0, 1, 1, 0, 1, 1, 1, 1, 0, 1, 1, 1, 1, 1, 1, 1, 1, 1, 0, 1, 1, 1, 0, 1, 1, 1, 1, 1, 0, 1, 1, 1, 1, 0, 1, 1, 1, 0, 1, 0, 0, 1, 1, 0, 1, 1, 1, 0, 0, 0, 1, 1, 1, 1, 0, 0, 1, 1, 1, 1, 0, 1, 1, 0, 1, 1, 1, 1, 1, 1, 1, 0, 0, 0, 0, 1, 0, 1, 1, 1, 0, 0, 0, 0, 0, 1, 0, 1, 1, 0, 1, 0, 1, 1, 0, 1, 0, 1, 1, 1, 1, 1, 1, 1, 1, 0, 1, 1, 0, 1, 1, 0, 1, 1, 0, 1, 0, 1, 1, 0, 1, 1, 1, 1, 0, 1, 1, 1, 1, 0, 1, 1, 0, 0, 1, 1, 0, 1, 1, 1, 0, 0, 1, 0, 1, 0, 0, 1, 0, 1, 0, 0, 0, 1, 0, 1, 0, 1, 1, 1, 0, 1, 0, 1, 1, 1, 0, 1, 1, 1, 1, 1, 0, 1, 0, 1, 1, 1, 1, 0, 0, 1, 1, 0, 1]}, "quality": 0.901497695454881, "diversity": 0.8001700679312223, "controlability": 0.31395348833558684}