{"content": [[0, 1, 1, 1, 1, 1, 1, 0, 1, 1, 0, 0, 1, 1], [0, 1, 1, 1, 1, 0, 1, 1, 1, 0, 1, 1, 1, 1], [1, 1, 0, 1, 0, 0, 1, 1, 1, 1, 1, 0, 0, 0], [0, 1, 0, 1, 1, 1, 0, 1, 0, 0, 0, 1, 0, 1], [1, 0, 0, 0, 1, 1, 1, 0, 0, 1, 1, 1, 1, 1], [1, 1, 1, 1, 0, 1, 1, 1, 1, 1, 1, 1, 1, 0], [1, 1, 1, 1, 1, 1, 1, 0, 0, 1, 0, 0, 1, 0], [0, 1, 0, 1, 0, 0, 1, 1, 1, 0, 1, 1, 1, 1], [1, 1, 0, 1, 0, 1, 0, 0, 1, 1, 0, 1, 1, 0], [1, 0, 0, 1, 1, 1, 1, 1, 0, 0, 1, 1, 1, 1], [0, 1, 1, 0, 1, 1, 1, 0, 0, 1, 1, 1, 1, 1], [0, 1, 0, 0, 0, 0, 1, 0, 0, 1, 1, 1, 1, 0], [1, 1, 1, 0, 0, 1, 1, 1, 1, 1, 1, 1, 1, 0], [1, 0, 1, 1, 1, 1, 1, 1, 0, 0, 1, 1, 0, 0]], "control": {"path": 92}, "info": {"path": 43, "regions": 1, "flat": [0, 1, 1, 1, 1, 1, 1, 0, 1, 1, 0, 0, 1, 1, 0, 1, 1, 1, 1, 0, 1, 1, 1, 0, 1, 1, 1, 1, 1, 1, 0, 1, 0, 0, 1, 1, 1, 1, 1, 0, 0, 0, 0, 1, 0, 1, 1, 1, 0, 1, 0, 0, 0, 1, 0, 1, 1, 0, 0, 0, 1, 1, 1, 0, 0, 1, 1, 1, 1, 1, 1, 1, 1, 1, 0, 1, 1, 1, 1, 1, 1, 1, 1, 0, 1, 1, 1, 1, 1, 1, 1, 0, 0, 1, 0, 0, 1, 0, 0, 1, 0, 1, 0, 0, 1, 1, 1, 0, 1, 1, 1, 1, 1, 1, 0, 1, 0, 1, 0, 0, 1, 1, 0, 1, 1, 0, 1, 0, 0, 1, 1, 1, 1, 1, 0, 0, 1, 1, 1, 1, 0, 1, 1, 0, 1, 1, 1, 0, 0, 1, 1, 1, 1, 1, 0, 1, 0, 0, 0, 0, 1, 0, 0, 1, 1, 1, 1, 0, 1, 1, 1, 0, 0, 1, 1, 1, 1, 1, 1, 1, 1, 0, 1, 0, 1, 1, 1, 1, 1, 1, 0, 0, 1, 1, 0, 0]}, "quality": 1.0, "diversity": 0.6128419452119421, "controlability": 0.505882352881661}