{"content": [[1, 1, 1, 1, 0, 1, 5, 1], [5, 5, 5, 5, 1, 7, 5, 0], [0, 0, 4, 1, 4, 0, 5, 7], [0, 5, 1, 0, 0, 7, 0, 7], [1, 7, 1, 1, 3, 6, 7, 0], [0, 4, 5, 0, 1, 6, 1, 4], [1, 5, 5, 1, 0, 0, 6, 5], [4, 0, 7, 0, 7, 0, 0, 1], [5, 5, 1, 5, 5, 4, 6, 1], [5, 5, 1, 5, 7, 4, 1, 5], [5, 0, 6, 1, 5, 0, 4, 1], [0, 5, 5, 7, 4, 6, 6, 1]], "control": {"col_treasures": 18, "solution_length": 45}, "info": {"regions": 1, "players": 0, "exits": 1, "layout": 45, "heuristic": -1, "solution": [], "content": [[1, 1, 1, 1, 0, 1, 5, 1], [5, 5, 5, 5, 1, 7, 5, 0], [0, 0, 4, 1, 4, 0, 5, 7], [0, 5, 1, 0, 0, 7, 0, 7], [1, 7, 1, 1, 3, 6, 7, 0], [0, 4, 5, 0, 1, 6, 1, 4], [1, 5, 5, 1, 0, 0, 6, 5], [4, 0, 7, 0, 7, 0, 0, 1], [5, 5, 1, 5, 5, 4, 6, 1], [5, 5, 1, 5, 7, 4, 1, 5], [5, 0, 6, 1, 5, 0, 4, 1], [0, 5, 5, 7, 4, 6, 6, 1]], "potions": 9, "treasures": 24, "enemies": 17, "solution_length": 0, "enemies_loc": [[5, 1], [7, 2], [5, 3], [7, 3], [1, 4], [5, 4], [6, 4], [5, 5], [6, 6], [2, 7], [4, 7], [6, 8], [4, 9], [2, 10], [3, 11], [5, 11], [6, 11]]}, "quality": 0.26249999998697915, "diversity": 0.32065971503906276, "controlability": 0.0}