{"content": {"layout": [4, 13, 5, 9, 6, 15, 15, 11, 14, 15, 0, 0, 0, 14, 13, 1], "start": 11, "boss": 12, "shop": 4, "treasure": 6}, "control": {"map_size": 11}, "info": {"map_size": 13, "num_regions": 1, "connect_regions": 1, "loose_connections": 9, "locations": 2, "player_boss_distance": 8, "flat": [0, 0, 0, 0, 0, 0, 0, 0, 0, 0, 0, 0, 0, 1, 2, 2, 1, 2, 2, 1, 2, 2, 1, 0, 0, 0, 0, 0, 2, 0, 0, 0, 0, 0, 2, 0, 0, 2, 0, 0, 2, 0, 0, 2, 0, 0, 2, 0, 0, 1, 2, 2, 1, 2, 2, 1, 2, 2, 1, 0, 0, 0, 0, 0, 2, 0, 0, 2, 0, 0, 2, 0, 0, 2, 0, 0, 2, 0, 0, 0, 0, 0, 0, 0, 0, 1, 2, 2, 1, 2, 0, 0, 0, 0, 0, 0, 0, 2, 0, 0, 2, 0, 0, 0, 0, 0, 0, 0, 0, 0, 0, 0, 2, 0, 0, 0, 0, 0, 0, 0, 0, 0, 0, 0, 1, 2, 2, 1, 2, 2, 1, 0, 0, 0, 0, 0, 2, 0, 0, 2, 0, 0, 0, 0], "dead_end": 0}, "quality": 0.8249999998124999, "diversity": 0.4959309815482247, "controlability": 0.8124999987304689}