{"content": {"layout": [0, 9, 12, 10, 11, 6, 4, 8, 14, 7, 13, 13, 2, 8, 7, 6], "start": 8, "boss": 8, "shop": 8, "treasure": 8}, "control": {"map_size": 11}, "info": {"map_size": 15, "num_regions": 1, "connect_regions": 7, "loose_connections": 16, "locations": 1, "player_boss_distance": -1, "flat": [0, 0, 0, 0, 0, 0, 0, 0, 0, 0, 2, 0, 0, 0, 0, 2, 1, 0, 0, 1, 2, 0, 1, 0, 0, 0, 0, 0, 2, 0, 0, 2, 0, 0, 2, 0, 0, 2, 0, 0, 2, 0, 0, 0, 0, 0, 0, 0, 2, 1, 0, 0, 1, 2, 0, 1, 2, 0, 1, 0, 0, 2, 0, 0, 0, 0, 0, 0, 0, 0, 2, 0, 0, 2, 0, 0, 2, 0, 0, 0, 0, 0, 0, 0, 0, 1, 2, 2, 1, 2, 2, 1, 2, 2, 1, 2, 0, 2, 0, 0, 0, 0, 0, 2, 0, 0, 2, 0, 0, 2, 0, 0, 0, 0, 0, 2, 0, 0, 2, 0, 0, 1, 0, 0, 1, 0, 2, 1, 2, 0, 1, 2, 0, 0, 0, 0, 2, 0, 0, 0, 0, 0, 0, 0], "dead_end": 0}, "quality": 0.53999999994, "diversity": 0.03704294171278222, "controlability": 1.0}