{"content": [[1, 1, 1, 0, 1, 1, 0, 0, 0, 1, 0], [1, 5, 1, 1, 0, 1, 1, 0, 0, 1, 0], [1, 1, 1, 1, 0, 0, 1, 5, 1, 1, 5], [0, 1, 0, 0, 1, 1, 0, 1, 0, 1, 0], [1, 5, 5, 1, 1, 1, 1, 5, 1, 1, 1], [1, 0, 1, 1, 1, 0, 1, 1, 5, 1, 1], [1, 2, 0, 5, 1, 1, 0, 0, 4, 3, 1]], "control": {"player_key": 17, "key_door": 17}, "info": {"regions": 1, "players": 1, "keys": 1, "doors": 1, "enemies": 8, "player_key": 14, "key_door": 1, "pk_path": [[1, 6], [0, 6], [0, 5], [0, 4], [1, 4], [2, 4], [3, 4], [4, 4], [5, 4], [6, 4], [6, 5], [7, 5], [8, 5], [9, 5], [9, 6]], "kd_path": []}, "quality": 0.9549086756752535, "diversity": 0.8194444282407413, "controlability": 0.49999999966666664}