{"content": [[1, 1, 1, 0, 1, 1, 1, 0, 5, 1, 3], [1, 1, 2, 1, 0, 1, 1, 0, 0, 1, 0], [1, 1, 1, 1, 1, 0, 1, 5, 1, 1, 0], [0, 1, 0, 0, 0, 1, 0, 1, 0, 1, 0], [1, 5, 5, 1, 1, 1, 1, 1, 1, 1, 1], [1, 0, 2, 1, 4, 0, 1, 1, 5, 1, 1], [1, 0, 0, 0, 1, 1, 0, 0, 1, 3, 1]], "control": {"player_key": 17, "key_door": 17}, "info": {"regions": 1, "players": 2, "keys": 2, "doors": 1, "enemies": 5, "player_key": 17, "key_door": 11, "pk_path": [[2, 1], [2, 2], [1, 2], [1, 3], [1, 4], [2, 4], [3, 4], [4, 4], [5, 4], [6, 4], [7, 4], [7, 3], [7, 2], [8, 2], [9, 2], [9, 1], [9, 0], [10, 0]], "kd_path": []}, "quality": 0.4974990987496578, "diversity": 1.0, "controlability": 0.8666666664222222}