{"content": {"layout": [4, 5, 2, 9, 4, 15, 5, 0, 12, 11, 0, 3, 0, 0, 5, 1], "start": 3, "boss": 13, "shop": 5, "treasure": 7}, "control": {"map_size": 11}, "info": {"map_size": 12, "num_regions": 2, "connect_regions": 6, "loose_connections": 11, "locations": 2, "player_boss_distance": -1, "flat": [0, 0, 0, 0, 0, 0, 0, 2, 0, 0, 0, 0, 0, 1, 2, 2, 1, 2, 0, 1, 0, 2, 1, 0, 0, 0, 0, 0, 0, 0, 0, 0, 0, 0, 2, 0, 0, 0, 0, 0, 2, 0, 0, 0, 0, 0, 0, 0, 0, 1, 2, 2, 1, 2, 2, 1, 2, 0, 0, 0, 0, 0, 0, 0, 2, 0, 0, 0, 0, 0, 0, 0, 0, 0, 0, 0, 2, 0, 0, 0, 0, 0, 2, 0, 0, 1, 2, 2, 1, 0, 0, 0, 0, 2, 1, 0, 0, 2, 0, 0, 2, 0, 0, 0, 0, 0, 0, 0, 0, 0, 0, 0, 0, 0, 0, 0, 0, 0, 0, 0, 0, 0, 0, 0, 0, 0, 2, 1, 2, 2, 1, 0, 0, 0, 0, 0, 0, 0, 0, 0, 0, 0, 0, 0], "dead_end": 0}, "quality": 0.53999999984, "diversity": 0.05481902279577455, "controlability": 0.6562499989746094}