{"content": [[1, 0, 1, 0, 1, 1, 1, 1, 0, 1, 0], [1, 1, 1, 1, 0, 1, 1, 3, 0, 1, 0], [1, 0, 1, 1, 1, 1, 1, 0, 1, 1, 1], [5, 1, 0, 0, 0, 1, 0, 1, 0, 1, 0], [1, 5, 1, 0, 1, 2, 1, 1, 1, 1, 1], [1, 0, 1, 1, 4, 0, 1, 1, 5, 1, 1], [1, 0, 0, 0, 1, 1, 0, 0, 1, 3, 1]], "control": {"player_key": 17, "key_door": 17}, "info": {"regions": 1, "players": 1, "keys": 2, "doors": 1, "enemies": 3, "player_key": 5, "key_door": 7, "pk_path": [[5, 4], [5, 3], [5, 2], [5, 1], [6, 1], [7, 1]], "kd_path": []}, "quality": 0.4991776315708319, "diversity": 0.6681178911194965, "controlability": 0.39999999973333333}