{"content": {"layout": [4, 10, 5, 9, 4, 15, 0, 0, 12, 10, 0, 0, 0, 6, 5, 1], "start": 3, "boss": 13, "shop": 4, "treasure": 8}, "control": {"map_size": 11}, "info": {"map_size": 11, "num_regions": 1, "connect_regions": 4, "loose_connections": 7, "locations": 4, "player_boss_distance": 9, "flat": [0, 0, 0, 0, 2, 0, 0, 0, 0, 0, 0, 0, 0, 1, 2, 0, 1, 0, 2, 1, 2, 2, 1, 0, 0, 0, 0, 0, 2, 0, 0, 0, 0, 0, 2, 0, 0, 0, 0, 0, 2, 0, 0, 0, 0, 0, 0, 0, 0, 1, 2, 2, 1, 2, 0, 0, 0, 0, 0, 0, 0, 0, 0, 0, 2, 0, 0, 0, 0, 0, 0, 0, 0, 0, 0, 0, 2, 0, 0, 0, 0, 0, 0, 0, 0, 1, 2, 0, 1, 0, 0, 0, 0, 0, 0, 0, 0, 2, 0, 0, 2, 0, 0, 0, 0, 0, 0, 0, 0, 0, 0, 0, 2, 0, 0, 0, 0, 0, 0, 0, 0, 0, 0, 0, 1, 2, 2, 1, 2, 2, 1, 0, 0, 0, 0, 0, 0, 0, 0, 0, 0, 0, 0, 0], "dead_end": 1}, "quality": 0.56999999992, "diversity": 0.21039094307752504, "controlability": 0.4999999992187501}