{"content": [[1, 1, 2, 0, 1, 1, 1, 1, 0, 1, 0], [1, 1, 1, 1, 0, 0, 1, 0, 0, 1, 0], [1, 1, 1, 1, 1, 1, 1, 5, 1, 1, 0], [0, 1, 0, 0, 1, 1, 5, 1, 0, 1, 0], [1, 5, 1, 1, 1, 5, 1, 1, 0, 1, 1], [1, 0, 1, 1, 1, 0, 1, 1, 0, 1, 1], [1, 4, 0, 0, 1, 1, 2, 1, 1, 3, 1]], "control": {"player_key": 17, "key_door": 17}, "info": {"regions": 1, "players": 2, "keys": 1, "doors": 1, "enemies": 4, "player_key": 13, "key_door": 14, "pk_path": [[2, 0], [2, 1], [2, 2], [3, 2], [4, 2], [4, 3], [4, 4], [4, 5], [4, 6], [5, 6], [6, 6], [7, 6], [8, 6], [9, 6]], "kd_path": []}, "quality": 0.4991776315708319, "diversity": 1.0, "controlability": 0.8999999994}