{"content": [[1, 1, 1, 0, 1, 3, 1, 0, 0, 0, 0], [1, 5, 2, 1, 0, 1, 1, 2, 0, 1, 0], [1, 1, 1, 1, 1, 0, 1, 2, 0, 1, 0], [0, 1, 0, 0, 1, 1, 0, 1, 0, 1, 0], [1, 5, 5, 1, 1, 1, 1, 1, 1, 1, 1], [1, 0, 1, 1, 4, 0, 1, 2, 5, 1, 1], [1, 2, 0, 0, 1, 1, 0, 0, 1, 3, 1]], "control": {"player_key": 17, "key_door": 17}, "info": {"regions": 1, "players": 5, "keys": 2, "doors": 1, "enemies": 4, "player_key": 14, "key_door": 10, "pk_path": [[2, 1], [2, 2], [3, 2], [4, 2], [4, 3], [4, 4], [5, 4], [6, 4], [7, 4], [7, 3], [7, 2], [7, 1], [6, 1], [6, 0], [5, 0]], "kd_path": []}, "quality": 0.4958881578788305, "diversity": 0.125, "controlability": 0.7999999994666667}