{"content": [[1, 5, 1, 0, 1, 3, 0, 0, 2, 2, 0], [1, 5, 1, 5, 0, 1, 1, 0, 0, 1, 0], [1, 1, 1, 3, 0, 0, 1, 2, 1, 1, 0], [0, 1, 0, 0, 1, 1, 0, 4, 0, 1, 4], [1, 1, 5, 1, 1, 1, 1, 1, 3, 1, 1], [1, 0, 1, 1, 4, 0, 1, 1, 4, 1, 1], [1, 2, 0, 0, 1, 1, 0, 0, 1, 5, 1]], "control": {"player_key": 17, "key_door": 17}, "info": {"regions": 1, "players": 4, "keys": 3, "doors": 4, "enemies": 5, "player_key": 9, "key_door": 5, "pk_path": [[8, 0], [9, 0], [9, 1], [9, 2], [8, 2], [7, 2], [6, 2], [6, 1], [5, 1], [5, 0]], "kd_path": []}, "quality": 0.4925648882157676, "diversity": 0.32812499739583345, "controlability": 0.46666666635555554}