{"content": [[1, 1, 1, 0, 2, 3, 1, 0, 0, 0, 0], [1, 2, 1, 1, 0, 0, 4, 0, 0, 1, 0], [1, 1, 1, 4, 0, 0, 1, 2, 0, 1, 0], [0, 1, 0, 0, 1, 1, 0, 5, 0, 1, 0], [1, 5, 5, 1, 1, 1, 1, 1, 1, 1, 5], [1, 0, 1, 1, 4, 5, 1, 1, 4, 1, 1], [1, 1, 0, 0, 1, 1, 0, 0, 1, 5, 1]], "control": {"player_key": 17, "key_door": 17}, "info": {"regions": 1, "players": 3, "keys": 1, "doors": 4, "enemies": 6, "player_key": 1, "key_door": 2, "pk_path": [[4, 0], [5, 0]], "kd_path": []}, "quality": 0.49417582910338015, "diversity": 0.6175871469113179, "controlability": 0.09999999993333333}