{"content": [[1, 1, 1, 0, 1, 3, 1, 0, 0, 2, 0], [1, 5, 1, 5, 0, 1, 1, 0, 0, 1, 0], [1, 1, 1, 1, 0, 0, 1, 2, 1, 1, 0], [0, 1, 0, 0, 1, 1, 0, 4, 0, 1, 4], [1, 1, 5, 1, 1, 1, 1, 1, 1, 1, 1], [1, 0, 1, 1, 4, 0, 1, 1, 4, 1, 1], [1, 2, 0, 0, 1, 1, 0, 0, 1, 5, 1]], "control": {"player_key": 17, "key_door": 17}, "info": {"regions": 1, "players": 3, "keys": 1, "doors": 4, "enemies": 4, "player_key": 8, "key_door": 5, "pk_path": [[9, 0], [9, 1], [9, 2], [8, 2], [7, 2], [6, 2], [6, 1], [6, 0], [5, 0]], "kd_path": []}, "quality": 0.4958881578788305, "diversity": 0.11111111111111116, "controlability": 0.43333333304444444}