{"content": [[1, 1, 1, 0, 1, 3, 1, 0, 0, 0, 0], [5, 1, 4, 0, 1, 1, 1, 0, 0, 1, 0], [1, 1, 1, 2, 0, 0, 3, 2, 1, 1, 0], [0, 3, 0, 0, 1, 1, 4, 1, 0, 1, 0], [1, 5, 5, 1, 1, 1, 1, 1, 1, 4, 1], [1, 3, 1, 1, 4, 0, 1, 1, 5, 1, 1], [1, 0, 0, 0, 1, 1, 4, 0, 4, 3, 1]], "control": {"player_key": 17, "key_door": 17}, "info": {"regions": 1, "players": 2, "keys": 5, "doors": 6, "enemies": 4, "player_key": 16, "key_door": 14, "pk_path": [[3, 2], [2, 2], [1, 2], [1, 3], [1, 4], [2, 4], [3, 4], [4, 4], [5, 4], [6, 4], [7, 4], [7, 3], [7, 2], [6, 2], [6, 1], [6, 0], [5, 0]], "kd_path": []}, "quality": 0.4917763157658847, "diversity": 0.6713842806525709, "controlability": 0.9666666663555555}