{"content": [[1, 2, 3, 0, 5, 3, 1, 1, 0, 0, 0], [1, 5, 1, 1, 0, 1, 1, 2, 0, 0, 0], [1, 1, 1, 1, 0, 0, 1, 2, 0, 1, 4], [0, 1, 0, 0, 1, 0, 0, 1, 0, 1, 1], [1, 5, 5, 1, 1, 1, 1, 1, 1, 1, 1], [1, 0, 1, 1, 0, 0, 1, 2, 4, 1, 1], [1, 4, 1, 0, 4, 1, 1, 0, 0, 1, 1]], "control": {"player_key": 17, "key_door": 17}, "info": {"regions": 1, "players": 4, "keys": 2, "doors": 4, "enemies": 4, "player_key": 1, "key_door": 16, "pk_path": [[1, 0], [2, 0]], "kd_path": []}, "quality": 0.494243421028718, "diversity": 0.6530987809560538, "controlability": 0.5333333333111111}