{"content": {"layout": [1, 9, 15, 8, 13, 15, 15, 15, 4, 15, 3, 3, 2, 14, 5, 5], "start": 4, "boss": 12, "shop": 8, "treasure": 0}, "control": {"map_size": 11}, "info": {"map_size": 16, "num_regions": 1, "connect_regions": 3, "loose_connections": 12, "locations": 4, "player_boss_distance": -1, "flat": [0, 0, 0, 0, 0, 0, 0, 2, 0, 0, 0, 0, 2, 1, 0, 2, 1, 0, 2, 1, 2, 0, 1, 0, 0, 0, 0, 0, 2, 0, 0, 2, 0, 0, 2, 0, 0, 0, 0, 0, 2, 0, 0, 2, 0, 0, 2, 0, 2, 1, 2, 2, 1, 2, 2, 1, 2, 2, 1, 2, 0, 2, 0, 0, 2, 0, 0, 2, 0, 0, 2, 0, 0, 0, 0, 0, 2, 0, 0, 2, 0, 0, 2, 0, 0, 1, 2, 2, 1, 2, 2, 1, 0, 2, 1, 0, 0, 0, 0, 0, 2, 0, 0, 0, 0, 0, 0, 0, 0, 2, 0, 0, 2, 0, 0, 0, 0, 0, 0, 0, 0, 1, 0, 0, 1, 2, 2, 1, 2, 2, 1, 2, 0, 0, 0, 0, 2, 0, 0, 0, 0, 0, 0, 0], "dead_end": 3}, "quality": 0.5799999999133333, "diversity": 0.677827370466735, "controlability": 1.0}