{"content": [[1, 4, 1, 0, 5, 3, 1, 0, 0, 0, 0], [0, 5, 4, 1, 0, 1, 1, 0, 0, 1, 2], [1, 1, 1, 2, 0, 0, 1, 1, 1, 1, 0], [0, 4, 0, 0, 5, 1, 0, 1, 5, 1, 1], [1, 1, 5, 1, 1, 1, 1, 1, 1, 1, 1], [1, 0, 1, 1, 4, 0, 1, 2, 4, 1, 1], [1, 2, 0, 0, 1, 1, 0, 0, 1, 1, 1]], "control": {"player_key": 17, "key_door": 17}, "info": {"regions": 1, "players": 4, "keys": 1, "doors": 5, "enemies": 5, "player_key": 8, "key_door": 16, "pk_path": [[10, 1], [9, 1], [9, 2], [8, 2], [7, 2], [6, 2], [6, 1], [6, 0], [5, 0]], "kd_path": []}, "quality": 0.49338725664493566, "diversity": 0.6916666502777784, "controlability": 0.7666666664888888}