{"content": [[1, 4, 1, 0, 1, 3, 1, 0, 0, 0, 0], [0, 1, 4, 0, 0, 1, 1, 0, 0, 1, 0], [1, 1, 1, 1, 0, 0, 2, 1, 1, 1, 0], [0, 4, 0, 0, 1, 1, 0, 1, 0, 1, 1], [1, 5, 5, 1, 1, 1, 1, 1, 1, 1, 1], [1, 1, 1, 1, 2, 0, 1, 2, 5, 1, 1], [1, 2, 0, 0, 1, 1, 0, 0, 1, 3, 1]], "control": {"player_key": 17, "key_door": 17}, "info": {"regions": 1, "players": 4, "keys": 2, "doors": 3, "enemies": 3, "player_key": 3, "key_door": 16, "pk_path": [[6, 2], [6, 1], [6, 0], [5, 0]], "kd_path": []}, "quality": 0.4950657894496624, "diversity": 0.5754849918577314, "controlability": 0.5999999999333333}