{"content": [[1, 5, 1, 0, 1, 3, 1, 0, 0, 0, 0], [1, 5, 4, 1, 0, 1, 1, 0, 0, 0, 0], [1, 5, 1, 3, 0, 0, 1, 1, 1, 1, 0], [0, 1, 0, 0, 1, 1, 0, 1, 0, 1, 0], [1, 4, 3, 1, 1, 1, 1, 1, 1, 2, 1], [1, 0, 1, 1, 4, 0, 1, 1, 4, 1, 1], [1, 2, 0, 0, 1, 1, 1, 0, 0, 3, 1]], "control": {"player_key": 17, "key_door": 17}, "info": {"regions": 1, "players": 2, "keys": 4, "doors": 4, "enemies": 3, "player_key": 8, "key_door": 16, "pk_path": [[9, 4], [9, 3], [9, 2], [8, 2], [7, 2], [6, 2], [6, 1], [6, 0], [5, 0]], "kd_path": []}, "quality": 0.494243421028718, "diversity": 0.1428571428571429, "controlability": 0.7666666664888888}