{"content": [[4, 1, 1, 0, 1, 3, 2, 0, 0, 0, 0], [1, 2, 1, 1, 0, 1, 1, 0, 0, 1, 0], [1, 1, 1, 1, 0, 3, 1, 2, 1, 1, 0], [0, 1, 0, 0, 1, 1, 0, 1, 0, 2, 0], [1, 5, 5, 1, 1, 1, 2, 1, 1, 1, 1], [1, 0, 1, 1, 4, 0, 1, 1, 4, 1, 1], [1, 2, 0, 0, 1, 1, 0, 0, 1, 5, 1]], "control": {"player_key": 17, "key_door": 17}, "info": {"regions": 1, "players": 6, "keys": 2, "doors": 3, "enemies": 3, "player_key": 1, "key_door": 13, "pk_path": [[6, 0], [5, 0]], "kd_path": []}, "quality": 0.4934210526077736, "diversity": 0.5189474899769543, "controlability": 0.46666666635555554}