{"content": [[1, 1, 1, 7, 7, 6, 7, 1], [0, 0, 0, 5, 1, 0, 6, 5], [0, 7, 1, 7, 0, 1, 6, 1], [4, 7, 1, 0, 0, 7, 6, 5], [1, 0, 1, 6, 3, 1, 7, 0], [1, 6, 5, 1, 1, 7, 7, 1], [0, 1, 0, 0, 0, 7, 0, 5], [0, 0, 0, 0, 1, 0, 0, 6], [7, 0, 1, 5, 5, 4, 1, 1], [1, 5, 1, 7, 0, 4, 7, 6], [5, 7, 6, 1, 7, 6, 0, 1], [6, 0, 2, 7, 0, 6, 1, 1]], "control": {"col_treasures": 18, "solution_length": 45}, "info": {"regions": 1, "players": 1, "exits": 1, "layout": 53, "heuristic": 136, "solution": [], "content": [[1, 1, 1, 7, 7, 6, 7, 1], [0, 0, 0, 5, 1, 0, 6, 5], [0, 7, 1, 7, 0, 1, 6, 1], [4, 7, 1, 0, 0, 7, 6, 5], [1, 0, 1, 6, 3, 1, 7, 0], [1, 6, 5, 1, 1, 7, 7, 1], [0, 1, 0, 0, 0, 7, 0, 5], [0, 0, 0, 0, 1, 0, 0, 6], [7, 0, 1, 5, 5, 4, 1, 1], [1, 5, 1, 7, 0, 4, 7, 6], [5, 7, 6, 1, 7, 6, 0, 1], [6, 0, 2, 7, 0, 6, 1, 1]], "potions": 3, "treasures": 9, "enemies": 29, "solution_length": 0, "enemies_loc": [[3, 0], [4, 0], [5, 0], [6, 0], [6, 1], [1, 2], [3, 2], [6, 2], [1, 3], [5, 3], [6, 3], [3, 4], [6, 4], [1, 5], [5, 5], [6, 5], [5, 6], [7, 7], [0, 8], [3, 9], [6, 9], [7, 9], [1, 10], [2, 10], [4, 10], [5, 10], [0, 11], [3, 11], [5, 11]], "status": "running", "health": 5, "col_treasures": 4, "col_potions": 2, "col_enemies": 2}, "quality": 0.49754050925908105, "diversity": 0.2719748793878427, "controlability": 0.14285714275510203}