{"content": [[1, 4, 2, 0, 0, 2, 1, 0, 0, 0, 0], [1, 5, 1, 0, 0, 1, 1, 2, 0, 1, 0], [2, 1, 1, 1, 0, 0, 1, 2, 0, 1, 0], [0, 1, 0, 0, 1, 2, 0, 5, 0, 1, 1], [1, 1, 3, 1, 1, 1, 1, 1, 1, 1, 1], [1, 3, 1, 1, 4, 0, 4, 2, 4, 5, 3], [1, 3, 4, 0, 4, 3, 1, 0, 0, 4, 0]], "control": {"player_key": 17, "key_door": 17}, "info": {"regions": 1, "players": 7, "keys": 5, "doors": 7, "enemies": 3, "player_key": 6, "key_door": 5, "pk_path": [[2, 0], [2, 1], [2, 2], [1, 2], [1, 3], [1, 4], [2, 4]], "kd_path": []}, "quality": 0.48684210524021815, "diversity": 0.4464285586309529, "controlability": 0.36666666642222223}