{"content": [[1, 1, 1, 0, 2, 3, 3, 0, 0, 0, 0], [0, 5, 1, 1, 0, 1, 1, 2, 4, 1, 0], [2, 1, 1, 1, 0, 0, 1, 2, 0, 1, 0], [2, 1, 0, 0, 1, 2, 0, 5, 0, 1, 1], [1, 4, 5, 1, 1, 1, 1, 1, 1, 1, 3], [1, 0, 1, 1, 4, 0, 4, 2, 4, 5, 3], [1, 0, 4, 0, 4, 0, 0, 0, 1, 5, 1]], "control": {"player_key": 17, "key_door": 17}, "info": {"regions": 1, "players": 7, "keys": 4, "doors": 7, "enemies": 5, "player_key": 1, "key_door": 4, "pk_path": [[4, 0], [5, 0]], "kd_path": []}, "quality": 0.4868083092691566, "diversity": 0.8518518345679018, "controlability": 0.16666666655555554}