{"content": [[1, 1, 1, 0, 0, 3, 1, 0, 0, 0, 0], [0, 5, 1, 1, 0, 1, 1, 2, 4, 1, 0], [2, 1, 1, 1, 0, 0, 1, 2, 0, 1, 0], [2, 1, 0, 0, 1, 2, 0, 0, 0, 1, 1], [1, 4, 5, 1, 1, 1, 1, 1, 1, 1, 3], [1, 0, 1, 1, 4, 0, 4, 2, 4, 5, 3], [1, 0, 4, 0, 4, 0, 0, 0, 1, 5, 1]], "control": {"player_key": 17, "key_door": 17}, "info": {"regions": 1, "players": 6, "keys": 3, "doors": 7, "enemies": 4, "player_key": 3, "key_door": 4, "pk_path": [[7, 1], [6, 1], [6, 0], [5, 0]], "kd_path": []}, "quality": 0.48930921050305143, "diversity": 0.6311403224069272, "controlability": 0.23333333317777777}