{"content": [[1, 1, 1, 0, 0, 3, 1, 0, 0, 2, 0], [0, 5, 1, 1, 0, 1, 1, 2, 3, 2, 0], [2, 1, 4, 1, 0, 0, 1, 2, 0, 1, 0], [2, 1, 0, 1, 1, 2, 0, 4, 0, 1, 1], [1, 4, 5, 1, 1, 1, 1, 1, 1, 1, 3], [1, 0, 1, 1, 4, 0, 3, 2, 4, 5, 3], [1, 0, 4, 0, 4, 3, 0, 0, 1, 5, 1]], "control": {"player_key": 17, "key_door": 17}, "info": {"regions": 1, "players": 8, "keys": 6, "doors": 7, "enemies": 4, "player_key": 6, "key_door": 13, "pk_path": [[9, 0], [9, 1], [8, 1], [7, 1], [6, 1], [6, 0], [5, 0]], "kd_path": []}, "quality": 0.4851973683983293, "diversity": 0.25, "controlability": 0.633333332911111}