{"content": [[1, 1, 1, 0, 0, 3, 1, 0, 0, 0, 0], [0, 2, 1, 1, 0, 1, 2, 2, 0, 2, 0], [2, 1, 1, 1, 0, 1, 1, 2, 0, 1, 0], [2, 1, 0, 0, 1, 2, 0, 3, 0, 1, 1], [1, 5, 5, 1, 1, 1, 1, 1, 1, 1, 1], [1, 0, 1, 1, 4, 0, 4, 2, 4, 2, 3], [1, 2, 3, 0, 4, 2, 0, 0, 1, 5, 1]], "control": {"player_key": 17, "key_door": 17}, "info": {"regions": 1, "players": 12, "keys": 4, "doors": 4, "enemies": 3, "player_key": 11, "key_door": 6, "pk_path": [[1, 1], [1, 2], [1, 3], [1, 4], [2, 4], [3, 4], [4, 4], [4, 3], [5, 3], [5, 2], [5, 1], [5, 0]], "kd_path": []}, "quality": 0.48601973681927374, "diversity": 0.546645181402756, "controlability": 0.5666666662888888}