{"content": [[1, 1, 1, 0, 1, 1, 0, 1, 0, 1, 0], [1, 5, 1, 1, 0, 1, 1, 0, 0, 1, 0], [1, 1, 1, 1, 0, 0, 1, 5, 1, 1, 0], [0, 1, 5, 0, 1, 1, 0, 1, 0, 1, 0], [1, 5, 5, 1, 1, 1, 1, 5, 1, 1, 1], [1, 0, 1, 1, 1, 0, 1, 1, 5, 1, 1], [1, 1, 0, 0, 1, 1, 0, 4, 4, 3, 2]], "control": {"player_key": 17, "key_door": 17}, "info": {"regions": 2, "players": 1, "keys": 1, "doors": 2, "enemies": 7, "player_key": 1, "key_door": 2, "pk_path": [[10, 6], [9, 6]], "kd_path": []}, "quality": 0.45929570525867364, "diversity": 0.852311919191397, "controlability": 0.09999999993333333}