{"content": [[1, 1, 1, 0, 1, 1, 1, 1, 2, 1, 0], [1, 1, 1, 4, 0, 3, 1, 0, 0, 1, 0], [1, 1, 1, 1, 1, 0, 2, 2, 1, 1, 0], [0, 1, 0, 0, 0, 1, 0, 1, 0, 1, 0], [1, 5, 5, 1, 1, 1, 1, 1, 1, 1, 1], [2, 5, 1, 1, 4, 0, 1, 1, 5, 1, 1], [1, 0, 0, 0, 1, 1, 0, 0, 1, 3, 1]], "control": {"player_key": 17, "key_door": 17}, "info": {"regions": 1, "players": 4, "keys": 2, "doors": 2, "enemies": 4, "player_key": 4, "key_door": 16, "pk_path": [[8, 0], [7, 0], [6, 0], [6, 1], [5, 1]], "kd_path": []}, "quality": 0.4958881578706068, "diversity": 0.6716983684594349, "controlability": 0.6333333332444444}