{"content": [[1, 4, 1, 0, 1, 3, 1, 0, 0, 0, 0], [1, 1, 4, 0, 0, 1, 1, 0, 4, 1, 0], [1, 1, 1, 1, 0, 0, 3, 1, 1, 2, 0], [0, 1, 0, 0, 1, 0, 0, 1, 0, 5, 0], [1, 5, 5, 1, 1, 4, 1, 1, 1, 1, 1], [1, 0, 1, 1, 4, 0, 1, 1, 5, 1, 1], [1, 0, 0, 0, 1, 1, 0, 0, 1, 5, 1]], "control": {"player_key": 17, "key_door": 17}, "info": {"regions": 1, "players": 1, "keys": 2, "doors": 5, "enemies": 5, "player_key": 6, "key_door": 16, "pk_path": [[9, 2], [8, 2], [7, 2], [6, 2], [6, 1], [6, 0], [5, 0]], "kd_path": []}, "quality": 0.4950319934868245, "diversity": 0.6038385484358224, "controlability": 0.6999999998666666}