{"content": [[4, 1, 1, 1, 1, 4, 2, 5], [5, 0, 0, 0, 4, 7, 4, 5], [6, 4, 1, 1, 4, 6, 6, 1], [0, 5, 1, 0, 0, 7, 0, 0], [6, 7, 6, 0, 0, 1, 6, 4], [1, 1, 0, 0, 5, 6, 0, 4], [0, 0, 6, 1, 1, 0, 0, 6], [1, 0, 7, 0, 1, 0, 1, 1], [4, 5, 1, 1, 0, 4, 0, 1], [1, 0, 0, 7, 5, 4, 1, 3], [0, 5, 6, 1, 4, 1, 0, 1], [4, 4, 1, 0, 0, 1, 0, 1]], "control": {"col_treasures": 8, "solution_length": 30}, "info": {"regions": 1, "players": 1, "exits": 1, "layout": 57, "heuristic": 143, "solution": [], "content": [[4, 1, 1, 1, 1, 4, 2, 5], [5, 0, 0, 0, 4, 7, 4, 5], [6, 4, 1, 1, 4, 6, 6, 1], [0, 5, 1, 0, 0, 7, 0, 0], [6, 7, 6, 0, 0, 1, 6, 4], [1, 1, 0, 0, 5, 6, 0, 4], [0, 0, 6, 1, 1, 0, 0, 6], [1, 0, 7, 0, 1, 0, 1, 1], [4, 5, 1, 1, 0, 4, 0, 1], [1, 0, 0, 7, 5, 4, 1, 3], [0, 5, 6, 1, 4, 1, 0, 1], [4, 4, 1, 0, 0, 1, 0, 1]], "potions": 14, "treasures": 8, "enemies": 15, "solution_length": 0, "enemies_loc": [[5, 1], [0, 2], [5, 2], [6, 2], [5, 3], [0, 4], [1, 4], [2, 4], [6, 4], [5, 5], [2, 6], [7, 6], [2, 7], [3, 9], [2, 10]], "status": "running", "health": 5, "col_treasures": 2, "col_potions": 0, "col_enemies": 0}, "quality": 0.49741391782389605, "diversity": 0.9187696975591453, "controlability": 0.249999999375}