{"content": [[1, 1, 4, 1, 7, 0, 7, 1], [0, 2, 0, 0, 1, 1, 4, 0], [0, 4, 4, 4, 4, 6, 4, 1], [1, 5, 6, 0, 0, 7, 4, 5], [6, 4, 1, 6, 7, 1, 6, 6], [1, 6, 3, 1, 5, 6, 0, 4], [0, 1, 6, 0, 1, 7, 0, 4], [0, 0, 0, 0, 7, 0, 1, 3], [5, 0, 1, 0, 0, 4, 1, 4], [1, 5, 7, 7, 4, 4, 1, 6], [6, 3, 1, 1, 6, 0, 4, 4], [4, 4, 1, 4, 5, 1, 4, 1]], "control": {"col_treasures": 8, "solution_length": 30}, "info": {"regions": 1, "players": 1, "exits": 3, "layout": 45, "heuristic": -1, "solution": [], "content": [[1, 1, 4, 1, 7, 0, 7, 1], [0, 2, 0, 0, 1, 1, 4, 0], [0, 4, 4, 4, 4, 6, 4, 1], [1, 5, 6, 0, 0, 7, 4, 5], [6, 4, 1, 6, 7, 1, 6, 6], [1, 6, 3, 1, 5, 6, 0, 4], [0, 1, 6, 0, 1, 7, 0, 4], [0, 0, 0, 0, 7, 0, 1, 3], [5, 0, 1, 0, 0, 4, 1, 4], [1, 5, 7, 7, 4, 4, 1, 6], [6, 3, 1, 1, 6, 0, 4, 4], [4, 4, 1, 4, 5, 1, 4, 1]], "potions": 21, "treasures": 6, "enemies": 20, "solution_length": 0, "enemies_loc": [[4, 0], [6, 0], [5, 2], [2, 3], [5, 3], [0, 4], [3, 4], [4, 4], [6, 4], [7, 4], [1, 5], [5, 5], [2, 6], [5, 6], [4, 7], [2, 9], [3, 9], [7, 9], [0, 10], [4, 10]]}, "quality": 0.32776315787484617, "diversity": 0.2686458271171879, "controlability": 0.0}