{"content": [[1, 1, 1, 1, 7, 0, 7, 1], [0, 2, 0, 0, 1, 0, 1, 0], [0, 0, 0, 3, 7, 6, 6, 4], [0, 1, 1, 1, 0, 4, 4, 5], [1, 7, 1, 0, 6, 1, 7, 6], [1, 4, 0, 5, 0, 4, 0, 4], [7, 0, 5, 1, 1, 1, 0, 5], [5, 0, 0, 0, 1, 3, 1, 1], [1, 0, 4, 1, 6, 0, 0, 1], [4, 1, 0, 7, 1, 4, 1, 6], [6, 3, 6, 1, 7, 6, 0, 1], [4, 1, 1, 0, 7, 7, 0, 1]], "control": {"col_treasures": 8, "solution_length": 30}, "info": {"regions": 1, "players": 1, "exits": 3, "layout": 58, "heuristic": -1, "solution": [], "content": [[1, 1, 1, 1, 7, 0, 7, 1], [0, 2, 0, 0, 1, 0, 1, 0], [0, 0, 0, 3, 7, 6, 6, 4], [0, 1, 1, 1, 0, 4, 4, 5], [1, 7, 1, 0, 6, 1, 7, 6], [1, 4, 0, 5, 0, 4, 0, 4], [7, 0, 5, 1, 1, 1, 0, 5], [5, 0, 0, 0, 1, 3, 1, 1], [1, 0, 4, 1, 6, 0, 0, 1], [4, 1, 0, 7, 1, 4, 1, 6], [6, 3, 6, 1, 7, 6, 0, 1], [4, 1, 1, 0, 7, 7, 0, 1]], "potions": 10, "treasures": 5, "enemies": 19, "solution_length": 0, "enemies_loc": [[4, 0], [6, 0], [4, 2], [5, 2], [6, 2], [1, 4], [4, 4], [6, 4], [7, 4], [0, 6], [4, 8], [3, 9], [7, 9], [0, 10], [2, 10], [4, 10], [5, 10], [4, 11], [5, 11]]}, "quality": 0.3319298245545337, "diversity": 0.22712861787250915, "controlability": 0.0}