{"content": {"layout": [4, 13, 14, 9, 13, 15, 0, 11, 12, 15, 0, 3, 0, 14, 5, 1], "start": 3, "boss": 13, "shop": 13, "treasure": 0}, "control": {"map_size": 11}, "info": {"map_size": 13, "num_regions": 1, "connect_regions": 2, "loose_connections": 11, "locations": 3, "player_boss_distance": 9, "flat": [0, 0, 0, 0, 0, 0, 0, 2, 0, 0, 0, 0, 0, 1, 2, 2, 1, 2, 0, 1, 2, 2, 1, 0, 0, 0, 0, 0, 2, 0, 0, 2, 0, 0, 2, 0, 0, 0, 0, 0, 2, 0, 0, 0, 0, 0, 2, 0, 2, 1, 2, 2, 1, 2, 0, 0, 0, 2, 1, 0, 0, 2, 0, 0, 2, 0, 0, 0, 0, 0, 2, 0, 0, 0, 0, 0, 2, 0, 0, 0, 0, 0, 2, 0, 0, 1, 2, 2, 1, 2, 0, 0, 0, 2, 1, 0, 0, 2, 0, 0, 2, 0, 0, 0, 0, 0, 0, 0, 0, 0, 0, 0, 2, 0, 0, 0, 0, 0, 0, 0, 0, 0, 0, 0, 1, 2, 2, 1, 2, 2, 1, 0, 0, 0, 0, 0, 2, 0, 0, 0, 0, 0, 0, 0], "dead_end": 1}, "quality": 0.5899999999066667, "diversity": 0.7715773700807602, "controlability": 0.8124999987304689}