{"content": {"layout": [7, 1, 0, 13, 4, 10, 14, 3, 4, 10, 13, 9, 7, 15, 2, 3], "start": 8, "boss": 6, "shop": 8, "treasure": 14}, "control": {"map_size": 15}, "info": {"map_size": 15, "num_regions": 1, "connect_regions": 6, "loose_connections": 15, "locations": 3, "player_boss_distance": 3, "flat": [0, 2, 0, 0, 0, 0, 0, 0, 0, 0, 0, 0, 2, 1, 2, 2, 1, 0, 0, 0, 0, 2, 1, 2, 0, 0, 0, 0, 0, 0, 0, 0, 0, 0, 2, 0, 0, 0, 0, 0, 2, 0, 0, 2, 0, 0, 2, 0, 0, 1, 2, 0, 1, 0, 0, 1, 2, 2, 1, 0, 0, 0, 0, 0, 2, 0, 0, 2, 0, 0, 0, 0, 0, 0, 0, 0, 2, 0, 0, 0, 0, 0, 0, 0, 0, 1, 2, 0, 1, 0, 2, 1, 2, 2, 1, 0, 0, 0, 0, 0, 2, 0, 0, 2, 0, 0, 2, 0, 0, 2, 0, 0, 2, 0, 0, 2, 0, 0, 2, 0, 2, 1, 2, 2, 1, 2, 0, 1, 0, 2, 1, 0, 0, 0, 0, 0, 2, 0, 0, 0, 0, 0, 0, 0], "dead_end": 2}, "quality": 0.5499999999333333, "diversity": 0.12951388693757226, "controlability": 0.49999999921875}