{"content": {"layout": [10, 8, 9, 2, 6, 14, 9, 12, 3, 4, 12, 11, 14, 5, 12, 11], "start": 7, "boss": 7, "shop": 7, "treasure": 7}, "control": {"map_size": 10}, "info": {"map_size": 16, "num_regions": 1, "connect_regions": 8, "loose_connections": 17, "locations": 1, "player_boss_distance": -1, "flat": [0, 2, 0, 0, 0, 0, 0, 0, 0, 0, 2, 0, 0, 1, 0, 0, 1, 0, 2, 1, 0, 0, 1, 0, 0, 2, 0, 0, 2, 0, 0, 2, 0, 0, 0, 0, 0, 2, 0, 0, 2, 0, 0, 0, 0, 0, 0, 0, 0, 1, 2, 0, 1, 2, 2, 1, 0, 0, 1, 2, 0, 0, 0, 0, 2, 0, 0, 2, 0, 0, 2, 0, 0, 2, 0, 0, 0, 0, 0, 0, 0, 0, 2, 0, 2, 1, 0, 0, 1, 2, 0, 1, 2, 2, 1, 0, 0, 0, 0, 0, 0, 0, 0, 2, 0, 0, 2, 0, 0, 2, 0, 0, 0, 0, 0, 0, 0, 0, 2, 0, 0, 1, 2, 2, 1, 2, 0, 1, 2, 2, 1, 0, 0, 2, 0, 0, 0, 0, 0, 2, 0, 0, 2, 0], "dead_end": 0}, "quality": 0.5299999999466667, "diversity": 0.0946614571287705, "controlability": 1.0}