{"content": {"layout": [13, 15, 15, 9, 4, 10, 2, 4, 12, 11, 14, 13, 6, 14, 0, 4], "start": 8, "boss": 13, "shop": 8, "treasure": 4}, "control": {"map_size": 11}, "info": {"map_size": 15, "num_regions": 1, "connect_regions": 5, "loose_connections": 15, "locations": 3, "player_boss_distance": 2, "flat": [0, 0, 0, 0, 2, 0, 0, 2, 0, 0, 0, 0, 2, 1, 2, 2, 1, 2, 2, 1, 2, 2, 1, 0, 0, 2, 0, 0, 2, 0, 0, 2, 0, 0, 2, 0, 0, 0, 0, 0, 2, 0, 0, 2, 0, 0, 0, 0, 0, 1, 2, 0, 1, 0, 0, 1, 0, 0, 1, 2, 0, 0, 0, 0, 2, 0, 0, 0, 0, 0, 0, 0, 0, 0, 0, 0, 2, 0, 0, 2, 0, 0, 0, 0, 0, 1, 2, 2, 1, 0, 0, 1, 2, 2, 1, 2, 0, 2, 0, 0, 2, 0, 0, 2, 0, 0, 2, 0, 0, 2, 0, 0, 2, 0, 0, 0, 0, 0, 0, 0, 0, 1, 2, 0, 1, 2, 0, 0, 0, 0, 1, 2, 0, 0, 0, 0, 2, 0, 0, 0, 0, 0, 0, 0], "dead_end": 1}, "quality": 0.5599999999266667, "diversity": 0.0861191847584335, "controlability": 1.0}