{"content": [[1, 1, 1, 1, 0, 1, 1, 1, 0, 0, 0, 0, 1, 0], [0, 0, 0, 0, 0, 0, 1, 1, 1, 1, 0, 1, 0, 1], [1, 1, 1, 1, 0, 0, 1, 1, 1, 1, 1, 1, 1, 0], [1, 0, 0, 1, 0, 0, 0, 0, 1, 0, 1, 1, 0, 0], [0, 0, 0, 0, 0, 1, 0, 0, 1, 0, 1, 0, 0, 1], [0, 0, 1, 1, 0, 0, 1, 0, 0, 1, 0, 0, 0, 0], [1, 1, 1, 1, 0, 0, 0, 1, 1, 1, 1, 0, 1, 0], [0, 1, 1, 1, 0, 0, 0, 0, 1, 0, 0, 1, 1, 0], [0, 0, 1, 0, 0, 1, 0, 1, 1, 0, 1, 0, 0, 0], [0, 0, 1, 1, 1, 1, 1, 1, 0, 0, 1, 0, 1, 0], [1, 0, 0, 1, 0, 0, 1, 0, 0, 0, 0, 0, 1, 0], [1, 1, 0, 1, 1, 1, 1, 1, 0, 1, 1, 0, 0, 1], [0, 1, 1, 1, 1, 0, 0, 0, 1, 1, 1, 1, 1, 1], [1, 0, 0, 1, 0, 1, 0, 1, 0, 0, 0, 0, 0, 1]], "control": {"path": 82}, "info": {"path": 18, "regions": 16, "flat": [1, 1, 1, 1, 0, 1, 1, 1, 0, 0, 0, 0, 1, 0, 0, 0, 0, 0, 0, 0, 1, 1, 1, 1, 0, 1, 0, 1, 1, 1, 1, 1, 0, 0, 1, 1, 1, 1, 1, 1, 1, 0, 1, 0, 0, 1, 0, 0, 0, 0, 1, 0, 1, 1, 0, 0, 0, 0, 0, 0, 0, 1, 0, 0, 1, 0, 1, 0, 0, 1, 0, 0, 1, 1, 0, 0, 1, 0, 0, 1, 0, 0, 0, 0, 1, 1, 1, 1, 0, 0, 0, 1, 1, 1, 1, 0, 1, 0, 0, 1, 1, 1, 0, 0, 0, 0, 1, 0, 0, 1, 1, 0, 0, 0, 1, 0, 0, 1, 0, 1, 1, 0, 1, 0, 0, 0, 0, 0, 1, 1, 1, 1, 1, 1, 0, 0, 1, 0, 1, 0, 1, 0, 0, 1, 0, 0, 1, 0, 0, 0, 0, 0, 1, 0, 1, 1, 0, 1, 1, 1, 1, 1, 0, 1, 1, 0, 0, 1, 0, 1, 1, 1, 1, 0, 0, 0, 1, 1, 1, 1, 1, 1, 1, 0, 0, 1, 0, 1, 0, 1, 0, 0, 0, 0, 0, 1]}, "quality": 0.4182027648101335, "diversity": 1.0, "controlability": 0.23999999996800003}