{"content": [[1, 1, 0, 1, 1, 0, 1, 1, 1, 1, 1, 1, 0, 1], [1, 1, 0, 1, 0, 0, 0, 1, 0, 1, 0, 1, 1, 1], [1, 1, 0, 1, 1, 0, 1, 1, 1, 0, 0, 0, 0, 1], [0, 0, 0, 0, 0, 1, 1, 0, 0, 1, 1, 0, 0, 0], [0, 0, 0, 1, 1, 0, 1, 0, 1, 0, 0, 1, 1, 0], [0, 0, 0, 0, 0, 0, 0, 0, 0, 0, 0, 0, 0, 1], [0, 0, 1, 0, 0, 1, 0, 0, 0, 1, 0, 0, 1, 1], [0, 1, 1, 1, 0, 0, 1, 0, 1, 0, 1, 1, 1, 1], [0, 0, 0, 0, 1, 1, 0, 0, 0, 0, 0, 1, 1, 0], [0, 0, 1, 1, 0, 1, 1, 1, 1, 1, 0, 0, 1, 0], [0, 0, 0, 1, 0, 1, 0, 1, 0, 0, 0, 0, 0, 0], [0, 0, 1, 0, 1, 1, 1, 1, 0, 1, 1, 1, 0, 0], [1, 0, 0, 1, 0, 0, 0, 1, 1, 0, 1, 1, 1, 0], [0, 0, 1, 1, 1, 0, 1, 0, 1, 1, 1, 0, 0, 0]], "control": {"path": 45}, "info": {"path": 14, "regions": 19, "flat": [1, 1, 0, 1, 1, 0, 1, 1, 1, 1, 1, 1, 0, 1, 1, 1, 0, 1, 0, 0, 0, 1, 0, 1, 0, 1, 1, 1, 1, 1, 0, 1, 1, 0, 1, 1, 1, 0, 0, 0, 0, 1, 0, 0, 0, 0, 0, 1, 1, 0, 0, 1, 1, 0, 0, 0, 0, 0, 0, 1, 1, 0, 1, 0, 1, 0, 0, 1, 1, 0, 0, 0, 0, 0, 0, 0, 0, 0, 0, 0, 0, 0, 0, 1, 0, 0, 1, 0, 0, 1, 0, 0, 0, 1, 0, 0, 1, 1, 0, 1, 1, 1, 0, 0, 1, 0, 1, 0, 1, 1, 1, 1, 0, 0, 0, 0, 1, 1, 0, 0, 0, 0, 0, 1, 1, 0, 0, 0, 1, 1, 0, 1, 1, 1, 1, 1, 0, 0, 1, 0, 0, 0, 0, 1, 0, 1, 0, 1, 0, 0, 0, 0, 0, 0, 0, 0, 1, 0, 1, 1, 1, 1, 0, 1, 1, 1, 0, 0, 1, 0, 0, 1, 0, 0, 0, 1, 1, 0, 1, 1, 1, 0, 0, 0, 1, 1, 1, 0, 1, 0, 1, 1, 1, 0, 0, 0]}, "quality": 0.2661290321601073, "diversity": 1.0, "controlability": 0.36842105253462604}