{"content": [[1, 4, 1, 0, 1, 3, 1, 1, 0, 0, 0], [1, 5, 4, 1, 0, 1, 1, 0, 0, 0, 0], [1, 0, 1, 1, 0, 0, 1, 1, 1, 1, 0], [0, 1, 0, 0, 1, 1, 0, 3, 0, 1, 1], [1, 1, 5, 1, 1, 1, 1, 1, 1, 5, 1], [1, 0, 5, 1, 4, 2, 1, 1, 4, 5, 1], [1, 2, 0, 0, 1, 5, 0, 0, 0, 0, 1]], "control": {"player_key": 17, "key_door": 17}, "info": {"regions": 2, "players": 2, "keys": 2, "doors": 4, "enemies": 6, "player_key": 9, "key_door": -1, "pk_path": [[5, 5], [5, 4], [6, 4], [7, 4], [7, 3], [7, 2], [6, 2], [6, 1], [6, 0], [5, 0]], "kd_path": []}, "quality": 0.45686239594189293, "diversity": 0.09999999999999998, "controlability": 0.2999999998}