{"content": [[1, 5, 3, 0, 5, 3, 1, 0, 0, 0, 0], [1, 5, 4, 1, 0, 1, 1, 0, 0, 0, 0], [1, 1, 1, 3, 0, 0, 1, 1, 0, 1, 0], [0, 1, 2, 0, 1, 1, 0, 1, 0, 1, 1], [1, 4, 5, 1, 1, 1, 1, 1, 1, 1, 1], [1, 0, 1, 1, 4, 0, 1, 3, 4, 1, 1], [1, 2, 1, 0, 1, 1, 0, 0, 0, 1, 1]], "control": {"player_key": 17, "key_door": 17}, "info": {"regions": 1, "players": 2, "keys": 4, "doors": 4, "enemies": 4, "player_key": 5, "key_door": 1, "pk_path": [[2, 3], [2, 2], [1, 2], [1, 1], [1, 0], [2, 0]], "kd_path": []}, "quality": 0.494243421028718, "diversity": 0.26632348411270856, "controlability": 0.19999999986666664}