{"content": [[1, 4, 1, 0, 5, 3, 1, 0, 0, 0, 0], [1, 5, 1, 1, 1, 1, 1, 5, 0, 0, 0], [2, 1, 1, 1, 0, 0, 1, 2, 0, 1, 0], [0, 1, 0, 0, 1, 1, 0, 1, 0, 1, 1], [1, 5, 5, 1, 1, 1, 1, 1, 1, 1, 1], [5, 0, 1, 1, 4, 0, 1, 0, 4, 2, 1], [1, 2, 3, 0, 4, 1, 1, 0, 0, 1, 1]], "control": {"player_key": 17, "key_door": 17}, "info": {"regions": 1, "players": 4, "keys": 2, "doors": 4, "enemies": 6, "player_key": 7, "key_door": 6, "pk_path": [[0, 2], [0, 1], [1, 1], [2, 1], [3, 1], [4, 1], [4, 0], [5, 0]], "kd_path": []}, "quality": 0.49253109225326763, "diversity": 0.6200534619340469, "controlability": 0.43333333304444444}