{"content": [[1, 2, 1, 0, 1, 3, 1, 1, 4, 0, 0], [1, 5, 4, 1, 0, 1, 1, 0, 0, 1, 0], [1, 1, 1, 1, 0, 0, 1, 2, 1, 1, 0], [0, 1, 0, 0, 1, 1, 0, 4, 0, 1, 1], [1, 1, 5, 0, 1, 1, 1, 1, 1, 1, 1], [1, 0, 1, 1, 4, 0, 1, 1, 4, 0, 1], [1, 2, 0, 0, 1, 5, 0, 0, 1, 1, 1]], "control": {"player_key": 17, "key_door": 17}, "info": {"regions": 1, "players": 3, "keys": 1, "doors": 5, "enemies": 3, "player_key": -1, "key_door": 3, "pk_path": [], "kd_path": []}, "quality": 0.4950657894578861, "diversity": 0.6249999875000004, "controlability": 0.09999999993333333}