{"content": [[1, 1, 1, 1, 4, 5, 7, 1], [0, 2, 0, 0, 1, 7, 4, 4], [0, 1, 1, 4, 4, 3, 4, 1], [0, 5, 1, 2, 0, 4, 5, 5], [0, 7, 1, 6, 6, 1, 0, 0], [1, 6, 0, 7, 1, 7, 5, 4], [0, 4, 0, 1, 6, 7, 0, 5], [5, 0, 0, 0, 4, 7, 1, 1], [4, 0, 4, 5, 0, 7, 5, 1], [1, 0, 7, 5, 4, 4, 1, 6], [5, 0, 1, 1, 7, 6, 1, 4], [4, 4, 6, 0, 5, 1, 4, 1]], "control": {"col_treasures": 18, "solution_length": 45}, "info": {"regions": 1, "players": 2, "exits": 1, "layout": 46, "heuristic": -1, "solution": [], "content": [[1, 1, 1, 1, 4, 5, 7, 1], [0, 2, 0, 0, 1, 7, 4, 4], [0, 1, 1, 4, 4, 3, 4, 1], [0, 5, 1, 2, 0, 4, 5, 5], [0, 7, 1, 6, 6, 1, 0, 0], [1, 6, 0, 7, 1, 7, 5, 4], [0, 4, 0, 1, 6, 7, 0, 5], [5, 0, 0, 0, 4, 7, 1, 1], [4, 0, 4, 5, 0, 7, 5, 1], [1, 0, 7, 5, 4, 4, 1, 6], [5, 0, 1, 1, 7, 6, 1, 4], [4, 4, 6, 0, 5, 1, 4, 1]], "potions": 18, "treasures": 12, "enemies": 17, "solution_length": 0, "enemies_loc": [[6, 0], [5, 1], [1, 4], [3, 4], [4, 4], [1, 5], [3, 5], [5, 5], [4, 6], [5, 6], [5, 7], [5, 8], [2, 9], [7, 9], [4, 10], [5, 10], [2, 11]]}, "quality": 0.3298538011493368, "diversity": 0.3445723611225331, "controlability": 0.0}