{"content": {"layout": [4, 13, 5, 9, 13, 15, 5, 11, 14, 15, 1, 0, 2, 6, 5, 1], "start": 6, "boss": 12, "shop": 4, "treasure": 0}, "control": {"map_size": 11}, "info": {"map_size": 15, "num_regions": 1, "connect_regions": 1, "loose_connections": 2, "locations": 4, "player_boss_distance": 10, "flat": [0, 0, 0, 0, 0, 0, 0, 0, 0, 0, 0, 0, 0, 1, 2, 2, 1, 2, 2, 1, 2, 2, 1, 0, 0, 0, 0, 0, 2, 0, 0, 0, 0, 0, 2, 0, 0, 0, 0, 0, 2, 0, 0, 0, 0, 0, 2, 0, 2, 1, 2, 2, 1, 2, 2, 1, 2, 2, 1, 0, 0, 2, 0, 0, 2, 0, 0, 0, 0, 0, 2, 0, 0, 2, 0, 0, 2, 0, 0, 0, 0, 0, 0, 0, 0, 1, 2, 2, 1, 2, 2, 1, 0, 0, 0, 0, 0, 2, 0, 0, 2, 0, 0, 0, 0, 0, 0, 0, 0, 2, 0, 0, 2, 0, 0, 0, 0, 0, 0, 0, 0, 1, 0, 0, 1, 2, 2, 1, 2, 2, 1, 0, 0, 0, 0, 0, 0, 0, 0, 0, 0, 0, 0, 0], "dead_end": 2}, "quality": 0.9874999999453126, "diversity": 0.7059895715578887, "controlability": 1.0}