{"content": {"layout": [4, 13, 5, 9, 4, 13, 5, 11, 4, 15, 0, 0, 0, 0, 5, 1], "start": 3, "boss": 13, "shop": 1, "treasure": 8}, "control": {"map_size": 11}, "info": {"map_size": 12, "num_regions": 2, "connect_regions": 2, "loose_connections": 5, "locations": 3, "player_boss_distance": 21, "flat": [0, 0, 0, 0, 0, 0, 0, 0, 0, 0, 0, 0, 0, 1, 2, 2, 1, 2, 2, 1, 2, 2, 1, 0, 0, 0, 0, 0, 2, 0, 0, 0, 0, 0, 2, 0, 0, 0, 0, 0, 0, 0, 0, 0, 0, 0, 2, 0, 0, 1, 2, 2, 1, 2, 2, 1, 2, 2, 1, 0, 0, 0, 0, 0, 2, 0, 0, 0, 0, 0, 2, 0, 0, 0, 0, 0, 2, 0, 0, 0, 0, 0, 0, 0, 0, 1, 2, 2, 1, 2, 0, 0, 0, 0, 0, 0, 0, 0, 0, 0, 2, 0, 0, 0, 0, 0, 0, 0, 0, 0, 0, 0, 0, 0, 0, 0, 0, 0, 0, 0, 0, 0, 0, 0, 0, 0, 2, 1, 2, 2, 1, 0, 0, 0, 0, 0, 0, 0, 0, 0, 0, 0, 0, 0], "dead_end": 1}, "quality": 0.5799999998133333, "diversity": 0.8197916559494358, "controlability": 0.6562499989746094}