{"content": [[1, 1, 7, 1, 7, 5, 7, 0], [0, 2, 0, 0, 1, 7, 5, 0], [0, 6, 6, 4, 7, 6, 6, 1], [0, 3, 1, 0, 0, 7, 4, 0], [1, 7, 1, 1, 6, 1, 6, 6], [1, 6, 0, 7, 1, 0, 0, 2], [0, 0, 6, 1, 7, 7, 0, 5], [5, 0, 0, 0, 1, 0, 1, 6], [7, 0, 1, 1, 0, 4, 0, 1], [1, 7, 1, 5, 6, 4, 1, 1], [6, 7, 6, 1, 6, 0, 0, 1], [4, 0, 1, 0, 7, 1, 6, 1]], "control": {"col_treasures": 18, "solution_length": 45}, "info": {"regions": 1, "players": 2, "exits": 1, "layout": 54, "heuristic": -1, "solution": [], "content": [[1, 1, 7, 1, 7, 5, 7, 0], [0, 2, 0, 0, 1, 7, 5, 0], [0, 6, 6, 4, 7, 6, 6, 1], [0, 3, 1, 0, 0, 7, 4, 0], [1, 7, 1, 1, 6, 1, 6, 6], [1, 6, 0, 7, 1, 0, 0, 2], [0, 0, 6, 1, 7, 7, 0, 5], [5, 0, 0, 0, 1, 0, 1, 6], [7, 0, 1, 1, 0, 4, 0, 1], [1, 7, 1, 5, 6, 4, 1, 1], [6, 7, 6, 1, 6, 0, 0, 1], [4, 0, 1, 0, 7, 1, 6, 1]], "potions": 5, "treasures": 5, "enemies": 29, "solution_length": 0, "enemies_loc": [[2, 0], [4, 0], [6, 0], [5, 1], [1, 2], [2, 2], [4, 2], [5, 2], [6, 2], [5, 3], [1, 4], [4, 4], [6, 4], [7, 4], [1, 5], [3, 5], [2, 6], [4, 6], [5, 6], [7, 7], [0, 8], [1, 9], [4, 9], [0, 10], [1, 10], [2, 10], [4, 10], [4, 11], [6, 11]]}, "quality": 0.3326315789404248, "diversity": 0.2778935121267363, "controlability": 0.0}