{"content": [[1, 1, 1, 5, 0, 2, 5, 5], [5, 0, 5, 5, 1, 5, 6, 5], [0, 7, 4, 1, 5, 0, 6, 7], [0, 5, 1, 0, 0, 1, 1, 0], [1, 0, 1, 0, 3, 1, 7, 0], [1, 7, 6, 0, 1, 0, 1, 4], [1, 5, 3, 1, 0, 1, 1, 5], [5, 0, 4, 0, 7, 0, 0, 1], [5, 5, 7, 5, 5, 0, 6, 5], [4, 0, 1, 6, 0, 6, 7, 6], [5, 0, 1, 1, 5, 6, 0, 1], [5, 0, 2, 0, 0, 7, 6, 1]], "control": {"col_treasures": 18, "solution_length": 45}, "info": {"regions": 1, "players": 2, "exits": 2, "layout": 50, "heuristic": -1, "solution": [], "content": [[1, 1, 1, 5, 0, 2, 5, 5], [5, 0, 5, 5, 1, 5, 6, 5], [0, 7, 4, 1, 5, 0, 6, 7], [0, 5, 1, 0, 0, 1, 1, 0], [1, 0, 1, 0, 3, 1, 7, 0], [1, 7, 6, 0, 1, 0, 1, 4], [1, 5, 3, 1, 0, 1, 1, 5], [5, 0, 4, 0, 7, 0, 0, 1], [5, 5, 7, 5, 5, 0, 6, 5], [4, 0, 1, 6, 0, 6, 7, 6], [5, 0, 1, 1, 5, 6, 0, 1], [5, 0, 2, 0, 0, 7, 6, 1]], "potions": 4, "treasures": 21, "enemies": 17, "solution_length": 0, "enemies_loc": [[6, 1], [1, 2], [6, 2], [7, 2], [6, 4], [1, 5], [2, 5], [4, 7], [2, 8], [6, 8], [3, 9], [5, 9], [6, 9], [7, 9], [5, 10], [5, 11], [6, 11]]}, "quality": 0.3319298245475162, "diversity": 0.2843088557229665, "controlability": 0.0}