{"content": [[1, 1, 1, 0, 1, 1, 1, 1, 0, 1, 0, 0, 0, 1], [0, 1, 1, 1, 1, 0, 1, 0, 1, 1, 1, 1, 1, 1], [1, 1, 1, 1, 1, 1, 1, 1, 1, 1, 1, 0, 1, 0], [0, 0, 1, 1, 1, 1, 0, 1, 0, 0, 1, 0, 0, 1], [0, 0, 0, 0, 0, 1, 1, 1, 1, 1, 1, 1, 0, 1], [1, 1, 1, 0, 1, 0, 0, 1, 1, 1, 1, 0, 1, 1], [1, 1, 1, 1, 1, 1, 0, 1, 1, 1, 0, 1, 1, 0], [0, 1, 0, 0, 0, 1, 1, 1, 1, 1, 1, 1, 1, 1], [1, 1, 1, 0, 0, 1, 0, 0, 1, 1, 1, 1, 1, 1], [1, 0, 0, 0, 1, 1, 1, 0, 0, 0, 1, 1, 1, 1], [0, 1, 1, 1, 1, 1, 1, 0, 0, 0, 1, 0, 0, 1], [0, 1, 0, 0, 1, 0, 0, 0, 1, 0, 1, 0, 1, 0], [1, 1, 1, 0, 1, 0, 1, 1, 1, 1, 1, 1, 1, 0], [0, 0, 1, 1, 1, 1, 1, 1, 0, 0, 1, 0, 0, 0]], "control": {"path": 93}, "info": {"path": 26, "regions": 1, "flat": [1, 1, 1, 0, 1, 1, 1, 1, 0, 1, 0, 0, 0, 1, 0, 1, 1, 1, 1, 0, 1, 0, 1, 1, 1, 1, 1, 1, 1, 1, 1, 1, 1, 1, 1, 1, 1, 1, 1, 0, 1, 0, 0, 0, 1, 1, 1, 1, 0, 1, 0, 0, 1, 0, 0, 1, 0, 0, 0, 0, 0, 1, 1, 1, 1, 1, 1, 1, 0, 1, 1, 1, 1, 0, 1, 0, 0, 1, 1, 1, 1, 0, 1, 1, 1, 1, 1, 1, 1, 1, 0, 1, 1, 1, 0, 1, 1, 0, 0, 1, 0, 0, 0, 1, 1, 1, 1, 1, 1, 1, 1, 1, 1, 1, 1, 0, 0, 1, 0, 0, 1, 1, 1, 1, 1, 1, 1, 0, 0, 0, 1, 1, 1, 0, 0, 0, 1, 1, 1, 1, 0, 1, 1, 1, 1, 1, 1, 0, 0, 0, 1, 0, 0, 1, 0, 1, 0, 0, 1, 0, 0, 0, 1, 0, 1, 0, 1, 0, 1, 1, 1, 0, 1, 0, 1, 1, 1, 1, 1, 1, 1, 0, 0, 0, 1, 1, 1, 1, 1, 1, 0, 0, 1, 0, 0, 0]}, "quality": 0.9642857141198979, "diversity": 0.47215654548637875, "controlability": 0.3023255813601947}