{"content": [[0, 1, 1, 1, 1, 1, 1, 1, 1, 1, 0, 0, 1, 1], [0, 1, 1, 1, 1, 0, 1, 1, 0, 1, 1, 1, 0, 1], [1, 1, 1, 0, 0, 0, 1, 0, 1, 1, 0, 1, 1, 1], [0, 1, 1, 1, 1, 1, 1, 1, 0, 1, 0, 0, 1, 1], [0, 0, 1, 1, 0, 1, 1, 0, 1, 0, 1, 1, 1, 0], [1, 1, 1, 1, 0, 1, 1, 0, 1, 1, 1, 0, 0, 0], [0, 1, 1, 1, 1, 0, 1, 0, 0, 0, 1, 1, 1, 1], [0, 0, 1, 1, 0, 0, 0, 0, 0, 0, 0, 1, 1, 1], [1, 0, 0, 0, 0, 1, 0, 1, 1, 1, 0, 1, 1, 0], [1, 1, 1, 1, 1, 1, 1, 1, 1, 0, 1, 1, 1, 1], [0, 1, 0, 0, 1, 1, 1, 0, 0, 0, 0, 0, 1, 0], [0, 1, 0, 0, 0, 1, 1, 0, 0, 0, 0, 0, 1, 0], [1, 1, 1, 1, 0, 0, 1, 1, 1, 1, 1, 1, 1, 1], [0, 0, 0, 1, 0, 1, 1, 1, 1, 0, 1, 1, 0, 0]], "control": {"path": 62}, "info": {"path": 53, "regions": 1, "flat": [0, 1, 1, 1, 1, 1, 1, 1, 1, 1, 0, 0, 1, 1, 0, 1, 1, 1, 1, 0, 1, 1, 0, 1, 1, 1, 0, 1, 1, 1, 1, 0, 0, 0, 1, 0, 1, 1, 0, 1, 1, 1, 0, 1, 1, 1, 1, 1, 1, 1, 0, 1, 0, 0, 1, 1, 0, 0, 1, 1, 0, 1, 1, 0, 1, 0, 1, 1, 1, 0, 1, 1, 1, 1, 0, 1, 1, 0, 1, 1, 1, 0, 0, 0, 0, 1, 1, 1, 1, 0, 1, 0, 0, 0, 1, 1, 1, 1, 0, 0, 1, 1, 0, 0, 0, 0, 0, 0, 0, 1, 1, 1, 1, 0, 0, 0, 0, 1, 0, 1, 1, 1, 0, 1, 1, 0, 1, 1, 1, 1, 1, 1, 1, 1, 1, 0, 1, 1, 1, 1, 0, 1, 0, 0, 1, 1, 1, 0, 0, 0, 0, 0, 1, 0, 0, 1, 0, 0, 0, 1, 1, 0, 0, 0, 0, 0, 1, 0, 1, 1, 1, 1, 0, 0, 1, 1, 1, 1, 1, 1, 1, 1, 0, 0, 0, 1, 0, 1, 1, 1, 1, 0, 1, 1, 0, 0]}, "quality": 1.0, "diversity": 0.39025126174663516, "controlability": 0.963636363461157}