{"content": {"layout": [0, 6, 6, 3, 3, 0, 2, 2, 1, 3, 4, 5, 13, 2, 9, 12], "start": 15, "boss": 15, "shop": 15, "treasure": 15}, "control": {"map_size": 15}, "info": {"map_size": 14, "num_regions": 1, "connect_regions": 12, "loose_connections": 20, "locations": 1, "player_boss_distance": -1, "flat": [0, 0, 0, 0, 2, 0, 0, 2, 0, 0, 2, 0, 0, 0, 0, 0, 1, 2, 0, 1, 2, 2, 1, 0, 0, 0, 0, 0, 0, 0, 0, 0, 0, 0, 0, 0, 0, 2, 0, 0, 0, 0, 0, 2, 0, 0, 2, 0, 2, 1, 0, 0, 0, 0, 0, 1, 0, 0, 1, 0, 0, 0, 0, 0, 0, 0, 0, 0, 0, 0, 0, 0, 0, 0, 0, 0, 2, 0, 0, 0, 0, 0, 0, 0, 2, 1, 0, 2, 1, 0, 0, 1, 2, 2, 1, 2, 0, 0, 0, 0, 0, 0, 0, 0, 0, 0, 0, 0, 0, 0, 0, 0, 2, 0, 0, 0, 0, 0, 0, 0, 2, 1, 2, 0, 1, 0, 2, 1, 0, 0, 1, 2, 0, 2, 0, 0, 0, 0, 0, 2, 0, 0, 2, 0], "dead_end": 0}, "quality": 0.4899999999733333, "diversity": 0.07922149016156099, "controlability": 0.3437499994628906}