{"content": [[1, 1, 1, 1, 7, 0, 7, 1], [3, 2, 0, 0, 1, 0, 1, 0], [0, 0, 5, 4, 7, 6, 6, 1], [0, 5, 1, 2, 0, 7, 4, 5], [1, 7, 1, 0, 6, 1, 7, 6], [1, 5, 0, 1, 0, 1, 0, 4], [0, 7, 4, 1, 1, 1, 0, 5], [1, 0, 0, 0, 1, 0, 1, 1], [1, 0, 4, 1, 0, 4, 0, 1], [4, 0, 0, 7, 1, 4, 1, 6], [2, 3, 6, 1, 7, 6, 0, 1], [4, 0, 1, 0, 7, 1, 0, 1]], "control": {"col_treasures": 8, "solution_length": 30}, "info": {"regions": 1, "players": 3, "exits": 2, "layout": 60, "heuristic": -1, "solution": [], "content": [[1, 1, 1, 1, 7, 0, 7, 1], [3, 2, 0, 0, 1, 0, 1, 0], [0, 0, 5, 4, 7, 6, 6, 1], [0, 5, 1, 2, 0, 7, 4, 5], [1, 7, 1, 0, 6, 1, 7, 6], [1, 5, 0, 1, 0, 1, 0, 4], [0, 7, 4, 1, 1, 1, 0, 5], [1, 0, 0, 0, 1, 0, 1, 1], [1, 0, 4, 1, 0, 4, 0, 1], [4, 0, 0, 7, 1, 4, 1, 6], [2, 3, 6, 1, 7, 6, 0, 1], [4, 0, 1, 0, 7, 1, 0, 1]], "potions": 9, "treasures": 5, "enemies": 17, "solution_length": 0, "enemies_loc": [[4, 0], [6, 0], [4, 2], [5, 2], [6, 2], [5, 3], [1, 4], [4, 4], [6, 4], [7, 4], [1, 6], [3, 9], [7, 9], [2, 10], [4, 10], [5, 10], [4, 11]]}, "quality": 0.33122807016162514, "diversity": 0.23768187276165686, "controlability": 0.0}