{"content": [[1, 1, 1, 1, 4, 1, 7, 1], [0, 2, 0, 0, 4, 7, 1, 0], [0, 0, 0, 4, 7, 6, 6, 1], [0, 5, 1, 0, 0, 0, 4, 1], [1, 7, 1, 6, 6, 1, 6, 6], [1, 4, 0, 0, 7, 0, 0, 4], [0, 7, 6, 1, 1, 0, 0, 7], [7, 0, 0, 0, 5, 2, 1, 4], [4, 0, 4, 1, 0, 4, 0, 1], [4, 0, 1, 0, 4, 4, 1, 6], [6, 3, 6, 1, 7, 6, 1, 1], [4, 0, 4, 0, 7, 1, 0, 1]], "control": {"col_treasures": 8, "solution_length": 30}, "info": {"regions": 1, "players": 2, "exits": 1, "layout": 55, "heuristic": -1, "solution": [], "content": [[1, 1, 1, 1, 4, 1, 7, 1], [0, 2, 0, 0, 4, 7, 1, 0], [0, 0, 0, 4, 7, 6, 6, 1], [0, 5, 1, 0, 0, 0, 4, 1], [1, 7, 1, 6, 6, 1, 6, 6], [1, 4, 0, 0, 7, 0, 0, 4], [0, 7, 6, 1, 1, 0, 0, 7], [7, 0, 0, 0, 5, 2, 1, 4], [4, 0, 4, 1, 0, 4, 0, 1], [4, 0, 1, 0, 4, 4, 1, 6], [6, 3, 6, 1, 7, 6, 1, 1], [4, 0, 4, 0, 7, 1, 0, 1]], "potions": 15, "treasures": 2, "enemies": 21, "solution_length": 0, "enemies_loc": [[6, 0], [5, 1], [4, 2], [5, 2], [6, 2], [1, 4], [3, 4], [4, 4], [6, 4], [7, 4], [4, 5], [1, 6], [2, 6], [7, 6], [0, 7], [7, 9], [0, 10], [2, 10], [4, 10], [5, 10], [4, 11]]}, "quality": 0.3326315789404248, "diversity": 0.37543402047526053, "controlability": 0.0}