{"content": [[1, 1, 1, 0, 1, 3, 1, 1, 0, 0, 0], [1, 1, 4, 4, 0, 1, 1, 0, 0, 2, 0], [1, 1, 1, 1, 0, 0, 1, 1, 0, 1, 0], [0, 1, 0, 0, 1, 1, 0, 1, 0, 1, 0], [1, 5, 5, 1, 1, 1, 1, 1, 1, 1, 1], [1, 0, 1, 1, 4, 0, 1, 1, 5, 1, 1], [1, 0, 0, 0, 1, 1, 0, 0, 1, 4, 1]], "control": {"player_key": 17, "key_door": 17}, "info": {"regions": 1, "players": 1, "keys": 1, "doors": 4, "enemies": 3, "player_key": 11, "key_door": 16, "pk_path": [[9, 1], [9, 2], [9, 3], [9, 4], [8, 4], [7, 4], [7, 3], [7, 2], [6, 2], [6, 1], [6, 0], [5, 0]], "kd_path": []}, "quality": 0.497532894728943, "diversity": 0.6249999875000004, "controlability": 0.8666666664222222}