{"content": [[1, 1, 1, 0, 1, 1, 1, 1, 0, 1, 0], [2, 1, 1, 1, 0, 1, 1, 0, 1, 1, 0], [1, 1, 1, 1, 0, 0, 3, 5, 1, 1, 0], [0, 1, 0, 0, 0, 1, 0, 1, 0, 1, 0], [1, 5, 5, 1, 1, 1, 1, 1, 1, 1, 1], [1, 0, 1, 1, 4, 0, 1, 1, 5, 1, 1], [1, 0, 0, 0, 1, 1, 0, 0, 1, 3, 1]], "control": {"player_key": 17, "key_door": 17}, "info": {"regions": 1, "players": 1, "keys": 2, "doors": 1, "enemies": 4, "player_key": 13, "key_door": 7, "pk_path": [[0, 1], [0, 2], [1, 2], [1, 3], [1, 4], [2, 4], [3, 4], [4, 4], [5, 4], [6, 4], [7, 4], [7, 3], [7, 2], [6, 2]], "kd_path": []}, "quality": 0.4991776315708319, "diversity": 0.773809506349207, "controlability": 0.6666666662222223}