{"content": [[1, 1, 1, 0, 1, 4, 1, 0, 0, 0, 0], [1, 1, 2, 0, 0, 1, 1, 0, 0, 1, 0], [1, 1, 1, 1, 0, 0, 1, 2, 0, 1, 0], [0, 1, 0, 0, 1, 1, 0, 1, 0, 1, 0], [1, 5, 5, 1, 1, 1, 1, 1, 1, 1, 1], [1, 0, 1, 1, 4, 0, 1, 2, 5, 1, 1], [1, 0, 0, 2, 1, 1, 0, 0, 1, 3, 1]], "control": {"player_key": 17, "key_door": 17}, "info": {"regions": 1, "players": 4, "keys": 1, "doors": 2, "enemies": 3, "player_key": 14, "key_door": 10, "pk_path": [[2, 1], [2, 2], [1, 2], [1, 3], [1, 4], [2, 4], [3, 4], [4, 4], [5, 4], [6, 4], [6, 5], [7, 5], [8, 5], [8, 6], [9, 6]], "kd_path": []}, "quality": 0.49671052629977497, "diversity": 0.7175097463863753, "controlability": 0.7999999994666667}