{"content": [[4, 3, 1, 0, 5, 2, 1, 0, 0, 0, 0], [1, 2, 1, 1, 0, 1, 1, 2, 0, 0, 0], [0, 1, 1, 1, 0, 0, 1, 2, 2, 1, 0], [0, 1, 2, 0, 1, 1, 0, 1, 0, 1, 1], [1, 5, 5, 1, 1, 1, 1, 1, 1, 1, 1], [1, 0, 1, 1, 4, 0, 1, 2, 4, 2, 1], [1, 3, 3, 0, 1, 1, 0, 0, 1, 5, 1]], "control": {"player_key": 17, "key_door": 17}, "info": {"regions": 1, "players": 8, "keys": 3, "doors": 3, "enemies": 4, "player_key": 16, "key_door": 1, "pk_path": [[5, 0], [5, 1], [6, 1], [6, 2], [7, 2], [7, 3], [7, 4], [6, 4], [5, 4], [4, 4], [3, 4], [2, 4], [2, 3], [2, 2], [2, 1], [2, 0], [1, 0]], "kd_path": []}, "quality": 0.4909539473449403, "diversity": 0.6477073142075562, "controlability": 0.5333333333111111}