{"content": [[1, 1, 3, 0, 1, 3, 0, 0, 0, 1, 0], [1, 1, 1, 1, 0, 1, 1, 0, 0, 1, 0], [1, 1, 2, 1, 0, 0, 3, 5, 1, 1, 0], [0, 1, 0, 0, 0, 1, 0, 1, 0, 1, 0], [1, 5, 5, 1, 1, 1, 1, 1, 1, 1, 1], [1, 0, 1, 1, 4, 0, 1, 1, 5, 1, 1], [1, 0, 0, 2, 1, 1, 0, 0, 1, 3, 1]], "control": {"player_key": 17, "key_door": 17}, "info": {"regions": 1, "players": 2, "keys": 4, "doors": 1, "enemies": 4, "player_key": 2, "key_door": 9, "pk_path": [[2, 2], [2, 1], [2, 0]], "kd_path": []}, "quality": 0.49671052629977497, "diversity": 1.0, "controlability": 0.3666666664222222}