{"content": [[1, 3, 1, 0, 1, 3, 0, 3, 0, 0, 0], [1, 1, 4, 2, 0, 1, 1, 5, 0, 3, 0], [1, 1, 1, 1, 0, 0, 4, 2, 1, 1, 0], [0, 1, 0, 0, 1, 1, 0, 1, 0, 1, 0], [1, 5, 5, 1, 1, 1, 1, 1, 1, 1, 1], [1, 0, 1, 1, 4, 0, 1, 1, 5, 1, 1], [1, 0, 0, 0, 1, 1, 0, 0, 1, 3, 1]], "control": {"player_key": 17, "key_door": 17}, "info": {"regions": 1, "players": 2, "keys": 5, "doors": 3, "enemies": 4, "player_key": 5, "key_door": 2, "pk_path": [[3, 1], [3, 2], [2, 2], [1, 2], [1, 1], [1, 0]], "kd_path": []}, "quality": 0.494243421028718, "diversity": 0.4001339556081841, "controlability": 0.23333333317777777}