{"content": [[1, 1, 5, 0, 1, 3, 0, 0, 0, 0, 0], [1, 5, 4, 4, 0, 1, 1, 0, 0, 1, 0], [1, 1, 1, 1, 0, 0, 3, 1, 1, 1, 0], [0, 1, 0, 0, 1, 1, 0, 1, 0, 1, 0], [1, 5, 1, 2, 1, 1, 1, 1, 1, 1, 1], [1, 0, 0, 1, 4, 0, 1, 1, 5, 1, 1], [1, 0, 0, 0, 1, 2, 0, 0, 1, 1, 1]], "control": {"player_key": 17, "key_door": 17}, "info": {"regions": 1, "players": 2, "keys": 2, "doors": 3, "enemies": 4, "player_key": 10, "key_door": 16, "pk_path": [[3, 4], [4, 4], [5, 4], [6, 4], [7, 4], [7, 3], [7, 2], [6, 2], [6, 1], [5, 1], [5, 0]], "kd_path": []}, "quality": 0.49671052629155127, "diversity": 0.6507936402116405, "controlability": 0.833333333111111}