{"content": [[1, 1, 1, 3, 1, 3, 0, 0, 0, 0, 3], [1, 5, 4, 1, 0, 1, 4, 0, 0, 1, 2], [1, 1, 1, 1, 0, 0, 1, 1, 1, 1, 0], [0, 1, 0, 0, 1, 1, 0, 1, 0, 1, 0], [1, 5, 5, 1, 1, 1, 1, 1, 1, 1, 1], [1, 0, 1, 1, 1, 0, 3, 1, 5, 1, 1], [1, 4, 0, 0, 1, 1, 0, 0, 4, 1, 1]], "control": {"player_key": 17, "key_door": 17}, "info": {"regions": 1, "players": 1, "keys": 4, "doors": 4, "enemies": 4, "player_key": 18, "key_door": 2, "pk_path": [[10, 1], [9, 1], [9, 2], [9, 3], [9, 4], [8, 4], [7, 4], [6, 4], [5, 4], [4, 4], [3, 4], [2, 4], [1, 4], [1, 3], [1, 2], [1, 1], [1, 0], [2, 0], [3, 0]], "kd_path": []}, "quality": 0.4950657894578861, "diversity": 0.701300967263661, "controlability": 0.5666666666222222}