{"content": [[4, 1, 7, 1, 0, 5, 5, 5], [7, 5, 5, 5, 1, 6, 5, 1], [0, 5, 4, 4, 5, 5, 6, 1], [0, 5, 5, 0, 0, 7, 0, 0], [1, 7, 7, 0, 3, 1, 7, 6], [1, 6, 5, 0, 1, 0, 1, 4], [0, 5, 4, 1, 1, 0, 1, 5], [5, 0, 7, 0, 4, 0, 6, 1], [5, 0, 1, 5, 5, 4, 0, 4], [5, 0, 7, 5, 0, 0, 7, 3], [5, 5, 0, 1, 4, 6, 7, 0], [0, 5, 2, 0, 0, 7, 4, 0]], "control": {"col_treasures": 18, "solution_length": 45}, "info": {"regions": 2, "players": 1, "exits": 2, "layout": 42, "heuristic": -1, "solution": [], "content": [[4, 1, 7, 1, 0, 5, 5, 5], [7, 5, 5, 5, 1, 6, 5, 1], [0, 5, 4, 4, 5, 5, 6, 1], [0, 5, 5, 0, 0, 7, 0, 0], [1, 7, 7, 0, 3, 1, 7, 6], [1, 6, 5, 0, 1, 0, 1, 4], [0, 5, 4, 1, 1, 0, 1, 5], [5, 0, 7, 0, 4, 0, 6, 1], [5, 0, 1, 5, 5, 4, 0, 4], [5, 0, 7, 5, 0, 0, 7, 3], [5, 5, 0, 1, 4, 6, 7, 0], [0, 5, 2, 0, 0, 7, 4, 0]], "potions": 10, "treasures": 24, "enemies": 17, "solution_length": 0, "enemies_loc": [[2, 0], [0, 1], [5, 1], [6, 2], [5, 3], [1, 4], [2, 4], [6, 4], [7, 4], [1, 5], [2, 7], [6, 7], [2, 9], [6, 9], [5, 10], [6, 10], [5, 11]]}, "quality": 0.31654630754193697, "diversity": 0.32430554828125013, "controlability": 0.0}