{"content": [[1, 7, 1, 7, 7, 1, 6, 1], [1, 0, 7, 6, 6, 0, 6, 0], [0, 4, 0, 4, 0, 6, 6, 1], [4, 5, 1, 0, 0, 7, 4, 3], [1, 0, 1, 6, 0, 1, 7, 0], [1, 6, 7, 1, 1, 7, 7, 1], [0, 1, 6, 0, 2, 7, 0, 5], [1, 0, 0, 0, 1, 0, 0, 1], [7, 0, 4, 1, 5, 4, 0, 1], [1, 0, 1, 7, 0, 4, 7, 6], [7, 7, 6, 0, 7, 3, 0, 1], [5, 0, 1, 0, 0, 4, 0, 1]], "control": {"col_treasures": 18, "solution_length": 45}, "info": {"regions": 1, "players": 1, "exits": 2, "layout": 54, "heuristic": -1, "solution": [], "content": [[1, 7, 1, 7, 7, 1, 6, 1], [1, 0, 7, 6, 6, 0, 6, 0], [0, 4, 0, 4, 0, 6, 6, 1], [4, 5, 1, 0, 0, 7, 4, 3], [1, 0, 1, 6, 0, 1, 7, 0], [1, 6, 7, 1, 1, 7, 7, 1], [0, 1, 6, 0, 2, 7, 0, 5], [1, 0, 0, 0, 1, 0, 0, 1], [7, 0, 4, 1, 5, 4, 0, 1], [1, 0, 1, 7, 0, 4, 7, 6], [7, 7, 6, 0, 7, 3, 0, 1], [5, 0, 1, 0, 0, 4, 0, 1]], "potions": 8, "treasures": 4, "enemies": 27, "solution_length": 0, "enemies_loc": [[1, 0], [3, 0], [4, 0], [6, 0], [2, 1], [3, 1], [4, 1], [6, 1], [5, 2], [6, 2], [5, 3], [3, 4], [6, 4], [1, 5], [2, 5], [5, 5], [6, 5], [2, 6], [5, 6], [0, 8], [3, 9], [6, 9], [7, 9], [0, 10], [1, 10], [2, 10], [4, 10]]}, "quality": 0.3326315789404248, "diversity": 0.3901041594140626, "controlability": 0.0}