{"content": [[1, 1, 7, 1, 7, 5, 4, 7], [0, 0, 4, 0, 1, 7, 5, 6], [0, 0, 4, 4, 4, 6, 6, 1], [7, 5, 1, 0, 0, 7, 0, 0], [0, 7, 1, 0, 6, 1, 6, 6], [1, 3, 0, 1, 1, 0, 1, 4], [0, 4, 1, 0, 0, 7, 1, 6], [5, 0, 1, 0, 7, 0, 0, 1], [5, 0, 1, 4, 1, 4, 0, 1], [4, 0, 1, 7, 4, 4, 1, 6], [4, 2, 4, 1, 4, 6, 7, 1], [7, 0, 7, 6, 2, 1, 4, 1]], "control": {"col_treasures": 8, "solution_length": 30}, "info": {"regions": 1, "players": 2, "exits": 1, "layout": 49, "heuristic": -1, "solution": [], "content": [[1, 1, 7, 1, 7, 5, 4, 7], [0, 0, 4, 0, 1, 7, 5, 6], [0, 0, 4, 4, 4, 6, 6, 1], [7, 5, 1, 0, 0, 7, 0, 0], [0, 7, 1, 0, 6, 1, 6, 6], [1, 3, 0, 1, 1, 0, 1, 4], [0, 4, 1, 0, 0, 7, 1, 6], [5, 0, 1, 0, 7, 0, 0, 1], [5, 0, 1, 4, 1, 4, 0, 1], [4, 0, 1, 7, 4, 4, 1, 6], [4, 2, 4, 1, 4, 6, 7, 1], [7, 0, 7, 6, 2, 1, 4, 1]], "potions": 16, "treasures": 5, "enemies": 23, "solution_length": 0, "enemies_loc": [[2, 0], [4, 0], [7, 0], [5, 1], [7, 1], [5, 2], [6, 2], [0, 3], [5, 3], [1, 4], [4, 4], [6, 4], [7, 4], [5, 6], [7, 6], [4, 7], [3, 9], [7, 9], [5, 10], [6, 10], [0, 11], [2, 11], [3, 11]]}, "quality": 0.3326315789404248, "diversity": 0.36578524918870214, "controlability": 0.0}