{"content": [[1, 1, 1, 0, 0, 1, 1, 1, 0, 1, 0], [1, 1, 1, 1, 0, 0, 2, 0, 0, 1, 0], [0, 1, 1, 1, 0, 1, 1, 5, 1, 1, 0], [5, 1, 0, 0, 0, 1, 0, 1, 0, 1, 0], [1, 5, 1, 1, 1, 1, 0, 1, 1, 1, 1], [1, 0, 0, 1, 1, 0, 1, 1, 0, 1, 1], [1, 4, 0, 0, 1, 1, 0, 0, 1, 3, 1]], "control": {"player_key": 17, "key_door": 17}, "info": {"regions": 1, "players": 1, "keys": 1, "doors": 1, "enemies": 3, "player_key": 8, "key_door": 18, "pk_path": [[6, 1], [6, 2], [7, 2], [7, 3], [7, 4], [8, 4], [9, 4], [9, 5], [9, 6]], "kd_path": []}, "quality": 1.0, "diversity": 0.9761904603174609, "controlability": 0.7666666664888888}