{"content": [[1, 1, 1, 0, 1, 1, 1, 1, 0, 2, 0], [1, 1, 1, 1, 0, 1, 1, 0, 0, 1, 5], [1, 1, 1, 1, 1, 1, 1, 0, 1, 1, 0], [0, 1, 0, 0, 0, 1, 0, 1, 0, 1, 0], [1, 1, 1, 0, 1, 1, 1, 1, 1, 1, 1], [1, 0, 1, 1, 4, 0, 1, 1, 1, 1, 1], [1, 0, 0, 0, 1, 1, 0, 0, 1, 3, 1]], "control": {"player_key": 17, "key_door": 17}, "info": {"regions": 1, "players": 1, "keys": 1, "doors": 1, "enemies": 1, "player_key": 6, "key_door": 8, "pk_path": [[9, 0], [9, 1], [9, 2], [9, 3], [9, 4], [9, 5], [9, 6]], "kd_path": []}, "quality": 0.9131944441801697, "diversity": 1.0, "controlability": 0.46666666635555554}