{"content": [[1, 1, 1, 1, 4, 5, 4, 7], [6, 5, 0, 1, 6, 7, 5, 0], [2, 1, 6, 4, 0, 6, 5, 1], [0, 5, 7, 0, 0, 7, 0, 0], [0, 7, 7, 1, 1, 1, 0, 6], [1, 6, 0, 0, 1, 0, 7, 1], [0, 5, 5, 0, 5, 1, 1, 5], [5, 0, 7, 0, 7, 0, 0, 1], [6, 7, 1, 1, 5, 4, 0, 1], [5, 1, 1, 5, 4, 3, 6, 1], [5, 0, 6, 1, 7, 0, 2, 1], [5, 5, 0, 7, 6, 1, 1, 7]], "control": {"col_treasures": 18, "solution_length": 45}, "info": {"regions": 1, "players": 2, "exits": 1, "layout": 49, "heuristic": -1, "solution": [], "content": [[1, 1, 1, 1, 4, 5, 4, 7], [6, 5, 0, 1, 6, 7, 5, 0], [2, 1, 6, 4, 0, 6, 5, 1], [0, 5, 7, 0, 0, 7, 0, 0], [0, 7, 7, 1, 1, 1, 0, 6], [1, 6, 0, 0, 1, 0, 7, 1], [0, 5, 5, 0, 5, 1, 1, 5], [5, 0, 7, 0, 7, 0, 0, 1], [6, 7, 1, 1, 5, 4, 0, 1], [5, 1, 1, 5, 4, 3, 6, 1], [5, 0, 6, 1, 7, 0, 2, 1], [5, 5, 0, 7, 6, 1, 1, 7]], "potions": 5, "treasures": 16, "enemies": 23, "solution_length": 0, "enemies_loc": [[7, 0], [0, 1], [4, 1], [5, 1], [2, 2], [5, 2], [2, 3], [5, 3], [1, 4], [2, 4], [7, 4], [1, 5], [6, 5], [2, 7], [4, 7], [0, 8], [1, 8], [6, 9], [2, 10], [4, 10], [3, 11], [4, 11], [7, 11]]}, "quality": 0.3326315789404248, "diversity": 0.28331800799057927, "controlability": 0.0}