{"content": [[1, 1, 1, 0, 1, 1, 1, 1, 0, 1, 0], [1, 1, 1, 1, 0, 1, 1, 0, 0, 1, 5], [0, 1, 1, 1, 1, 0, 1, 5, 1, 2, 0], [0, 1, 0, 0, 0, 1, 0, 1, 0, 1, 0], [1, 5, 1, 1, 1, 1, 1, 1, 1, 1, 5], [1, 0, 1, 1, 4, 0, 1, 1, 5, 1, 1], [2, 0, 0, 2, 1, 3, 0, 0, 1, 3, 1]], "control": {"player_key": 17, "key_door": 17}, "info": {"regions": 1, "players": 3, "keys": 2, "doors": 1, "enemies": 5, "player_key": 12, "key_door": 2, "pk_path": [[9, 2], [9, 3], [9, 4], [8, 4], [7, 4], [6, 4], [5, 4], [4, 4], [3, 4], [3, 5], [3, 6], [4, 6], [5, 6]], "kd_path": []}, "quality": 0.4966767303287134, "diversity": 0.07692307692307687, "controlability": 0.46666666635555554}