{"content": [[1, 0, 1, 0, 1, 1, 1, 1, 1, 1, 0], [1, 1, 1, 1, 0, 0, 1, 0, 0, 1, 0], [1, 1, 1, 1, 1, 1, 1, 0, 1, 1, 0], [0, 1, 0, 0, 0, 5, 0, 0, 0, 1, 0], [1, 1, 1, 1, 1, 5, 0, 1, 1, 1, 1], [1, 0, 0, 1, 4, 0, 1, 1, 2, 0, 1], [1, 0, 0, 0, 1, 1, 0, 0, 1, 3, 1]], "control": {"player_key": 17, "key_door": 17}, "info": {"regions": 1, "players": 1, "keys": 1, "doors": 1, "enemies": 2, "player_key": 2, "key_door": 18, "pk_path": [[8, 5], [8, 6], [9, 6]], "kd_path": []}, "quality": 1.0, "diversity": 0.9525003429997736, "controlability": 0.5666666666222222}