{"content": [[0, 1, 0, 0, 1, 1, 1, 0, 1, 1, 0, 0, 1, 1], [1, 1, 1, 1, 1, 0, 0, 1, 1, 1, 0, 1, 1, 1], [0, 1, 0, 1, 1, 1, 1, 1, 1, 1, 1, 1, 1, 1], [0, 0, 1, 1, 0, 0, 1, 1, 0, 0, 0, 0, 1, 0], [1, 0, 1, 1, 0, 1, 1, 1, 1, 0, 1, 1, 0, 0], [1, 1, 1, 1, 0, 1, 1, 1, 1, 1, 1, 1, 1, 0], [0, 1, 1, 1, 1, 1, 1, 1, 0, 1, 0, 0, 1, 0], [0, 1, 1, 1, 1, 0, 1, 0, 0, 1, 1, 1, 0, 1], [1, 1, 1, 0, 0, 0, 0, 1, 0, 1, 1, 0, 0, 0], [1, 0, 0, 1, 1, 0, 1, 1, 1, 0, 1, 0, 1, 0], [0, 0, 1, 0, 0, 1, 1, 0, 0, 1, 1, 1, 1, 0], [0, 1, 1, 0, 0, 1, 0, 1, 0, 1, 0, 1, 1, 1], [0, 1, 1, 1, 0, 1, 1, 0, 1, 1, 1, 0, 1, 0], [0, 0, 1, 1, 1, 1, 0, 0, 0, 0, 0, 0, 1, 1]], "control": {"path": 62}, "info": {"path": 25, "regions": 5, "flat": [0, 1, 0, 0, 1, 1, 1, 0, 1, 1, 0, 0, 1, 1, 1, 1, 1, 1, 1, 0, 0, 1, 1, 1, 0, 1, 1, 1, 0, 1, 0, 1, 1, 1, 1, 1, 1, 1, 1, 1, 1, 1, 0, 0, 1, 1, 0, 0, 1, 1, 0, 0, 0, 0, 1, 0, 1, 0, 1, 1, 0, 1, 1, 1, 1, 0, 1, 1, 0, 0, 1, 1, 1, 1, 0, 1, 1, 1, 1, 1, 1, 1, 1, 0, 0, 1, 1, 1, 1, 1, 1, 1, 0, 1, 0, 0, 1, 0, 0, 1, 1, 1, 1, 0, 1, 0, 0, 1, 1, 1, 0, 1, 1, 1, 1, 0, 0, 0, 0, 1, 0, 1, 1, 0, 0, 0, 1, 0, 0, 1, 1, 0, 1, 1, 1, 0, 1, 0, 1, 0, 0, 0, 1, 0, 0, 1, 1, 0, 0, 1, 1, 1, 1, 0, 0, 1, 1, 0, 0, 1, 0, 1, 0, 1, 0, 1, 1, 1, 0, 1, 1, 1, 0, 1, 1, 0, 1, 1, 1, 0, 1, 0, 0, 0, 1, 1, 1, 1, 0, 0, 0, 0, 0, 0, 1, 1]}, "quality": 0.8389016893376955, "diversity": 0.7604359924857205, "controlability": 0.4545454544628099}