{"content": [[1, 1, 0, 0, 1, 1, 1, 1, 0, 1, 0, 0, 0, 1], [0, 1, 1, 1, 1, 0, 0, 0, 1, 1, 1, 1, 1, 1], [1, 0, 1, 0, 1, 0, 1, 1, 1, 1, 1, 1, 1, 1], [0, 1, 1, 1, 1, 0, 1, 1, 1, 1, 0, 1, 0, 1], [1, 1, 1, 0, 1, 1, 1, 0, 1, 1, 1, 0, 1, 1], [0, 0, 1, 1, 1, 0, 1, 1, 1, 1, 0, 1, 1, 0], [0, 1, 0, 0, 0, 1, 0, 0, 1, 1, 0, 0, 0, 0], [1, 1, 1, 1, 0, 1, 1, 0, 1, 0, 1, 1, 1, 1], [1, 1, 1, 0, 0, 0, 1, 1, 0, 1, 1, 0, 1, 0], [1, 0, 1, 0, 1, 1, 1, 1, 0, 0, 1, 0, 1, 1], [0, 1, 1, 1, 1, 1, 0, 0, 0, 1, 1, 0, 1, 0], [1, 1, 0, 0, 1, 0, 1, 1, 0, 0, 0, 1, 1, 1], [1, 1, 0, 0, 1, 1, 0, 1, 1, 1, 1, 1, 1, 0], [0, 0, 1, 1, 1, 1, 1, 1, 0, 1, 0, 1, 0, 1]], "control": {"path": 93}, "info": {"path": 30, "regions": 4, "flat": [1, 1, 0, 0, 1, 1, 1, 1, 0, 1, 0, 0, 0, 1, 0, 1, 1, 1, 1, 0, 0, 0, 1, 1, 1, 1, 1, 1, 1, 0, 1, 0, 1, 0, 1, 1, 1, 1, 1, 1, 1, 1, 0, 1, 1, 1, 1, 0, 1, 1, 1, 1, 0, 1, 0, 1, 1, 1, 1, 0, 1, 1, 1, 0, 1, 1, 1, 0, 1, 1, 0, 0, 1, 1, 1, 0, 1, 1, 1, 1, 0, 1, 1, 0, 0, 1, 0, 0, 0, 1, 0, 0, 1, 1, 0, 0, 0, 0, 1, 1, 1, 1, 0, 1, 1, 0, 1, 0, 1, 1, 1, 1, 1, 1, 1, 0, 0, 0, 1, 1, 0, 1, 1, 0, 1, 0, 1, 0, 1, 0, 1, 1, 1, 1, 0, 0, 1, 0, 1, 1, 0, 1, 1, 1, 1, 1, 0, 0, 0, 1, 1, 0, 1, 0, 1, 1, 0, 0, 1, 0, 1, 1, 0, 0, 0, 1, 1, 1, 1, 1, 0, 0, 1, 1, 0, 1, 1, 1, 1, 1, 1, 0, 0, 0, 1, 1, 1, 1, 1, 1, 0, 1, 0, 1, 0, 1]}, "quality": 0.9193548384842178, "diversity": 1.0, "controlability": 0.34883720926176315}