{"content": [[1, 1, 0, 0, 1, 1, 0, 1, 1, 0, 0, 0, 1, 1], [1, 1, 0, 1, 1, 0, 0, 1, 1, 1, 1, 1, 0, 1], [1, 1, 0, 1, 1, 1, 1, 1, 1, 1, 1, 1, 1, 1], [0, 0, 1, 0, 0, 0, 1, 1, 1, 0, 1, 0, 1, 1], [1, 0, 1, 0, 0, 1, 1, 1, 1, 1, 1, 1, 0, 0], [1, 1, 1, 1, 0, 1, 1, 1, 1, 1, 1, 1, 1, 0], [1, 1, 0, 1, 1, 1, 1, 1, 0, 1, 0, 1, 1, 1], [0, 0, 1, 1, 1, 0, 1, 0, 0, 1, 1, 1, 1, 1], [1, 0, 0, 0, 0, 0, 0, 1, 1, 1, 0, 0, 1, 0], [1, 0, 1, 0, 1, 0, 1, 1, 1, 0, 1, 1, 1, 1], [0, 0, 0, 0, 0, 1, 1, 0, 0, 0, 0, 1, 1, 0], [0, 0, 1, 0, 1, 1, 1, 1, 0, 1, 1, 1, 1, 1], [0, 1, 1, 1, 0, 0, 1, 1, 1, 1, 1, 1, 1, 0], [0, 0, 0, 0, 1, 1, 0, 1, 0, 0, 1, 1, 0, 1]], "control": {"path": 62}, "info": {"path": 25, "regions": 8, "flat": [1, 1, 0, 0, 1, 1, 0, 1, 1, 0, 0, 0, 1, 1, 1, 1, 0, 1, 1, 0, 0, 1, 1, 1, 1, 1, 0, 1, 1, 1, 0, 1, 1, 1, 1, 1, 1, 1, 1, 1, 1, 1, 0, 0, 1, 0, 0, 0, 1, 1, 1, 0, 1, 0, 1, 1, 1, 0, 1, 0, 0, 1, 1, 1, 1, 1, 1, 1, 0, 0, 1, 1, 1, 1, 0, 1, 1, 1, 1, 1, 1, 1, 1, 0, 1, 1, 0, 1, 1, 1, 1, 1, 0, 1, 0, 1, 1, 1, 0, 0, 1, 1, 1, 0, 1, 0, 0, 1, 1, 1, 1, 1, 1, 0, 0, 0, 0, 0, 0, 1, 1, 1, 0, 0, 1, 0, 1, 0, 1, 0, 1, 0, 1, 1, 1, 0, 1, 1, 1, 1, 0, 0, 0, 0, 0, 1, 1, 0, 0, 0, 0, 1, 1, 0, 0, 0, 1, 0, 1, 1, 1, 1, 0, 1, 1, 1, 1, 1, 0, 1, 1, 1, 0, 0, 1, 1, 1, 1, 1, 1, 1, 0, 0, 0, 0, 0, 1, 1, 0, 1, 0, 0, 1, 1, 0, 1]}, "quality": 0.7582565280907305, "diversity": 0.798571428472121, "controlability": 0.4545454544628099}