{"content": [[2, 1, 1, 0, 0, 3, 1, 0, 0, 0, 0], [0, 5, 1, 1, 0, 1, 1, 2, 2, 4, 0], [3, 1, 1, 1, 0, 1, 1, 2, 0, 2, 0], [2, 1, 0, 0, 1, 2, 0, 5, 3, 1, 1], [1, 5, 1, 1, 1, 1, 1, 1, 1, 1, 3], [1, 0, 1, 1, 4, 2, 4, 2, 4, 2, 3], [1, 2, 2, 0, 4, 3, 0, 0, 1, 5, 2]], "control": {"player_key": 17, "key_door": 17}, "info": {"regions": 1, "players": 13, "keys": 6, "doors": 5, "enemies": 4, "player_key": 13, "key_door": 5, "pk_path": [[0, 0], [1, 0], [1, 1], [1, 2], [1, 3], [1, 4], [2, 4], [3, 4], [4, 4], [4, 3], [5, 3], [5, 2], [5, 1], [5, 0]], "kd_path": []}, "quality": 0.48273026313549605, "diversity": 0.6997414843591978, "controlability": 0.5999999996}