{"content": [[1, 4, 1, 0, 0, 3, 3, 0, 1, 0, 0], [2, 5, 5, 1, 0, 1, 2, 2, 4, 5, 0], [3, 4, 3, 3, 1, 2, 2, 2, 0, 2, 0], [0, 1, 4, 1, 1, 2, 0, 5, 4, 4, 2], [1, 0, 5, 5, 2, 1, 1, 2, 1, 1, 0], [1, 2, 4, 1, 0, 0, 4, 2, 2, 5, 5], [1, 2, 3, 0, 4, 5, 1, 0, 4, 3, 0]], "control": {"player_key": 17, "key_door": 17}, "info": {"regions": 1, "players": 15, "keys": 7, "doors": 10, "enemies": 9, "player_key": 8, "key_door": 8, "pk_path": [[0, 1], [1, 1], [2, 1], [2, 2], [3, 2], [4, 2], [5, 2], [5, 1], [5, 0]], "kd_path": []}, "quality": 0.4718704938421572, "diversity": 0.7658729958994716, "controlability": 0.5333333329777777}