{"content": [[1, 4, 1, 0, 0, 0, 1, 0, 0, 0, 0], [0, 5, 2, 1, 0, 1, 1, 2, 0, 5, 0], [2, 1, 1, 1, 1, 0, 1, 2, 0, 1, 1], [0, 1, 0, 0, 1, 2, 0, 5, 4, 1, 1], [1, 1, 0, 1, 1, 1, 1, 1, 1, 1, 1], [1, 3, 1, 1, 4, 0, 4, 2, 4, 5, 3], [1, 2, 4, 0, 4, 3, 1, 0, 1, 4, 1]], "control": {"player_key": 17, "key_door": 17}, "info": {"regions": 1, "players": 7, "keys": 3, "doors": 8, "enemies": 4, "player_key": 5, "key_door": 5, "pk_path": [[2, 1], [2, 2], [1, 2], [1, 3], [1, 4], [1, 5]], "kd_path": []}, "quality": 0.4876644736611626, "diversity": 0.13406384938672455, "controlability": 0.3333333331111111}