{"content": [[1, 4, 1, 0, 0, 2, 1, 0, 0, 0, 0], [1, 5, 1, 1, 0, 1, 1, 2, 0, 1, 0], [2, 1, 1, 1, 0, 0, 1, 2, 0, 1, 0], [0, 1, 0, 0, 1, 2, 0, 5, 0, 1, 1], [1, 1, 5, 1, 1, 1, 1, 1, 1, 1, 1], [1, 3, 1, 1, 4, 0, 4, 2, 4, 5, 3], [1, 3, 4, 0, 4, 3, 1, 0, 1, 4, 0]], "control": {"player_key": 17, "key_door": 17}, "info": {"regions": 1, "players": 6, "keys": 4, "doors": 7, "enemies": 4, "player_key": 13, "key_door": 5, "pk_path": [[5, 0], [5, 1], [6, 1], [6, 2], [7, 2], [7, 3], [7, 4], [6, 4], [5, 4], [4, 4], [3, 4], [3, 5], [2, 5], [1, 5]], "kd_path": []}, "quality": 0.488486842082107, "diversity": 0.3697116961589818, "controlability": 0.5999999996}