{"content": [[5, 3, 1, 1, 1, 5, 1, 3, 0, 5, 3], [4, 0, 1, 3, 3, 2, 3, 3, 1, 0, 0], [4, 5, 1, 4, 5, 0, 4, 5, 0, 5, 3], [4, 2, 2, 1, 3, 0, 5, 1, 3, 3, 0], [2, 5, 3, 4, 2, 3, 4, 0, 5, 4, 4], [1, 4, 1, 0, 1, 3, 4, 0, 3, 2, 3], [0, 4, 4, 1, 0, 4, 5, 4, 5, 0, 0]], "control": {"player_key": 17, "key_door": 17}, "info": {"regions": 2, "players": 6, "keys": 16, "doors": 15, "enemies": 12, "player_key": 5, "key_door": 2, "pk_path": [[5, 1], [5, 0], [4, 0], [3, 0], [2, 0], [1, 0]], "kd_path": []}, "quality": 0.4278767254338385, "diversity": 1.0, "controlability": 0.23333333317777777}