{"content": [[1, 1, 1, 0, 0, 3, 1, 0, 0, 0, 0], [0, 5, 1, 1, 0, 1, 2, 2, 4, 1, 0], [2, 1, 1, 1, 0, 0, 1, 2, 0, 1, 0], [2, 1, 0, 0, 1, 2, 0, 1, 0, 1, 1], [0, 4, 2, 1, 1, 1, 1, 1, 1, 1, 1], [1, 0, 1, 1, 4, 0, 4, 2, 4, 5, 3], [1, 2, 4, 0, 4, 3, 0, 0, 1, 5, 1]], "control": {"player_key": 17, "key_door": 17}, "info": {"regions": 1, "players": 9, "keys": 3, "doors": 7, "enemies": 3, "player_key": 2, "key_door": 4, "pk_path": [[6, 1], [6, 0], [5, 0]], "kd_path": []}, "quality": 0.48684210524021815, "diversity": 0.16500166078366096, "controlability": 0.19999999986666667}