{"content": [[1, 1, 1, 0, 0, 3, 1, 0, 0, 0, 0], [0, 5, 1, 2, 0, 1, 1, 2, 3, 2, 0], [2, 1, 1, 1, 1, 0, 1, 2, 0, 1, 0], [2, 1, 0, 0, 1, 2, 0, 5, 4, 1, 1], [1, 4, 4, 1, 1, 1, 1, 1, 1, 1, 1], [1, 0, 1, 1, 4, 0, 4, 2, 4, 5, 3], [1, 2, 4, 0, 4, 3, 0, 0, 1, 4, 1]], "control": {"player_key": 17, "key_door": 17}, "info": {"regions": 1, "players": 9, "keys": 4, "doors": 9, "enemies": 3, "player_key": 13, "key_door": 6, "pk_path": [[3, 1], [3, 2], [4, 2], [4, 3], [4, 4], [5, 4], [6, 4], [7, 4], [7, 3], [7, 2], [7, 1], [6, 1], [6, 0], [5, 0]], "kd_path": []}, "quality": 0.48437499997738487, "diversity": 0.3481198533358615, "controlability": 0.633333332911111}