{"content": [[6, 1, 7, 1, 7, 5, 4, 7], [7, 0, 6, 7, 1, 0, 5, 1], [0, 5, 4, 1, 5, 6, 5, 1], [0, 6, 1, 5, 4, 7, 0, 6], [1, 7, 7, 0, 0, 1, 7, 6], [1, 6, 0, 0, 1, 0, 7, 4], [4, 4, 6, 0, 5, 7, 7, 5], [5, 0, 7, 0, 5, 0, 5, 1], [5, 0, 1, 5, 4, 4, 5, 7], [5, 0, 1, 7, 0, 4, 1, 3], [5, 5, 6, 5, 7, 6, 5, 4], [5, 5, 7, 6, 0, 1, 4, 6]], "control": {"col_treasures": 18, "solution_length": 45}, "info": {"regions": 1, "players": 0, "exits": 1, "layout": 34, "heuristic": -1, "solution": [], "content": [[6, 1, 7, 1, 7, 5, 4, 7], [7, 0, 6, 7, 1, 0, 5, 1], [0, 5, 4, 1, 5, 6, 5, 1], [0, 6, 1, 5, 4, 7, 0, 6], [1, 7, 7, 0, 0, 1, 7, 6], [1, 6, 0, 0, 1, 0, 7, 4], [4, 4, 6, 0, 5, 7, 7, 5], [5, 0, 7, 0, 5, 0, 5, 1], [5, 0, 1, 5, 4, 4, 5, 7], [5, 0, 1, 7, 0, 4, 1, 3], [5, 5, 6, 5, 7, 6, 5, 4], [5, 5, 7, 6, 0, 1, 4, 6]], "potions": 11, "treasures": 21, "enemies": 29, "solution_length": 0, "enemies_loc": [[0, 0], [2, 0], [4, 0], [7, 0], [0, 1], [2, 1], [3, 1], [5, 2], [1, 3], [5, 3], [7, 3], [1, 4], [2, 4], [6, 4], [7, 4], [1, 5], [6, 5], [2, 6], [5, 6], [6, 6], [2, 7], [7, 8], [3, 9], [2, 10], [4, 10], [5, 10], [2, 11], [3, 11], [7, 11]]}, "quality": 0.24722222221238424, "diversity": 0.32542437550636605, "controlability": 0.0}