{"content": [[1, 1, 1, 5, 0, 1, 5, 5], [0, 0, 0, 4, 1, 7, 6, 1], [0, 0, 4, 5, 5, 1, 6, 7], [0, 5, 1, 0, 0, 0, 0, 4], [1, 4, 1, 0, 3, 0, 7, 0], [1, 6, 5, 7, 1, 1, 5, 4], [1, 3, 4, 0, 6, 0, 1, 5], [5, 0, 0, 0, 1, 4, 0, 1], [2, 0, 4, 4, 4, 4, 0, 4], [4, 6, 0, 5, 6, 4, 7, 6], [5, 0, 6, 1, 7, 6, 0, 1], [5, 0, 2, 0, 6, 7, 4, 1]], "control": {"col_treasures": 18, "solution_length": 45}, "info": {"regions": 1, "players": 2, "exits": 2, "layout": 47, "heuristic": -1, "solution": [], "content": [[1, 1, 1, 5, 0, 1, 5, 5], [0, 0, 0, 4, 1, 7, 6, 1], [0, 0, 4, 5, 5, 1, 6, 7], [0, 5, 1, 0, 0, 0, 0, 4], [1, 4, 1, 0, 3, 0, 7, 0], [1, 6, 5, 7, 1, 1, 5, 4], [1, 3, 4, 0, 6, 0, 1, 5], [5, 0, 0, 0, 1, 4, 0, 1], [2, 0, 4, 4, 4, 4, 0, 4], [4, 6, 0, 5, 6, 4, 7, 6], [5, 0, 6, 1, 7, 6, 0, 1], [5, 0, 2, 0, 6, 7, 4, 1]], "potions": 15, "treasures": 13, "enemies": 17, "solution_length": 0, "enemies_loc": [[5, 1], [6, 1], [6, 2], [7, 2], [6, 4], [1, 5], [3, 5], [4, 6], [1, 9], [4, 9], [6, 9], [7, 9], [2, 10], [4, 10], [5, 10], [4, 11], [5, 11]]}, "quality": 0.3305409356450278, "diversity": 0.3023313422433036, "controlability": 0.0}