{"content": [[1, 5, 1, 1, 0, 5, 7, 1], [2, 0, 5, 5, 1, 7, 3, 0], [2, 0, 4, 1, 5, 6, 6, 1], [7, 5, 1, 0, 0, 7, 0, 0], [7, 0, 1, 6, 1, 1, 7, 5], [1, 6, 5, 7, 1, 1, 7, 3], [1, 0, 4, 0, 6, 7, 0, 5], [4, 0, 0, 0, 1, 0, 1, 1], [5, 0, 1, 5, 5, 4, 0, 1], [4, 6, 1, 5, 6, 0, 7, 6], [6, 0, 6, 1, 5, 7, 0, 1], [5, 0, 7, 6, 7, 7, 1, 1]], "control": {"col_treasures": 18, "solution_length": 45}, "info": {"regions": 1, "players": 2, "exits": 2, "layout": 47, "heuristic": -1, "solution": [], "content": [[1, 5, 1, 1, 0, 5, 7, 1], [2, 0, 5, 5, 1, 7, 3, 0], [2, 0, 4, 1, 5, 6, 6, 1], [7, 5, 1, 0, 0, 7, 0, 0], [7, 0, 1, 6, 1, 1, 7, 5], [1, 6, 5, 7, 1, 1, 7, 3], [1, 0, 4, 0, 6, 7, 0, 5], [4, 0, 0, 0, 1, 0, 1, 1], [5, 0, 1, 5, 5, 4, 0, 1], [4, 6, 1, 5, 6, 0, 7, 6], [6, 0, 6, 1, 5, 7, 0, 1], [5, 0, 7, 6, 7, 7, 1, 1]], "potions": 5, "treasures": 15, "enemies": 25, "solution_length": 0, "enemies_loc": [[6, 0], [5, 1], [5, 2], [6, 2], [0, 3], [5, 3], [0, 4], [3, 4], [6, 4], [1, 5], [3, 5], [6, 5], [4, 6], [5, 6], [1, 9], [4, 9], [6, 9], [7, 9], [0, 10], [2, 10], [5, 10], [2, 11], [3, 11], [4, 11], [5, 11]]}, "quality": 0.3305409356450278, "diversity": 0.26695883509432183, "controlability": 0.0}