{"content": [[1, 1, 7, 1, 0, 1, 5, 0], [5, 5, 5, 1, 1, 7, 5, 0], [0, 0, 6, 3, 4, 6, 5, 1], [0, 5, 7, 5, 0, 7, 0, 7], [1, 7, 7, 6, 1, 6, 7, 6], [7, 4, 0, 0, 0, 0, 1, 5], [6, 4, 5, 1, 2, 1, 6, 5], [4, 0, 7, 0, 7, 0, 0, 1], [6, 4, 4, 5, 7, 4, 4, 1], [5, 5, 1, 5, 1, 4, 1, 1], [5, 5, 6, 1, 4, 0, 4, 1], [5, 5, 2, 7, 4, 6, 1, 1]], "control": {"col_treasures": 18, "solution_length": 45}, "info": {"regions": 1, "players": 2, "exits": 1, "layout": 39, "heuristic": -1, "solution": [], "content": [[1, 1, 7, 1, 0, 1, 5, 0], [5, 5, 5, 1, 1, 7, 5, 0], [0, 0, 6, 3, 4, 6, 5, 1], [0, 5, 7, 5, 0, 7, 0, 7], [1, 7, 7, 6, 1, 6, 7, 6], [7, 4, 0, 0, 0, 0, 1, 5], [6, 4, 5, 1, 2, 1, 6, 5], [4, 0, 7, 0, 7, 0, 0, 1], [6, 4, 4, 5, 7, 4, 4, 1], [5, 5, 1, 5, 1, 4, 1, 1], [5, 5, 6, 1, 4, 0, 4, 1], [5, 5, 2, 7, 4, 6, 1, 1]], "potions": 12, "treasures": 19, "enemies": 23, "solution_length": 0, "enemies_loc": [[2, 0], [5, 1], [2, 2], [5, 2], [2, 3], [5, 3], [7, 3], [1, 4], [2, 4], [3, 4], [5, 4], [6, 4], [7, 4], [0, 5], [0, 6], [6, 6], [2, 7], [4, 7], [0, 8], [4, 8], [2, 10], [3, 11], [5, 11]]}, "quality": 0.32013157892914007, "diversity": 0.7634785225165723, "controlability": 0.0}