{"content": [[4, 1, 7, 1, 7, 5, 4, 3], [7, 5, 5, 0, 1, 7, 1, 0], [0, 5, 4, 4, 5, 4, 6, 1], [0, 2, 1, 0, 5, 7, 4, 0], [1, 7, 1, 0, 0, 1, 6, 6], [5, 4, 4, 0, 1, 6, 1, 4], [0, 4, 5, 1, 1, 7, 1, 5], [5, 0, 0, 0, 5, 0, 2, 1], [4, 0, 4, 4, 5, 4, 0, 1], [5, 0, 7, 5, 4, 4, 1, 6], [5, 5, 6, 3, 4, 1, 1, 1], [5, 5, 7, 4, 0, 1, 0, 1]], "control": {"col_treasures": 8, "solution_length": 30}, "info": {"regions": 1, "players": 2, "exits": 2, "layout": 41, "heuristic": -1, "solution": [], "content": [[4, 1, 7, 1, 7, 5, 4, 3], [7, 5, 5, 0, 1, 7, 1, 0], [0, 5, 4, 4, 5, 4, 6, 1], [0, 2, 1, 0, 5, 7, 4, 0], [1, 7, 1, 0, 0, 1, 6, 6], [5, 4, 4, 0, 1, 6, 1, 4], [0, 4, 5, 1, 1, 7, 1, 5], [5, 0, 0, 0, 5, 0, 2, 1], [4, 0, 4, 4, 5, 4, 0, 1], [5, 0, 7, 5, 4, 4, 1, 6], [5, 5, 6, 3, 4, 1, 1, 1], [5, 5, 7, 4, 0, 1, 0, 1]], "potions": 18, "treasures": 18, "enemies": 15, "solution_length": 0, "enemies_loc": [[2, 0], [4, 0], [0, 1], [5, 1], [6, 2], [5, 3], [1, 4], [6, 4], [7, 4], [5, 5], [5, 6], [2, 9], [7, 9], [2, 10], [2, 11]]}, "quality": 0.32220760231343054, "diversity": 0.9560185029513892, "controlability": 0.0}