{"content": [[1, 1, 1, 0, 1, 1, 1, 4, 0, 1, 0], [1, 1, 1, 1, 0, 0, 1, 0, 0, 4, 0], [1, 1, 1, 1, 0, 1, 1, 5, 1, 1, 0], [0, 1, 0, 0, 0, 1, 5, 1, 0, 1, 0], [1, 5, 1, 1, 1, 5, 1, 4, 4, 1, 1], [1, 0, 1, 1, 1, 0, 1, 1, 0, 1, 2], [1, 2, 0, 0, 1, 1, 2, 0, 1, 3, 1]], "control": {"player_key": 17, "key_door": 17}, "info": {"regions": 1, "players": 3, "keys": 1, "doors": 4, "enemies": 4, "player_key": 2, "key_door": 10, "pk_path": [[10, 5], [10, 6], [9, 6]], "kd_path": []}, "quality": 0.4958881578788305, "diversity": 0.9901960620915038, "controlability": 0.3999999997333333}