{"content": {"layout": [13, 10, 15, 0, 0, 14, 5, 1, 12, 15, 13, 2, 5, 10, 0, 0], "start": 6, "boss": 13, "shop": 5, "treasure": 7}, "control": {"map_size": 14}, "info": {"map_size": 12, "num_regions": 1, "connect_regions": 5, "loose_connections": 15, "locations": 4, "player_boss_distance": 3, "flat": [0, 0, 0, 0, 2, 0, 0, 2, 0, 0, 0, 0, 2, 1, 2, 0, 1, 0, 2, 1, 2, 0, 0, 0, 0, 2, 0, 0, 2, 0, 0, 2, 0, 0, 0, 0, 0, 0, 0, 0, 2, 0, 0, 0, 0, 0, 0, 0, 0, 0, 0, 0, 1, 2, 2, 1, 2, 2, 1, 0, 0, 0, 0, 0, 2, 0, 0, 0, 0, 0, 0, 0, 0, 0, 0, 0, 2, 0, 0, 0, 0, 0, 2, 0, 0, 1, 2, 2, 1, 2, 2, 1, 2, 0, 1, 0, 0, 2, 0, 0, 2, 0, 0, 2, 0, 0, 0, 0, 0, 0, 0, 0, 2, 0, 0, 0, 0, 0, 0, 0, 2, 1, 2, 0, 1, 0, 0, 0, 0, 0, 0, 0, 0, 0, 0, 0, 2, 0, 0, 0, 0, 0, 0, 0], "dead_end": 1}, "quality": 0.5599999999266667, "diversity": 0.8656249867610678, "controlability": 0.18749999970703118}