{"content": {"layout": [4, 9, 15, 13, 13, 14, 5, 5, 15, 15, 15, 15, 2, 14, 7, 11], "start": 5, "boss": 12, "shop": 12, "treasure": 0}, "control": {"map_size": 11}, "info": {"map_size": 16, "num_regions": 1, "connect_regions": 2, "loose_connections": 14, "locations": 3, "player_boss_distance": 17, "flat": [0, 0, 0, 0, 0, 0, 0, 2, 0, 0, 0, 0, 0, 1, 2, 2, 1, 0, 2, 1, 2, 2, 1, 2, 0, 0, 0, 0, 2, 0, 0, 2, 0, 0, 2, 0, 0, 0, 0, 0, 2, 0, 0, 0, 0, 0, 0, 0, 2, 1, 2, 0, 1, 2, 2, 1, 2, 2, 1, 2, 0, 2, 0, 0, 2, 0, 0, 0, 0, 0, 0, 0, 0, 2, 0, 0, 2, 0, 0, 2, 0, 0, 2, 0, 2, 1, 2, 2, 1, 2, 2, 1, 2, 2, 1, 2, 0, 2, 0, 0, 2, 0, 0, 2, 0, 0, 2, 0, 0, 2, 0, 0, 2, 0, 0, 2, 0, 0, 2, 0, 0, 1, 0, 0, 1, 2, 2, 1, 2, 2, 1, 0, 0, 0, 0, 0, 2, 0, 0, 0, 0, 0, 2, 0], "dead_end": 3}, "quality": 0.5899999999066667, "diversity": 0.5316751612273687, "controlability": 1.0}