{"content": [[5, 5, 1, 1, 2, 5, 4, 7], [5, 0, 5, 4, 7, 7, 4, 2], [6, 0, 1, 4, 2, 7, 3, 1], [0, 7, 1, 0, 0, 5, 1, 6], [1, 7, 1, 6, 6, 4, 6, 0], [2, 6, 6, 6, 5, 1, 7, 4], [0, 4, 0, 4, 0, 6, 0, 5], [4, 7, 7, 0, 7, 5, 1, 7], [5, 6, 4, 5, 0, 4, 3, 0], [7, 7, 0, 3, 4, 6, 7, 0], [1, 1, 6, 1, 5, 4, 1, 0], [0, 6, 7, 6, 6, 1, 1, 2]], "control": {"col_treasures": 18, "solution_length": 46}, "info": {"regions": 1, "players": 5, "exits": 3, "layout": 33, "heuristic": -1, "solution": [], "content": [[5, 5, 1, 1, 2, 5, 4, 7], [5, 0, 5, 4, 7, 7, 4, 2], [6, 0, 1, 4, 2, 7, 3, 1], [0, 7, 1, 0, 0, 5, 1, 6], [1, 7, 1, 6, 6, 4, 6, 0], [2, 6, 6, 6, 5, 1, 7, 4], [0, 4, 0, 4, 0, 6, 0, 5], [4, 7, 7, 0, 7, 5, 1, 7], [5, 6, 4, 5, 0, 4, 3, 0], [7, 7, 0, 3, 4, 6, 7, 0], [1, 1, 6, 1, 5, 4, 1, 0], [0, 6, 7, 6, 6, 1, 1, 2]], "potions": 13, "treasures": 12, "enemies": 30, "solution_length": 0, "enemies_loc": [[7, 0], [4, 1], [5, 1], [0, 2], [5, 2], [1, 3], [7, 3], [1, 4], [3, 4], [4, 4], [6, 4], [1, 5], [2, 5], [3, 5], [6, 5], [5, 6], [1, 7], [2, 7], [4, 7], [7, 7], [1, 8], [0, 9], [1, 9], [5, 9], [6, 9], [2, 10], [1, 11], [2, 11], [3, 11], [4, 11]]}, "quality": 0.30828947366107, "diversity": 0.36331299965701247, "controlability": 0.0}