{"content": [[1, 3, 7, 1, 2, 1, 4, 0], [0, 2, 1, 0, 1, 7, 4, 0], [0, 0, 1, 4, 4, 6, 7, 1], [4, 2, 1, 4, 0, 7, 1, 0], [1, 7, 6, 1, 1, 3, 2, 0], [1, 6, 0, 6, 1, 1, 6, 5], [0, 1, 4, 0, 0, 6, 1, 1], [4, 4, 4, 0, 5, 0, 6, 1], [5, 4, 4, 5, 5, 4, 1, 1], [1, 0, 1, 5, 1, 4, 1, 3], [5, 2, 6, 1, 0, 1, 7, 1], [5, 6, 2, 6, 6, 1, 4, 2]], "control": {"col_treasures": 18, "solution_length": 45}, "info": {"regions": 1, "players": 7, "exits": 3, "layout": 46, "heuristic": -1, "solution": [], "content": [[1, 3, 7, 1, 2, 1, 4, 0], [0, 2, 1, 0, 1, 7, 4, 0], [0, 0, 1, 4, 4, 6, 7, 1], [4, 2, 1, 4, 0, 7, 1, 0], [1, 7, 6, 1, 1, 3, 2, 0], [1, 6, 0, 6, 1, 1, 6, 5], [0, 1, 4, 0, 0, 6, 1, 1], [4, 4, 4, 0, 5, 0, 6, 1], [5, 4, 4, 5, 5, 4, 1, 1], [1, 0, 1, 5, 1, 4, 1, 3], [5, 2, 6, 1, 0, 1, 7, 1], [5, 6, 2, 6, 6, 1, 4, 2]], "potions": 15, "treasures": 8, "enemies": 17, "solution_length": 0, "enemies_loc": [[2, 0], [5, 1], [5, 2], [6, 2], [5, 3], [1, 4], [2, 4], [1, 5], [3, 5], [6, 5], [5, 6], [6, 7], [2, 10], [6, 10], [1, 11], [3, 11], [4, 11]]}, "quality": 0.32494152044108193, "diversity": 0.4066840196940107, "controlability": 0.0}