{"content": [[1, 1, 1, 1, 2, 7, 4, 6], [6, 2, 7, 0, 2, 7, 5, 0], [2, 5, 1, 1, 4, 6, 5, 1], [0, 7, 1, 4, 0, 4, 0, 3], [0, 7, 6, 6, 6, 1, 6, 0], [1, 6, 1, 0, 1, 2, 1, 0], [2, 1, 4, 0, 4, 7, 1, 5], [5, 0, 7, 0, 7, 4, 4, 7], [2, 7, 1, 5, 5, 1, 0, 1], [1, 6, 7, 3, 0, 1, 3, 0], [2, 0, 6, 1, 7, 0, 0, 1], [0, 5, 6, 1, 2, 1, 1, 2]], "control": {"col_treasures": 8, "solution_length": 30}, "info": {"regions": 1, "players": 10, "exits": 3, "layout": 44, "heuristic": -1, "solution": [], "content": [[1, 1, 1, 1, 2, 7, 4, 6], [6, 2, 7, 0, 2, 7, 5, 0], [2, 5, 1, 1, 4, 6, 5, 1], [0, 7, 1, 4, 0, 4, 0, 3], [0, 7, 6, 6, 6, 1, 6, 0], [1, 6, 1, 0, 1, 2, 1, 0], [2, 1, 4, 0, 4, 7, 1, 5], [5, 0, 7, 0, 7, 4, 4, 7], [2, 7, 1, 5, 5, 1, 0, 1], [1, 6, 7, 3, 0, 1, 3, 0], [2, 0, 6, 1, 7, 0, 0, 1], [0, 5, 6, 1, 2, 1, 1, 2]], "potions": 8, "treasures": 8, "enemies": 23, "solution_length": 0, "enemies_loc": [[5, 0], [7, 0], [0, 1], [2, 1], [5, 1], [5, 2], [1, 3], [1, 4], [2, 4], [3, 4], [4, 4], [6, 4], [1, 5], [5, 6], [2, 7], [4, 7], [7, 7], [1, 8], [1, 9], [2, 9], [2, 10], [4, 10], [2, 11]]}, "quality": 0.32005847950620975, "diversity": 0.33454860316406265, "controlability": 0.0}