{"content": [[1, 1, 1, 1, 7, 7, 1, 7], [5, 7, 5, 5, 1, 7, 6, 1], [2, 0, 4, 7, 5, 1, 0, 1], [0, 1, 1, 0, 0, 4, 1, 4], [1, 0, 1, 0, 6, 3, 5, 0], [1, 6, 3, 1, 1, 1, 7, 4], [3, 1, 4, 7, 0, 1, 0, 5], [5, 0, 4, 0, 7, 2, 4, 5], [3, 0, 7, 5, 0, 4, 0, 0], [2, 1, 1, 1, 0, 1, 4, 0], [5, 0, 1, 1, 7, 1, 0, 1], [0, 0, 5, 7, 2, 1, 4, 2]], "control": {"col_treasures": 18, "solution_length": 45}, "info": {"regions": 1, "players": 5, "exits": 4, "layout": 51, "heuristic": -1, "solution": [], "content": [[1, 1, 1, 1, 7, 7, 1, 7], [5, 7, 5, 5, 1, 7, 6, 1], [2, 0, 4, 7, 5, 1, 0, 1], [0, 1, 1, 0, 0, 4, 1, 4], [1, 0, 1, 0, 6, 3, 5, 0], [1, 6, 3, 1, 1, 1, 7, 4], [3, 1, 4, 7, 0, 1, 0, 5], [5, 0, 4, 0, 7, 2, 4, 5], [3, 0, 7, 5, 0, 4, 0, 0], [2, 1, 1, 1, 0, 1, 4, 0], [5, 0, 1, 1, 7, 1, 0, 1], [0, 0, 5, 7, 2, 1, 4, 2]], "potions": 10, "treasures": 11, "enemies": 15, "solution_length": 0, "enemies_loc": [[4, 0], [5, 0], [7, 0], [1, 1], [5, 1], [6, 1], [3, 2], [4, 4], [1, 5], [6, 5], [3, 6], [4, 7], [2, 8], [4, 10], [3, 11]]}, "quality": 0.3284210526180609, "diversity": 0.3245563195095488, "controlability": 0.0}