{"content": [[1, 1, 1, 1, 6, 5, 5, 0], [0, 0, 5, 7, 6, 3, 2, 0], [0, 0, 7, 1, 4, 6, 2, 1], [5, 2, 7, 4, 0, 7, 0, 0], [3, 1, 1, 1, 1, 1, 7, 2], [1, 7, 0, 1, 1, 2, 1, 4], [0, 1, 7, 0, 5, 7, 1, 5], [1, 0, 6, 0, 0, 2, 1, 3], [2, 0, 1, 5, 5, 4, 1, 4], [1, 0, 1, 0, 0, 4, 6, 1], [5, 0, 1, 7, 4, 1, 0, 1], [5, 3, 2, 1, 2, 1, 4, 1]], "control": {"col_treasures": 8, "solution_length": 30}, "info": {"regions": 1, "players": 9, "exits": 4, "layout": 51, "heuristic": -1, "solution": [], "content": [[1, 1, 1, 1, 6, 5, 5, 0], [0, 0, 5, 7, 6, 3, 2, 0], [0, 0, 7, 1, 4, 6, 2, 1], [5, 2, 7, 4, 0, 7, 0, 0], [3, 1, 1, 1, 1, 1, 7, 2], [1, 7, 0, 1, 1, 2, 1, 4], [0, 1, 7, 0, 5, 7, 1, 5], [1, 0, 6, 0, 0, 2, 1, 3], [2, 0, 1, 5, 5, 4, 1, 4], [1, 0, 1, 0, 0, 4, 6, 1], [5, 0, 1, 7, 4, 1, 0, 1], [5, 3, 2, 1, 2, 1, 4, 1]], "potions": 8, "treasures": 10, "enemies": 14, "solution_length": 0, "enemies_loc": [[4, 0], [3, 1], [4, 1], [2, 2], [5, 2], [2, 3], [5, 3], [6, 4], [1, 5], [2, 6], [5, 6], [2, 7], [6, 9], [3, 10]]}, "quality": 0.32561403507449677, "diversity": 0.3140624925055806, "controlability": 0.0}