{"content": [[1, 1, 1, 1, 0, 5, 5, 7], [4, 0, 7, 0, 7, 7, 4, 1], [2, 0, 4, 3, 5, 1, 5, 1], [0, 2, 1, 6, 0, 4, 1, 3], [1, 0, 7, 1, 6, 5, 7, 0], [1, 6, 1, 0, 1, 0, 1, 0], [2, 1, 4, 4, 0, 1, 1, 5], [5, 1, 7, 0, 7, 7, 4, 5], [5, 0, 6, 5, 5, 4, 5, 4], [2, 6, 7, 6, 0, 4, 4, 0], [5, 5, 1, 1, 7, 1, 0, 1], [0, 5, 4, 7, 2, 1, 4, 2]], "control": {"col_treasures": 18, "solution_length": 45}, "info": {"regions": 1, "players": 6, "exits": 2, "layout": 42, "heuristic": -1, "solution": [], "content": [[1, 1, 1, 1, 0, 5, 5, 7], [4, 0, 7, 0, 7, 7, 4, 1], [2, 0, 4, 3, 5, 1, 5, 1], [0, 2, 1, 6, 0, 4, 1, 3], [1, 0, 7, 1, 6, 5, 7, 0], [1, 6, 1, 0, 1, 0, 1, 0], [2, 1, 4, 4, 0, 1, 1, 5], [5, 1, 7, 0, 7, 7, 4, 5], [5, 0, 6, 5, 5, 4, 5, 4], [2, 6, 7, 6, 0, 4, 4, 0], [5, 5, 1, 1, 7, 1, 0, 1], [0, 5, 4, 7, 2, 1, 4, 2]], "potions": 13, "treasures": 15, "enemies": 18, "solution_length": 0, "enemies_loc": [[7, 0], [2, 1], [4, 1], [5, 1], [3, 3], [2, 4], [4, 4], [6, 4], [1, 5], [2, 7], [4, 7], [5, 7], [2, 8], [1, 9], [2, 9], [3, 9], [4, 10], [3, 11]]}, "quality": 0.3207894736584659, "diversity": 0.36529355261008545, "controlability": 0.0}