{"content": [[1, 1, 7, 1, 6, 5, 5, 0], [0, 2, 0, 0, 1, 3, 4, 0], [0, 0, 1, 1, 4, 6, 2, 1], [4, 2, 1, 6, 0, 7, 0, 0], [3, 1, 6, 1, 1, 3, 2, 2], [1, 6, 0, 4, 1, 7, 6, 4], [0, 1, 5, 0, 0, 7, 1, 5], [4, 0, 3, 0, 7, 4, 1, 1], [2, 0, 1, 5, 5, 4, 1, 1], [1, 0, 1, 5, 1, 4, 6, 0], [2, 0, 6, 7, 4, 1, 7, 1], [5, 6, 7, 1, 6, 1, 4, 1]], "control": {"col_treasures": 4, "solution_length": 23}, "info": {"regions": 1, "players": 7, "exits": 4, "layout": 48, "heuristic": -1, "solution": [], "content": [[1, 1, 7, 1, 6, 5, 5, 0], [0, 2, 0, 0, 1, 3, 4, 0], [0, 0, 1, 1, 4, 6, 2, 1], [4, 2, 1, 6, 0, 7, 0, 0], [3, 1, 6, 1, 1, 3, 2, 2], [1, 6, 0, 4, 1, 7, 6, 4], [0, 1, 5, 0, 0, 7, 1, 5], [4, 0, 3, 0, 7, 4, 1, 1], [2, 0, 1, 5, 5, 4, 1, 1], [1, 0, 1, 5, 1, 4, 6, 0], [2, 0, 6, 7, 4, 1, 7, 1], [5, 6, 7, 1, 6, 1, 4, 1]], "potions": 11, "treasures": 8, "enemies": 18, "solution_length": 0, "enemies_loc": [[2, 0], [4, 0], [5, 2], [3, 3], [5, 3], [2, 4], [1, 5], [5, 5], [6, 5], [5, 6], [4, 7], [6, 9], [2, 10], [3, 10], [6, 10], [1, 11], [2, 11], [4, 11]]}, "quality": 0.32701754384627885, "diversity": 0.3437499919164545, "controlability": 0.0}