{"content": [[0, 6, 3, 1, 2, 4, 1, 5], [0, 2, 7, 0, 6, 5, 7, 1], [6, 5, 7, 4, 0, 1, 2, 0], [5, 7, 1, 0, 0, 7, 1, 0], [1, 5, 6, 1, 6, 1, 6, 0], [3, 6, 4, 7, 5, 1, 6, 0], [1, 0, 4, 7, 0, 1, 0, 1], [4, 0, 1, 7, 7, 2, 1, 7], [2, 0, 1, 5, 0, 4, 5, 1], [1, 6, 7, 6, 0, 4, 1, 0], [1, 0, 6, 1, 7, 6, 0, 0], [0, 6, 6, 0, 6, 4, 5, 4]], "control": {"col_treasures": 4, "solution_length": 23}, "info": {"regions": 1, "players": 5, "exits": 2, "layout": 44, "heuristic": -1, "solution": [], "content": [[0, 6, 3, 1, 2, 4, 1, 5], [0, 2, 7, 0, 6, 5, 7, 1], [6, 5, 7, 4, 0, 1, 2, 0], [5, 7, 1, 0, 0, 7, 1, 0], [1, 5, 6, 1, 6, 1, 6, 0], [3, 6, 4, 7, 5, 1, 6, 0], [1, 0, 4, 7, 0, 1, 0, 1], [4, 0, 1, 7, 7, 2, 1, 7], [2, 0, 1, 5, 0, 4, 5, 1], [1, 6, 7, 6, 0, 4, 1, 0], [1, 0, 6, 1, 7, 6, 0, 0], [0, 6, 6, 0, 6, 4, 5, 4]], "potions": 9, "treasures": 9, "enemies": 27, "solution_length": 0, "enemies_loc": [[1, 0], [2, 1], [4, 1], [6, 1], [0, 2], [2, 2], [1, 3], [5, 3], [2, 4], [4, 4], [6, 4], [1, 5], [3, 5], [6, 5], [3, 6], [3, 7], [4, 7], [7, 7], [1, 9], [2, 9], [3, 9], [2, 10], [4, 10], [5, 10], [1, 11], [2, 11], [4, 11]]}, "quality": 0.324269005821556, "diversity": 0.6953124951171876, "controlability": 0.0}