{"content": [[1, 1, 7, 1, 0, 4, 5, 7], [3, 2, 0, 5, 1, 7, 5, 0], [0, 5, 1, 1, 4, 7, 6, 1], [7, 2, 1, 0, 0, 7, 1, 7], [0, 5, 6, 0, 6, 4, 6, 6], [1, 4, 1, 0, 1, 7, 0, 0], [2, 1, 6, 7, 0, 1, 0, 7], [5, 0, 6, 0, 7, 4, 4, 1], [5, 0, 6, 5, 6, 0, 0, 1], [5, 1, 7, 1, 6, 1, 4, 0], [5, 3, 6, 7, 4, 6, 0, 1], [5, 5, 6, 2, 6, 1, 4, 4]], "control": {"col_treasures": 18, "solution_length": 45}, "info": {"regions": 1, "players": 4, "exits": 2, "layout": 41, "heuristic": -1, "solution": [], "content": [[1, 1, 7, 1, 0, 4, 5, 7], [3, 2, 0, 5, 1, 7, 5, 0], [0, 5, 1, 1, 4, 7, 6, 1], [7, 2, 1, 0, 0, 7, 1, 7], [0, 5, 6, 0, 6, 4, 6, 6], [1, 4, 1, 0, 1, 7, 0, 0], [2, 1, 6, 7, 0, 1, 0, 7], [5, 0, 6, 0, 7, 4, 4, 1], [5, 0, 6, 5, 6, 0, 0, 1], [5, 1, 7, 1, 6, 1, 4, 0], [5, 3, 6, 7, 4, 6, 0, 1], [5, 5, 6, 2, 6, 1, 4, 4]], "potions": 10, "treasures": 12, "enemies": 27, "solution_length": 0, "enemies_loc": [[2, 0], [7, 0], [5, 1], [5, 2], [6, 2], [0, 3], [5, 3], [7, 3], [2, 4], [4, 4], [6, 4], [7, 4], [5, 5], [2, 6], [3, 6], [7, 6], [2, 7], [4, 7], [2, 8], [4, 8], [2, 9], [4, 9], [2, 10], [3, 10], [5, 10], [2, 11], [4, 11]]}, "quality": 0.32080409354164846, "diversity": 0.3220796054896765, "controlability": 0.0}