{"content": [[0, 3, 3, 1, 2, 5, 1, 5], [0, 7, 5, 0, 6, 7, 6, 1], [6, 5, 7, 1, 0, 1, 7, 1], [0, 7, 1, 0, 0, 4, 1, 0], [1, 5, 6, 4, 6, 1, 7, 0], [3, 6, 2, 7, 5, 1, 0, 0], [6, 0, 4, 0, 0, 0, 0, 1], [4, 0, 1, 0, 7, 4, 2, 7], [2, 0, 1, 4, 0, 4, 5, 1], [1, 6, 0, 6, 0, 4, 1, 5], [2, 0, 6, 1, 5, 6, 0, 0], [0, 6, 5, 0, 1, 4, 5, 4]], "control": {"col_treasures": 4, "solution_length": 23}, "info": {"regions": 1, "players": 5, "exits": 3, "layout": 46, "heuristic": -1, "solution": [], "content": [[0, 3, 3, 1, 2, 5, 1, 5], [0, 7, 5, 0, 6, 7, 6, 1], [6, 5, 7, 1, 0, 1, 7, 1], [0, 7, 1, 0, 0, 4, 1, 0], [1, 5, 6, 4, 6, 1, 7, 0], [3, 6, 2, 7, 5, 1, 0, 0], [6, 0, 4, 0, 0, 0, 0, 1], [4, 0, 1, 0, 7, 4, 2, 7], [2, 0, 1, 4, 0, 4, 5, 1], [1, 6, 0, 6, 0, 4, 1, 5], [2, 0, 6, 1, 5, 6, 0, 0], [0, 6, 5, 0, 1, 4, 5, 4]], "potions": 10, "treasures": 11, "enemies": 21, "solution_length": 0, "enemies_loc": [[1, 1], [4, 1], [5, 1], [6, 1], [0, 2], [2, 2], [6, 2], [1, 3], [2, 4], [4, 4], [6, 4], [1, 5], [3, 5], [0, 6], [4, 7], [7, 7], [1, 9], [3, 9], [2, 10], [5, 10], [1, 11]]}, "quality": 0.326345029212864, "diversity": 0.291334212840758, "controlability": 0.0}