{"content": [[5, 3, 7, 2, 2, 5, 4, 6], [5, 2, 7, 0, 0, 6, 7, 1], [2, 4, 7, 5, 4, 2, 5, 1], [0, 2, 1, 4, 0, 4, 1, 4], [0, 1, 1, 1, 3, 4, 6, 0], [3, 4, 1, 7, 3, 4, 6, 4], [6, 7, 4, 1, 0, 1, 0, 7], [4, 0, 7, 0, 1, 3, 1, 4], [6, 0, 4, 5, 0, 5, 1, 5], [1, 6, 6, 6, 1, 0, 1, 2], [0, 5, 6, 1, 4, 6, 0, 0], [6, 5, 6, 0, 7, 1, 4, 1]], "control": {"col_treasures": 4, "solution_length": 23}, "info": {"regions": 1, "players": 7, "exits": 5, "layout": 36, "heuristic": -1, "solution": [], "content": [[5, 3, 7, 2, 2, 5, 4, 6], [5, 2, 7, 0, 0, 6, 7, 1], [2, 4, 7, 5, 4, 2, 5, 1], [0, 2, 1, 4, 0, 4, 1, 4], [0, 1, 1, 1, 3, 4, 6, 0], [3, 4, 1, 7, 3, 4, 6, 4], [6, 7, 4, 1, 0, 1, 0, 7], [4, 0, 7, 0, 1, 3, 1, 4], [6, 0, 4, 5, 0, 5, 1, 5], [1, 6, 6, 6, 1, 0, 1, 2], [0, 5, 6, 1, 4, 6, 0, 0], [6, 5, 6, 0, 7, 1, 4, 1]], "potions": 16, "treasures": 10, "enemies": 22, "solution_length": 0, "enemies_loc": [[2, 0], [7, 0], [2, 1], [5, 1], [6, 1], [2, 2], [6, 4], [3, 5], [6, 5], [0, 6], [1, 6], [7, 6], [2, 7], [0, 8], [1, 9], [2, 9], [3, 9], [2, 10], [5, 10], [0, 11], [2, 11], [4, 11]]}, "quality": 0.30964912278330453, "diversity": 0.35229491345825226, "controlability": 0.0}