{"content": [[3, 1, 7, 4, 4, 4, 0, 1], [5, 0, 0, 0, 3, 7, 1, 1], [7, 5, 2, 3, 0, 1, 4, 0], [5, 2, 1, 0, 0, 1, 1, 1], [0, 0, 2, 1, 1, 7, 2, 2], [0, 7, 1, 0, 3, 1, 0, 4], [1, 3, 1, 5, 0, 5, 5, 5], [5, 5, 3, 1, 0, 2, 0, 1], [4, 1, 1, 2, 1, 1, 1, 1], [5, 6, 0, 0, 6, 0, 1, 0], [2, 0, 1, 2, 2, 7, 0, 6], [5, 6, 3, 3, 1, 1, 4, 6]], "control": {"col_treasures": 4, "solution_length": 23}, "info": {"regions": 1, "players": 10, "exits": 8, "layout": 49, "heuristic": -1, "solution": [], "content": [[3, 1, 7, 4, 4, 4, 0, 1], [5, 0, 0, 0, 3, 7, 1, 1], [7, 5, 2, 3, 0, 1, 4, 0], [5, 2, 1, 0, 0, 1, 1, 1], [0, 0, 2, 1, 1, 7, 2, 2], [0, 7, 1, 0, 3, 1, 0, 4], [1, 3, 1, 5, 0, 5, 5, 5], [5, 5, 3, 1, 0, 2, 0, 1], [4, 1, 1, 2, 1, 1, 1, 1], [5, 6, 0, 0, 6, 0, 1, 0], [2, 0, 1, 2, 2, 7, 0, 6], [5, 6, 3, 3, 1, 1, 4, 6]], "potions": 7, "treasures": 11, "enemies": 11, "solution_length": 0, "enemies_loc": [[2, 0], [5, 1], [0, 2], [5, 4], [1, 5], [1, 9], [4, 9], [5, 10], [7, 10], [1, 11], [7, 11]]}, "quality": 0.32210526314504156, "diversity": 0.33707967037417763, "controlability": 0.0}