{"content": [[1, 1, 1, 1, 7, 1, 1, 0], [5, 6, 5, 5, 1, 7, 4, 0], [0, 0, 4, 4, 4, 1, 1, 5], [0, 2, 1, 0, 0, 7, 1, 4], [4, 0, 1, 0, 6, 3, 5, 0], [1, 6, 0, 6, 1, 1, 7, 5], [6, 4, 7, 7, 0, 1, 0, 5], [5, 4, 4, 0, 7, 2, 4, 6], [3, 1, 1, 5, 4, 4, 0, 0], [2, 0, 1, 1, 0, 1, 4, 0], [5, 0, 6, 1, 7, 1, 0, 1], [0, 0, 5, 7, 6, 1, 4, 2]], "control": {"col_treasures": 18, "solution_length": 45}, "info": {"regions": 1, "players": 4, "exits": 2, "layout": 48, "heuristic": -1, "solution": [], "content": [[1, 1, 1, 1, 7, 1, 1, 0], [5, 6, 5, 5, 1, 7, 4, 0], [0, 0, 4, 4, 4, 1, 1, 5], [0, 2, 1, 0, 0, 7, 1, 4], [4, 0, 1, 0, 6, 3, 5, 0], [1, 6, 0, 6, 1, 1, 7, 5], [6, 4, 7, 7, 0, 1, 0, 5], [5, 4, 4, 0, 7, 2, 4, 6], [3, 1, 1, 5, 4, 4, 0, 0], [2, 0, 1, 1, 0, 1, 4, 0], [5, 0, 6, 1, 7, 1, 0, 1], [0, 0, 5, 7, 6, 1, 4, 2]], "potions": 14, "treasures": 11, "enemies": 17, "solution_length": 0, "enemies_loc": [[4, 0], [1, 1], [5, 1], [5, 3], [4, 4], [1, 5], [3, 5], [6, 5], [0, 6], [2, 6], [3, 6], [4, 7], [7, 7], [2, 10], [4, 10], [3, 11], [4, 11]]}, "quality": 0.3305263157757341, "diversity": 0.4184027700954862, "controlability": 0.0}