{"content": [[2, 7, 4, 6, 3, 5, 4, 2], [5, 7, 5, 6, 1, 7, 1, 0], [7, 0, 4, 7, 0, 5, 5, 1], [3, 1, 1, 3, 4, 4, 1, 4], [1, 0, 1, 0, 1, 3, 6, 0], [1, 6, 0, 1, 1, 1, 0, 0], [1, 1, 4, 0, 0, 1, 2, 5], [5, 0, 7, 0, 3, 5, 0, 1], [6, 1, 1, 4, 2, 4, 3, 4], [1, 1, 1, 2, 0, 6, 3, 0], [2, 0, 1, 1, 4, 1, 0, 1], [0, 6, 2, 2, 4, 3, 4, 1]], "control": {"col_treasures": 18, "solution_length": 45}, "info": {"regions": 1, "players": 8, "exits": 8, "layout": 46, "heuristic": -1, "solution": [], "content": [[2, 7, 4, 6, 3, 5, 4, 2], [5, 7, 5, 6, 1, 7, 1, 0], [7, 0, 4, 7, 0, 5, 5, 1], [3, 1, 1, 3, 4, 4, 1, 4], [1, 0, 1, 0, 1, 3, 6, 0], [1, 6, 0, 1, 1, 1, 0, 0], [1, 1, 4, 0, 0, 1, 2, 5], [5, 0, 7, 0, 3, 5, 0, 1], [6, 1, 1, 4, 2, 4, 3, 4], [1, 1, 1, 2, 0, 6, 3, 0], [2, 0, 1, 1, 4, 1, 0, 1], [0, 6, 2, 2, 4, 3, 4, 1]], "potions": 13, "treasures": 8, "enemies": 13, "solution_length": 0, "enemies_loc": [[1, 0], [3, 0], [1, 1], [3, 1], [5, 1], [0, 2], [3, 2], [6, 4], [1, 5], [2, 7], [0, 8], [5, 9], [1, 11]]}, "quality": 0.3207309941257357, "diversity": 0.3122685109895834, "controlability": 0.0}