{"content": [[1, 1, 4, 6, 6, 5, 5, 0], [1, 0, 0, 0, 1, 1, 4, 4], [0, 0, 4, 4, 4, 1, 4, 1], [0, 5, 1, 2, 0, 1, 0, 0], [6, 4, 1, 0, 6, 1, 7, 0], [1, 3, 0, 2, 1, 7, 0, 4], [0, 5, 6, 0, 1, 0, 0, 5], [4, 0, 1, 0, 7, 0, 0, 1], [5, 0, 4, 5, 6, 7, 1, 4], [4, 1, 1, 4, 5, 4, 1, 6], [6, 0, 1, 1, 4, 6, 4, 4], [0, 0, 7, 0, 5, 1, 4, 1]], "control": {"col_treasures": 18, "solution_length": 45}, "info": {"regions": 1, "players": 2, "exits": 1, "layout": 51, "heuristic": -1, "solution": [], "content": [[1, 1, 4, 6, 6, 5, 5, 0], [1, 0, 0, 0, 1, 1, 4, 4], [0, 0, 4, 4, 4, 1, 4, 1], [0, 5, 1, 2, 0, 1, 0, 0], [6, 4, 1, 0, 6, 1, 7, 0], [1, 3, 0, 2, 1, 7, 0, 4], [0, 5, 6, 0, 1, 0, 0, 5], [4, 0, 1, 0, 7, 0, 0, 1], [5, 0, 4, 5, 6, 7, 1, 4], [4, 1, 1, 4, 5, 4, 1, 6], [6, 0, 1, 1, 4, 6, 4, 4], [0, 0, 7, 0, 5, 1, 4, 1]], "potions": 19, "treasures": 9, "enemies": 14, "solution_length": 0, "enemies_loc": [[3, 0], [4, 0], [0, 4], [4, 4], [6, 4], [5, 5], [2, 6], [4, 7], [4, 8], [5, 8], [7, 9], [0, 10], [5, 10], [2, 11]]}, "quality": 0.3326315789404248, "diversity": 0.2606507428283009, "controlability": 0.0}