{"content": [[1, 1, 1, 0, 1, 1, 1, 1, 0, 1, 0], [1, 1, 1, 1, 0, 1, 1, 0, 0, 1, 0], [1, 2, 1, 1, 1, 1, 1, 5, 1, 1, 0], [0, 1, 0, 0, 0, 1, 0, 1, 0, 1, 0], [0, 1, 0, 1, 1, 5, 1, 1, 1, 1, 1], [1, 5, 1, 1, 5, 0, 1, 1, 5, 0, 1], [5, 4, 0, 0, 1, 1, 0, 0, 1, 3, 1]], "control": {"player_key": 17, "key_door": 17}, "info": {"regions": 1, "players": 1, "keys": 1, "doors": 1, "enemies": 6, "player_key": 12, "key_door": 12, "pk_path": [[1, 2], [2, 2], [3, 2], [4, 2], [5, 2], [5, 3], [5, 4], [6, 4], [6, 5], [7, 5], [8, 5], [8, 6], [9, 6]], "kd_path": []}, "quality": 0.9982876712245496, "diversity": 0.7740354735815337, "controlability": 0.7999999994666667}