{"content": [[0, 1, 1, 0, 1, 1, 1, 1, 0, 1, 0], [1, 1, 1, 1, 0, 5, 1, 0, 0, 1, 0], [1, 0, 1, 1, 1, 1, 1, 5, 1, 1, 1], [5, 1, 0, 0, 0, 1, 0, 1, 0, 1, 0], [1, 5, 1, 0, 2, 1, 0, 1, 1, 1, 1], [1, 0, 1, 5, 4, 0, 1, 1, 5, 0, 0], [1, 0, 0, 0, 1, 1, 0, 0, 1, 3, 1]], "control": {"player_key": 17, "key_door": 17}, "info": {"regions": 1, "players": 1, "keys": 1, "doors": 1, "enemies": 6, "player_key": 11, "key_door": 12, "pk_path": [[4, 4], [5, 4], [5, 3], [5, 2], [6, 2], [7, 2], [7, 3], [7, 4], [7, 5], [8, 5], [8, 6], [9, 6]], "kd_path": []}, "quality": 0.9982876712245496, "diversity": 0.9750514189386154, "controlability": 0.7666666661555555}