{"content": [[1, 1, 1, 0, 1, 1, 1, 1, 0, 1, 0], [1, 1, 3, 1, 0, 1, 1, 0, 0, 1, 0], [1, 1, 1, 1, 2, 1, 1, 5, 1, 1, 0], [2, 1, 0, 0, 0, 1, 0, 1, 0, 1, 0], [1, 5, 1, 1, 1, 1, 1, 1, 1, 1, 1], [1, 0, 1, 1, 4, 0, 1, 1, 5, 0, 1], [1, 0, 0, 0, 1, 1, 0, 0, 1, 3, 1]], "control": {"player_key": 17, "key_door": 17}, "info": {"regions": 1, "players": 2, "keys": 2, "doors": 1, "enemies": 3, "player_key": 3, "key_door": 8, "pk_path": [[4, 2], [3, 2], [3, 1], [2, 1]], "kd_path": []}, "quality": 0.4983552631416638, "diversity": 0.0625, "controlability": 0.36666666642222223}