{"content": [[1, 1, 1, 1, 7, 3, 5, 1], [5, 0, 0, 0, 1, 7, 5, 5], [0, 2, 6, 1, 4, 1, 7, 1], [0, 5, 7, 0, 0, 1, 0, 0], [6, 0, 1, 0, 6, 1, 7, 0], [1, 4, 0, 0, 7, 0, 7, 4], [0, 5, 6, 1, 0, 5, 1, 5], [5, 0, 6, 0, 7, 1, 0, 1], [6, 0, 4, 5, 1, 3, 0, 1], [5, 0, 5, 7, 1, 4, 7, 1], [6, 5, 7, 1, 7, 0, 0, 1], [5, 6, 1, 0, 7, 7, 1, 1]], "control": {"col_treasures": 18, "solution_length": 45}, "info": {"regions": 1, "players": 1, "exits": 2, "layout": 52, "heuristic": -1, "solution": [], "content": [[1, 1, 1, 1, 7, 3, 5, 1], [5, 0, 0, 0, 1, 7, 5, 5], [0, 2, 6, 1, 4, 1, 7, 1], [0, 5, 7, 0, 0, 1, 0, 0], [6, 0, 1, 0, 6, 1, 7, 0], [1, 4, 0, 0, 7, 0, 7, 4], [0, 5, 6, 1, 0, 5, 1, 5], [5, 0, 6, 0, 7, 1, 0, 1], [6, 0, 4, 5, 1, 3, 0, 1], [5, 0, 5, 7, 1, 4, 7, 1], [6, 5, 7, 1, 7, 0, 0, 1], [5, 6, 1, 0, 7, 7, 1, 1]], "potions": 5, "treasures": 14, "enemies": 22, "solution_length": 0, "enemies_loc": [[4, 0], [5, 1], [2, 2], [6, 2], [2, 3], [0, 4], [4, 4], [6, 4], [4, 5], [6, 5], [2, 6], [2, 7], [4, 7], [0, 8], [3, 9], [6, 9], [0, 10], [2, 10], [4, 10], [1, 11], [4, 11], [5, 11]]}, "quality": 0.3326315789404248, "diversity": 0.2967802960653413, "controlability": 0.0}