{"content": [[1, 7, 1, 1, 7, 5, 7, 2], [0, 7, 0, 0, 4, 7, 1, 1], [0, 6, 7, 1, 7, 6, 6, 1], [0, 1, 1, 0, 4, 7, 6, 5], [6, 7, 5, 5, 0, 1, 0, 6], [1, 6, 0, 7, 6, 6, 6, 4], [0, 7, 6, 2, 1, 7, 0, 5], [7, 7, 0, 0, 1, 0, 7, 1], [7, 0, 6, 1, 0, 4, 1, 1], [1, 6, 7, 7, 6, 4, 1, 6], [6, 3, 7, 1, 7, 6, 0, 1], [1, 0, 6, 6, 7, 1, 0, 1]], "control": {"col_treasures": 8, "solution_length": 30}, "info": {"regions": 1, "players": 2, "exits": 1, "layout": 43, "heuristic": -1, "solution": [], "content": [[1, 7, 1, 1, 7, 5, 7, 2], [0, 7, 0, 0, 4, 7, 1, 1], [0, 6, 7, 1, 7, 6, 6, 1], [0, 1, 1, 0, 4, 7, 6, 5], [6, 7, 5, 5, 0, 1, 0, 6], [1, 6, 0, 7, 6, 6, 6, 4], [0, 7, 6, 2, 1, 7, 0, 5], [7, 7, 0, 0, 1, 0, 7, 1], [7, 0, 6, 1, 0, 4, 1, 1], [1, 6, 7, 7, 6, 4, 1, 6], [6, 3, 7, 1, 7, 6, 0, 1], [1, 0, 6, 6, 7, 1, 0, 1]], "potions": 5, "treasures": 5, "enemies": 40, "solution_length": 0, "enemies_loc": [[1, 0], [4, 0], [6, 0], [1, 1], [5, 1], [1, 2], [2, 2], [4, 2], [5, 2], [6, 2], [5, 3], [6, 3], [0, 4], [1, 4], [7, 4], [1, 5], [3, 5], [4, 5], [5, 5], [6, 5], [1, 6], [2, 6], [5, 6], [0, 7], [1, 7], [6, 7], [0, 8], [2, 8], [1, 9], [2, 9], [3, 9], [4, 9], [7, 9], [0, 10], [2, 10], [4, 10], [5, 10], [2, 11], [3, 11], [4, 11]]}, "quality": 0.3256871344835382, "diversity": 0.3385416597656252, "controlability": 0.0}