{"content": [[1, 1, 7, 4, 4, 5, 4, 1], [0, 2, 5, 1, 4, 7, 5, 0], [0, 5, 4, 1, 4, 6, 6, 1], [0, 7, 1, 0, 0, 7, 2, 0], [1, 0, 1, 6, 6, 1, 7, 6], [1, 4, 0, 7, 1, 6, 1, 4], [0, 7, 5, 1, 1, 7, 4, 6], [5, 0, 1, 0, 1, 0, 1, 1], [4, 0, 4, 0, 0, 4, 4, 1], [4, 7, 1, 5, 4, 4, 1, 3], [6, 0, 4, 4, 4, 6, 0, 0], [4, 5, 7, 0, 7, 1, 4, 6]], "control": {"col_treasures": 8, "solution_length": 30}, "info": {"regions": 1, "players": 2, "exits": 1, "layout": 43, "heuristic": -1, "solution": [], "content": [[1, 1, 7, 4, 4, 5, 4, 1], [0, 2, 5, 1, 4, 7, 5, 0], [0, 5, 4, 1, 4, 6, 6, 1], [0, 7, 1, 0, 0, 7, 2, 0], [1, 0, 1, 6, 6, 1, 7, 6], [1, 4, 0, 7, 1, 6, 1, 4], [0, 7, 5, 1, 1, 7, 4, 6], [5, 0, 1, 0, 1, 0, 1, 1], [4, 0, 4, 0, 0, 4, 4, 1], [4, 7, 1, 5, 4, 4, 1, 3], [6, 0, 4, 4, 4, 6, 0, 0], [4, 5, 7, 0, 7, 1, 4, 6]], "potions": 21, "treasures": 8, "enemies": 21, "solution_length": 0, "enemies_loc": [[2, 0], [5, 1], [5, 2], [6, 2], [1, 3], [5, 3], [3, 4], [4, 4], [6, 4], [7, 4], [3, 5], [5, 5], [1, 6], [5, 6], [7, 6], [1, 9], [0, 10], [5, 10], [2, 11], [4, 11], [7, 11]]}, "quality": 0.3256871344835382, "diversity": 0.29147375860821767, "controlability": 0.0}