{"content": {"layout": [0, 13, 10, 8, 13, 15, 1, 15, 12, 15, 6, 3, 2, 7, 5, 1], "start": 3, "boss": 12, "shop": 12, "treasure": 4}, "control": {"map_size": 11}, "info": {"map_size": 15, "num_regions": 1, "connect_regions": 3, "loose_connections": 11, "locations": 3, "player_boss_distance": 10, "flat": [0, 0, 0, 0, 0, 0, 0, 2, 0, 0, 0, 0, 0, 0, 0, 2, 1, 2, 0, 1, 0, 0, 1, 0, 0, 0, 0, 0, 2, 0, 0, 2, 0, 0, 2, 0, 0, 0, 0, 0, 2, 0, 0, 0, 0, 0, 2, 0, 2, 1, 2, 2, 1, 2, 2, 1, 0, 2, 1, 2, 0, 2, 0, 0, 2, 0, 0, 0, 0, 0, 2, 0, 0, 0, 0, 0, 2, 0, 0, 2, 0, 0, 2, 0, 0, 1, 2, 2, 1, 2, 0, 1, 2, 2, 1, 0, 0, 2, 0, 0, 2, 0, 0, 0, 0, 0, 0, 0, 0, 2, 0, 0, 2, 0, 0, 0, 0, 0, 0, 0, 0, 1, 0, 2, 1, 2, 2, 1, 2, 2, 1, 0, 0, 0, 0, 0, 0, 0, 0, 0, 0, 0, 0, 0], "dead_end": 2}, "quality": 0.5799999999133333, "diversity": 0.2785416625418837, "controlability": 1.0}