{"content": {"layout": [7, 1, 15, 13, 4, 4, 2, 10, 1, 10, 6, 10, 6, 13, 5, 11], "start": 8, "boss": 8, "shop": 13, "treasure": 13}, "control": {"map_size": 11}, "info": {"map_size": 16, "num_regions": 1, "connect_regions": 7, "loose_connections": 15, "locations": 2, "player_boss_distance": -1, "flat": [0, 2, 0, 0, 0, 0, 0, 2, 0, 0, 0, 0, 2, 1, 2, 2, 1, 0, 2, 1, 2, 2, 1, 2, 0, 0, 0, 0, 0, 0, 0, 2, 0, 0, 2, 0, 0, 0, 0, 0, 0, 0, 0, 2, 0, 0, 2, 0, 0, 1, 2, 0, 1, 2, 0, 1, 0, 0, 1, 0, 0, 0, 0, 0, 0, 0, 0, 0, 0, 0, 2, 0, 0, 0, 0, 0, 2, 0, 0, 2, 0, 0, 2, 0, 2, 1, 0, 0, 1, 0, 0, 1, 2, 0, 1, 0, 0, 0, 0, 0, 2, 0, 0, 0, 0, 0, 2, 0, 0, 2, 0, 0, 0, 0, 0, 0, 0, 0, 2, 0, 0, 1, 2, 2, 1, 2, 2, 1, 2, 2, 1, 0, 0, 0, 0, 0, 2, 0, 0, 0, 0, 0, 2, 0], "dead_end": 1}, "quality": 0.53999999994, "diversity": 0.07182355864231016, "controlability": 1.0}