{"content": [[4, 4, 7, 6, 7, 5, 4, 7], [7, 5, 5, 0, 6, 7, 5, 0], [0, 5, 4, 1, 4, 6, 6, 5], [0, 5, 7, 0, 0, 6, 7, 0], [6, 7, 1, 4, 0, 1, 7, 4], [5, 6, 3, 6, 1, 0, 3, 4], [0, 4, 7, 6, 0, 0, 1, 5], [5, 0, 7, 0, 5, 0, 0, 2], [5, 5, 1, 0, 5, 4, 7, 1], [1, 0, 3, 4, 5, 4, 2, 3], [5, 5, 6, 4, 4, 1, 7, 7], [5, 5, 7, 4, 0, 1, 4, 6]], "control": {"col_treasures": 8, "solution_length": 30}, "info": {"regions": 1, "players": 2, "exits": 4, "layout": 29, "heuristic": -1, "solution": [], "content": [[4, 4, 7, 6, 7, 5, 4, 7], [7, 5, 5, 0, 6, 7, 5, 0], [0, 5, 4, 1, 4, 6, 6, 5], [0, 5, 7, 0, 0, 6, 7, 0], [6, 7, 1, 4, 0, 1, 7, 4], [5, 6, 3, 6, 1, 0, 3, 4], [0, 4, 7, 6, 0, 0, 1, 5], [5, 0, 7, 0, 5, 0, 0, 2], [5, 5, 1, 0, 5, 4, 7, 1], [1, 0, 3, 4, 5, 4, 2, 3], [5, 5, 6, 4, 4, 1, 7, 7], [5, 5, 7, 4, 0, 1, 4, 6]], "potions": 16, "treasures": 19, "enemies": 26, "solution_length": 0, "enemies_loc": [[2, 0], [3, 0], [4, 0], [7, 0], [0, 1], [4, 1], [5, 1], [5, 2], [6, 2], [2, 3], [5, 3], [6, 3], [0, 4], [1, 4], [6, 4], [1, 5], [3, 5], [2, 6], [3, 6], [2, 7], [6, 8], [2, 10], [6, 10], [7, 10], [2, 11], [7, 11]]}, "quality": 0.304137426878454, "diversity": 0.2864583267968752, "controlability": 0.0}