{"content": [[0, 1, 0, 1, 1, 1, 1, 1, 0, 1, 0, 1, 1, 0], [0, 1, 1, 1, 0, 0, 1, 1, 1, 1, 1, 1, 1, 1], [1, 1, 1, 1, 0, 1, 0, 0, 0, 1, 1, 1, 1, 1], [0, 0, 1, 0, 1, 1, 1, 1, 0, 1, 0, 0, 1, 0], [0, 0, 0, 1, 0, 1, 1, 0, 1, 1, 1, 1, 1, 1], [1, 1, 1, 1, 1, 1, 1, 0, 1, 1, 1, 0, 0, 0], [0, 1, 1, 1, 1, 1, 1, 1, 1, 1, 1, 1, 1, 1], [0, 0, 1, 1, 0, 0, 1, 0, 1, 0, 1, 1, 1, 0], [1, 0, 1, 0, 0, 1, 0, 1, 1, 1, 0, 1, 1, 0], [1, 1, 1, 1, 1, 1, 1, 1, 1, 1, 1, 1, 1, 1], [0, 1, 0, 0, 1, 0, 1, 0, 0, 0, 0, 1, 1, 0], [0, 1, 0, 0, 1, 1, 0, 0, 0, 1, 0, 1, 1, 1], [0, 1, 1, 1, 0, 0, 1, 1, 1, 1, 1, 1, 1, 1], [0, 1, 0, 1, 1, 0, 1, 1, 0, 0, 1, 1, 1, 0]], "control": {"path": 62}, "info": {"path": 35, "regions": 1, "flat": [0, 1, 0, 1, 1, 1, 1, 1, 0, 1, 0, 1, 1, 0, 0, 1, 1, 1, 0, 0, 1, 1, 1, 1, 1, 1, 1, 1, 1, 1, 1, 1, 0, 1, 0, 0, 0, 1, 1, 1, 1, 1, 0, 0, 1, 0, 1, 1, 1, 1, 0, 1, 0, 0, 1, 0, 0, 0, 0, 1, 0, 1, 1, 0, 1, 1, 1, 1, 1, 1, 1, 1, 1, 1, 1, 1, 1, 0, 1, 1, 1, 0, 0, 0, 0, 1, 1, 1, 1, 1, 1, 1, 1, 1, 1, 1, 1, 1, 0, 0, 1, 1, 0, 0, 1, 0, 1, 0, 1, 1, 1, 0, 1, 0, 1, 0, 0, 1, 0, 1, 1, 1, 0, 1, 1, 0, 1, 1, 1, 1, 1, 1, 1, 1, 1, 1, 1, 1, 1, 1, 0, 1, 0, 0, 1, 0, 1, 0, 0, 0, 0, 1, 1, 0, 0, 1, 0, 0, 1, 1, 0, 0, 0, 1, 0, 1, 1, 1, 0, 1, 1, 1, 0, 0, 1, 1, 1, 1, 1, 1, 1, 1, 0, 1, 0, 1, 1, 0, 1, 1, 0, 0, 1, 1, 1, 0]}, "quality": 1.0, "diversity": 0.5223072561706241, "controlability": 0.6363636362479339}