{"content": [[1, 1, 1, 6, 7, 5, 5, 0], [0, 0, 0, 0, 6, 7, 5, 0], [0, 0, 1, 4, 4, 6, 6, 1], [0, 5, 1, 0, 0, 0, 4, 0], [0, 7, 1, 0, 6, 1, 6, 6], [1, 3, 0, 1, 1, 7, 0, 4], [0, 5, 6, 0, 1, 6, 0, 5], [5, 0, 1, 0, 7, 0, 0, 1], [4, 3, 4, 5, 1, 4, 0, 4], [4, 0, 1, 1, 4, 4, 1, 6], [6, 2, 6, 1, 4, 6, 4, 1], [4, 0, 6, 6, 2, 1, 1, 1]], "control": {"col_treasures": 8, "solution_length": 30}, "info": {"regions": 1, "players": 2, "exits": 2, "layout": 50, "heuristic": -1, "solution": [], "content": [[1, 1, 1, 6, 7, 5, 5, 0], [0, 0, 0, 0, 6, 7, 5, 0], [0, 0, 1, 4, 4, 6, 6, 1], [0, 5, 1, 0, 0, 0, 4, 0], [0, 7, 1, 0, 6, 1, 6, 6], [1, 3, 0, 1, 1, 7, 0, 4], [0, 5, 6, 0, 1, 6, 0, 5], [5, 0, 1, 0, 7, 0, 0, 1], [4, 3, 4, 5, 1, 4, 0, 4], [4, 0, 1, 1, 4, 4, 1, 6], [6, 2, 6, 1, 4, 6, 4, 1], [4, 0, 6, 6, 2, 1, 1, 1]], "potions": 14, "treasures": 8, "enemies": 20, "solution_length": 0, "enemies_loc": [[3, 0], [4, 0], [4, 1], [5, 1], [5, 2], [6, 2], [1, 4], [4, 4], [6, 4], [7, 4], [5, 5], [2, 6], [5, 6], [4, 7], [7, 9], [0, 10], [2, 10], [5, 10], [2, 11], [3, 11]]}, "quality": 0.3319298245475162, "diversity": 0.46249999343750026, "controlability": 0.0}