{"content": [[1, 1, 1, 7, 4, 2, 7, 6], [7, 0, 0, 0, 3, 7, 4, 0], [0, 2, 1, 4, 5, 6, 5, 1], [0, 5, 6, 0, 0, 7, 1, 0], [6, 4, 7, 6, 6, 4, 7, 7], [1, 6, 7, 7, 1, 6, 0, 4], [6, 7, 6, 1, 1, 7, 0, 0], [0, 6, 1, 7, 1, 0, 1, 1], [7, 0, 4, 5, 0, 4, 0, 1], [4, 5, 1, 7, 6, 4, 1, 6], [6, 7, 7, 1, 7, 6, 0, 1], [5, 0, 7, 5, 7, 7, 1, 1]], "control": {"col_treasures": 18, "solution_length": 45}, "info": {"regions": 1, "players": 2, "exits": 1, "layout": 40, "heuristic": -1, "solution": [], "content": [[1, 1, 1, 7, 4, 2, 7, 6], [7, 0, 0, 0, 3, 7, 4, 0], [0, 2, 1, 4, 5, 6, 5, 1], [0, 5, 6, 0, 0, 7, 1, 0], [6, 4, 7, 6, 6, 4, 7, 7], [1, 6, 7, 7, 1, 6, 0, 4], [6, 7, 6, 1, 1, 7, 0, 0], [0, 6, 1, 7, 1, 0, 1, 1], [7, 0, 4, 5, 0, 4, 0, 1], [4, 5, 1, 7, 6, 4, 1, 6], [6, 7, 7, 1, 7, 6, 0, 1], [5, 0, 7, 5, 7, 7, 1, 1]], "potions": 10, "treasures": 7, "enemies": 36, "solution_length": 0, "enemies_loc": [[3, 0], [6, 0], [7, 0], [0, 1], [5, 1], [5, 2], [2, 3], [5, 3], [0, 4], [2, 4], [3, 4], [4, 4], [6, 4], [7, 4], [1, 5], [2, 5], [3, 5], [5, 5], [0, 6], [1, 6], [2, 6], [5, 6], [1, 7], [3, 7], [0, 8], [3, 9], [4, 9], [7, 9], [0, 10], [1, 10], [2, 10], [4, 10], [5, 10], [2, 11], [4, 11], [5, 11]]}, "quality": 0.3215204678177396, "diversity": 0.31739266959043577, "controlability": 0.0}