{"content": {"layout": [11, 14, 11, 9, 15, 10, 9, 3, 0, 9, 14, 11, 7, 1, 5, 3], "start": 12, "boss": 13, "shop": 13, "treasure": 12}, "control": {"map_size": 13}, "info": {"map_size": 15, "num_regions": 1, "connect_regions": 6, "loose_connections": 19, "locations": 2, "player_boss_distance": 1, "flat": [0, 2, 0, 0, 2, 0, 0, 2, 0, 0, 0, 0, 2, 1, 0, 0, 1, 2, 2, 1, 0, 2, 1, 0, 0, 2, 0, 0, 2, 0, 0, 2, 0, 0, 2, 0, 0, 2, 0, 0, 2, 0, 0, 0, 0, 0, 2, 0, 2, 1, 2, 0, 1, 0, 2, 1, 0, 2, 1, 0, 0, 2, 0, 0, 2, 0, 0, 2, 0, 0, 0, 0, 0, 0, 0, 0, 0, 0, 0, 2, 0, 0, 2, 0, 0, 0, 0, 2, 1, 0, 0, 1, 2, 2, 1, 0, 0, 0, 0, 0, 2, 0, 0, 2, 0, 0, 2, 0, 0, 2, 0, 0, 0, 0, 0, 0, 0, 0, 2, 0, 2, 1, 2, 2, 1, 0, 2, 1, 2, 2, 1, 0, 0, 0, 0, 0, 0, 0, 0, 0, 0, 0, 0, 0], "dead_end": 2}, "quality": 0.5499999999333333, "diversity": 0.11286919657942152, "controlability": 0.8124999987304689}