{"content": {"layout": [0, 1, 12, 9, 11, 6, 4, 10, 14, 7, 13, 10, 3, 8, 7, 6], "start": 8, "boss": 8, "shop": 13, "treasure": 13}, "control": {"map_size": 14}, "info": {"map_size": 15, "num_regions": 1, "connect_regions": 6, "loose_connections": 14, "locations": 2, "player_boss_distance": -1, "flat": [0, 0, 0, 0, 0, 0, 0, 0, 0, 0, 0, 0, 0, 0, 0, 2, 1, 0, 0, 1, 2, 2, 1, 0, 0, 0, 0, 0, 0, 0, 0, 2, 0, 0, 2, 0, 0, 2, 0, 0, 2, 0, 0, 0, 0, 0, 2, 0, 2, 1, 0, 0, 1, 2, 0, 1, 2, 0, 1, 0, 0, 2, 0, 0, 0, 0, 0, 0, 0, 0, 2, 0, 0, 2, 0, 0, 2, 0, 0, 0, 0, 0, 2, 0, 0, 1, 2, 2, 1, 2, 2, 1, 2, 0, 1, 0, 0, 2, 0, 0, 0, 0, 0, 2, 0, 0, 2, 0, 0, 2, 0, 0, 0, 0, 0, 2, 0, 0, 2, 0, 2, 1, 0, 0, 1, 0, 2, 1, 2, 0, 1, 2, 0, 0, 0, 0, 2, 0, 0, 0, 0, 0, 0, 0], "dead_end": 2}, "quality": 0.5499999999333333, "diversity": 0.08318236596200057, "controlability": 0.6562499989746094}