{"content": {"layout": [13, 15, 5, 5, 7, 14, 7, 5, 12, 15, 6, 1, 6, 14, 0, 0], "start": 5, "boss": 13, "shop": 5, "treasure": 3}, "control": {"map_size": 14}, "info": {"map_size": 14, "num_regions": 1, "connect_regions": 2, "loose_connections": 12, "locations": 3, "player_boss_distance": 2, "flat": [0, 0, 0, 0, 2, 0, 0, 0, 0, 0, 0, 0, 2, 1, 2, 2, 1, 2, 2, 1, 2, 2, 1, 2, 0, 2, 0, 0, 2, 0, 0, 0, 0, 0, 0, 0, 0, 2, 0, 0, 2, 0, 0, 2, 0, 0, 0, 0, 2, 1, 2, 0, 1, 2, 2, 1, 2, 2, 1, 2, 0, 0, 0, 0, 2, 0, 0, 0, 0, 0, 0, 0, 0, 0, 0, 0, 2, 0, 0, 2, 0, 0, 0, 0, 0, 1, 2, 2, 1, 2, 0, 1, 2, 2, 1, 0, 0, 2, 0, 0, 2, 0, 0, 0, 0, 0, 0, 0, 0, 2, 0, 0, 2, 0, 0, 0, 0, 0, 0, 0, 0, 1, 2, 0, 1, 2, 0, 0, 0, 0, 0, 0, 0, 0, 0, 0, 2, 0, 0, 0, 0, 0, 0, 0], "dead_end": 0}, "quality": 0.5899999999066667, "diversity": 0.11007882739272457, "controlability": 0.49999999921875}