{"content": {"layout": [15, 15, 0, 14, 0, 14, 5, 3, 12, 15, 13, 4, 10, 3, 5, 0], "start": 13, "boss": 0, "shop": 8, "treasure": 11}, "control": {"map_size": 14}, "info": {"map_size": 13, "num_regions": 1, "connect_regions": 3, "loose_connections": 14, "locations": 4, "player_boss_distance": 4, "flat": [0, 2, 0, 0, 2, 0, 0, 0, 0, 0, 2, 0, 2, 1, 2, 2, 1, 2, 0, 0, 0, 0, 1, 2, 0, 2, 0, 0, 2, 0, 0, 0, 0, 0, 2, 0, 0, 0, 0, 0, 2, 0, 0, 0, 0, 0, 2, 0, 0, 0, 0, 0, 1, 2, 2, 1, 2, 2, 1, 0, 0, 0, 0, 0, 2, 0, 0, 0, 0, 0, 0, 0, 0, 0, 0, 0, 2, 0, 0, 0, 0, 0, 0, 0, 0, 1, 2, 2, 1, 2, 2, 1, 2, 0, 1, 2, 0, 2, 0, 0, 2, 0, 0, 2, 0, 0, 0, 0, 0, 2, 0, 0, 2, 0, 0, 0, 0, 0, 0, 0, 0, 1, 0, 2, 1, 0, 2, 1, 2, 0, 0, 0, 0, 2, 0, 0, 0, 0, 0, 0, 0, 0, 0, 0], "dead_end": 1}, "quality": 0.5799999999133333, "diversity": 0.10811491776424942, "controlability": 0.3437499994628906}