{"content": {"layout": [4, 15, 15, 5, 0, 10, 5, 10, 12, 15, 13, 15, 10, 14, 5, 15], "start": 11, "boss": 8, "shop": 4, "treasure": 0}, "control": {"map_size": 14}, "info": {"map_size": 15, "num_regions": 1, "connect_regions": 2, "loose_connections": 13, "locations": 3, "player_boss_distance": -1, "flat": [0, 0, 0, 0, 2, 0, 0, 2, 0, 0, 0, 0, 0, 1, 2, 2, 1, 2, 2, 1, 2, 2, 1, 2, 0, 0, 0, 0, 2, 0, 0, 2, 0, 0, 0, 0, 0, 0, 0, 0, 2, 0, 0, 0, 0, 0, 2, 0, 0, 0, 0, 0, 1, 0, 2, 1, 2, 0, 1, 0, 0, 0, 0, 0, 2, 0, 0, 0, 0, 0, 2, 0, 0, 0, 0, 0, 2, 0, 0, 0, 0, 0, 2, 0, 0, 1, 2, 2, 1, 2, 2, 1, 2, 2, 1, 2, 0, 2, 0, 0, 2, 0, 0, 2, 0, 0, 2, 0, 0, 2, 0, 0, 2, 0, 0, 0, 0, 0, 2, 0, 0, 1, 0, 0, 1, 2, 2, 1, 2, 2, 1, 2, 0, 2, 0, 0, 2, 0, 0, 0, 0, 0, 2, 0], "dead_end": 1}, "quality": 0.5899999999066667, "diversity": 0.9322916563096789, "controlability": 0.6562499989746094}