{"content": {"layout": [11, 14, 11, 13, 0, 5, 12, 10, 12, 10, 14, 11, 10, 1, 5, 3], "start": 8, "boss": 2, "shop": 13, "treasure": 1}, "control": {"map_size": 14}, "info": {"map_size": 15, "num_regions": 1, "connect_regions": 7, "loose_connections": 19, "locations": 4, "player_boss_distance": 4, "flat": [0, 2, 0, 0, 2, 0, 0, 2, 0, 0, 0, 0, 2, 1, 0, 0, 1, 2, 2, 1, 0, 2, 1, 2, 0, 2, 0, 0, 2, 0, 0, 2, 0, 0, 2, 0, 0, 0, 0, 0, 0, 0, 0, 0, 0, 0, 2, 0, 0, 0, 0, 2, 1, 2, 0, 1, 2, 0, 1, 0, 0, 0, 0, 0, 0, 0, 0, 2, 0, 0, 2, 0, 0, 0, 0, 0, 2, 0, 0, 2, 0, 0, 2, 0, 0, 1, 2, 0, 1, 0, 0, 1, 2, 2, 1, 0, 0, 2, 0, 0, 2, 0, 0, 2, 0, 0, 2, 0, 0, 2, 0, 0, 0, 0, 0, 0, 0, 0, 2, 0, 0, 1, 0, 2, 1, 0, 2, 1, 2, 2, 1, 0, 0, 2, 0, 0, 0, 0, 0, 0, 0, 0, 0, 0], "dead_end": 1}, "quality": 0.53999999994, "diversity": 0.05938697235193158, "controlability": 0.6562499989746094}