{"content": {"layout": [13, 1, 5, 13, 4, 11, 5, 10, 4, 6, 0, 13, 10, 3, 0, 11], "start": 8, "boss": 13, "shop": 8, "treasure": 8}, "control": {"map_size": 11}, "info": {"map_size": 14, "num_regions": 1, "connect_regions": 8, "loose_connections": 18, "locations": 2, "player_boss_distance": 2, "flat": [0, 0, 0, 0, 0, 0, 0, 0, 0, 0, 0, 0, 2, 1, 2, 2, 1, 0, 2, 1, 2, 2, 1, 2, 0, 2, 0, 0, 0, 0, 0, 0, 0, 0, 2, 0, 0, 0, 0, 0, 2, 0, 0, 0, 0, 0, 2, 0, 0, 1, 2, 2, 1, 0, 2, 1, 2, 0, 1, 0, 0, 0, 0, 0, 2, 0, 0, 0, 0, 0, 2, 0, 0, 0, 0, 0, 2, 0, 0, 0, 0, 0, 0, 0, 0, 1, 2, 0, 1, 2, 0, 0, 0, 2, 1, 2, 0, 0, 0, 0, 0, 0, 0, 0, 0, 0, 2, 0, 0, 2, 0, 0, 2, 0, 0, 0, 0, 0, 2, 0, 0, 1, 0, 2, 1, 0, 0, 0, 0, 2, 1, 0, 0, 2, 0, 0, 0, 0, 0, 0, 0, 0, 2, 0], "dead_end": 2}, "quality": 0.5299999999466667, "diversity": 0.07537774613935877, "controlability": 0.9687499984863283}