{"content": [[1, 4, 2, 0, 0, 3, 1, 0, 1, 0, 0], [0, 5, 2, 1, 0, 1, 1, 2, 3, 0, 0], [2, 5, 3, 1, 1, 1, 1, 2, 0, 2, 0], [0, 1, 0, 0, 1, 2, 0, 5, 4, 1, 1], [1, 4, 5, 1, 1, 1, 1, 1, 5, 1, 3], [1, 0, 1, 1, 4, 0, 4, 0, 4, 5, 3], [1, 2, 3, 0, 4, 4, 5, 0, 1, 5, 1]], "control": {"player_key": 17, "key_door": 17}, "info": {"regions": 1, "players": 8, "keys": 6, "doors": 8, "enemies": 8, "player_key": 7, "key_door": 8, "pk_path": [[2, 0], [2, 1], [2, 2], [3, 2], [4, 2], [5, 2], [5, 1], [5, 0]], "kd_path": []}, "quality": 0.48095034243504575, "diversity": 1.0, "controlability": 0.49999999966666664}