{"content": [[5, 4, 1, 0, 0, 2, 1, 0, 0, 0, 0], [0, 5, 2, 1, 0, 1, 1, 2, 0, 5, 0], [2, 5, 3, 1, 1, 1, 1, 2, 0, 1, 0], [0, 1, 0, 0, 1, 2, 0, 5, 4, 1, 1], [1, 1, 5, 1, 1, 1, 1, 1, 1, 1, 1], [1, 0, 2, 1, 4, 0, 4, 2, 4, 5, 3], [1, 2, 4, 0, 4, 3, 0, 0, 1, 5, 1]], "control": {"player_key": 17, "key_door": 17}, "info": {"regions": 1, "players": 9, "keys": 3, "doors": 7, "enemies": 8, "player_key": 5, "key_door": 3, "pk_path": [[5, 0], [5, 1], [5, 2], [4, 2], [3, 2], [2, 2]], "kd_path": []}, "quality": 0.4834174476978791, "diversity": 0.9166666527777783, "controlability": 0.26666666648888887}