{"content": [[1, 4, 1, 0, 0, 3, 0, 0, 0, 0, 0], [0, 2, 2, 1, 0, 1, 1, 2, 0, 5, 0], [2, 5, 2, 1, 1, 1, 1, 2, 0, 2, 0], [0, 1, 0, 0, 1, 2, 0, 5, 4, 1, 1], [1, 4, 5, 1, 1, 1, 1, 1, 1, 1, 1], [1, 0, 4, 1, 4, 0, 4, 2, 4, 5, 3], [1, 2, 5, 0, 4, 3, 0, 0, 1, 5, 1]], "control": {"player_key": 17, "key_door": 17}, "info": {"regions": 1, "players": 10, "keys": 3, "doors": 8, "enemies": 7, "player_key": 7, "key_door": 8, "pk_path": [[1, 1], [1, 2], [2, 2], [3, 2], [4, 2], [5, 2], [5, 1], [5, 0]], "kd_path": []}, "quality": 0.4826288752394346, "diversity": 0.2906514894478327, "controlability": 0.49999999966666664}