{"content": [[1, 4, 1, 0, 0, 3, 1, 0, 0, 2, 0], [0, 2, 2, 1, 0, 1, 1, 2, 3, 5, 0], [2, 5, 2, 1, 1, 1, 1, 0, 0, 2, 0], [0, 1, 0, 0, 1, 2, 1, 5, 4, 1, 1], [1, 4, 5, 1, 1, 1, 1, 1, 1, 1, 1], [1, 0, 2, 1, 4, 0, 4, 2, 4, 5, 3], [1, 2, 4, 0, 4, 2, 0, 0, 1, 5, 1]], "control": {"player_key": 17, "key_door": 17}, "info": {"regions": 1, "players": 12, "keys": 3, "doors": 8, "enemies": 6, "player_key": 6, "key_door": 8, "pk_path": [[9, 0], [9, 1], [8, 1], [7, 1], [6, 1], [6, 0], [5, 0]], "kd_path": []}, "quality": 0.4818403027809901, "diversity": 0.7222222092592596, "controlability": 0.46666666635555554}