{"content": [[5, 4, 1, 0, 2, 3, 1, 0, 1, 0, 0], [0, 5, 2, 1, 0, 1, 1, 2, 3, 5, 0], [3, 5, 3, 1, 0, 1, 4, 1, 5, 1, 0], [0, 1, 0, 0, 1, 0, 0, 5, 5, 1, 1], [1, 1, 5, 1, 1, 4, 1, 1, 5, 1, 1], [1, 2, 1, 1, 4, 0, 4, 0, 4, 1, 4], [1, 2, 3, 0, 4, 2, 1, 0, 1, 5, 1]], "control": {"player_key": 17, "key_door": 17}, "info": {"regions": 1, "players": 6, "keys": 5, "doors": 8, "enemies": 10, "player_key": 1, "key_door": 16, "pk_path": [[4, 0], [5, 0]], "kd_path": []}, "quality": 0.48170511893099033, "diversity": 0.35150374943609053, "controlability": 0.5333333333111111}