{"content": [[1, 4, 1, 0, 0, 3, 2, 0, 0, 0, 0], [0, 2, 1, 1, 0, 1, 1, 2, 3, 5, 0], [2, 5, 2, 1, 1, 1, 1, 2, 0, 2, 0], [0, 1, 0, 0, 1, 2, 0, 5, 4, 1, 1], [1, 4, 5, 1, 1, 1, 1, 1, 1, 1, 1], [1, 0, 2, 1, 4, 0, 3, 2, 4, 5, 3], [1, 2, 4, 0, 5, 2, 0, 0, 1, 5, 3]], "control": {"player_key": 17, "key_door": 17}, "info": {"regions": 1, "players": 12, "keys": 5, "doors": 6, "enemies": 7, "player_key": 1, "key_door": 8, "pk_path": [[6, 0], [5, 0]], "kd_path": []}, "quality": 0.4809841383975457, "diversity": 0.9181286354775835, "controlability": 0.2999999998}