{"content": {"layout": [4, 13, 5, 0, 13, 15, 5, 11, 12, 11, 0, 0, 2, 6, 5, 1], "start": 3, "boss": 12, "shop": 15, "treasure": 0}, "control": {"map_size": 11}, "info": {"map_size": 13, "num_regions": 1, "connect_regions": 1, "loose_connections": 5, "locations": 3, "player_boss_distance": 10, "flat": [0, 0, 0, 0, 0, 0, 0, 0, 0, 0, 0, 0, 0, 1, 2, 2, 1, 2, 2, 1, 2, 0, 0, 0, 0, 0, 0, 0, 2, 0, 0, 0, 0, 0, 0, 0, 0, 0, 0, 0, 2, 0, 0, 0, 0, 0, 2, 0, 2, 1, 2, 2, 1, 2, 2, 1, 2, 2, 1, 0, 0, 2, 0, 0, 2, 0, 0, 0, 0, 0, 2, 0, 0, 0, 0, 0, 2, 0, 0, 0, 0, 0, 0, 0, 0, 1, 2, 2, 1, 0, 0, 0, 0, 0, 0, 0, 0, 2, 0, 0, 2, 0, 0, 0, 0, 0, 0, 0, 0, 2, 0, 0, 2, 0, 0, 0, 0, 0, 0, 0, 0, 1, 0, 0, 1, 2, 2, 1, 2, 2, 1, 0, 0, 0, 0, 0, 0, 0, 0, 0, 0, 0, 0, 0], "dead_end": 3}, "quality": 0.8624999997187501, "diversity": 0.8574218623352052, "controlability": 0.8124999987304689}