{"content": [[0, 1, 0, 1, 1, 1, 1, 0, 1, 0, 0, 0, 1, 0], [1, 1, 1, 1, 1, 0, 1, 1, 1, 1, 1, 1, 1, 1], [1, 0, 0, 0, 1, 0, 1, 0, 0, 0, 0, 1, 1, 1], [1, 0, 0, 1, 0, 0, 0, 1, 1, 1, 1, 0, 1, 0], [1, 0, 0, 0, 0, 0, 1, 1, 1, 0, 1, 1, 0, 0], [0, 1, 1, 1, 1, 1, 1, 1, 1, 1, 1, 1, 1, 1], [1, 1, 1, 1, 1, 1, 0, 1, 0, 1, 0, 0, 1, 0], [0, 1, 1, 1, 1, 0, 1, 0, 0, 1, 1, 1, 1, 1], [1, 1, 0, 0, 0, 0, 0, 1, 1, 1, 1, 1, 1, 0], [1, 0, 0, 1, 0, 1, 1, 0, 0, 0, 0, 0, 1, 1], [1, 0, 0, 1, 1, 1, 0, 1, 0, 1, 1, 1, 0, 0], [0, 0, 1, 0, 0, 1, 1, 1, 0, 1, 1, 0, 1, 1], [0, 0, 1, 1, 0, 1, 1, 1, 1, 1, 1, 1, 1, 0], [1, 0, 1, 1, 1, 1, 0, 1, 0, 0, 0, 0, 1, 1]], "control": {"path": 92}, "info": {"path": 22, "regions": 6, "flat": [0, 1, 0, 1, 1, 1, 1, 0, 1, 0, 0, 0, 1, 0, 1, 1, 1, 1, 1, 0, 1, 1, 1, 1, 1, 1, 1, 1, 1, 0, 0, 0, 1, 0, 1, 0, 0, 0, 0, 1, 1, 1, 1, 0, 0, 1, 0, 0, 0, 1, 1, 1, 1, 0, 1, 0, 1, 0, 0, 0, 0, 0, 1, 1, 1, 0, 1, 1, 0, 0, 0, 1, 1, 1, 1, 1, 1, 1, 1, 1, 1, 1, 1, 1, 1, 1, 1, 1, 1, 1, 0, 1, 0, 1, 0, 0, 1, 0, 0, 1, 1, 1, 1, 0, 1, 0, 0, 1, 1, 1, 1, 1, 1, 1, 0, 0, 0, 0, 0, 1, 1, 1, 1, 1, 1, 0, 1, 0, 0, 1, 0, 1, 1, 0, 0, 0, 0, 0, 1, 1, 1, 0, 0, 1, 1, 1, 0, 1, 0, 1, 1, 1, 0, 0, 0, 0, 1, 0, 0, 1, 1, 1, 0, 1, 1, 0, 1, 1, 0, 0, 1, 1, 0, 1, 1, 1, 1, 1, 1, 1, 1, 0, 1, 0, 1, 1, 1, 1, 0, 1, 0, 0, 0, 0, 1, 1]}, "quality": 0.7584485403697445, "diversity": 0.8180612243905534, "controlability": 0.2588235293813149}