{"content": [[1, 1, 0, 1, 0, 1, 1, 1, 0, 0, 0, 0, 0, 1], [1, 1, 1, 1, 1, 1, 0, 0, 1, 0, 1, 1, 1, 1], [0, 1, 1, 0, 0, 0, 1, 1, 1, 1, 1, 0, 0, 0], [0, 1, 0, 1, 1, 1, 0, 1, 0, 1, 0, 1, 0, 1], [1, 1, 0, 0, 1, 1, 1, 0, 1, 1, 1, 0, 1, 1], [1, 0, 1, 1, 1, 1, 0, 1, 1, 0, 1, 1, 1, 0], [0, 1, 0, 1, 1, 1, 0, 1, 1, 0, 0, 0, 0, 0], [1, 1, 0, 1, 0, 1, 1, 1, 1, 1, 0, 1, 1, 1], [0, 1, 1, 1, 1, 1, 1, 0, 0, 0, 1, 1, 1, 0], [1, 0, 1, 0, 1, 1, 1, 1, 0, 0, 1, 0, 1, 1], [0, 0, 0, 1, 1, 0, 0, 1, 0, 1, 0, 0, 1, 0], [1, 1, 0, 0, 1, 0, 1, 0, 0, 0, 0, 0, 1, 1], [1, 1, 1, 0, 1, 1, 0, 1, 0, 1, 0, 1, 1, 0], [0, 0, 1, 1, 1, 1, 1, 1, 0, 1, 0, 1, 0, 1]], "control": {"path": 93}, "info": {"path": 28, "regions": 9, "flat": [1, 1, 0, 1, 0, 1, 1, 1, 0, 0, 0, 0, 0, 1, 1, 1, 1, 1, 1, 1, 0, 0, 1, 0, 1, 1, 1, 1, 0, 1, 1, 0, 0, 0, 1, 1, 1, 1, 1, 0, 0, 0, 0, 1, 0, 1, 1, 1, 0, 1, 0, 1, 0, 1, 0, 1, 1, 1, 0, 0, 1, 1, 1, 0, 1, 1, 1, 0, 1, 1, 1, 0, 1, 1, 1, 1, 0, 1, 1, 0, 1, 1, 1, 0, 0, 1, 0, 1, 1, 1, 0, 1, 1, 0, 0, 0, 0, 0, 1, 1, 0, 1, 0, 1, 1, 1, 1, 1, 0, 1, 1, 1, 0, 1, 1, 1, 1, 1, 1, 0, 0, 0, 1, 1, 1, 0, 1, 0, 1, 0, 1, 1, 1, 1, 0, 0, 1, 0, 1, 1, 0, 0, 0, 1, 1, 0, 0, 1, 0, 1, 0, 0, 1, 0, 1, 1, 0, 0, 1, 0, 1, 0, 0, 0, 0, 0, 1, 1, 1, 1, 1, 0, 1, 1, 0, 1, 0, 1, 0, 1, 1, 0, 0, 0, 1, 1, 1, 1, 1, 1, 0, 1, 0, 1, 0, 1]}, "quality": 0.784946236405943, "diversity": 0.7778790086501733, "controlability": 0.3255813953109789}