{"content": [[1, 1, 1, 0, 1, 1, 1, 1, 0, 1, 0, 0, 0, 1], [0, 1, 1, 1, 1, 0, 1, 0, 1, 1, 1, 1, 1, 1], [0, 1, 0, 1, 1, 0, 1, 1, 1, 0, 1, 0, 1, 0], [0, 0, 1, 1, 1, 1, 0, 0, 0, 0, 1, 0, 0, 1], [0, 0, 0, 0, 0, 1, 1, 1, 1, 1, 1, 1, 0, 1], [1, 1, 1, 0, 1, 0, 0, 1, 1, 1, 1, 0, 1, 1], [1, 1, 1, 1, 1, 1, 0, 1, 1, 1, 0, 0, 1, 0], [0, 1, 0, 0, 0, 1, 1, 1, 0, 1, 1, 1, 1, 0], [1, 1, 1, 0, 0, 1, 0, 0, 1, 1, 1, 0, 1, 1], [1, 0, 0, 0, 0, 1, 1, 0, 0, 0, 1, 1, 0, 1], [0, 1, 1, 1, 1, 1, 1, 1, 0, 0, 1, 0, 0, 1], [0, 1, 0, 0, 1, 0, 0, 0, 0, 0, 1, 0, 0, 0], [1, 1, 1, 0, 1, 0, 1, 1, 1, 0, 1, 1, 1, 0], [0, 0, 1, 1, 1, 1, 1, 1, 0, 0, 1, 1, 0, 0]], "control": {"path": 93}, "info": {"path": 28, "regions": 1, "flat": [1, 1, 1, 0, 1, 1, 1, 1, 0, 1, 0, 0, 0, 1, 0, 1, 1, 1, 1, 0, 1, 0, 1, 1, 1, 1, 1, 1, 0, 1, 0, 1, 1, 0, 1, 1, 1, 0, 1, 0, 1, 0, 0, 0, 1, 1, 1, 1, 0, 0, 0, 0, 1, 0, 0, 1, 0, 0, 0, 0, 0, 1, 1, 1, 1, 1, 1, 1, 0, 1, 1, 1, 1, 0, 1, 0, 0, 1, 1, 1, 1, 0, 1, 1, 1, 1, 1, 1, 1, 1, 0, 1, 1, 1, 0, 0, 1, 0, 0, 1, 0, 0, 0, 1, 1, 1, 0, 1, 1, 1, 1, 0, 1, 1, 1, 0, 0, 1, 0, 0, 1, 1, 1, 0, 1, 1, 1, 0, 0, 0, 0, 1, 1, 0, 0, 0, 1, 1, 0, 1, 0, 1, 1, 1, 1, 1, 1, 1, 0, 0, 1, 0, 0, 1, 0, 1, 0, 0, 1, 0, 0, 0, 0, 0, 1, 0, 0, 0, 1, 1, 1, 0, 1, 0, 1, 1, 1, 0, 1, 1, 1, 0, 0, 0, 1, 1, 1, 1, 1, 1, 0, 0, 1, 1, 0, 0]}, "quality": 1.0, "diversity": 0.699354741809431, "controlability": 0.3255813953109789}