{"content": [[0, 1, 0, 1, 0, 1, 1, 0, 1, 0, 1, 0, 0, 0], [0, 1, 0, 1, 0, 1, 1, 0, 0, 1, 1, 0, 1, 1], [1, 1, 1, 1, 0, 0, 0, 0, 0, 1, 1, 0, 1, 1], [1, 1, 1, 0, 0, 0, 1, 1, 1, 1, 1, 0, 1, 1], [1, 1, 0, 0, 1, 1, 1, 1, 0, 0, 0, 0, 1, 0], [1, 1, 1, 0, 0, 1, 1, 1, 1, 1, 1, 0, 0, 0], [1, 0, 0, 0, 1, 0, 1, 0, 0, 0, 0, 0, 1, 0], [1, 1, 0, 1, 1, 1, 1, 0, 1, 0, 0, 0, 0, 1], [0, 0, 0, 1, 0, 0, 0, 0, 1, 1, 0, 1, 0, 1], [1, 0, 0, 1, 1, 0, 0, 0, 1, 1, 0, 1, 1, 0], [0, 1, 0, 1, 0, 0, 0, 0, 0, 1, 0, 0, 1, 0], [1, 1, 1, 1, 0, 0, 1, 0, 1, 1, 0, 0, 1, 1], [0, 0, 0, 1, 0, 0, 1, 1, 1, 0, 0, 1, 0, 0], [1, 1, 1, 1, 0, 0, 0, 1, 1, 1, 0, 1, 0, 0]], "control": {"path": 45}, "info": {"path": 23, "regions": 11, "flat": [0, 1, 0, 1, 0, 1, 1, 0, 1, 0, 1, 0, 0, 0, 0, 1, 0, 1, 0, 1, 1, 0, 0, 1, 1, 0, 1, 1, 1, 1, 1, 1, 0, 0, 0, 0, 0, 1, 1, 0, 1, 1, 1, 1, 1, 0, 0, 0, 1, 1, 1, 1, 1, 0, 1, 1, 1, 1, 0, 0, 1, 1, 1, 1, 0, 0, 0, 0, 1, 0, 1, 1, 1, 0, 0, 1, 1, 1, 1, 1, 1, 0, 0, 0, 1, 0, 0, 0, 1, 0, 1, 0, 0, 0, 0, 0, 1, 0, 1, 1, 0, 1, 1, 1, 1, 0, 1, 0, 0, 0, 0, 1, 0, 0, 0, 1, 0, 0, 0, 0, 1, 1, 0, 1, 0, 1, 1, 0, 0, 1, 1, 0, 0, 0, 1, 1, 0, 1, 1, 0, 0, 1, 0, 1, 0, 0, 0, 0, 0, 1, 0, 0, 1, 0, 1, 1, 1, 1, 0, 0, 1, 0, 1, 1, 0, 0, 1, 1, 0, 0, 0, 1, 0, 0, 1, 1, 1, 0, 0, 1, 0, 0, 1, 1, 1, 1, 0, 0, 0, 1, 1, 1, 0, 1, 0, 0]}, "quality": 0.641897081142235, "diversity": 0.9302721087390526, "controlability": 0.605263157735457}