{"content": [[1, 1, 1, 0, 1, 1, 1, 1, 1, 1, 0, 0, 0, 0], [0, 1, 1, 1, 1, 0, 1, 0, 1, 1, 1, 1, 1, 1], [1, 1, 0, 1, 0, 0, 1, 1, 1, 1, 0, 0, 0, 1], [0, 1, 1, 1, 1, 1, 0, 0, 1, 1, 0, 1, 0, 1], [1, 0, 1, 0, 1, 0, 1, 0, 1, 1, 1, 1, 1, 0], [1, 1, 1, 0, 1, 0, 1, 1, 1, 1, 1, 0, 1, 1], [1, 1, 1, 1, 0, 1, 0, 0, 0, 1, 0, 0, 1, 0], [1, 1, 0, 0, 0, 1, 1, 1, 0, 0, 1, 1, 1, 0], [1, 1, 1, 1, 0, 1, 0, 0, 1, 1, 1, 1, 1, 0], [1, 0, 0, 1, 0, 1, 1, 1, 0, 0, 1, 1, 1, 1], [0, 1, 1, 1, 0, 1, 1, 1, 0, 1, 1, 1, 0, 1], [0, 1, 0, 0, 1, 0, 1, 0, 0, 1, 1, 0, 0, 0], [1, 1, 1, 1, 1, 0, 1, 1, 1, 0, 1, 1, 1, 0], [1, 0, 1, 1, 1, 1, 1, 1, 0, 0, 1, 0, 0, 0]], "control": {"path": 92}, "info": {"path": 58, "regions": 1, "flat": [1, 1, 1, 0, 1, 1, 1, 1, 1, 1, 0, 0, 0, 0, 0, 1, 1, 1, 1, 0, 1, 0, 1, 1, 1, 1, 1, 1, 1, 1, 0, 1, 0, 0, 1, 1, 1, 1, 0, 0, 0, 1, 0, 1, 1, 1, 1, 1, 0, 0, 1, 1, 0, 1, 0, 1, 1, 0, 1, 0, 1, 0, 1, 0, 1, 1, 1, 1, 1, 0, 1, 1, 1, 0, 1, 0, 1, 1, 1, 1, 1, 0, 1, 1, 1, 1, 1, 1, 0, 1, 0, 0, 0, 1, 0, 0, 1, 0, 1, 1, 0, 0, 0, 1, 1, 1, 0, 0, 1, 1, 1, 0, 1, 1, 1, 1, 0, 1, 0, 0, 1, 1, 1, 1, 1, 0, 1, 0, 0, 1, 0, 1, 1, 1, 0, 0, 1, 1, 1, 1, 0, 1, 1, 1, 0, 1, 1, 1, 0, 1, 1, 1, 0, 1, 0, 1, 0, 0, 1, 0, 1, 0, 0, 1, 1, 0, 0, 0, 1, 1, 1, 1, 1, 0, 1, 1, 1, 0, 1, 1, 1, 0, 1, 0, 1, 1, 1, 1, 1, 1, 0, 0, 1, 0, 0, 0]}, "quality": 1.0, "diversity": 0.638367346859902, "controlability": 0.6823529410961938}