{"content": [[1, 1, 1, 1, 0, 1, 5, 0], [5, 0, 0, 5, 1, 7, 6, 2], [0, 0, 1, 1, 5, 0, 6, 6], [3, 5, 7, 0, 0, 1, 1, 0], [1, 0, 1, 7, 3, 1, 7, 0], [1, 1, 0, 1, 1, 5, 0, 4], [1, 5, 5, 0, 5, 0, 1, 5], [5, 0, 7, 0, 7, 0, 1, 0], [5, 5, 1, 5, 5, 4, 6, 4], [5, 1, 1, 6, 0, 4, 1, 4], [6, 0, 1, 1, 7, 6, 0, 1], [5, 0, 2, 6, 0, 1, 1, 1]], "control": {"col_treasures": 18, "solution_length": 45}, "info": {"regions": 1, "players": 2, "exits": 2, "layout": 55, "heuristic": -1, "solution": [], "content": [[1, 1, 1, 1, 0, 1, 5, 0], [5, 0, 0, 5, 1, 7, 6, 2], [0, 0, 1, 1, 5, 0, 6, 6], [3, 5, 7, 0, 0, 1, 1, 0], [1, 0, 1, 7, 3, 1, 7, 0], [1, 1, 0, 1, 1, 5, 0, 4], [1, 5, 5, 0, 5, 0, 1, 5], [5, 0, 7, 0, 7, 0, 1, 0], [5, 5, 1, 5, 5, 4, 6, 4], [5, 1, 1, 6, 0, 4, 1, 4], [6, 0, 1, 1, 7, 6, 0, 1], [5, 0, 2, 6, 0, 1, 1, 1]], "potions": 5, "treasures": 17, "enemies": 15, "solution_length": 0, "enemies_loc": [[5, 1], [6, 1], [6, 2], [7, 2], [2, 3], [3, 4], [6, 4], [2, 7], [4, 7], [6, 8], [3, 9], [0, 10], [4, 10], [5, 10], [3, 11]]}, "quality": 0.3319298245475162, "diversity": 0.3663194369531252, "controlability": 0.0}