{"content": {"layout": [4, 15, 15, 15, 13, 15, 5, 5, 15, 15, 15, 3, 2, 14, 1, 5], "start": 5, "boss": 12, "shop": 12, "treasure": 12}, "control": {"map_size": 14}, "info": {"map_size": 16, "num_regions": 1, "connect_regions": 2, "loose_connections": 15, "locations": 2, "player_boss_distance": 11, "flat": [0, 0, 0, 0, 2, 0, 0, 2, 0, 0, 2, 0, 0, 1, 2, 2, 1, 2, 2, 1, 2, 2, 1, 2, 0, 0, 0, 0, 2, 0, 0, 2, 0, 0, 2, 0, 0, 0, 0, 0, 2, 0, 0, 0, 0, 0, 0, 0, 2, 1, 2, 2, 1, 2, 2, 1, 2, 2, 1, 2, 0, 2, 0, 0, 2, 0, 0, 0, 0, 0, 0, 0, 0, 2, 0, 0, 2, 0, 0, 2, 0, 0, 2, 0, 2, 1, 2, 2, 1, 2, 2, 1, 2, 2, 1, 0, 0, 2, 0, 0, 2, 0, 0, 2, 0, 0, 0, 0, 0, 2, 0, 0, 2, 0, 0, 0, 0, 0, 0, 0, 0, 1, 0, 0, 1, 2, 2, 1, 0, 2, 1, 2, 0, 0, 0, 0, 2, 0, 0, 0, 0, 0, 0, 0], "dead_end": 3}, "quality": 0.5899999999066667, "diversity": 0.6484374894524991, "controlability": 0.0}