{"content": [[0, 0, 0, 0, 0, 0, 0, 0, 1, 0, 0, 0, 1, 0], [0, 1, 1, 1, 0, 1, 1, 0, 0, 0, 0, 1, 1, 0], [0, 0, 1, 1, 0, 1, 0, 0, 0, 1, 0, 1, 1, 1], [1, 0, 1, 1, 0, 1, 1, 1, 0, 1, 1, 0, 0, 0], [1, 0, 0, 0, 0, 0, 1, 1, 0, 1, 1, 1, 1, 1], [1, 1, 1, 0, 1, 1, 0, 0, 1, 0, 1, 1, 0, 0], [1, 0, 1, 1, 1, 1, 0, 1, 0, 0, 0, 1, 0, 1], [0, 1, 0, 1, 0, 1, 0, 0, 0, 0, 0, 0, 0, 0], [0, 0, 1, 0, 1, 0, 1, 0, 0, 0, 0, 1, 0, 1], [1, 0, 1, 0, 1, 1, 1, 1, 0, 1, 0, 0, 1, 0], [0, 0, 0, 0, 0, 0, 1, 1, 1, 0, 0, 1, 1, 0], [1, 0, 0, 0, 0, 0, 1, 0, 1, 1, 0, 0, 0, 1], [0, 0, 1, 0, 1, 0, 1, 0, 0, 1, 0, 1, 1, 1], [1, 1, 1, 0, 0, 0, 0, 0, 0, 1, 1, 0, 1, 0]], "control": {"path": 40}, "info": {"path": 11, "regions": 21, "flat": [0, 0, 0, 0, 0, 0, 0, 0, 1, 0, 0, 0, 1, 0, 0, 1, 1, 1, 0, 1, 1, 0, 0, 0, 0, 1, 1, 0, 0, 0, 1, 1, 0, 1, 0, 0, 0, 1, 0, 1, 1, 1, 1, 0, 1, 1, 0, 1, 1, 1, 0, 1, 1, 0, 0, 0, 1, 0, 0, 0, 0, 0, 1, 1, 0, 1, 1, 1, 1, 1, 1, 1, 1, 0, 1, 1, 0, 0, 1, 0, 1, 1, 0, 0, 1, 0, 1, 1, 1, 1, 0, 1, 0, 0, 0, 1, 0, 1, 0, 1, 0, 1, 0, 1, 0, 0, 0, 0, 0, 0, 0, 0, 0, 0, 1, 0, 1, 0, 1, 0, 0, 0, 0, 1, 0, 1, 1, 0, 1, 0, 1, 1, 1, 1, 0, 1, 0, 0, 1, 0, 0, 0, 0, 0, 0, 0, 1, 1, 1, 0, 0, 1, 1, 0, 1, 0, 0, 0, 0, 0, 1, 0, 1, 1, 0, 0, 0, 1, 0, 0, 1, 0, 1, 0, 1, 0, 0, 1, 0, 1, 1, 1, 1, 1, 1, 0, 0, 0, 0, 0, 0, 1, 1, 0, 1, 0]}, "quality": 0.19642857135841837, "diversity": 1.0, "controlability": 0.3333333332323232}