{"content": [[0, 1, 0, 1, 0, 1, 1, 1, 1, 1, 1, 0, 0, 0], [0, 0, 1, 1, 0, 1, 1, 0, 1, 0, 0, 1, 0, 0], [0, 0, 1, 0, 1, 0, 0, 1, 0, 1, 1, 0, 1, 1], [1, 0, 1, 1, 1, 1, 0, 1, 1, 0, 0, 1, 0, 1], [0, 0, 0, 0, 0, 1, 1, 0, 1, 1, 1, 0, 0, 1], [1, 0, 1, 0, 0, 1, 1, 0, 1, 0, 1, 0, 0, 1], [1, 1, 0, 0, 0, 0, 1, 0, 1, 0, 0, 1, 0, 0], [1, 0, 1, 0, 0, 0, 0, 1, 0, 0, 1, 1, 1, 0], [0, 0, 1, 1, 0, 0, 0, 1, 0, 0, 1, 0, 1, 1], [1, 0, 0, 0, 0, 0, 1, 1, 1, 0, 0, 1, 0, 1], [0, 0, 0, 0, 0, 0, 0, 0, 0, 1, 0, 1, 1, 1], [0, 1, 1, 0, 0, 0, 0, 0, 1, 0, 0, 1, 1, 0], [1, 0, 1, 1, 0, 0, 0, 0, 0, 0, 1, 0, 0, 0], [0, 0, 0, 0, 0, 1, 0, 1, 1, 0, 0, 1, 1, 1]], "control": {"path": 53}, "info": {"path": 11, "regions": 23, "flat": [0, 1, 0, 1, 0, 1, 1, 1, 1, 1, 1, 0, 0, 0, 0, 0, 1, 1, 0, 1, 1, 0, 1, 0, 0, 1, 0, 0, 0, 0, 1, 0, 1, 0, 0, 1, 0, 1, 1, 0, 1, 1, 1, 0, 1, 1, 1, 1, 0, 1, 1, 0, 0, 1, 0, 1, 0, 0, 0, 0, 0, 1, 1, 0, 1, 1, 1, 0, 0, 1, 1, 0, 1, 0, 0, 1, 1, 0, 1, 0, 1, 0, 0, 1, 1, 1, 0, 0, 0, 0, 1, 0, 1, 0, 0, 1, 0, 0, 1, 0, 1, 0, 0, 0, 0, 1, 0, 0, 1, 1, 1, 0, 0, 0, 1, 1, 0, 0, 0, 1, 0, 0, 1, 0, 1, 1, 1, 0, 0, 0, 0, 0, 1, 1, 1, 0, 0, 1, 0, 1, 0, 0, 0, 0, 0, 0, 0, 0, 0, 1, 0, 1, 1, 1, 0, 1, 1, 0, 0, 0, 0, 0, 1, 0, 0, 1, 1, 0, 1, 0, 1, 1, 0, 0, 0, 0, 0, 0, 1, 0, 0, 0, 0, 0, 0, 0, 0, 1, 0, 1, 1, 0, 0, 1, 1, 1]}, "quality": 0.19642857135841837, "diversity": 1.0, "controlability": 0.23913043473062381}