{"content": [[1, 1, 3, 6, 7, 4, 4, 5], [5, 0, 5, 4, 1, 7, 6, 0], [0, 0, 4, 1, 7, 6, 6, 1], [0, 5, 1, 0, 0, 7, 1, 0], [0, 0, 1, 1, 3, 1, 7, 0], [1, 7, 0, 1, 1, 6, 1, 4], [1, 1, 4, 0, 0, 0, 1, 5], [4, 0, 4, 0, 7, 4, 0, 1], [2, 0, 4, 5, 5, 4, 1, 4], [4, 0, 1, 7, 0, 4, 1, 3], [5, 0, 1, 1, 7, 1, 0, 1], [0, 0, 2, 2, 7, 7, 7, 1]], "control": {"col_treasures": 18, "solution_length": 45}, "info": {"regions": 1, "players": 3, "exits": 3, "layout": 51, "heuristic": -1, "solution": [], "content": [[1, 1, 3, 6, 7, 4, 4, 5], [5, 0, 5, 4, 1, 7, 6, 0], [0, 0, 4, 1, 7, 6, 6, 1], [0, 5, 1, 0, 0, 7, 1, 0], [0, 0, 1, 1, 3, 1, 7, 0], [1, 7, 0, 1, 1, 6, 1, 4], [1, 1, 4, 0, 0, 0, 1, 5], [4, 0, 4, 0, 7, 4, 0, 1], [2, 0, 4, 5, 5, 4, 1, 4], [4, 0, 1, 7, 0, 4, 1, 3], [5, 0, 1, 1, 7, 1, 0, 1], [0, 0, 2, 2, 7, 7, 7, 1]], "potions": 14, "treasures": 8, "enemies": 17, "solution_length": 0, "enemies_loc": [[3, 0], [4, 0], [5, 1], [6, 1], [4, 2], [5, 2], [6, 2], [5, 3], [6, 4], [1, 5], [5, 5], [4, 7], [3, 9], [4, 10], [4, 11], [5, 11], [6, 11]]}, "quality": 0.3305263157757341, "diversity": 0.2719400976806642, "controlability": 0.0}