{"content": [[1, 1, 7, 1, 7, 1, 5, 0], [7, 0, 5, 7, 1, 7, 5, 0], [0, 0, 6, 6, 4, 1, 5, 1], [4, 5, 7, 5, 0, 7, 0, 6], [1, 0, 7, 1, 0, 7, 7, 6], [1, 7, 5, 0, 1, 6, 6, 5], [0, 5, 6, 1, 0, 1, 1, 5], [6, 0, 7, 0, 7, 0, 0, 1], [6, 6, 4, 5, 6, 3, 0, 1], [4, 0, 2, 7, 1, 4, 1, 6], [6, 5, 4, 1, 7, 0, 5, 1], [0, 0, 2, 0, 7, 7, 1, 1]], "control": {"col_treasures": 18, "solution_length": 45}, "info": {"regions": 1, "players": 2, "exits": 1, "layout": 44, "heuristic": -1, "solution": [], "content": [[1, 1, 7, 1, 7, 1, 5, 0], [7, 0, 5, 7, 1, 7, 5, 0], [0, 0, 6, 6, 4, 1, 5, 1], [4, 5, 7, 5, 0, 7, 0, 6], [1, 0, 7, 1, 0, 7, 7, 6], [1, 7, 5, 0, 1, 6, 6, 5], [0, 5, 6, 1, 0, 1, 1, 5], [6, 0, 7, 0, 7, 0, 0, 1], [6, 6, 4, 5, 6, 3, 0, 1], [4, 0, 2, 7, 1, 4, 1, 6], [6, 5, 4, 1, 7, 0, 5, 1], [0, 0, 2, 0, 7, 7, 1, 1]], "potions": 6, "treasures": 13, "enemies": 30, "solution_length": 0, "enemies_loc": [[2, 0], [4, 0], [0, 1], [3, 1], [5, 1], [2, 2], [3, 2], [2, 3], [5, 3], [7, 3], [2, 4], [5, 4], [6, 4], [7, 4], [1, 5], [5, 5], [6, 5], [2, 6], [0, 7], [2, 7], [4, 7], [0, 8], [1, 8], [4, 8], [3, 9], [7, 9], [0, 10], [4, 10], [4, 11], [5, 11]]}, "quality": 0.3270760233721377, "diversity": 0.31119790977957607, "controlability": 0.0}