{"content": [[1, 1, 1, 1, 0, 7, 5, 0], [5, 0, 5, 7, 1, 1, 3, 5], [0, 0, 4, 0, 3, 1, 5, 1], [4, 7, 1, 0, 0, 1, 0, 0], [6, 0, 1, 6, 0, 1, 7, 0], [1, 4, 4, 4, 1, 7, 1, 5], [1, 0, 3, 0, 5, 7, 1, 0], [5, 0, 4, 0, 7, 4, 0, 5], [5, 0, 1, 0, 5, 4, 1, 0], [1, 0, 1, 5, 5, 4, 4, 0], [5, 0, 7, 1, 5, 1, 0, 0], [3, 0, 2, 0, 7, 1, 1, 1]], "control": {"col_treasures": 18, "solution_length": 45}, "info": {"regions": 2, "players": 1, "exits": 4, "layout": 55, "heuristic": -1, "solution": [], "content": [[1, 1, 1, 1, 0, 7, 5, 0], [5, 0, 5, 7, 1, 1, 3, 5], [0, 0, 4, 0, 3, 1, 5, 1], [4, 7, 1, 0, 0, 1, 0, 0], [6, 0, 1, 6, 0, 1, 7, 0], [1, 4, 4, 4, 1, 7, 1, 5], [1, 0, 3, 0, 5, 7, 1, 0], [5, 0, 4, 0, 7, 4, 0, 5], [5, 0, 1, 0, 5, 4, 1, 0], [1, 0, 1, 5, 5, 4, 4, 0], [5, 0, 7, 1, 5, 1, 0, 0], [3, 0, 2, 0, 7, 1, 1, 1]], "potions": 10, "treasures": 15, "enemies": 11, "solution_length": 0, "enemies_loc": [[5, 0], [3, 1], [1, 3], [0, 4], [3, 4], [6, 4], [5, 5], [5, 6], [4, 7], [2, 10], [4, 11]]}, "quality": 0.323476132115641, "diversity": 0.303819437543403, "controlability": 0.0}