{"content": [[5, 4, 6, 2, 5, 1, 5, 6], [5, 4, 3, 0, 5, 7, 7, 1], [7, 0, 2, 3, 0, 6, 2, 1], [0, 5, 7, 0, 0, 2, 0, 0], [6, 0, 3, 1, 1, 1, 6, 0], [0, 6, 1, 0, 1, 7, 1, 4], [0, 5, 7, 1, 0, 7, 5, 5], [0, 1, 7, 0, 5, 2, 0, 6], [2, 0, 1, 5, 5, 7, 5, 5], [1, 7, 7, 6, 7, 6, 6, 7], [6, 4, 2, 2, 4, 6, 0, 1], [0, 6, 5, 3, 6, 6, 0, 7]], "control": {"col_treasures": 8, "solution_length": 30}, "info": {"regions": 2, "players": 8, "exits": 4, "layout": 35, "heuristic": -1, "solution": [], "content": [[5, 4, 6, 2, 5, 1, 5, 6], [5, 4, 3, 0, 5, 7, 7, 1], [7, 0, 2, 3, 0, 6, 2, 1], [0, 5, 7, 0, 0, 2, 0, 0], [6, 0, 3, 1, 1, 1, 6, 0], [0, 6, 1, 0, 1, 7, 1, 4], [0, 5, 7, 1, 0, 7, 5, 5], [0, 1, 7, 0, 5, 2, 0, 6], [2, 0, 1, 5, 5, 7, 5, 5], [1, 7, 7, 6, 7, 6, 6, 7], [6, 4, 2, 2, 4, 6, 0, 1], [0, 6, 5, 3, 6, 6, 0, 7]], "potions": 5, "treasures": 15, "enemies": 29, "solution_length": 0, "enemies_loc": [[2, 0], [7, 0], [5, 1], [6, 1], [0, 2], [5, 2], [2, 3], [0, 4], [6, 4], [1, 5], [5, 5], [2, 6], [5, 6], [2, 7], [7, 7], [5, 8], [1, 9], [2, 9], [3, 9], [4, 9], [5, 9], [6, 9], [7, 9], [0, 10], [5, 10], [1, 11], [4, 11], [5, 11], [7, 11]]}, "quality": 0.3005082958417033, "diversity": 0.3861418683000398, "controlability": 0.0}