{"content": [[1, 1, 1, 6, 0, 7, 5, 2], [5, 0, 5, 0, 4, 7, 7, 1], [0, 1, 1, 4, 5, 1, 5, 1], [4, 7, 1, 5, 3, 7, 5, 0], [6, 0, 1, 4, 1, 1, 4, 0], [1, 5, 4, 4, 1, 7, 1, 5], [1, 0, 4, 0, 5, 0, 1, 5], [5, 0, 0, 0, 1, 4, 0, 7], [5, 1, 1, 5, 4, 6, 1, 1], [1, 0, 0, 5, 0, 4, 4, 0], [5, 0, 1, 1, 5, 1, 0, 1], [5, 0, 2, 0, 7, 6, 4, 1]], "control": {"col_treasures": 18, "solution_length": 45}, "info": {"regions": 1, "players": 2, "exits": 1, "layout": 50, "heuristic": -1, "solution": [], "content": [[1, 1, 1, 6, 0, 7, 5, 2], [5, 0, 5, 0, 4, 7, 7, 1], [0, 1, 1, 4, 5, 1, 5, 1], [4, 7, 1, 5, 3, 7, 5, 0], [6, 0, 1, 4, 1, 1, 4, 0], [1, 5, 4, 4, 1, 7, 1, 5], [1, 0, 4, 0, 5, 0, 1, 5], [5, 0, 0, 0, 1, 4, 0, 7], [5, 1, 1, 5, 4, 6, 1, 1], [1, 0, 0, 5, 0, 4, 4, 0], [5, 0, 1, 1, 5, 1, 0, 1], [5, 0, 2, 0, 7, 6, 4, 1]], "potions": 13, "treasures": 18, "enemies": 12, "solution_length": 0, "enemies_loc": [[3, 0], [5, 0], [5, 1], [6, 1], [1, 3], [5, 3], [0, 4], [5, 5], [7, 7], [5, 8], [4, 11], [5, 11]]}, "quality": 0.3326315789404248, "diversity": 0.3041666598958336, "controlability": 0.0}