{"content": [[1, 3, 7, 1, 5, 5, 5, 6], [0, 2, 2, 7, 5, 6, 7, 0], [0, 4, 7, 7, 0, 1, 2, 1], [0, 2, 1, 6, 0, 7, 0, 5], [3, 5, 6, 1, 1, 7, 6, 6], [1, 6, 1, 1, 5, 7, 6, 0], [0, 5, 4, 1, 0, 7, 0, 7], [5, 0, 7, 0, 7, 4, 1, 2], [5, 1, 1, 5, 4, 1, 5, 5], [5, 6, 7, 6, 1, 4, 6, 5], [2, 7, 6, 1, 5, 6, 0, 1], [5, 3, 6, 0, 6, 1, 4, 1]], "control": {"col_treasures": 4, "solution_length": 23}, "info": {"regions": 1, "players": 6, "exits": 3, "layout": 35, "heuristic": -1, "solution": [], "content": [[1, 3, 7, 1, 5, 5, 5, 6], [0, 2, 2, 7, 5, 6, 7, 0], [0, 4, 7, 7, 0, 1, 2, 1], [0, 2, 1, 6, 0, 7, 0, 5], [3, 5, 6, 1, 1, 7, 6, 6], [1, 6, 1, 1, 5, 7, 6, 0], [0, 5, 4, 1, 0, 7, 0, 7], [5, 0, 7, 0, 7, 4, 1, 2], [5, 1, 1, 5, 4, 1, 5, 5], [5, 6, 7, 6, 1, 4, 6, 5], [2, 7, 6, 1, 5, 6, 0, 1], [5, 3, 6, 0, 6, 1, 4, 1]], "potions": 6, "treasures": 17, "enemies": 29, "solution_length": 0, "enemies_loc": [[2, 0], [7, 0], [3, 1], [5, 1], [6, 1], [2, 2], [3, 2], [3, 3], [5, 3], [2, 4], [5, 4], [6, 4], [7, 4], [1, 5], [5, 5], [6, 5], [5, 6], [7, 6], [2, 7], [4, 7], [1, 9], [2, 9], [3, 9], [6, 9], [1, 10], [2, 10], [5, 10], [2, 11], [4, 11]]}, "quality": 0.3103654970523781, "diversity": 0.3286564548788268, "controlability": 0.0}