{"content": [[1, 1, 4, 1, 0, 5, 5, 0], [5, 0, 5, 5, 1, 7, 5, 5], [0, 0, 1, 1, 4, 1, 5, 1], [0, 2, 1, 0, 0, 4, 1, 4], [1, 7, 1, 0, 7, 5, 7, 0], [5, 6, 0, 1, 1, 7, 7, 7], [2, 1, 5, 7, 0, 7, 0, 5], [5, 0, 6, 0, 7, 2, 4, 0], [5, 0, 6, 5, 5, 0, 0, 1], [4, 1, 1, 1, 6, 1, 4, 0], [5, 3, 6, 7, 7, 1, 0, 2], [5, 5, 5, 2, 5, 1, 1, 6]], "control": {"col_treasures": 18, "solution_length": 45}, "info": {"regions": 2, "players": 5, "exits": 1, "layout": 44, "heuristic": -1, "solution": [], "content": [[1, 1, 4, 1, 0, 5, 5, 0], [5, 0, 5, 5, 1, 7, 5, 5], [0, 0, 1, 1, 4, 1, 5, 1], [0, 2, 1, 0, 0, 4, 1, 4], [1, 7, 1, 0, 7, 5, 7, 0], [5, 6, 0, 1, 1, 7, 7, 7], [2, 1, 5, 7, 0, 7, 0, 5], [5, 0, 6, 0, 7, 2, 4, 0], [5, 0, 6, 5, 5, 0, 0, 1], [4, 1, 1, 1, 6, 1, 4, 0], [5, 3, 6, 7, 7, 1, 0, 2], [5, 5, 5, 2, 5, 1, 1, 6]], "potions": 7, "treasures": 21, "enemies": 18, "solution_length": 0, "enemies_loc": [[5, 1], [1, 4], [4, 4], [6, 4], [1, 5], [5, 5], [6, 5], [7, 5], [3, 6], [5, 6], [2, 7], [4, 7], [2, 8], [4, 9], [2, 10], [3, 10], [4, 10], [7, 11]]}, "quality": 0.3172188221614629, "diversity": 0.28947367723684214, "controlability": 0.0}