{"content": [[1, 7, 4, 3, 1, 7, 1, 6], [2, 0, 0, 0, 5, 2, 6, 4], [2, 4, 0, 0, 2, 5, 6, 5], [3, 5, 1, 6, 6, 4, 3, 2], [0, 5, 6, 7, 6, 1, 6, 7], [0, 1, 5, 4, 6, 5, 3, 4], [4, 5, 4, 1, 5, 2, 6, 7], [6, 3, 5, 1, 2, 4, 4, 4], [3, 4, 5, 7, 3, 6, 5, 3], [7, 4, 0, 4, 7, 6, 5, 2], [7, 0, 0, 2, 3, 4, 1, 4], [5, 5, 2, 7, 4, 2, 6, 4]], "control": {"col_treasures": 6, "solution_length": 25}, "info": {"regions": 1, "players": 11, "exits": 9, "layout": 19, "heuristic": -1, "solution": [], "content": [[1, 7, 4, 3, 1, 7, 1, 6], [2, 0, 0, 0, 5, 2, 6, 4], [2, 4, 0, 0, 2, 5, 6, 5], [3, 5, 1, 6, 6, 4, 3, 2], [0, 5, 6, 7, 6, 1, 6, 7], [0, 1, 5, 4, 6, 5, 3, 4], [4, 5, 4, 1, 5, 2, 6, 7], [6, 3, 5, 1, 2, 4, 4, 4], [3, 4, 5, 7, 3, 6, 5, 3], [7, 4, 0, 4, 7, 6, 5, 2], [7, 0, 0, 2, 3, 4, 1, 4], [5, 5, 2, 7, 4, 2, 6, 4]], "potions": 18, "treasures": 15, "enemies": 24, "solution_length": 0, "enemies_loc": [[1, 0], [5, 0], [7, 0], [6, 1], [6, 2], [3, 3], [4, 3], [2, 4], [3, 4], [4, 4], [6, 4], [7, 4], [4, 5], [6, 6], [7, 6], [0, 7], [3, 8], [5, 8], [0, 9], [4, 9], [5, 9], [0, 10], [3, 11], [6, 11]]}, "quality": 0.280423976589984, "diversity": 0.4685132469992901, "controlability": 0.0}