{"content": [[1, 0, 2, 5, 0, 5, 5, 6], [0, 0, 5, 1, 1, 7, 5, 5], [0, 0, 6, 1, 4, 1, 5, 0], [0, 5, 7, 5, 0, 4, 6, 7], [1, 0, 7, 6, 6, 0, 7, 6], [1, 6, 0, 7, 7, 6, 1, 1], [1, 4, 6, 1, 0, 4, 6, 5], [5, 0, 0, 0, 7, 0, 0, 6], [6, 0, 4, 0, 5, 4, 4, 6], [7, 0, 1, 0, 6, 4, 7, 6], [5, 7, 6, 6, 4, 6, 0, 1], [5, 5, 6, 7, 7, 7, 0, 1]], "control": {"col_treasures": 8, "solution_length": 30}, "info": {"regions": 2, "players": 1, "exits": 0, "layout": 38, "heuristic": -1, "solution": [], "content": [[1, 0, 2, 5, 0, 5, 5, 6], [0, 0, 5, 1, 1, 7, 5, 5], [0, 0, 6, 1, 4, 1, 5, 0], [0, 5, 7, 5, 0, 4, 6, 7], [1, 0, 7, 6, 6, 0, 7, 6], [1, 6, 0, 7, 7, 6, 1, 1], [1, 4, 6, 1, 0, 4, 6, 5], [5, 0, 0, 0, 7, 0, 0, 6], [6, 0, 4, 0, 5, 4, 4, 6], [7, 0, 1, 0, 6, 4, 7, 6], [5, 7, 6, 6, 4, 6, 0, 1], [5, 5, 6, 7, 7, 7, 0, 1]], "potions": 9, "treasures": 15, "enemies": 33, "solution_length": 0, "enemies_loc": [[7, 0], [5, 1], [2, 2], [2, 3], [6, 3], [7, 3], [2, 4], [3, 4], [4, 4], [6, 4], [7, 4], [1, 5], [3, 5], [4, 5], [5, 5], [2, 6], [6, 6], [4, 7], [7, 7], [0, 8], [7, 8], [0, 9], [4, 9], [6, 9], [7, 9], [1, 10], [2, 10], [3, 10], [5, 10], [2, 11], [3, 11], [4, 11], [5, 11]]}, "quality": 0.24502583971378078, "diversity": 0.29365529614346597, "controlability": 0.0}