{"content": [[1, 1, 1, 5, 7, 1, 7, 0], [1, 2, 0, 6, 1, 6, 5, 6], [6, 6, 0, 5, 7, 6, 6, 6], [0, 5, 1, 0, 5, 7, 6, 5], [1, 7, 5, 6, 6, 6, 0, 6], [1, 7, 0, 7, 1, 4, 1, 3], [1, 1, 7, 7, 0, 7, 0, 5], [5, 0, 5, 0, 1, 0, 1, 1], [7, 0, 1, 5, 0, 4, 6, 1], [5, 5, 7, 5, 6, 4, 7, 1], [5, 7, 6, 1, 7, 6, 0, 7], [5, 3, 2, 7, 4, 7, 6, 0]], "control": {"col_treasures": 8, "solution_length": 30}, "info": {"regions": 2, "players": 2, "exits": 2, "layout": 36, "heuristic": -1, "solution": [], "content": [[1, 1, 1, 5, 7, 1, 7, 0], [1, 2, 0, 6, 1, 6, 5, 6], [6, 6, 0, 5, 7, 6, 6, 6], [0, 5, 1, 0, 5, 7, 6, 5], [1, 7, 5, 6, 6, 6, 0, 6], [1, 7, 0, 7, 1, 4, 1, 3], [1, 1, 7, 7, 0, 7, 0, 5], [5, 0, 5, 0, 1, 0, 1, 1], [7, 0, 1, 5, 0, 4, 6, 1], [5, 5, 7, 5, 6, 4, 7, 1], [5, 7, 6, 1, 7, 6, 0, 7], [5, 3, 2, 7, 4, 7, 6, 0]], "potions": 4, "treasures": 16, "enemies": 36, "solution_length": 0, "enemies_loc": [[4, 0], [6, 0], [3, 1], [5, 1], [7, 1], [0, 2], [1, 2], [4, 2], [5, 2], [6, 2], [7, 2], [5, 3], [6, 3], [1, 4], [3, 4], [4, 4], [5, 4], [7, 4], [1, 5], [3, 5], [2, 6], [3, 6], [5, 6], [0, 8], [6, 8], [2, 9], [4, 9], [6, 9], [1, 10], [2, 10], [4, 10], [5, 10], [7, 10], [3, 11], [5, 11], [6, 11]]}, "quality": 0.3075112198174312, "diversity": 0.23635912147197458, "controlability": 0.0}