{"content": {"layout": [15, 13, 5, 9, 13, 15, 15, 11, 15, 15, 15, 9, 2, 14, 7, 3], "start": 5, "boss": 12, "shop": 2, "treasure": 0}, "control": {"map_size": 11}, "info": {"map_size": 16, "num_regions": 1, "connect_regions": 1, "loose_connections": 8, "locations": 4, "player_boss_distance": 11, "flat": [0, 2, 0, 0, 0, 0, 0, 0, 0, 0, 0, 0, 2, 1, 2, 2, 1, 2, 2, 1, 2, 2, 1, 0, 0, 2, 0, 0, 2, 0, 0, 0, 0, 0, 2, 0, 0, 0, 0, 0, 2, 0, 0, 2, 0, 0, 2, 0, 2, 1, 2, 2, 1, 2, 2, 1, 2, 2, 1, 0, 0, 2, 0, 0, 2, 0, 0, 2, 0, 0, 2, 0, 0, 2, 0, 0, 2, 0, 0, 2, 0, 0, 0, 0, 2, 1, 2, 2, 1, 2, 2, 1, 2, 2, 1, 0, 0, 2, 0, 0, 2, 0, 0, 2, 0, 0, 2, 0, 0, 2, 0, 0, 2, 0, 0, 2, 0, 0, 2, 0, 0, 1, 0, 0, 1, 2, 2, 1, 2, 2, 1, 0, 0, 0, 0, 0, 2, 0, 0, 0, 0, 0, 0, 0], "dead_end": 1}, "quality": 0.9499999999687501, "diversity": 0.8567708214002823, "controlability": 1.0}