{"content": [[4, 1, 1, 1, 7, 5, 4, 1], [0, 5, 0, 0, 4, 7, 4, 0], [0, 0, 4, 4, 7, 6, 6, 1], [0, 5, 1, 0, 1, 7, 4, 5], [1, 7, 1, 6, 0, 1, 7, 6], [7, 4, 0, 7, 5, 4, 0, 4], [7, 4, 6, 1, 1, 0, 0, 7], [1, 0, 3, 0, 6, 0, 1, 4], [4, 0, 4, 0, 0, 4, 0, 0], [4, 0, 7, 0, 4, 4, 1, 6], [6, 3, 6, 1, 4, 2, 4, 1], [4, 0, 1, 0, 0, 1, 0, 5]], "control": {"col_treasures": 8, "solution_length": 30}, "info": {"regions": 1, "players": 1, "exits": 2, "layout": 46, "heuristic": -1, "solution": [], "content": [[4, 1, 1, 1, 7, 5, 4, 1], [0, 5, 0, 0, 4, 7, 4, 0], [0, 0, 4, 4, 7, 6, 6, 1], [0, 5, 1, 0, 1, 7, 4, 5], [1, 7, 1, 6, 0, 1, 7, 6], [7, 4, 0, 7, 5, 4, 0, 4], [7, 4, 6, 1, 1, 0, 0, 7], [1, 0, 3, 0, 6, 0, 1, 4], [4, 0, 4, 0, 0, 4, 0, 0], [4, 0, 7, 0, 4, 4, 1, 6], [6, 3, 6, 1, 4, 2, 4, 1], [4, 0, 1, 0, 0, 1, 0, 5]], "potions": 21, "treasures": 6, "enemies": 20, "solution_length": 0, "enemies_loc": [[4, 0], [5, 1], [4, 2], [5, 2], [6, 2], [5, 3], [1, 4], [3, 4], [6, 4], [7, 4], [0, 5], [3, 5], [0, 6], [2, 6], [7, 6], [4, 7], [2, 9], [7, 9], [0, 10], [2, 10]]}, "quality": 0.3298538011493368, "diversity": 0.2061011856808037, "controlability": 0.0}