{"content": [[1, 0, 5, 0, 1, 1, 0, 0, 0, 0, 0], [1, 5, 1, 0, 0, 1, 1, 0, 0, 1, 0], [1, 1, 1, 1, 0, 0, 1, 1, 1, 1, 0], [0, 2, 0, 0, 1, 1, 0, 5, 0, 3, 5], [1, 5, 1, 1, 1, 1, 1, 1, 1, 1, 1], [1, 0, 0, 1, 4, 0, 1, 1, 5, 1, 1], [1, 0, 0, 0, 1, 0, 0, 0, 1, 1, 1]], "control": {"player_key": 17, "key_door": 17}, "info": {"regions": 1, "players": 1, "keys": 1, "doors": 1, "enemies": 6, "player_key": 10, "key_door": 7, "pk_path": [[1, 3], [1, 4], [2, 4], [3, 4], [4, 4], [5, 4], [6, 4], [7, 4], [8, 4], [9, 4], [9, 3]], "kd_path": []}, "quality": 0.984398782204488, "diversity": 0.6365646248978645, "controlability": 0.5666666662888888}