{"content": [[1, 1, 1, 0, 1, 3, 1, 0, 0, 5, 0], [1, 1, 4, 0, 0, 1, 1, 0, 0, 1, 0], [1, 1, 1, 1, 1, 0, 3, 5, 1, 1, 0], [0, 1, 0, 0, 1, 2, 0, 1, 0, 1, 0], [1, 5, 5, 1, 1, 1, 1, 1, 1, 2, 1], [1, 0, 1, 1, 1, 0, 1, 4, 5, 1, 1], [1, 1, 0, 0, 1, 1, 1, 0, 1, 1, 1]], "control": {"player_key": 17, "key_door": 17}, "info": {"regions": 1, "players": 2, "keys": 2, "doors": 2, "enemies": 5, "player_key": 9, "key_door": 14, "pk_path": [[5, 3], [5, 4], [6, 4], [7, 4], [7, 3], [7, 2], [6, 2], [6, 1], [6, 0], [5, 0]], "kd_path": []}, "quality": 0.49667673032048965, "diversity": 1.0, "controlability": 0.7666666661555555}