{"content": [[1, 1, 1, 0, 1, 1, 1, 4, 0, 1, 0], [1, 1, 1, 1, 0, 3, 1, 0, 0, 1, 0], [1, 1, 1, 1, 0, 1, 3, 5, 1, 2, 0], [0, 1, 0, 0, 0, 1, 0, 1, 4, 1, 0], [1, 5, 1, 1, 1, 1, 1, 1, 1, 1, 3], [1, 0, 1, 1, 1, 0, 1, 1, 0, 1, 1], [1, 2, 0, 0, 1, 1, 0, 0, 1, 3, 1]], "control": {"player_key": 17, "key_door": 17}, "info": {"regions": 1, "players": 2, "keys": 4, "doors": 2, "enemies": 2, "player_key": 5, "key_door": 3, "pk_path": [[9, 2], [8, 2], [7, 2], [6, 2], [6, 1], [5, 1]], "kd_path": []}, "quality": 0.4958881578706068, "diversity": 0.07692307692307687, "controlability": 0.26666666648888887}