{"content": [[6, 1, 1, 1, 7, 5, 4, 7], [1, 2, 0, 0, 4, 6, 5, 6], [0, 4, 4, 1, 4, 6, 6, 1], [3, 2, 1, 0, 0, 7, 4, 1], [1, 7, 1, 6, 6, 1, 0, 6], [6, 6, 0, 7, 1, 6, 0, 4], [0, 7, 6, 5, 1, 7, 0, 6], [5, 0, 0, 0, 7, 0, 0, 1], [4, 0, 1, 4, 0, 4, 1, 1], [4, 7, 1, 7, 0, 4, 1, 3], [7, 7, 1, 4, 4, 6, 4, 1], [4, 4, 4, 0, 7, 1, 0, 1]], "control": {"col_treasures": 18, "solution_length": 45}, "info": {"regions": 1, "players": 2, "exits": 2, "layout": 43, "heuristic": -1, "solution": [], "content": [[6, 1, 1, 1, 7, 5, 4, 7], [1, 2, 0, 0, 4, 6, 5, 6], [0, 4, 4, 1, 4, 6, 6, 1], [3, 2, 1, 0, 0, 7, 4, 1], [1, 7, 1, 6, 6, 1, 0, 6], [6, 6, 0, 7, 1, 6, 0, 4], [0, 7, 6, 5, 1, 7, 0, 6], [5, 0, 0, 0, 7, 0, 0, 1], [4, 0, 1, 4, 0, 4, 1, 1], [4, 7, 1, 7, 0, 4, 1, 3], [7, 7, 1, 4, 4, 6, 4, 1], [4, 4, 4, 0, 7, 1, 0, 1]], "potions": 18, "treasures": 4, "enemies": 27, "solution_length": 0, "enemies_loc": [[0, 0], [4, 0], [7, 0], [5, 1], [7, 1], [5, 2], [6, 2], [5, 3], [1, 4], [3, 4], [4, 4], [7, 4], [0, 5], [1, 5], [3, 5], [5, 5], [1, 6], [2, 6], [5, 6], [7, 6], [4, 7], [1, 9], [3, 9], [0, 10], [1, 10], [5, 10], [4, 11]]}, "quality": 0.32498538009062955, "diversity": 0.27475844759963786, "controlability": 0.0}