{"content": [[1, 1, 5, 5, 0, 1, 5, 5], [5, 0, 5, 5, 1, 7, 5, 5], [0, 0, 4, 1, 5, 1, 6, 7], [0, 5, 1, 0, 4, 1, 1, 6], [1, 0, 7, 1, 3, 1, 7, 0], [1, 7, 5, 7, 1, 0, 1, 5], [4, 1, 6, 1, 0, 0, 1, 5], [5, 0, 7, 0, 5, 0, 0, 1], [5, 0, 1, 5, 5, 7, 0, 4], [1, 1, 1, 7, 0, 4, 7, 6], [3, 5, 1, 1, 7, 6, 5, 1], [0, 5, 7, 0, 0, 7, 6, 1]], "control": {"col_treasures": 18, "solution_length": 45}, "info": {"regions": 1, "players": 0, "exits": 2, "layout": 48, "heuristic": -1, "solution": [], "content": [[1, 1, 5, 5, 0, 1, 5, 5], [5, 0, 5, 5, 1, 7, 5, 5], [0, 0, 4, 1, 5, 1, 6, 7], [0, 5, 1, 0, 4, 1, 1, 6], [1, 0, 7, 1, 3, 1, 7, 0], [1, 7, 5, 7, 1, 0, 1, 5], [4, 1, 6, 1, 0, 0, 1, 5], [5, 0, 7, 0, 5, 0, 0, 1], [5, 0, 1, 5, 5, 7, 0, 4], [1, 1, 1, 7, 0, 4, 7, 6], [3, 5, 1, 1, 7, 6, 5, 1], [0, 5, 7, 0, 0, 7, 6, 1]], "potions": 5, "treasures": 22, "enemies": 19, "solution_length": 0, "enemies_loc": [[5, 1], [6, 2], [7, 2], [7, 3], [2, 4], [6, 4], [1, 5], [3, 5], [2, 6], [2, 7], [5, 8], [3, 9], [6, 9], [7, 9], [4, 10], [5, 10], [2, 11], [5, 11], [6, 11]]}, "quality": 0.2659649122737581, "diversity": 0.32130028018588386, "controlability": 0.0}