{"content": [[6, 5, 1, 1, 7, 5, 4, 7], [1, 0, 5, 0, 1, 6, 5, 6], [0, 0, 4, 1, 4, 6, 6, 1], [0, 2, 1, 0, 7, 7, 6, 3], [1, 0, 1, 0, 6, 1, 6, 6], [6, 6, 0, 1, 1, 7, 0, 4], [5, 4, 4, 5, 1, 7, 1, 6], [5, 0, 1, 0, 7, 4, 4, 1], [5, 5, 1, 4, 5, 4, 1, 1], [1, 7, 7, 7, 0, 4, 1, 3], [7, 7, 1, 4, 4, 6, 4, 0], [5, 5, 4, 6, 0, 1, 4, 7]], "control": {"col_treasures": 18, "solution_length": 45}, "info": {"regions": 1, "players": 1, "exits": 2, "layout": 38, "heuristic": -1, "solution": [], "content": [[6, 5, 1, 1, 7, 5, 4, 7], [1, 0, 5, 0, 1, 6, 5, 6], [0, 0, 4, 1, 4, 6, 6, 1], [0, 2, 1, 0, 7, 7, 6, 3], [1, 0, 1, 0, 6, 1, 6, 6], [6, 6, 0, 1, 1, 7, 0, 4], [5, 4, 4, 5, 1, 7, 1, 6], [5, 0, 1, 0, 7, 4, 4, 1], [5, 5, 1, 4, 5, 4, 1, 1], [1, 7, 7, 7, 0, 4, 1, 3], [7, 7, 1, 4, 4, 6, 4, 0], [5, 5, 4, 6, 0, 1, 4, 7]], "potions": 16, "treasures": 12, "enemies": 27, "solution_length": 0, "enemies_loc": [[0, 0], [4, 0], [7, 0], [5, 1], [7, 1], [5, 2], [6, 2], [4, 3], [5, 3], [6, 3], [4, 4], [6, 4], [7, 4], [0, 5], [1, 5], [5, 5], [5, 6], [7, 6], [4, 7], [1, 9], [2, 9], [3, 9], [0, 10], [1, 10], [5, 10], [3, 11], [7, 11]]}, "quality": 0.3187426900405405, "diversity": 0.6874999953125002, "controlability": 0.0}