{"content": [[1, 1, 1, 0, 1, 1, 1, 1, 0, 0, 0], [1, 1, 1, 1, 0, 1, 1, 0, 0, 1, 0], [1, 1, 1, 1, 1, 1, 1, 2, 1, 1, 1], [5, 1, 0, 0, 0, 1, 0, 1, 0, 1, 0], [1, 5, 1, 5, 1, 1, 0, 1, 1, 1, 1], [1, 0, 1, 5, 4, 0, 1, 1, 5, 0, 1], [1, 0, 0, 0, 1, 1, 0, 0, 1, 3, 0]], "control": {"player_key": 17, "key_door": 17}, "info": {"regions": 1, "players": 1, "keys": 1, "doors": 1, "enemies": 5, "player_key": 6, "key_door": 12, "pk_path": [[7, 2], [7, 3], [7, 4], [7, 5], [8, 5], [8, 6], [9, 6]], "kd_path": []}, "quality": 0.999143835607994, "diversity": 0.4947910945057413, "controlability": 0.5999999996000001}