{"content": [[1, 1, 1, 0, 1, 3, 1, 1, 0, 1, 0], [1, 5, 1, 1, 0, 1, 1, 0, 0, 1, 0], [1, 1, 1, 1, 1, 0, 1, 5, 2, 1, 0], [0, 1, 0, 0, 1, 0, 0, 1, 0, 1, 0], [1, 5, 0, 1, 1, 5, 1, 1, 1, 1, 1], [1, 1, 1, 5, 5, 0, 1, 4, 5, 1, 1], [1, 1, 0, 0, 1, 1, 1, 0, 1, 1, 1]], "control": {"player_key": 17, "key_door": 17}, "info": {"regions": 1, "players": 1, "keys": 1, "doors": 1, "enemies": 7, "player_key": 5, "key_door": 7, "pk_path": [[8, 2], [7, 2], [6, 2], [6, 1], [6, 0], [5, 0]], "kd_path": []}, "quality": 0.9140981734151793, "diversity": 0.912231539993776, "controlability": 0.39999999973333333}