{"content": {"layout": [12, 1, 12, 14, 7, 10, 2, 10, 13, 10, 13, 14, 6, 14, 7, 15], "start": 0, "boss": 0, "shop": 3, "treasure": 1}, "control": {"map_size": 11}, "info": {"map_size": 16, "num_regions": 1, "connect_regions": 4, "loose_connections": 15, "locations": 3, "player_boss_distance": -1, "flat": [0, 0, 0, 0, 0, 0, 0, 0, 0, 0, 2, 0, 0, 1, 2, 2, 1, 0, 0, 1, 2, 0, 1, 2, 0, 2, 0, 0, 0, 0, 0, 2, 0, 0, 2, 0, 0, 2, 0, 0, 2, 0, 0, 2, 0, 0, 2, 0, 2, 1, 2, 0, 1, 0, 0, 1, 0, 0, 1, 0, 0, 0, 0, 0, 2, 0, 0, 0, 0, 0, 2, 0, 0, 0, 0, 0, 2, 0, 0, 0, 0, 0, 2, 0, 2, 1, 2, 0, 1, 0, 2, 1, 2, 0, 1, 2, 0, 2, 0, 0, 2, 0, 0, 2, 0, 0, 2, 0, 0, 2, 0, 0, 2, 0, 0, 2, 0, 0, 2, 0, 0, 1, 2, 0, 1, 2, 2, 1, 2, 2, 1, 2, 0, 0, 0, 0, 2, 0, 0, 0, 0, 0, 2, 0], "dead_end": 1}, "quality": 0.56999999992, "diversity": 0.15550595051540783, "controlability": 1.0}