{"content": [[6, 1, 7, 1, 7, 5, 4, 0], [0, 0, 0, 0, 2, 7, 4, 0], [0, 0, 7, 1, 4, 1, 2, 1], [0, 3, 3, 0, 0, 1, 0, 5], [6, 1, 6, 1, 1, 3, 7, 2], [1, 6, 0, 1, 1, 7, 2, 4], [0, 1, 3, 0, 0, 1, 0, 5], [4, 0, 7, 0, 7, 4, 1, 1], [2, 0, 1, 0, 5, 6, 5, 1], [1, 0, 1, 5, 1, 4, 1, 0], [2, 7, 6, 7, 7, 1, 7, 1], [5, 3, 7, 6, 7, 1, 1, 1]], "control": {"col_treasures": 18, "solution_length": 45}, "info": {"regions": 1, "players": 6, "exits": 5, "layout": 50, "heuristic": -1, "solution": [], "content": [[6, 1, 7, 1, 7, 5, 4, 0], [0, 0, 0, 0, 2, 7, 4, 0], [0, 0, 7, 1, 4, 1, 2, 1], [0, 3, 3, 0, 0, 1, 0, 5], [6, 1, 6, 1, 1, 3, 7, 2], [1, 6, 0, 1, 1, 7, 2, 4], [0, 1, 3, 0, 0, 1, 0, 5], [4, 0, 7, 0, 7, 4, 1, 1], [2, 0, 1, 0, 5, 6, 5, 1], [1, 0, 1, 5, 1, 4, 1, 0], [2, 7, 6, 7, 7, 1, 7, 1], [5, 3, 7, 6, 7, 1, 1, 1]], "potions": 7, "treasures": 7, "enemies": 21, "solution_length": 0, "enemies_loc": [[0, 0], [2, 0], [4, 0], [5, 1], [2, 2], [0, 4], [2, 4], [6, 4], [1, 5], [5, 5], [2, 7], [4, 7], [5, 8], [1, 10], [2, 10], [3, 10], [4, 10], [6, 10], [2, 11], [3, 11], [4, 11]]}, "quality": 0.32701754384627885, "diversity": 0.29450060575022996, "controlability": 0.0}