{"content": [[1, 7, 1, 1, 7, 5, 5, 0], [0, 0, 0, 0, 6, 7, 5, 0], [0, 0, 1, 4, 4, 6, 6, 1], [0, 5, 1, 0, 0, 7, 4, 0], [0, 7, 1, 0, 6, 7, 6, 6], [1, 3, 0, 1, 1, 7, 0, 1], [0, 5, 6, 0, 1, 7, 0, 5], [4, 0, 1, 0, 7, 0, 0, 1], [4, 0, 4, 5, 1, 4, 6, 4], [2, 0, 1, 7, 4, 4, 1, 6], [6, 2, 6, 1, 4, 6, 4, 0], [4, 0, 6, 6, 2, 1, 1, 1]], "control": {"col_treasures": 8, "solution_length": 30}, "info": {"regions": 1, "players": 3, "exits": 1, "layout": 48, "heuristic": -1, "solution": [], "content": [[1, 7, 1, 1, 7, 5, 5, 0], [0, 0, 0, 0, 6, 7, 5, 0], [0, 0, 1, 4, 4, 6, 6, 1], [0, 5, 1, 0, 0, 7, 4, 0], [0, 7, 1, 0, 6, 7, 6, 6], [1, 3, 0, 1, 1, 7, 0, 1], [0, 5, 6, 0, 1, 7, 0, 5], [4, 0, 1, 0, 7, 0, 0, 1], [4, 0, 4, 5, 1, 4, 6, 4], [2, 0, 1, 7, 4, 4, 1, 6], [6, 2, 6, 1, 4, 6, 4, 0], [4, 0, 6, 6, 2, 1, 1, 1]], "potions": 13, "treasures": 7, "enemies": 24, "solution_length": 0, "enemies_loc": [[1, 0], [4, 0], [4, 1], [5, 1], [5, 2], [6, 2], [5, 3], [1, 4], [4, 4], [5, 4], [6, 4], [7, 4], [5, 5], [2, 6], [5, 6], [4, 7], [6, 8], [3, 9], [7, 9], [0, 10], [2, 10], [5, 10], [2, 11], [3, 11]]}, "quality": 0.3319298245545337, "diversity": 0.4882812440429689, "controlability": 0.0}