{"content": [[1, 1, 3, 6, 6, 1, 5, 0], [1, 0, 0, 0, 1, 1, 7, 4], [0, 0, 4, 4, 2, 6, 5, 1], [1, 5, 1, 0, 0, 7, 0, 4], [1, 6, 1, 0, 6, 6, 6, 0], [1, 3, 1, 1, 1, 1, 0, 4], [1, 5, 2, 0, 1, 0, 0, 5], [5, 0, 1, 0, 7, 0, 0, 1], [5, 0, 4, 5, 1, 4, 1, 4], [4, 0, 1, 7, 1, 4, 7, 6], [6, 0, 1, 1, 4, 6, 4, 1], [2, 0, 6, 0, 7, 6, 4, 1]], "control": {"col_treasures": 8, "solution_length": 30}, "info": {"regions": 1, "players": 3, "exits": 2, "layout": 52, "heuristic": -1, "solution": [], "content": [[1, 1, 3, 6, 6, 1, 5, 0], [1, 0, 0, 0, 1, 1, 7, 4], [0, 0, 4, 4, 2, 6, 5, 1], [1, 5, 1, 0, 0, 7, 0, 4], [1, 6, 1, 0, 6, 6, 6, 0], [1, 3, 1, 1, 1, 1, 0, 4], [1, 5, 2, 0, 1, 0, 0, 5], [5, 0, 1, 0, 7, 0, 0, 1], [5, 0, 4, 5, 1, 4, 1, 4], [4, 0, 1, 7, 1, 4, 7, 6], [6, 0, 1, 1, 4, 6, 4, 1], [2, 0, 6, 0, 7, 6, 4, 1]], "potions": 13, "treasures": 8, "enemies": 18, "solution_length": 0, "enemies_loc": [[3, 0], [4, 0], [6, 1], [5, 2], [5, 3], [1, 4], [4, 4], [5, 4], [6, 4], [4, 7], [3, 9], [6, 9], [7, 9], [0, 10], [5, 10], [2, 11], [4, 11], [5, 11]]}, "quality": 0.33122807016162514, "diversity": 0.25515109279704673, "controlability": 0.0}