{"content": [[1, 1, 1, 1, 7, 5, 5, 0], [0, 0, 0, 0, 1, 3, 5, 7], [0, 0, 1, 0, 4, 4, 6, 1], [0, 5, 1, 0, 0, 7, 0, 0], [0, 7, 1, 1, 6, 1, 6, 6], [4, 3, 3, 5, 1, 7, 0, 4], [1, 5, 0, 0, 1, 7, 1, 5], [5, 0, 1, 0, 7, 0, 0, 1], [5, 0, 4, 5, 1, 4, 1, 4], [1, 0, 1, 7, 4, 4, 6, 6], [6, 5, 1, 1, 7, 6, 4, 1], [4, 0, 6, 6, 2, 1, 1, 7]], "control": {"col_treasures": 18, "solution_length": 45}, "info": {"regions": 1, "players": 1, "exits": 3, "layout": 50, "heuristic": -1, "solution": [], "content": [[1, 1, 1, 1, 7, 5, 5, 0], [0, 0, 0, 0, 1, 3, 5, 7], [0, 0, 1, 0, 4, 4, 6, 1], [0, 5, 1, 0, 0, 7, 0, 0], [0, 7, 1, 1, 6, 1, 6, 6], [4, 3, 3, 5, 1, 7, 0, 4], [1, 5, 0, 0, 1, 7, 1, 5], [5, 0, 1, 0, 7, 0, 0, 1], [5, 0, 4, 5, 1, 4, 1, 4], [1, 0, 1, 7, 4, 4, 6, 6], [6, 5, 1, 1, 7, 6, 4, 1], [4, 0, 6, 6, 2, 1, 1, 7]], "potions": 11, "treasures": 11, "enemies": 20, "solution_length": 0, "enemies_loc": [[4, 0], [7, 1], [6, 2], [5, 3], [1, 4], [4, 4], [6, 4], [7, 4], [5, 5], [5, 6], [4, 7], [3, 9], [6, 9], [7, 9], [0, 10], [4, 10], [5, 10], [2, 11], [3, 11], [7, 11]]}, "quality": 0.3319298245545337, "diversity": 0.39583332656250025, "controlability": 0.0}