{"content": [[1, 1, 7, 1, 0, 1, 5, 6], [2, 2, 7, 0, 2, 7, 4, 1], [0, 0, 7, 1, 3, 1, 2, 1], [0, 5, 1, 6, 0, 7, 4, 0], [0, 7, 6, 6, 6, 1, 7, 0], [4, 6, 0, 0, 1, 2, 1, 3], [1, 5, 0, 0, 1, 0, 1, 5], [5, 0, 6, 0, 7, 4, 0, 0], [2, 0, 1, 5, 4, 1, 1, 7], [1, 6, 1, 6, 0, 3, 1, 0], [2, 0, 1, 4, 2, 6, 0, 3], [5, 6, 7, 0, 6, 6, 6, 1]], "control": {"col_treasures": 8, "solution_length": 30}, "info": {"regions": 1, "players": 8, "exits": 4, "layout": 47, "heuristic": -1, "solution": [], "content": [[1, 1, 7, 1, 0, 1, 5, 6], [2, 2, 7, 0, 2, 7, 4, 1], [0, 0, 7, 1, 3, 1, 2, 1], [0, 5, 1, 6, 0, 7, 4, 0], [0, 7, 6, 6, 6, 1, 7, 0], [4, 6, 0, 0, 1, 2, 1, 3], [1, 5, 0, 0, 1, 0, 1, 5], [5, 0, 6, 0, 7, 4, 0, 0], [2, 0, 1, 5, 4, 1, 1, 7], [1, 6, 1, 6, 0, 3, 1, 0], [2, 0, 1, 4, 2, 6, 0, 3], [5, 6, 7, 0, 6, 6, 6, 1]], "potions": 6, "treasures": 7, "enemies": 24, "solution_length": 0, "enemies_loc": [[2, 0], [7, 0], [2, 1], [5, 1], [2, 2], [3, 3], [5, 3], [1, 4], [2, 4], [3, 4], [4, 4], [6, 4], [1, 5], [2, 7], [4, 7], [7, 8], [1, 9], [3, 9], [5, 10], [1, 11], [2, 11], [4, 11], [5, 11], [6, 11]]}, "quality": 0.32492690055789936, "diversity": 0.33072915909288225, "controlability": 0.0}