{"content": [[1, 5, 1, 5, 7, 5, 4, 4], [0, 2, 0, 6, 0, 2, 7, 0], [0, 0, 0, 4, 4, 6, 7, 1], [0, 5, 7, 5, 0, 7, 4, 7], [1, 7, 6, 6, 6, 4, 6, 6], [7, 6, 0, 7, 5, 7, 0, 4], [0, 4, 6, 7, 1, 0, 6, 7], [1, 0, 0, 0, 7, 0, 0, 1], [6, 0, 4, 4, 0, 4, 4, 1], [1, 0, 7, 7, 6, 4, 1, 3], [6, 7, 6, 1, 6, 6, 0, 4], [4, 5, 1, 6, 6, 7, 4, 1]], "control": {"col_treasures": 8, "solution_length": 30}, "info": {"regions": 1, "players": 2, "exits": 1, "layout": 35, "heuristic": -1, "solution": [], "content": [[1, 5, 1, 5, 7, 5, 4, 4], [0, 2, 0, 6, 0, 2, 7, 0], [0, 0, 0, 4, 4, 6, 7, 1], [0, 5, 7, 5, 0, 7, 4, 7], [1, 7, 6, 6, 6, 4, 6, 6], [7, 6, 0, 7, 5, 7, 0, 4], [0, 4, 6, 7, 1, 0, 6, 7], [1, 0, 0, 0, 7, 0, 0, 1], [6, 0, 4, 4, 0, 4, 4, 1], [1, 0, 7, 7, 6, 4, 1, 3], [6, 7, 6, 1, 6, 6, 0, 4], [4, 5, 1, 6, 6, 7, 4, 1]], "potions": 16, "treasures": 7, "enemies": 35, "solution_length": 0, "enemies_loc": [[4, 0], [3, 1], [6, 1], [5, 2], [6, 2], [2, 3], [5, 3], [7, 3], [1, 4], [2, 4], [3, 4], [4, 4], [6, 4], [7, 4], [0, 5], [1, 5], [3, 5], [5, 5], [2, 6], [3, 6], [6, 6], [7, 6], [4, 7], [0, 8], [2, 9], [3, 9], [4, 9], [0, 10], [1, 10], [2, 10], [4, 10], [5, 10], [3, 11], [4, 11], [5, 11]]}, "quality": 0.3145760233747419, "diversity": 0.26439950368413, "controlability": 0.0}