{"content": [[1, 1, 1, 1, 7, 1, 5, 7], [5, 0, 5, 7, 1, 7, 5, 5], [0, 0, 6, 0, 5, 1, 5, 1], [0, 5, 7, 5, 0, 1, 7, 6], [1, 7, 1, 6, 6, 1, 7, 6], [1, 7, 0, 1, 5, 0, 1, 5], [4, 5, 6, 1, 0, 5, 0, 5], [5, 0, 6, 0, 7, 0, 0, 6], [5, 0, 4, 5, 0, 7, 4, 1], [4, 0, 5, 7, 1, 4, 7, 3], [6, 5, 6, 5, 6, 0, 0, 1], [5, 5, 7, 0, 6, 7, 4, 3]], "control": {"col_treasures": 18, "solution_length": 45}, "info": {"regions": 3, "players": 0, "exits": 2, "layout": 39, "heuristic": -1, "solution": [], "content": [[1, 1, 1, 1, 7, 1, 5, 7], [5, 0, 5, 7, 1, 7, 5, 5], [0, 0, 6, 0, 5, 1, 5, 1], [0, 5, 7, 5, 0, 1, 7, 6], [1, 7, 1, 6, 6, 1, 7, 6], [1, 7, 0, 1, 5, 0, 1, 5], [4, 5, 6, 1, 0, 5, 0, 5], [5, 0, 6, 0, 7, 0, 0, 6], [5, 0, 4, 5, 0, 7, 4, 1], [4, 0, 5, 7, 1, 4, 7, 3], [6, 5, 6, 5, 6, 0, 0, 1], [5, 5, 7, 0, 6, 7, 4, 3]], "potions": 6, "treasures": 22, "enemies": 27, "solution_length": 0, "enemies_loc": [[4, 0], [7, 0], [3, 1], [5, 1], [2, 2], [2, 3], [6, 3], [7, 3], [1, 4], [3, 4], [4, 4], [6, 4], [7, 4], [1, 5], [2, 6], [2, 7], [4, 7], [7, 7], [5, 8], [3, 9], [6, 9], [0, 10], [2, 10], [4, 10], [2, 11], [4, 11], [5, 11]]}, "quality": 0.23796103623398948, "diversity": 0.25149738985839853, "controlability": 0.0}