{"content": [[1, 3, 2, 0, 0, 2, 1, 0, 0, 0, 0], [1, 0, 1, 1, 0, 1, 1, 2, 0, 1, 0], [2, 1, 1, 1, 0, 0, 1, 2, 0, 1, 0], [0, 1, 0, 0, 1, 1, 0, 5, 0, 1, 1], [1, 4, 5, 2, 1, 1, 1, 1, 1, 1, 1], [1, 0, 1, 1, 4, 0, 4, 2, 4, 5, 1], [1, 0, 4, 0, 2, 3, 1, 0, 1, 5, 1]], "control": {"player_key": 17, "key_door": 17}, "info": {"regions": 1, "players": 8, "keys": 2, "doors": 5, "enemies": 4, "player_key": 1, "key_door": 6, "pk_path": [[2, 0], [1, 0]], "kd_path": []}, "quality": 0.49013157892399584, "diversity": 1.0, "controlability": 0.23333333317777777}