{"content": [[1, 1, 1, 0, 1, 5, 1, 0, 0, 2, 0], [1, 2, 1, 1, 0, 3, 1, 2, 0, 1, 0], [0, 4, 1, 1, 0, 0, 1, 2, 0, 1, 2], [0, 1, 0, 0, 1, 1, 0, 5, 0, 1, 1], [1, 5, 3, 1, 1, 1, 1, 1, 1, 1, 1], [1, 0, 1, 1, 4, 0, 4, 2, 4, 2, 1], [1, 3, 4, 0, 2, 0, 1, 0, 1, 5, 1]], "control": {"player_key": 17, "key_door": 17}, "info": {"regions": 1, "players": 8, "keys": 3, "doors": 5, "enemies": 4, "player_key": 11, "key_door": 13, "pk_path": [[9, 0], [9, 1], [9, 2], [9, 3], [9, 4], [8, 4], [7, 4], [7, 3], [7, 2], [7, 1], [6, 1], [5, 1]], "kd_path": []}, "quality": 0.48930921050305143, "diversity": 1.0, "controlability": 0.7999999994666667}