{"content": [[4, 1, 1, 0, 1, 3, 1, 1, 0, 0, 0], [1, 2, 1, 1, 0, 1, 1, 2, 0, 1, 0], [1, 1, 2, 1, 0, 0, 1, 2, 0, 1, 0], [0, 1, 2, 0, 1, 1, 0, 1, 0, 1, 1], [1, 4, 0, 1, 1, 1, 1, 1, 1, 1, 1], [1, 0, 1, 1, 4, 0, 4, 2, 4, 5, 1], [1, 5, 4, 0, 1, 1, 0, 0, 1, 5, 1]], "control": {"player_key": 17, "key_door": 17}, "info": {"regions": 1, "players": 6, "keys": 1, "doors": 6, "enemies": 3, "player_key": -1, "key_door": 23, "pk_path": [], "kd_path": []}, "quality": 0.4917763157741084, "diversity": 0.47916665486111154, "controlability": 0.0}