{"content": {"layout": [13, 15, 5, 0, 7, 14, 7, 13, 12, 15, 13, 15, 6, 14, 0, 0], "start": 7, "boss": 13, "shop": 5, "treasure": 7}, "control": {"map_size": 14}, "info": {"map_size": 13, "num_regions": 1, "connect_regions": 1, "loose_connections": 13, "locations": 3, "player_boss_distance": 4, "flat": [0, 0, 0, 0, 2, 0, 0, 0, 0, 0, 0, 0, 2, 1, 2, 2, 1, 2, 2, 1, 2, 0, 0, 0, 0, 2, 0, 0, 2, 0, 0, 0, 0, 0, 0, 0, 0, 2, 0, 0, 2, 0, 0, 2, 0, 0, 0, 0, 2, 1, 2, 0, 1, 2, 2, 1, 2, 2, 1, 2, 0, 0, 0, 0, 2, 0, 0, 0, 0, 0, 2, 0, 0, 0, 0, 0, 2, 0, 0, 0, 0, 0, 2, 0, 0, 1, 2, 2, 1, 2, 2, 1, 2, 2, 1, 2, 0, 2, 0, 0, 2, 0, 0, 2, 0, 0, 2, 0, 0, 2, 0, 0, 2, 0, 0, 0, 0, 0, 0, 0, 0, 1, 2, 0, 1, 2, 0, 0, 0, 0, 0, 0, 0, 0, 0, 0, 2, 0, 0, 0, 0, 0, 0, 0], "dead_end": 0}, "quality": 0.7874999996250001, "diversity": 0.09569596923124601, "controlability": 0.3437499994628906}