{"content": [[1, 1, 6, 1, 5, 1, 5, 6], [7, 5, 4, 1, 1, 7, 5, 0], [2, 0, 6, 4, 4, 6, 6, 1], [0, 5, 7, 0, 0, 7, 0, 7], [1, 7, 7, 0, 6, 6, 7, 6], [1, 4, 0, 0, 0, 0, 0, 5], [6, 5, 5, 1, 1, 1, 6, 5], [4, 0, 7, 0, 7, 5, 0, 5], [6, 0, 4, 4, 1, 4, 4, 0], [5, 0, 1, 5, 1, 4, 1, 6], [5, 5, 6, 1, 4, 0, 4, 4], [5, 5, 6, 7, 4, 3, 5, 1]], "control": {"col_treasures": 18, "solution_length": 45}, "info": {"regions": 1, "players": 1, "exits": 1, "layout": 37, "heuristic": 142, "solution": [], "content": [[1, 1, 6, 1, 5, 1, 5, 6], [7, 5, 4, 1, 1, 7, 5, 0], [2, 0, 6, 4, 4, 6, 6, 1], [0, 5, 7, 0, 0, 7, 0, 7], [1, 7, 7, 0, 6, 6, 7, 6], [1, 4, 0, 0, 0, 0, 0, 5], [6, 5, 5, 1, 1, 1, 6, 5], [4, 0, 7, 0, 7, 5, 0, 5], [6, 0, 4, 4, 1, 4, 4, 0], [5, 0, 1, 5, 1, 4, 1, 6], [5, 5, 6, 1, 4, 0, 4, 4], [5, 5, 6, 7, 4, 3, 5, 1]], "potions": 14, "treasures": 18, "enemies": 25, "solution_length": 0, "enemies_loc": [[2, 0], [7, 0], [0, 1], [5, 1], [2, 2], [5, 2], [6, 2], [2, 3], [5, 3], [7, 3], [1, 4], [2, 4], [4, 4], [5, 4], [6, 4], [7, 4], [0, 6], [6, 6], [2, 7], [4, 7], [0, 8], [7, 9], [2, 10], [2, 11], [3, 11]], "status": "running", "health": 5, "col_treasures": 4, "col_potions": 2, "col_enemies": 2}, "quality": 0.482154224526153, "diversity": 0.2824577227694749, "controlability": 0.14285714275510203}