{"content": [[1, 1, 1, 0, 1, 1, 1, 1, 0, 1, 0], [1, 1, 1, 1, 0, 0, 1, 0, 0, 1, 0], [1, 1, 1, 1, 1, 1, 1, 5, 1, 2, 2], [0, 1, 0, 0, 0, 4, 5, 1, 0, 1, 0], [1, 5, 1, 1, 1, 5, 1, 1, 0, 1, 1], [1, 0, 1, 1, 1, 0, 1, 1, 0, 1, 1], [1, 4, 0, 0, 1, 1, 2, 0, 1, 3, 1]], "control": {"player_key": 17, "key_door": 17}, "info": {"regions": 1, "players": 3, "keys": 1, "doors": 2, "enemies": 4, "player_key": 4, "key_door": 9, "pk_path": [[9, 2], [9, 3], [9, 4], [9, 5], [9, 6]], "kd_path": []}, "quality": 0.4975328947207194, "diversity": 0.6885945443587305, "controlability": 0.43333333304444444}