{"content": [[0, 4, 1, 0, 5, 3, 1, 3, 1, 0, 0], [0, 2, 2, 1, 0, 1, 5, 2, 3, 5, 0], [2, 5, 1, 1, 1, 0, 2, 2, 0, 4, 3], [0, 1, 4, 0, 1, 2, 1, 5, 4, 4, 4], [1, 5, 5, 1, 1, 1, 0, 2, 5, 1, 0], [1, 2, 2, 1, 0, 0, 4, 2, 2, 2, 3], [1, 2, 3, 5, 4, 1, 1, 0, 5, 5, 0]], "control": {"player_key": 17, "key_door": 17}, "info": {"regions": 1, "players": 14, "keys": 6, "doors": 8, "enemies": 11, "player_key": 11, "key_door": 12, "pk_path": [[1, 1], [1, 2], [2, 2], [3, 2], [4, 2], [4, 3], [5, 3], [6, 3], [6, 2], [6, 1], [6, 0], [5, 0]], "kd_path": []}, "quality": 0.47344763875904616, "diversity": 0.6507936402116405, "controlability": 0.7666666661555555}