{"content": [[0, 4, 1, 0, 5, 3, 1, 2, 1, 0, 0], [0, 5, 2, 1, 0, 1, 5, 2, 3, 5, 0], [2, 5, 1, 1, 1, 0, 2, 2, 0, 2, 0], [0, 1, 4, 0, 1, 2, 0, 5, 4, 4, 4], [1, 5, 5, 1, 1, 4, 0, 2, 1, 1, 0], [1, 2, 2, 1, 0, 0, 4, 2, 2, 5, 5], [1, 2, 3, 5, 1, 1, 1, 0, 5, 5, 1]], "control": {"player_key": 17, "key_door": 17}, "info": {"regions": 1, "players": 14, "keys": 3, "doors": 7, "enemies": 13, "player_key": 2, "key_door": 20, "pk_path": [[7, 0], [6, 0], [5, 0]], "kd_path": []}, "quality": 0.47502478367593515, "diversity": 0.7652851878149144, "controlability": 0.06666666662222222}