{"content": [[0, 4, 1, 0, 5, 3, 2, 3, 1, 0, 0], [0, 5, 2, 1, 0, 1, 5, 5, 3, 5, 0], [1, 5, 1, 1, 1, 0, 2, 2, 0, 2, 0], [0, 1, 4, 0, 1, 2, 0, 5, 4, 4, 4], [4, 5, 5, 1, 1, 4, 0, 2, 1, 1, 0], [1, 2, 2, 1, 0, 0, 4, 2, 2, 5, 3], [1, 2, 3, 5, 4, 1, 1, 0, 5, 5, 0]], "control": {"player_key": 17, "key_door": 17}, "info": {"regions": 1, "players": 12, "keys": 5, "doors": 9, "enemies": 13, "player_key": 1, "key_door": 20, "pk_path": [[6, 0], [5, 0]], "kd_path": []}, "quality": 0.4733800468340463, "diversity": 0.37499999166666687, "controlability": 0.03333333331111111}