{"content": [[2, 4, 1, 0, 0, 2, 1, 0, 1, 4, 0], [0, 5, 2, 1, 0, 1, 5, 2, 3, 5, 0], [3, 5, 3, 1, 1, 0, 2, 2, 0, 2, 0], [0, 1, 0, 0, 1, 5, 0, 5, 4, 4, 2], [1, 4, 5, 1, 1, 4, 1, 1, 1, 1, 5], [1, 0, 4, 1, 4, 0, 4, 0, 2, 5, 4], [1, 2, 4, 0, 4, 2, 1, 0, 4, 5, 1]], "control": {"player_key": 18, "key_door": 18}, "info": {"regions": 1, "players": 11, "keys": 3, "doors": 13, "enemies": 10, "player_key": -1, "key_door": 14, "pk_path": [], "kd_path": []}, "quality": 0.47512617156343495, "diversity": 0.045454545454545414, "controlability": 0.4374999997265625}