{"content": [[5, 4, 4, 2, 2, 3, 1, 3, 1, 4, 0], [0, 0, 2, 1, 0, 1, 5, 2, 4, 5, 0], [3, 5, 3, 1, 1, 3, 2, 2, 0, 2, 0], [0, 1, 4, 0, 1, 2, 0, 5, 1, 4, 2], [4, 5, 5, 5, 1, 1, 0, 2, 0, 1, 5], [1, 0, 4, 1, 0, 0, 4, 0, 2, 5, 3], [1, 2, 4, 5, 4, 1, 2, 0, 4, 5, 0]], "control": {"player_key": 17, "key_door": 17}, "info": {"regions": 1, "players": 13, "keys": 6, "doors": 12, "enemies": 12, "player_key": 2, "key_door": 4, "pk_path": [[3, 0], [4, 0], [5, 0]], "kd_path": []}, "quality": 0.47012436911276856, "diversity": 0.05555555555555558, "controlability": 0.19999999986666667}