{"content": [[1, 1, 5, 1, 0, 0, 7, 4], [0, 2, 0, 6, 4, 0, 7, 0], [0, 0, 4, 4, 0, 6, 6, 1], [0, 0, 1, 0, 0, 7, 6, 0], [7, 0, 1, 6, 3, 1, 7, 0], [1, 7, 5, 7, 1, 6, 0, 4], [0, 5, 6, 1, 4, 0, 0, 1], [1, 0, 0, 0, 1, 0, 1, 1], [4, 0, 4, 0, 5, 4, 0, 2], [7, 0, 1, 7, 0, 4, 7, 6], [6, 3, 6, 1, 7, 6, 0, 1], [5, 0, 2, 7, 0, 7, 6, 1]], "control": {"col_treasures": 8, "solution_length": 30}, "info": {"regions": 1, "players": 3, "exits": 2, "layout": 51, "heuristic": -1, "solution": [], "content": [[1, 1, 5, 1, 0, 0, 7, 4], [0, 2, 0, 6, 4, 0, 7, 0], [0, 0, 4, 4, 0, 6, 6, 1], [0, 0, 1, 0, 0, 7, 6, 0], [7, 0, 1, 6, 3, 1, 7, 0], [1, 7, 5, 7, 1, 6, 0, 4], [0, 5, 6, 1, 4, 0, 0, 1], [1, 0, 0, 0, 1, 0, 1, 1], [4, 0, 4, 0, 5, 4, 0, 2], [7, 0, 1, 7, 0, 4, 7, 6], [6, 3, 6, 1, 7, 6, 0, 1], [5, 0, 2, 7, 0, 7, 6, 1]], "potions": 10, "treasures": 5, "enemies": 25, "solution_length": 0, "enemies_loc": [[6, 0], [3, 1], [6, 1], [5, 2], [6, 2], [5, 3], [6, 3], [0, 4], [3, 4], [6, 4], [1, 5], [3, 5], [5, 5], [2, 6], [0, 9], [3, 9], [6, 9], [7, 9], [0, 10], [2, 10], [4, 10], [5, 10], [3, 11], [5, 11], [6, 11]]}, "quality": 0.33122807016162514, "diversity": 0.33167612920809686, "controlability": 0.0}