{"content": [[1, 1, 1, 7, 7, 5, 5, 6], [7, 6, 0, 1, 1, 7, 5, 0], [0, 7, 4, 7, 4, 6, 6, 1], [0, 5, 6, 0, 0, 1, 0, 0], [1, 7, 2, 6, 6, 1, 7, 0], [1, 6, 0, 0, 1, 1, 7, 1], [0, 5, 5, 1, 1, 7, 0, 5], [5, 0, 3, 0, 7, 0, 0, 1], [6, 5, 1, 5, 1, 3, 0, 0], [5, 0, 1, 7, 4, 5, 1, 6], [5, 5, 4, 1, 7, 1, 0, 4], [5, 0, 7, 7, 7, 0, 0, 7]], "control": {"col_treasures": 18, "solution_length": 45}, "info": {"regions": 1, "players": 1, "exits": 2, "layout": 46, "heuristic": -1, "solution": [], "content": [[1, 1, 1, 7, 7, 5, 5, 6], [7, 6, 0, 1, 1, 7, 5, 0], [0, 7, 4, 7, 4, 6, 6, 1], [0, 5, 6, 0, 0, 1, 0, 0], [1, 7, 2, 6, 6, 1, 7, 0], [1, 6, 0, 0, 1, 1, 7, 1], [0, 5, 5, 1, 1, 7, 0, 5], [5, 0, 3, 0, 7, 0, 0, 1], [6, 5, 1, 5, 1, 3, 0, 0], [5, 0, 1, 7, 4, 5, 1, 6], [5, 5, 4, 1, 7, 1, 0, 4], [5, 0, 7, 7, 7, 0, 0, 7]], "potions": 5, "treasures": 15, "enemies": 27, "solution_length": 0, "enemies_loc": [[3, 0], [4, 0], [7, 0], [0, 1], [1, 1], [5, 1], [1, 2], [3, 2], [5, 2], [6, 2], [2, 3], [1, 4], [3, 4], [4, 4], [6, 4], [1, 5], [6, 5], [5, 6], [4, 7], [0, 8], [3, 9], [7, 9], [4, 10], [2, 11], [3, 11], [4, 11], [7, 11]]}, "quality": 0.3298538011493368, "diversity": 0.27411953709542425, "controlability": 0.0}