{"content": [[4, 0, 0, 0, 5, 3, 0, 2, 1, 0, 0], [3, 4, 1, 1, 3, 4, 2, 1, 3, 2, 2], [5, 4, 4, 5, 3, 5, 1, 5, 0, 0, 2], [1, 0, 5, 2, 1, 2, 0, 1, 5, 0, 1], [4, 2, 3, 1, 0, 0, 1, 4, 1, 3, 4], [2, 2, 3, 0, 5, 2, 2, 1, 5, 4, 1], [5, 4, 2, 3, 0, 0, 0, 1, 1, 4, 0]], "control": {"player_key": 12, "key_door": 12}, "info": {"regions": 1, "players": 13, "keys": 9, "doors": 11, "enemies": 10, "player_key": 8, "key_door": 7, "pk_path": [[7, 0], [7, 1], [7, 2], [6, 2], [5, 2], [4, 2], [4, 1], [4, 0], [5, 0]], "kd_path": []}, "quality": 0.4701919610377684, "diversity": 0.03125, "controlability": 0.7499999992499999}