{"content": [[5, 2, 3, 2, 1, 2, 1, 1, 1, 4, 5], [0, 5, 1, 5, 5, 1, 0, 1, 0, 5, 4], [3, 2, 3, 5, 0, 0, 1, 1, 5, 1, 2], [3, 2, 0, 5, 0, 5, 4, 0, 0, 4, 2], [1, 3, 5, 2, 0, 0, 1, 3, 2, 1, 5], [0, 4, 2, 0, 4, 5, 4, 0, 4, 3, 5], [1, 3, 4, 0, 4, 2, 1, 1, 4, 5, 1]], "control": {"player_key": 18, "key_door": 18}, "info": {"regions": 1, "players": 11, "keys": 8, "doors": 11, "enemies": 15, "player_key": 1, "key_door": 7, "pk_path": [[1, 0], [2, 0]], "kd_path": []}, "quality": 0.4683782443833799, "diversity": 0.25, "controlability": 0.24999999984375}