{"content": [[4, 1, 0, 0, 5, 3, 0, 0, 1, 0, 0], [4, 2, 1, 1, 3, 4, 2, 1, 3, 2, 0], [3, 1, 4, 1, 3, 3, 2, 2, 0, 5, 2], [3, 0, 4, 2, 1, 2, 5, 1, 5, 1, 4], [3, 2, 3, 4, 5, 0, 1, 3, 1, 3, 4], [2, 1, 3, 0, 3, 5, 2, 2, 3, 4, 2], [1, 4, 2, 0, 3, 0, 0, 4, 0, 4, 0]], "control": {"player_key": 12, "key_door": 12}, "info": {"regions": 1, "players": 14, "keys": 15, "doors": 12, "enemies": 6, "player_key": 5, "key_door": 7, "pk_path": [[1, 1], [2, 1], [3, 1], [4, 1], [4, 0], [5, 0]], "kd_path": []}, "quality": 0.4670376712039904, "diversity": 0.5333333222222226, "controlability": 0.5999999993999999}