{"content": [[5, 1, 5, 2, 5, 2, 1, 2, 1, 0, 5], [0, 2, 1, 4, 5, 1, 0, 1, 0, 0, 4], [3, 4, 1, 5, 0, 0, 1, 1, 5, 0, 2], [3, 2, 0, 3, 1, 3, 5, 1, 0, 1, 2], [3, 3, 5, 1, 0, 0, 3, 3, 2, 0, 5], [0, 1, 2, 0, 3, 2, 4, 2, 4, 3, 5], [5, 4, 3, 3, 0, 1, 1, 1, 4, 5, 1]], "control": {"player_key": 14, "key_door": 14}, "info": {"regions": 1, "players": 11, "keys": 12, "doors": 7, "enemies": 13, "player_key": 11, "key_door": 4, "pk_path": [[3, 0], [2, 0], [2, 1], [2, 2], [3, 2], [3, 3], [3, 4], [2, 4], [1, 4], [1, 3], [0, 3], [0, 2]], "kd_path": []}, "quality": 0.4700905731502686, "diversity": 0.8571428452380957, "controlability": 0.6249999994791666}