{"content": [[5, 4, 1, 0, 5, 2, 1, 3, 1, 4, 0], [0, 5, 2, 1, 0, 1, 5, 2, 3, 5, 0], [3, 5, 3, 1, 1, 0, 2, 2, 0, 2, 0], [0, 1, 0, 0, 1, 5, 0, 5, 4, 4, 2], [1, 5, 5, 1, 1, 4, 1, 2, 1, 1, 5], [1, 2, 2, 1, 4, 0, 2, 0, 2, 5, 3], [1, 2, 4, 0, 4, 2, 1, 0, 4, 5, 1]], "control": {"player_key": 18, "key_door": 18}, "info": {"regions": 1, "players": 14, "keys": 5, "doors": 9, "enemies": 13, "player_key": 2, "key_door": 14, "pk_path": [[5, 0], [6, 0], [7, 0]], "kd_path": []}, "quality": 0.47173530999215746, "diversity": 0.6176470465686279, "controlability": 0.4999999996875}