{"content": [[5, 5, 3, 5, 2, 1, 2, 3, 1, 1, 1], [4, 2, 0, 4, 3, 2, 1, 5, 4, 5, 4], [2, 3, 1, 5, 2, 2, 2, 4, 1, 0, 2], [2, 1, 3, 4, 5, 4, 4, 1, 0, 3, 0], [2, 4, 5, 1, 3, 5, 4, 4, 0, 2, 3], [1, 3, 4, 2, 4, 0, 4, 0, 5, 1, 0], [4, 4, 0, 0, 5, 2, 2, 5, 1, 4, 1]], "control": {"player_key": 16, "key_door": 16}, "info": {"regions": 1, "players": 15, "keys": 9, "doors": 17, "enemies": 12, "player_key": 2, "key_door": 3, "pk_path": [[4, 0], [3, 0], [2, 0]], "kd_path": []}, "quality": 0.46190068490332425, "diversity": 0.027027027027026973, "controlability": 0.17857142844387752}