{"content": [[0, 4, 0, 0, 0, 3, 1, 3, 1, 0, 0], [4, 5, 2, 1, 0, 1, 5, 2, 5, 5, 0], [2, 5, 3, 1, 1, 1, 2, 2, 0, 2, 4], [0, 1, 4, 0, 1, 2, 0, 5, 4, 4, 4], [4, 5, 5, 1, 1, 3, 0, 2, 1, 4, 0], [1, 2, 3, 1, 0, 0, 4, 2, 2, 5, 3], [5, 1, 3, 5, 0, 1, 2, 0, 5, 3, 0]], "control": {"player_key": 17, "key_door": 17}, "info": {"regions": 1, "players": 12, "keys": 8, "doors": 10, "enemies": 12, "player_key": 6, "key_door": 8, "pk_path": [[2, 1], [2, 2], [3, 2], [4, 2], [5, 2], [5, 1], [5, 0]], "kd_path": []}, "quality": 0.47094673753371297, "diversity": 0.033333333333333326, "controlability": 0.46666666635555554}