{"content": [[1, 0, 1, 1, 5, 0, 0, 5, 0, 2, 3], [2, 2, 3, 5, 5, 1, 0, 2, 4, 5, 1], [0, 1, 2, 3, 5, 2, 4, 4, 5, 3, 3], [0, 5, 0, 0, 5, 4, 0, 5, 5, 3, 5], [5, 2, 4, 1, 1, 4, 0, 5, 4, 5, 0], [5, 5, 3, 5, 4, 4, 5, 5, 4, 5, 2], [1, 4, 3, 0, 1, 0, 1, 1, 4, 5, 2]], "control": {"player_key": 14, "key_door": 14}, "info": {"regions": 1, "players": 9, "keys": 8, "doors": 12, "enemies": 22, "player_key": 1, "key_door": 3, "pk_path": [[9, 0], [10, 0]], "kd_path": []}, "quality": 0.4632074621202138, "diversity": 0.04166666666666663, "controlability": 0.16666666652777776}