{"content": [[1, 1, 1, 2, 7, 4, 7, 7], [0, 2, 6, 4, 4, 7, 5, 0], [0, 6, 0, 4, 7, 6, 0, 6], [0, 7, 1, 0, 4, 7, 4, 5], [6, 7, 1, 6, 6, 1, 4, 6], [0, 6, 0, 7, 7, 0, 0, 4], [0, 0, 6, 1, 1, 1, 6, 7], [1, 6, 0, 6, 1, 0, 1, 7], [4, 0, 4, 1, 0, 4, 1, 1], [4, 0, 7, 7, 6, 4, 3, 6], [6, 3, 6, 1, 7, 6, 0, 1], [4, 0, 1, 7, 7, 1, 0, 4]], "control": {"col_treasures": 8, "solution_length": 30}, "info": {"regions": 1, "players": 2, "exits": 2, "layout": 40, "heuristic": -1, "solution": [], "content": [[1, 1, 1, 2, 7, 4, 7, 7], [0, 2, 6, 4, 4, 7, 5, 0], [0, 6, 0, 4, 7, 6, 0, 6], [0, 7, 1, 0, 4, 7, 4, 5], [6, 7, 1, 6, 6, 1, 4, 6], [0, 6, 0, 7, 7, 0, 0, 4], [0, 0, 6, 1, 1, 1, 6, 7], [1, 6, 0, 6, 1, 0, 1, 7], [4, 0, 4, 1, 0, 4, 1, 1], [4, 0, 7, 7, 6, 4, 3, 6], [6, 3, 6, 1, 7, 6, 0, 1], [4, 0, 1, 7, 7, 1, 0, 4]], "potions": 15, "treasures": 2, "enemies": 35, "solution_length": 0, "enemies_loc": [[4, 0], [6, 0], [7, 0], [2, 1], [5, 1], [1, 2], [4, 2], [5, 2], [7, 2], [1, 3], [5, 3], [0, 4], [1, 4], [3, 4], [4, 4], [7, 4], [1, 5], [3, 5], [4, 5], [2, 6], [6, 6], [7, 6], [1, 7], [3, 7], [7, 7], [2, 9], [3, 9], [4, 9], [7, 9], [0, 10], [2, 10], [4, 10], [5, 10], [3, 11], [4, 11]]}, "quality": 0.32081871342483104, "diversity": 0.25651041070033487, "controlability": 0.0}