{"content": [[1, 1, 1, 1, 7, 5, 7, 1], [0, 0, 0, 0, 6, 7, 5, 0], [6, 2, 4, 4, 4, 6, 6, 1], [3, 5, 4, 3, 0, 7, 4, 5], [6, 7, 1, 6, 6, 1, 6, 6], [1, 6, 0, 7, 7, 6, 0, 4], [0, 0, 6, 1, 3, 7, 0, 5], [5, 0, 0, 0, 1, 0, 1, 1], [4, 0, 4, 1, 1, 4, 0, 1], [4, 0, 1, 7, 4, 4, 1, 6], [6, 0, 6, 1, 7, 6, 0, 1], [4, 0, 1, 0, 7, 1, 0, 1]], "control": {"col_treasures": 8, "solution_length": 30}, "info": {"regions": 2, "players": 1, "exits": 3, "layout": 46, "heuristic": -1, "solution": [], "content": [[1, 1, 1, 1, 7, 5, 7, 1], [0, 0, 0, 0, 6, 7, 5, 0], [6, 2, 4, 4, 4, 6, 6, 1], [3, 5, 4, 3, 0, 7, 4, 5], [6, 7, 1, 6, 6, 1, 6, 6], [1, 6, 0, 7, 7, 6, 0, 4], [0, 0, 6, 1, 3, 7, 0, 5], [5, 0, 0, 0, 1, 0, 1, 1], [4, 0, 4, 1, 1, 4, 0, 1], [4, 0, 1, 7, 4, 4, 1, 6], [6, 0, 6, 1, 7, 6, 0, 1], [4, 0, 1, 0, 7, 1, 0, 1]], "potions": 13, "treasures": 6, "enemies": 27, "solution_length": 0, "enemies_loc": [[4, 0], [6, 0], [4, 1], [5, 1], [0, 2], [5, 2], [6, 2], [5, 3], [0, 4], [1, 4], [3, 4], [4, 4], [6, 4], [7, 4], [1, 5], [3, 5], [4, 5], [5, 5], [2, 6], [5, 6], [3, 9], [7, 9], [0, 10], [2, 10], [4, 10], [5, 10], [4, 11]]}, "quality": 0.3214001087104441, "diversity": 0.2860753608628218, "controlability": 0.0}