{"content": [[6, 1, 1, 1, 7, 5, 4, 0], [7, 0, 0, 0, 1, 6, 5, 7], [0, 0, 1, 6, 7, 4, 5, 1], [0, 5, 1, 0, 0, 7, 1, 6], [1, 7, 1, 1, 6, 1, 6, 6], [7, 6, 3, 2, 7, 6, 0, 6], [0, 5, 6, 1, 1, 0, 1, 5], [7, 0, 1, 0, 4, 0, 0, 1], [7, 0, 1, 4, 5, 4, 1, 4], [1, 0, 1, 7, 4, 4, 7, 6], [6, 7, 1, 4, 7, 6, 4, 1], [0, 0, 6, 0, 2, 7, 1, 5]], "control": {"col_treasures": 18, "solution_length": 45}, "info": {"regions": 1, "players": 2, "exits": 1, "layout": 45, "heuristic": -1, "solution": [], "content": [[6, 1, 1, 1, 7, 5, 4, 0], [7, 0, 0, 0, 1, 6, 5, 7], [0, 0, 1, 6, 7, 4, 5, 1], [0, 5, 1, 0, 0, 7, 1, 6], [1, 7, 1, 1, 6, 1, 6, 6], [7, 6, 3, 2, 7, 6, 0, 6], [0, 5, 6, 1, 1, 0, 1, 5], [7, 0, 1, 0, 4, 0, 0, 1], [7, 0, 1, 4, 5, 4, 1, 4], [1, 0, 1, 7, 4, 4, 7, 6], [6, 7, 1, 4, 7, 6, 4, 1], [0, 0, 6, 0, 2, 7, 1, 5]], "potions": 10, "treasures": 8, "enemies": 30, "solution_length": 0, "enemies_loc": [[0, 0], [4, 0], [0, 1], [5, 1], [7, 1], [3, 2], [4, 2], [5, 3], [7, 3], [1, 4], [4, 4], [6, 4], [7, 4], [0, 5], [1, 5], [4, 5], [5, 5], [7, 5], [2, 6], [0, 7], [0, 8], [3, 9], [6, 9], [7, 9], [0, 10], [1, 10], [4, 10], [5, 10], [2, 11], [5, 11]]}, "quality": 0.32846491226073726, "diversity": 0.3340435533913355, "controlability": 0.0}