{"content": [[1, 1, 1, 7, 7, 5, 7, 6], [5, 0, 0, 7, 1, 7, 4, 5], [0, 7, 6, 7, 5, 6, 2, 1], [0, 5, 7, 0, 0, 1, 7, 5], [1, 7, 7, 6, 6, 1, 7, 6], [1, 4, 0, 1, 1, 7, 0, 6], [0, 1, 5, 0, 1, 7, 0, 5], [5, 0, 0, 7, 6, 0, 1, 0], [6, 0, 1, 5, 5, 1, 0, 1], [5, 0, 2, 7, 0, 4, 1, 6], [5, 5, 6, 1, 7, 0, 4, 4], [5, 5, 6, 7, 7, 7, 0, 0]], "control": {"col_treasures": 18, "solution_length": 45}, "info": {"regions": 2, "players": 2, "exits": 0, "layout": 41, "heuristic": -1, "solution": [], "content": [[1, 1, 1, 7, 7, 5, 7, 6], [5, 0, 0, 7, 1, 7, 4, 5], [0, 7, 6, 7, 5, 6, 2, 1], [0, 5, 7, 0, 0, 1, 7, 5], [1, 7, 7, 6, 6, 1, 7, 6], [1, 4, 0, 1, 1, 7, 0, 6], [0, 1, 5, 0, 1, 7, 0, 5], [5, 0, 0, 7, 6, 0, 1, 0], [6, 0, 1, 5, 5, 1, 0, 1], [5, 0, 2, 7, 0, 4, 1, 6], [5, 5, 6, 1, 7, 0, 4, 4], [5, 5, 6, 7, 7, 7, 0, 0]], "potions": 5, "treasures": 16, "enemies": 32, "solution_length": 0, "enemies_loc": [[3, 0], [4, 0], [6, 0], [7, 0], [3, 1], [5, 1], [1, 2], [2, 2], [3, 2], [5, 2], [2, 3], [6, 3], [1, 4], [2, 4], [3, 4], [4, 4], [6, 4], [7, 4], [5, 5], [7, 5], [5, 6], [3, 7], [4, 7], [0, 8], [3, 9], [7, 9], [2, 10], [4, 10], [2, 11], [3, 11], [4, 11], [5, 11]]}, "quality": 0.2484907519866708, "diversity": 0.2770138822968752, "controlability": 0.0}