{"content": [[1, 1, 1, 5, 7, 5, 5, 0], [0, 0, 0, 0, 6, 7, 5, 0], [0, 0, 6, 4, 4, 6, 6, 1], [0, 5, 1, 0, 5, 7, 4, 0], [5, 7, 5, 0, 6, 1, 6, 6], [1, 3, 6, 1, 5, 7, 0, 4], [0, 0, 6, 0, 1, 7, 0, 7], [5, 0, 1, 0, 7, 0, 0, 1], [4, 0, 4, 1, 5, 4, 0, 4], [4, 0, 1, 7, 4, 4, 1, 6], [6, 3, 6, 1, 4, 6, 4, 1], [4, 4, 6, 6, 2, 1, 1, 1]], "control": {"col_treasures": 8, "solution_length": 30}, "info": {"regions": 1, "players": 1, "exits": 2, "layout": 43, "heuristic": -1, "solution": [], "content": [[1, 1, 1, 5, 7, 5, 5, 0], [0, 0, 0, 0, 6, 7, 5, 0], [0, 0, 6, 4, 4, 6, 6, 1], [0, 5, 1, 0, 5, 7, 4, 0], [5, 7, 5, 0, 6, 1, 6, 6], [1, 3, 6, 1, 5, 7, 0, 4], [0, 0, 6, 0, 1, 7, 0, 7], [5, 0, 1, 0, 7, 0, 0, 1], [4, 0, 4, 1, 5, 4, 0, 4], [4, 0, 1, 7, 4, 4, 1, 6], [6, 3, 6, 1, 4, 6, 4, 1], [4, 4, 6, 6, 2, 1, 1, 1]], "potions": 15, "treasures": 11, "enemies": 24, "solution_length": 0, "enemies_loc": [[4, 0], [4, 1], [5, 1], [2, 2], [5, 2], [6, 2], [5, 3], [1, 4], [4, 4], [6, 4], [7, 4], [2, 5], [5, 5], [2, 6], [5, 6], [7, 6], [4, 7], [3, 9], [7, 9], [0, 10], [2, 10], [5, 10], [2, 11], [3, 11]]}, "quality": 0.3256871344835382, "diversity": 0.35376601871995206, "controlability": 0.0}