{"content": [[1, 1, 7, 1, 0, 1, 5, 0], [7, 5, 5, 1, 1, 7, 5, 0], [0, 0, 4, 3, 4, 6, 5, 1], [0, 5, 7, 5, 0, 7, 0, 6], [1, 7, 7, 1, 1, 1, 7, 6], [5, 4, 0, 0, 0, 0, 1, 5], [0, 4, 5, 1, 0, 1, 1, 5], [4, 1, 7, 0, 7, 0, 0, 1], [6, 6, 4, 5, 4, 4, 4, 1], [5, 5, 1, 5, 1, 4, 1, 1], [5, 5, 6, 1, 4, 0, 0, 4], [3, 5, 2, 1, 6, 6, 1, 1]], "control": {"col_treasures": 18, "solution_length": 45}, "info": {"regions": 1, "players": 1, "exits": 2, "layout": 45, "heuristic": -1, "solution": [], "content": [[1, 1, 7, 1, 0, 1, 5, 0], [7, 5, 5, 1, 1, 7, 5, 0], [0, 0, 4, 3, 4, 6, 5, 1], [0, 5, 7, 5, 0, 7, 0, 6], [1, 7, 7, 1, 1, 1, 7, 6], [5, 4, 0, 0, 0, 0, 1, 5], [0, 4, 5, 1, 0, 1, 1, 5], [4, 1, 7, 0, 7, 0, 0, 1], [6, 6, 4, 5, 4, 4, 4, 1], [5, 5, 1, 5, 1, 4, 1, 1], [5, 5, 6, 1, 4, 0, 0, 4], [3, 5, 2, 1, 6, 6, 1, 1]], "potions": 12, "treasures": 18, "enemies": 18, "solution_length": 0, "enemies_loc": [[2, 0], [0, 1], [5, 1], [5, 2], [2, 3], [5, 3], [7, 3], [1, 4], [2, 4], [6, 4], [7, 4], [2, 7], [4, 7], [0, 8], [1, 8], [2, 10], [4, 11], [5, 11]]}, "quality": 0.32846491226073726, "diversity": 0.28472221552083354, "controlability": 0.0}