{"content": [[1, 1, 1, 1, 7, 5, 7, 4], [7, 0, 5, 0, 1, 7, 4, 0], [0, 2, 1, 1, 5, 6, 5, 1], [0, 5, 1, 6, 0, 7, 0, 0], [6, 0, 1, 6, 6, 4, 7, 0], [1, 6, 5, 7, 7, 6, 7, 4], [0, 5, 6, 1, 0, 0, 1, 5], [5, 3, 1, 7, 1, 0, 0, 1], [7, 0, 4, 5, 0, 3, 0, 4], [4, 1, 1, 7, 6, 4, 7, 6], [6, 7, 7, 1, 7, 6, 4, 1], [5, 0, 6, 5, 7, 7, 0, 1]], "control": {"col_treasures": 8, "solution_length": 30}, "info": {"regions": 1, "players": 1, "exits": 2, "layout": 41, "heuristic": -1, "solution": [], "content": [[1, 1, 1, 1, 7, 5, 7, 4], [7, 0, 5, 0, 1, 7, 4, 0], [0, 2, 1, 1, 5, 6, 5, 1], [0, 5, 1, 6, 0, 7, 0, 0], [6, 0, 1, 6, 6, 4, 7, 0], [1, 6, 5, 7, 7, 6, 7, 4], [0, 5, 6, 1, 0, 0, 1, 5], [5, 3, 1, 7, 1, 0, 0, 1], [7, 0, 4, 5, 0, 3, 0, 4], [4, 1, 1, 7, 6, 4, 7, 6], [6, 7, 7, 1, 7, 6, 4, 1], [5, 0, 6, 5, 7, 7, 0, 1]], "potions": 9, "treasures": 12, "enemies": 31, "solution_length": 0, "enemies_loc": [[4, 0], [6, 0], [0, 1], [5, 1], [5, 2], [3, 3], [5, 3], [0, 4], [3, 4], [4, 4], [6, 4], [1, 5], [3, 5], [4, 5], [5, 5], [6, 5], [2, 6], [3, 7], [0, 8], [3, 9], [4, 9], [6, 9], [7, 9], [0, 10], [1, 10], [2, 10], [4, 10], [5, 10], [2, 11], [4, 11], [5, 11]]}, "quality": 0.32290935670633913, "diversity": 0.2980324005121531, "controlability": 0.0}