{"content": [[1, 1, 1, 1, 7, 0, 7, 1], [0, 2, 0, 0, 1, 0, 1, 0], [0, 0, 5, 4, 7, 6, 6, 1], [0, 5, 1, 0, 0, 7, 4, 5], [1, 7, 1, 0, 6, 1, 7, 6], [1, 2, 0, 1, 0, 1, 0, 5], [0, 7, 4, 1, 1, 1, 0, 5], [1, 0, 0, 0, 1, 0, 1, 1], [1, 0, 4, 1, 0, 6, 0, 6], [4, 0, 0, 7, 1, 4, 1, 6], [6, 3, 6, 1, 7, 6, 0, 1], [4, 0, 1, 6, 7, 1, 0, 1]], "control": {"col_treasures": 8, "solution_length": 30}, "info": {"regions": 1, "players": 2, "exits": 1, "layout": 60, "heuristic": -1, "solution": [], "content": [[1, 1, 1, 1, 7, 0, 7, 1], [0, 2, 0, 0, 1, 0, 1, 0], [0, 0, 5, 4, 7, 6, 6, 1], [0, 5, 1, 0, 0, 7, 4, 5], [1, 7, 1, 0, 6, 1, 7, 6], [1, 2, 0, 1, 0, 1, 0, 5], [0, 7, 4, 1, 1, 1, 0, 5], [1, 0, 0, 0, 1, 0, 1, 1], [1, 0, 4, 1, 0, 6, 0, 6], [4, 0, 0, 7, 1, 4, 1, 6], [6, 3, 6, 1, 7, 6, 0, 1], [4, 0, 1, 6, 7, 1, 0, 1]], "potions": 7, "treasures": 5, "enemies": 21, "solution_length": 0, "enemies_loc": [[4, 0], [6, 0], [4, 2], [5, 2], [6, 2], [5, 3], [1, 4], [4, 4], [6, 4], [7, 4], [1, 6], [5, 8], [7, 8], [3, 9], [7, 9], [0, 10], [2, 10], [4, 10], [5, 10], [3, 11], [4, 11]]}, "quality": 0.3326315789404248, "diversity": 0.20387883295127485, "controlability": 0.0}