{"content": [[1, 1, 1, 1, 0, 5, 5, 0], [5, 5, 0, 1, 1, 7, 4, 5], [0, 0, 4, 3, 4, 7, 5, 1], [0, 2, 1, 0, 0, 7, 0, 0], [0, 1, 7, 1, 1, 1, 7, 0], [1, 6, 0, 0, 6, 7, 0, 0], [0, 0, 5, 4, 5, 7, 0, 5], [4, 0, 4, 0, 7, 4, 1, 1], [6, 0, 1, 5, 0, 4, 1, 1], [5, 5, 1, 0, 1, 4, 1, 1], [6, 0, 4, 1, 4, 6, 0, 1], [0, 5, 7, 7, 0, 6, 4, 1]], "control": {"col_treasures": 18, "solution_length": 45}, "info": {"regions": 1, "players": 1, "exits": 1, "layout": 53, "heuristic": 0, "solution": [{"x": 2, "y": 4, "action": {"x": 1, "y": 0}}, {"x": 3, "y": 4, "action": {"x": 0, "y": -1}}, {"x": 3, "y": 3, "action": {"x": 1, "y": 0}}, {"x": 4, "y": 3, "action": {"x": 0, "y": 0}}], "content": [[1, 1, 1, 1, 0, 5, 5, 0], [5, 5, 0, 1, 1, 7, 4, 5], [0, 0, 4, 3, 4, 7, 5, 1], [0, 2, 1, 0, 0, 7, 0, 0], [0, 1, 7, 1, 1, 1, 7, 0], [1, 6, 0, 0, 6, 7, 0, 0], [0, 0, 5, 4, 5, 7, 0, 5], [4, 0, 4, 0, 7, 4, 1, 1], [6, 0, 1, 5, 0, 4, 1, 1], [5, 5, 1, 0, 1, 4, 1, 1], [6, 0, 4, 1, 4, 6, 0, 1], [0, 5, 7, 7, 0, 6, 4, 1]], "potions": 12, "treasures": 13, "enemies": 16, "solution_length": 4, "enemies_loc": [[5, 1], [5, 2], [5, 3], [2, 4], [6, 4], [1, 5], [4, 5], [5, 5], [5, 6], [4, 7], [0, 8], [0, 10], [5, 10], [2, 11], [3, 11], [5, 11]], "status": "win", "health": 5, "col_treasures": 0, "col_potions": 1, "col_enemies": 0}, "quality": 0.8479166665824218, "diversity": 0.30289712862548834, "controlability": 0.048780487792980366}