{"content": [[6, 2, 7, 1, 5, 7, 3, 6], [5, 0, 7, 0, 1, 1, 1, 1], [7, 0, 1, 3, 0, 1, 4, 0], [6, 0, 4, 7, 0, 1, 0, 1], [6, 6, 5, 6, 2, 6, 6, 6], [0, 5, 1, 1, 4, 4, 0, 7], [0, 2, 4, 7, 1, 1, 1, 7], [7, 3, 7, 0, 1, 2, 4, 4], [4, 7, 2, 5, 6, 7, 6, 1], [5, 5, 1, 0, 0, 6, 1, 7], [4, 5, 6, 5, 7, 7, 6, 7], [1, 0, 6, 6, 6, 0, 4, 7]], "control": {"col_treasures": 4, "solution_length": 23}, "info": {"regions": 1, "players": 5, "exits": 3, "layout": 35, "heuristic": -1, "solution": [], "content": [[6, 2, 7, 1, 5, 7, 3, 6], [5, 0, 7, 0, 1, 1, 1, 1], [7, 0, 1, 3, 0, 1, 4, 0], [6, 0, 4, 7, 0, 1, 0, 1], [6, 6, 5, 6, 2, 6, 6, 6], [0, 5, 1, 1, 4, 4, 0, 7], [0, 2, 4, 7, 1, 1, 1, 7], [7, 3, 7, 0, 1, 2, 4, 4], [4, 7, 2, 5, 6, 7, 6, 1], [5, 5, 1, 0, 0, 6, 1, 7], [4, 5, 6, 5, 7, 7, 6, 7], [1, 0, 6, 6, 6, 0, 4, 7]], "potions": 10, "treasures": 9, "enemies": 34, "solution_length": 0, "enemies_loc": [[0, 0], [2, 0], [5, 0], [7, 0], [2, 1], [0, 2], [0, 3], [3, 3], [0, 4], [1, 4], [3, 4], [5, 4], [6, 4], [7, 4], [7, 5], [3, 6], [7, 6], [0, 7], [2, 7], [1, 8], [4, 8], [5, 8], [6, 8], [5, 9], [7, 9], [2, 10], [4, 10], [5, 10], [6, 10], [7, 10], [2, 11], [3, 11], [4, 11], [7, 11]]}, "quality": 0.3110672514382691, "diversity": 0.42643228204752626, "controlability": 0.0}