{"content": [[5, 1, 7, 6, 1, 7, 4, 5], [5, 4, 2, 5, 1, 5, 4, 3], [7, 1, 4, 5, 0, 0, 5, 1], [3, 4, 4, 3, 3, 4, 5, 1], [6, 5, 4, 0, 0, 7, 2, 2], [4, 3, 6, 1, 6, 1, 7, 1], [7, 0, 4, 5, 5, 0, 2, 2], [5, 0, 7, 7, 1, 0, 0, 2], [1, 1, 2, 4, 4, 4, 1, 4], [3, 4, 7, 0, 0, 4, 0, 0], [2, 0, 7, 5, 5, 7, 0, 7], [4, 2, 2, 4, 1, 5, 0, 3]], "control": {"col_treasures": 13, "solution_length": 37}, "info": {"regions": 2, "players": 10, "exits": 7, "layout": 30, "heuristic": -1, "solution": [], "content": [[5, 1, 7, 6, 1, 7, 4, 5], [5, 4, 2, 5, 1, 5, 4, 3], [7, 1, 4, 5, 0, 0, 5, 1], [3, 4, 4, 3, 3, 4, 5, 1], [6, 5, 4, 0, 0, 7, 2, 2], [4, 3, 6, 1, 6, 1, 7, 1], [7, 0, 4, 5, 5, 0, 2, 2], [5, 0, 7, 7, 1, 0, 0, 2], [1, 1, 2, 4, 4, 4, 1, 4], [3, 4, 7, 0, 0, 4, 0, 0], [2, 0, 7, 5, 5, 7, 0, 7], [4, 2, 2, 4, 1, 5, 0, 3]], "potions": 18, "treasures": 15, "enemies": 16, "solution_length": 0, "enemies_loc": [[2, 0], [3, 0], [5, 0], [0, 2], [0, 4], [5, 4], [2, 5], [4, 5], [6, 5], [0, 6], [2, 7], [3, 7], [2, 9], [2, 10], [5, 10], [7, 10]]}, "quality": 0.2900550794692504, "diversity": 0.41513479383731633, "controlability": 0.0}