{"content": [[6, 3, 1, 2, 4, 5, 6, 2], [4, 1, 0, 4, 1, 7, 2, 5], [6, 5, 0, 1, 3, 4, 5, 1], [5, 3, 7, 2, 3, 1, 1, 0], [6, 0, 3, 4, 6, 7, 0, 0], [0, 6, 4, 6, 2, 3, 4, 4], [0, 7, 3, 2, 4, 5, 5, 5], [5, 3, 3, 4, 1, 1, 7, 1], [7, 2, 1, 2, 2, 3, 7, 0], [0, 6, 1, 6, 7, 7, 1, 3], [3, 4, 6, 0, 2, 4, 0, 0], [2, 3, 4, 7, 0, 1, 5, 1]], "control": {"col_treasures": 8, "solution_length": 30}, "info": {"regions": 1, "players": 11, "exits": 13, "layout": 29, "heuristic": -1, "solution": [], "content": [[6, 3, 1, 2, 4, 5, 6, 2], [4, 1, 0, 4, 1, 7, 2, 5], [6, 5, 0, 1, 3, 4, 5, 1], [5, 3, 7, 2, 3, 1, 1, 0], [6, 0, 3, 4, 6, 7, 0, 0], [0, 6, 4, 6, 2, 3, 4, 4], [0, 7, 3, 2, 4, 5, 5, 5], [5, 3, 3, 4, 1, 1, 7, 1], [7, 2, 1, 2, 2, 3, 7, 0], [0, 6, 1, 6, 7, 7, 1, 3], [3, 4, 6, 0, 2, 4, 0, 0], [2, 3, 4, 7, 0, 1, 5, 1]], "potions": 13, "treasures": 10, "enemies": 20, "solution_length": 0, "enemies_loc": [[0, 0], [6, 0], [5, 1], [0, 2], [2, 3], [0, 4], [4, 4], [5, 4], [1, 5], [3, 5], [1, 6], [6, 7], [0, 8], [6, 8], [1, 9], [3, 9], [4, 9], [5, 9], [2, 10], [3, 11]]}, "quality": 0.29150584793241524, "diversity": 0.4279233768019156, "controlability": 0.0}