{"content": [[6, 0, 2, 3, 5, 1, 1, 2], [2, 4, 3, 4, 5, 0, 6, 6], [5, 4, 3, 1, 3, 7, 5, 3], [1, 2, 7, 0, 7, 0, 7, 0], [3, 2, 1, 7, 0, 1, 5, 1], [7, 4, 2, 0, 2, 3, 1, 2], [4, 5, 2, 4, 0, 7, 4, 6], [1, 7, 4, 4, 6, 5, 1, 1], [4, 5, 0, 3, 1, 7, 4, 2], [0, 3, 2, 6, 3, 1, 1, 7], [1, 5, 2, 4, 4, 0, 1, 1], [5, 6, 7, 7, 3, 4, 6, 6]], "control": {"col_treasures": 5, "solution_length": 24}, "info": {"regions": 1, "players": 12, "exits": 11, "layout": 28, "heuristic": -1, "solution": [], "content": [[6, 0, 2, 3, 5, 1, 1, 2], [2, 4, 3, 4, 5, 0, 6, 6], [5, 4, 3, 1, 3, 7, 5, 3], [1, 2, 7, 0, 7, 0, 7, 0], [3, 2, 1, 7, 0, 1, 5, 1], [7, 4, 2, 0, 2, 3, 1, 2], [4, 5, 2, 4, 0, 7, 4, 6], [1, 7, 4, 4, 6, 5, 1, 1], [4, 5, 0, 3, 1, 7, 4, 2], [0, 3, 2, 6, 3, 1, 1, 7], [1, 5, 2, 4, 4, 0, 1, 1], [5, 6, 7, 7, 3, 4, 6, 6]], "potions": 14, "treasures": 10, "enemies": 21, "solution_length": 0, "enemies_loc": [[0, 0], [6, 1], [7, 1], [5, 2], [2, 3], [4, 3], [6, 3], [3, 4], [0, 5], [5, 6], [7, 6], [1, 7], [4, 7], [5, 8], [3, 9], [7, 9], [1, 11], [2, 11], [3, 11], [6, 11], [7, 11]]}, "quality": 0.2908187134297067, "diversity": 0.4280225306928793, "controlability": 0.0}