{"content": [[3, 5, 1, 5, 1, 7, 6, 5], [2, 0, 0, 5, 1, 6, 4, 0], [7, 0, 6, 3, 0, 1, 5, 0], [6, 0, 4, 3, 2, 7, 0, 1], [0, 6, 6, 0, 2, 7, 7, 2], [6, 3, 1, 1, 4, 1, 6, 7], [7, 6, 4, 7, 7, 7, 1, 7], [5, 2, 7, 7, 7, 0, 4, 5], [5, 0, 2, 0, 2, 1, 1, 3], [1, 7, 7, 1, 2, 4, 3, 0], [2, 0, 6, 5, 5, 1, 0, 7], [6, 5, 6, 2, 1, 5, 6, 6]], "control": {"col_treasures": 5, "solution_length": 24}, "info": {"regions": 1, "players": 10, "exits": 6, "layout": 31, "heuristic": -1, "solution": [], "content": [[3, 5, 1, 5, 1, 7, 6, 5], [2, 0, 0, 5, 1, 6, 4, 0], [7, 0, 6, 3, 0, 1, 5, 0], [6, 0, 4, 3, 2, 7, 0, 1], [0, 6, 6, 0, 2, 7, 7, 2], [6, 3, 1, 1, 4, 1, 6, 7], [7, 6, 4, 7, 7, 7, 1, 7], [5, 2, 7, 7, 7, 0, 4, 5], [5, 0, 2, 0, 2, 1, 1, 3], [1, 7, 7, 1, 2, 4, 3, 0], [2, 0, 6, 5, 5, 1, 0, 7], [6, 5, 6, 2, 1, 5, 6, 6]], "potions": 6, "treasures": 12, "enemies": 31, "solution_length": 0, "enemies_loc": [[5, 0], [6, 0], [5, 1], [0, 2], [2, 2], [0, 3], [5, 3], [1, 4], [2, 4], [5, 4], [6, 4], [0, 5], [6, 5], [7, 5], [0, 6], [1, 6], [3, 6], [4, 6], [5, 6], [7, 6], [2, 7], [3, 7], [4, 7], [1, 9], [2, 9], [2, 10], [7, 10], [0, 11], [2, 11], [6, 11], [7, 11]]}, "quality": 0.29989766079674257, "diversity": 0.4252115783020023, "controlability": 0.0}