{"content": [[2, 3, 1, 2, 7, 5, 2, 1], [4, 4, 5, 7, 6, 7, 0, 0], [2, 4, 2, 0, 3, 7, 5, 0], [7, 3, 3, 4, 0, 2, 6, 0], [1, 0, 0, 1, 4, 6, 2, 7], [6, 6, 6, 6, 1, 7, 7, 4], [0, 4, 7, 0, 4, 3, 6, 6], [4, 5, 3, 4, 5, 2, 6, 1], [1, 1, 6, 7, 0, 3, 5, 0], [0, 7, 6, 3, 2, 2, 7, 1], [6, 3, 6, 0, 1, 6, 0, 0], [7, 7, 2, 0, 0, 4, 1, 1]], "control": {"col_treasures": 17, "solution_length": 43}, "info": {"regions": 1, "players": 11, "exits": 9, "layout": 30, "heuristic": -1, "solution": [], "content": [[2, 3, 1, 2, 7, 5, 2, 1], [4, 4, 5, 7, 6, 7, 0, 0], [2, 4, 2, 0, 3, 7, 5, 0], [7, 3, 3, 4, 0, 2, 6, 0], [1, 0, 0, 1, 4, 6, 2, 7], [6, 6, 6, 6, 1, 7, 7, 4], [0, 4, 7, 0, 4, 3, 6, 6], [4, 5, 3, 4, 5, 2, 6, 1], [1, 1, 6, 7, 0, 3, 5, 0], [0, 7, 6, 3, 2, 2, 7, 1], [6, 3, 6, 0, 1, 6, 0, 0], [7, 7, 2, 0, 0, 4, 1, 1]], "potions": 11, "treasures": 6, "enemies": 29, "solution_length": 0, "enemies_loc": [[4, 0], [3, 1], [4, 1], [5, 1], [5, 2], [0, 3], [6, 3], [5, 4], [7, 4], [0, 5], [1, 5], [2, 5], [3, 5], [5, 5], [6, 5], [2, 6], [6, 6], [7, 6], [6, 7], [2, 8], [3, 8], [1, 9], [2, 9], [6, 9], [0, 10], [2, 10], [5, 10], [0, 11], [1, 11]]}, "quality": 0.2957017543645789, "diversity": 0.45425723610733715, "controlability": 0.0}