{"content": [[0, 1, 0, 3, 7, 3, 0, 7], [2, 5, 5, 6, 7, 2, 5, 0], [2, 4, 2, 0, 3, 1, 3, 0], [6, 7, 3, 4, 0, 3, 6, 5], [1, 7, 1, 5, 3, 6, 2, 0], [1, 6, 0, 0, 4, 2, 7, 2], [6, 7, 1, 0, 7, 5, 4, 7], [4, 5, 1, 3, 7, 0, 1, 0], [1, 7, 1, 7, 0, 7, 5, 0], [0, 7, 7, 3, 7, 4, 7, 1], [2, 1, 4, 0, 3, 5, 1, 6], [7, 5, 2, 0, 7, 4, 1, 3]], "control": {"col_treasures": 2, "solution_length": 20}, "info": {"regions": 2, "players": 9, "exits": 11, "layout": 32, "heuristic": -1, "solution": [], "content": [[0, 1, 0, 3, 7, 3, 0, 7], [2, 5, 5, 6, 7, 2, 5, 0], [2, 4, 2, 0, 3, 1, 3, 0], [6, 7, 3, 4, 0, 3, 6, 5], [1, 7, 1, 5, 3, 6, 2, 0], [1, 6, 0, 0, 4, 2, 7, 2], [6, 7, 1, 0, 7, 5, 4, 7], [4, 5, 1, 3, 7, 0, 1, 0], [1, 7, 1, 7, 0, 7, 5, 0], [0, 7, 7, 3, 7, 4, 7, 1], [2, 1, 4, 0, 3, 5, 1, 6], [7, 5, 2, 0, 7, 4, 1, 3]], "potions": 8, "treasures": 10, "enemies": 26, "solution_length": 0, "enemies_loc": [[4, 0], [7, 0], [3, 1], [4, 1], [0, 3], [1, 3], [6, 3], [1, 4], [5, 4], [1, 5], [6, 5], [0, 6], [1, 6], [4, 6], [7, 6], [4, 7], [1, 8], [3, 8], [5, 8], [1, 9], [2, 9], [4, 9], [6, 9], [7, 10], [0, 11], [4, 11]]}, "quality": 0.2907275940887764, "diversity": 0.4218016329995601, "controlability": 0.0}