{"content": [[5, 1, 3, 6, 3, 1, 1, 2], [2, 1, 3, 5, 7, 7, 3, 6], [5, 3, 3, 3, 4, 6, 6, 3], [3, 1, 7, 0, 7, 5, 7, 1], [6, 1, 4, 4, 1, 1, 2, 2], [4, 0, 2, 0, 1, 3, 1, 1], [1, 5, 4, 1, 5, 4, 1, 7], [2, 5, 4, 4, 6, 3, 3, 1], [2, 4, 0, 3, 4, 4, 7, 4], [3, 2, 1, 4, 3, 2, 0, 7], [6, 5, 5, 1, 0, 4, 1, 5], [5, 6, 5, 4, 1, 5, 4, 1]], "control": {"col_treasures": 13, "solution_length": 37}, "info": {"regions": 1, "players": 9, "exits": 15, "layout": 27, "heuristic": -1, "solution": [], "content": [[5, 1, 3, 6, 3, 1, 1, 2], [2, 1, 3, 5, 7, 7, 3, 6], [5, 3, 3, 3, 4, 6, 6, 3], [3, 1, 7, 0, 7, 5, 7, 1], [6, 1, 4, 4, 1, 1, 2, 2], [4, 0, 2, 0, 1, 3, 1, 1], [1, 5, 4, 1, 5, 4, 1, 7], [2, 5, 4, 4, 6, 3, 3, 1], [2, 4, 0, 3, 4, 4, 7, 4], [3, 2, 1, 4, 3, 2, 0, 7], [6, 5, 5, 1, 0, 4, 1, 5], [5, 6, 5, 4, 1, 5, 4, 1]], "potions": 16, "treasures": 13, "enemies": 16, "solution_length": 0, "enemies_loc": [[3, 0], [4, 1], [5, 1], [7, 1], [5, 2], [6, 2], [2, 3], [4, 3], [6, 3], [0, 4], [7, 6], [4, 7], [6, 8], [7, 9], [0, 10], [1, 11]]}, "quality": 0.2887280701552161, "diversity": 0.4308448970992479, "controlability": 0.0}