{"content": [[0, 4, 7, 1, 1, 6, 3, 3], [0, 1, 7, 3, 6, 1, 2, 0], [0, 4, 4, 3, 0, 6, 4, 5], [5, 7, 4, 2, 3, 1, 5, 2], [1, 2, 5, 5, 1, 6, 5, 5], [0, 1, 3, 3, 6, 4, 0, 5], [2, 5, 0, 7, 6, 2, 5, 6], [7, 5, 7, 2, 6, 3, 6, 6], [7, 7, 2, 1, 1, 7, 6, 4], [0, 5, 1, 0, 4, 7, 1, 4], [1, 5, 0, 5, 0, 7, 2, 5], [6, 5, 1, 1, 7, 1, 0, 7]], "control": {"col_treasures": 6, "solution_length": 26}, "info": {"regions": 1, "players": 9, "exits": 8, "layout": 29, "heuristic": -1, "solution": [], "content": [[0, 4, 7, 1, 1, 6, 3, 3], [0, 1, 7, 3, 6, 1, 2, 0], [0, 4, 4, 3, 0, 6, 4, 5], [5, 7, 4, 2, 3, 1, 5, 2], [1, 2, 5, 5, 1, 6, 5, 5], [0, 1, 3, 3, 6, 4, 0, 5], [2, 5, 0, 7, 6, 2, 5, 6], [7, 5, 7, 2, 6, 3, 6, 6], [7, 7, 2, 1, 1, 7, 6, 4], [0, 5, 1, 0, 4, 7, 1, 4], [1, 5, 0, 5, 0, 7, 2, 5], [6, 5, 1, 1, 7, 1, 0, 7]], "potions": 9, "treasures": 16, "enemies": 25, "solution_length": 0, "enemies_loc": [[2, 0], [5, 0], [2, 1], [4, 1], [5, 2], [1, 3], [5, 4], [4, 5], [3, 6], [4, 6], [7, 6], [0, 7], [2, 7], [4, 7], [6, 7], [7, 7], [0, 8], [1, 8], [5, 8], [6, 8], [5, 9], [5, 10], [0, 11], [4, 11], [7, 11]]}, "quality": 0.29641812863365247, "diversity": 0.4629934107935858, "controlability": 0.0}