{"content": [[2, 6, 2, 4, 6, 7, 4, 7], [0, 1, 7, 3, 7, 6, 0, 2], [4, 4, 0, 7, 1, 2, 6, 4], [7, 6, 4, 5, 6, 3, 6, 2], [3, 5, 7, 2, 7, 2, 1, 0], [1, 7, 4, 7, 0, 6, 7, 6], [0, 5, 1, 7, 3, 4, 4, 3], [5, 4, 0, 0, 2, 0, 7, 1], [1, 2, 1, 5, 3, 2, 6, 3], [1, 5, 6, 7, 7, 1, 5, 3], [0, 2, 4, 5, 0, 3, 7, 3], [1, 6, 2, 7, 6, 0, 5, 1]], "control": {"col_treasures": 14, "solution_length": 39}, "info": {"regions": 1, "players": 12, "exits": 10, "layout": 24, "heuristic": -1, "solution": [], "content": [[2, 6, 2, 4, 6, 7, 4, 7], [0, 1, 7, 3, 7, 6, 0, 2], [4, 4, 0, 7, 1, 2, 6, 4], [7, 6, 4, 5, 6, 3, 6, 2], [3, 5, 7, 2, 7, 2, 1, 0], [1, 7, 4, 7, 0, 6, 7, 6], [0, 5, 1, 7, 3, 4, 4, 3], [5, 4, 0, 0, 2, 0, 7, 1], [1, 2, 1, 5, 3, 2, 6, 3], [1, 5, 6, 7, 7, 1, 5, 3], [0, 2, 4, 5, 0, 3, 7, 3], [1, 6, 2, 7, 6, 0, 5, 1]], "potions": 11, "treasures": 9, "enemies": 30, "solution_length": 0, "enemies_loc": [[1, 0], [4, 0], [5, 0], [7, 0], [2, 1], [4, 1], [5, 1], [3, 2], [6, 2], [0, 3], [1, 3], [4, 3], [6, 3], [2, 4], [4, 4], [1, 5], [3, 5], [5, 5], [6, 5], [7, 5], [3, 6], [6, 7], [6, 8], [2, 9], [3, 9], [4, 9], [6, 10], [1, 11], [3, 11], [4, 11]]}, "quality": 0.28596491226119963, "diversity": 0.48758011793870226, "controlability": 0.0}