{"content": [[3, 4, 1, 5, 6, 4, 7, 4], [3, 0, 7, 0, 5, 1, 4, 3], [0, 0, 6, 3, 3, 1, 6, 0], [3, 0, 4, 5, 2, 7, 0, 1], [3, 6, 3, 0, 6, 5, 6, 5], [6, 1, 1, 4, 5, 7, 6, 7], [5, 2, 4, 7, 7, 7, 1, 7], [0, 0, 5, 0, 7, 2, 4, 5], [5, 0, 2, 0, 5, 1, 7, 3], [1, 7, 1, 4, 0, 3, 3, 0], [4, 0, 1, 1, 0, 1, 1, 7], [6, 5, 6, 2, 5, 5, 6, 4]], "control": {"col_treasures": 11, "solution_length": 34}, "info": {"regions": 1, "players": 5, "exits": 11, "layout": 31, "heuristic": -1, "solution": [], "content": [[3, 4, 1, 5, 6, 4, 7, 4], [3, 0, 7, 0, 5, 1, 4, 3], [0, 0, 6, 3, 3, 1, 6, 0], [3, 0, 4, 5, 2, 7, 0, 1], [3, 6, 3, 0, 6, 5, 6, 5], [6, 1, 1, 4, 5, 7, 6, 7], [5, 2, 4, 7, 7, 7, 1, 7], [0, 0, 5, 0, 7, 2, 4, 5], [5, 0, 2, 0, 5, 1, 7, 3], [1, 7, 1, 4, 0, 3, 3, 0], [4, 0, 1, 1, 0, 1, 1, 7], [6, 5, 6, 2, 5, 5, 6, 4]], "potions": 11, "treasures": 14, "enemies": 24, "solution_length": 0, "enemies_loc": [[4, 0], [6, 0], [2, 1], [2, 2], [6, 2], [5, 3], [1, 4], [4, 4], [6, 4], [0, 5], [5, 5], [6, 5], [7, 5], [3, 6], [4, 6], [5, 6], [7, 6], [4, 7], [6, 8], [1, 9], [7, 10], [0, 11], [2, 11], [6, 11]]}, "quality": 0.29989766079674257, "diversity": 0.6440972144531252, "controlability": 0.0}