{"content": [[5, 1, 7, 6, 1, 7, 4, 4], [5, 1, 3, 3, 7, 5, 2, 3], [3, 1, 4, 3, 4, 6, 2, 1], [3, 1, 4, 0, 3, 5, 5, 1], [6, 1, 4, 4, 1, 1, 2, 2], [4, 7, 6, 1, 6, 1, 1, 1], [7, 0, 6, 5, 5, 4, 1, 2], [2, 7, 7, 5, 1, 0, 4, 2], [2, 4, 5, 0, 4, 4, 7, 4], [3, 2, 5, 4, 7, 2, 0, 0], [5, 0, 7, 1, 0, 4, 7, 7], [4, 2, 5, 4, 1, 5, 0, 2]], "control": {"col_treasures": 13, "solution_length": 37}, "info": {"regions": 1, "players": 12, "exits": 8, "layout": 27, "heuristic": -1, "solution": [], "content": [[5, 1, 7, 6, 1, 7, 4, 4], [5, 1, 3, 3, 7, 5, 2, 3], [3, 1, 4, 3, 4, 6, 2, 1], [3, 1, 4, 0, 3, 5, 5, 1], [6, 1, 4, 4, 1, 1, 2, 2], [4, 7, 6, 1, 6, 1, 1, 1], [7, 0, 6, 5, 5, 4, 1, 2], [2, 7, 7, 5, 1, 0, 4, 2], [2, 4, 5, 0, 4, 4, 7, 4], [3, 2, 5, 4, 7, 2, 0, 0], [5, 0, 7, 1, 0, 4, 7, 7], [4, 2, 5, 4, 1, 5, 0, 2]], "potions": 18, "treasures": 13, "enemies": 18, "solution_length": 0, "enemies_loc": [[2, 0], [3, 0], [5, 0], [4, 1], [5, 2], [0, 4], [1, 5], [2, 5], [4, 5], [0, 6], [2, 6], [1, 7], [2, 7], [6, 8], [4, 9], [2, 10], [6, 10], [7, 10]]}, "quality": 0.29153508769878034, "diversity": 0.44512909720510596, "controlability": 0.0}