{"content": [[5, 1, 7, 6, 1, 7, 4, 4], [5, 0, 7, 4, 7, 7, 7, 3], [3, 0, 7, 3, 4, 6, 1, 1], [3, 2, 1, 0, 3, 7, 7, 5], [6, 5, 7, 4, 1, 3, 2, 5], [4, 2, 5, 1, 6, 4, 1, 1], [7, 3, 1, 7, 0, 5, 0, 2], [5, 7, 7, 1, 1, 0, 4, 2], [2, 0, 5, 5, 7, 1, 7, 5], [1, 2, 5, 4, 4, 2, 6, 0], [5, 6, 2, 1, 4, 6, 4, 7], [0, 3, 6, 3, 1, 5, 0, 2]], "control": {"col_treasures": 4, "solution_length": 23}, "info": {"regions": 1, "players": 10, "exits": 9, "layout": 26, "heuristic": -1, "solution": [], "content": [[5, 1, 7, 6, 1, 7, 4, 4], [5, 0, 7, 4, 7, 7, 7, 3], [3, 0, 7, 3, 4, 6, 1, 1], [3, 2, 1, 0, 3, 7, 7, 5], [6, 5, 7, 4, 1, 3, 2, 5], [4, 2, 5, 1, 6, 4, 1, 1], [7, 3, 1, 7, 0, 5, 0, 2], [5, 7, 7, 1, 1, 0, 4, 2], [2, 0, 5, 5, 7, 1, 7, 5], [1, 2, 5, 4, 4, 2, 6, 0], [5, 6, 2, 1, 4, 6, 4, 7], [0, 3, 6, 3, 1, 5, 0, 2]], "potions": 12, "treasures": 14, "enemies": 25, "solution_length": 0, "enemies_loc": [[2, 0], [3, 0], [5, 0], [2, 1], [4, 1], [5, 1], [6, 1], [2, 2], [5, 2], [5, 3], [6, 3], [0, 4], [2, 4], [4, 5], [0, 6], [3, 6], [1, 7], [2, 7], [4, 8], [6, 8], [6, 9], [1, 10], [5, 10], [7, 10], [2, 11]]}, "quality": 0.2908479531960718, "diversity": 0.5364583240885419, "controlability": 0.0}