{"content": [[2, 3, 4, 1, 6, 5, 2, 1], [4, 1, 5, 7, 2, 7, 2, 5], [6, 5, 2, 3, 3, 6, 5, 1], [7, 3, 7, 1, 0, 2, 1, 0], [1, 0, 0, 1, 4, 1, 6, 0], [0, 6, 1, 6, 1, 1, 7, 4], [0, 4, 7, 0, 4, 3, 5, 5], [4, 5, 3, 4, 5, 2, 0, 1], [7, 4, 1, 2, 2, 3, 5, 0], [5, 6, 0, 6, 7, 0, 1, 3], [2, 5, 7, 2, 1, 6, 0, 0], [0, 6, 3, 0, 0, 1, 1, 1]], "control": {"col_treasures": 8, "solution_length": 30}, "info": {"regions": 1, "players": 11, "exits": 9, "layout": 36, "heuristic": -1, "solution": [], "content": [[2, 3, 4, 1, 6, 5, 2, 1], [4, 1, 5, 7, 2, 7, 2, 5], [6, 5, 2, 3, 3, 6, 5, 1], [7, 3, 7, 1, 0, 2, 1, 0], [1, 0, 0, 1, 4, 1, 6, 0], [0, 6, 1, 6, 1, 1, 7, 4], [0, 4, 7, 0, 4, 3, 5, 5], [4, 5, 3, 4, 5, 2, 0, 1], [7, 4, 1, 2, 2, 3, 5, 0], [5, 6, 0, 6, 7, 0, 1, 3], [2, 5, 7, 2, 1, 6, 0, 0], [0, 6, 3, 0, 0, 1, 1, 1]], "potions": 9, "treasures": 12, "enemies": 19, "solution_length": 0, "enemies_loc": [[4, 0], [3, 1], [5, 1], [0, 2], [5, 2], [0, 3], [2, 3], [6, 4], [1, 5], [3, 5], [6, 5], [2, 6], [0, 8], [1, 9], [3, 9], [4, 9], [2, 10], [5, 10], [1, 11]]}, "quality": 0.30403508769617615, "diversity": 0.42798131157058217, "controlability": 0.0}