{"content": [[5, 2, 0, 1, 6, 7, 2, 5], [7, 0, 6, 7, 0, 7, 4, 6], [2, 2, 2, 4, 0, 7, 2, 4], [4, 1, 3, 7, 4, 5, 3, 4], [6, 1, 7, 5, 5, 2, 6, 2], [0, 2, 4, 5, 0, 4, 3, 4], [0, 5, 6, 2, 0, 5, 7, 6], [7, 0, 0, 0, 6, 5, 3, 2], [1, 0, 2, 5, 6, 6, 6, 0], [1, 4, 5, 5, 3, 3, 7, 4], [4, 4, 2, 4, 3, 6, 5, 4], [3, 2, 2, 7, 2, 4, 5, 5]], "control": {"col_treasures": 1, "solution_length": 17}, "info": {"regions": 1, "players": 16, "exits": 8, "layout": 18, "heuristic": -1, "solution": [], "content": [[5, 2, 0, 1, 6, 7, 2, 5], [7, 0, 6, 7, 0, 7, 4, 6], [2, 2, 2, 4, 0, 7, 2, 4], [4, 1, 3, 7, 4, 5, 3, 4], [6, 1, 7, 5, 5, 2, 6, 2], [0, 2, 4, 5, 0, 4, 3, 4], [0, 5, 6, 2, 0, 5, 7, 6], [7, 0, 0, 0, 6, 5, 3, 2], [1, 0, 2, 5, 6, 6, 6, 0], [1, 4, 5, 5, 3, 3, 7, 4], [4, 4, 2, 4, 3, 6, 5, 4], [3, 2, 2, 7, 2, 4, 5, 5]], "potions": 16, "treasures": 15, "enemies": 23, "solution_length": 0, "enemies_loc": [[4, 0], [5, 0], [0, 1], [2, 1], [3, 1], [5, 1], [7, 1], [5, 2], [3, 3], [0, 4], [2, 4], [6, 4], [2, 6], [6, 6], [7, 6], [0, 7], [4, 7], [4, 8], [5, 8], [6, 8], [6, 9], [5, 10], [3, 11]]}, "quality": 0.2762280701578203, "diversity": 0.4588373549269157, "controlability": 0.0}