{"content": [[0, 5, 1, 6, 7, 3, 3, 3], [6, 4, 5, 4, 6, 6, 0, 2], [2, 4, 1, 0, 2, 7, 5, 1], [1, 7, 3, 4, 0, 2, 6, 5], [4, 7, 1, 5, 3, 4, 2, 4], [3, 6, 6, 0, 4, 7, 7, 1], [0, 7, 0, 0, 7, 5, 0, 0], [7, 1, 7, 3, 6, 5, 1, 7], [1, 1, 0, 1, 0, 5, 0, 1], [0, 7, 6, 3, 1, 2, 2, 3], [6, 0, 4, 0, 2, 2, 0, 0], [7, 5, 4, 0, 7, 4, 1, 2]], "control": {"col_treasures": 17, "solution_length": 43}, "info": {"regions": 1, "players": 10, "exits": 9, "layout": 33, "heuristic": -1, "solution": [], "content": [[0, 5, 1, 6, 7, 3, 3, 3], [6, 4, 5, 4, 6, 6, 0, 2], [2, 4, 1, 0, 2, 7, 5, 1], [1, 7, 3, 4, 0, 2, 6, 5], [4, 7, 1, 5, 3, 4, 2, 4], [3, 6, 6, 0, 4, 7, 7, 1], [0, 7, 0, 0, 7, 5, 0, 0], [7, 1, 7, 3, 6, 5, 1, 7], [1, 1, 0, 1, 0, 5, 0, 1], [0, 7, 6, 3, 1, 2, 2, 3], [6, 0, 4, 0, 2, 2, 0, 0], [7, 5, 4, 0, 7, 4, 1, 2]], "potions": 11, "treasures": 9, "enemies": 24, "solution_length": 0, "enemies_loc": [[3, 0], [4, 0], [0, 1], [4, 1], [5, 1], [5, 2], [1, 3], [6, 3], [1, 4], [1, 5], [2, 5], [5, 5], [6, 5], [1, 6], [4, 6], [0, 7], [2, 7], [4, 7], [7, 7], [1, 9], [2, 9], [0, 10], [0, 11], [4, 11]]}, "quality": 0.30057017541626857, "diversity": 0.4091372183041784, "controlability": 0.0}