{"content": [[3, 6, 0, 6, 2, 7, 2, 1], [7, 5, 0, 2, 4, 7, 3, 1], [6, 4, 5, 7, 3, 3, 1, 0], [4, 0, 4, 2, 7, 4, 1, 4], [7, 3, 1, 7, 5, 2, 1, 0], [5, 5, 0, 0, 4, 3, 3, 1], [5, 7, 6, 6, 4, 2, 4, 2], [4, 7, 1, 0, 6, 0, 6, 3], [1, 6, 5, 4, 6, 4, 2, 1], [5, 2, 4, 7, 7, 6, 7, 4], [0, 2, 3, 1, 5, 4, 7, 7], [1, 1, 0, 1, 5, 2, 7, 0]], "control": {"col_treasures": 0, "solution_length": 16}, "info": {"regions": 1, "players": 11, "exits": 9, "layout": 26, "heuristic": -1, "solution": [], "content": [[3, 6, 0, 6, 2, 7, 2, 1], [7, 5, 0, 2, 4, 7, 3, 1], [6, 4, 5, 7, 3, 3, 1, 0], [4, 0, 4, 2, 7, 4, 1, 4], [7, 3, 1, 7, 5, 2, 1, 0], [5, 5, 0, 0, 4, 3, 3, 1], [5, 7, 6, 6, 4, 2, 4, 2], [4, 7, 1, 0, 6, 0, 6, 3], [1, 6, 5, 4, 6, 4, 2, 1], [5, 2, 4, 7, 7, 6, 7, 4], [0, 2, 3, 1, 5, 4, 7, 7], [1, 1, 0, 1, 5, 2, 7, 0]], "potions": 15, "treasures": 10, "enemies": 25, "solution_length": 0, "enemies_loc": [[1, 0], [3, 0], [5, 0], [0, 1], [5, 1], [0, 2], [3, 2], [4, 3], [0, 4], [3, 4], [1, 6], [2, 6], [3, 6], [1, 7], [4, 7], [6, 7], [1, 8], [4, 8], [3, 9], [4, 9], [5, 9], [6, 9], [6, 10], [7, 10], [6, 11]]}, "quality": 0.2901461988101808, "diversity": 0.7395833273437502, "controlability": 0.0}