{"content": [[6, 3, 4, 0, 6, 5, 6, 5], [4, 4, 0, 7, 2, 7, 4, 0], [6, 5, 4, 3, 3, 6, 5, 0], [6, 4, 4, 1, 1, 4, 4, 0], [0, 0, 6, 1, 4, 7, 7, 2], [0, 3, 1, 6, 4, 1, 0, 0], [0, 4, 4, 6, 1, 0, 2, 6], [4, 5, 3, 4, 5, 2, 0, 1], [2, 4, 1, 2, 2, 3, 5, 0], [5, 6, 7, 6, 2, 4, 3, 5], [2, 0, 6, 5, 1, 7, 0, 7], [6, 0, 3, 0, 1, 1, 1, 6]], "control": {"col_treasures": 8, "solution_length": 30}, "info": {"regions": 2, "players": 9, "exits": 8, "layout": 30, "heuristic": -1, "solution": [], "content": [[6, 3, 4, 0, 6, 5, 6, 5], [4, 4, 0, 7, 2, 7, 4, 0], [6, 5, 4, 3, 3, 6, 5, 0], [6, 4, 4, 1, 1, 4, 4, 0], [0, 0, 6, 1, 4, 7, 7, 2], [0, 3, 1, 6, 4, 1, 0, 0], [0, 4, 4, 6, 1, 0, 2, 6], [4, 5, 3, 4, 5, 2, 0, 1], [2, 4, 1, 2, 2, 3, 5, 0], [5, 6, 7, 6, 2, 4, 3, 5], [2, 0, 6, 5, 1, 7, 0, 7], [6, 0, 3, 0, 1, 1, 1, 6]], "potions": 17, "treasures": 10, "enemies": 22, "solution_length": 0, "enemies_loc": [[0, 0], [4, 0], [6, 0], [3, 1], [5, 1], [0, 2], [5, 2], [0, 3], [2, 4], [5, 4], [6, 4], [3, 5], [3, 6], [7, 6], [1, 9], [2, 9], [3, 9], [2, 10], [5, 10], [7, 10], [0, 11], [7, 11]]}, "quality": 0.2900550794692504, "diversity": 0.4450604735509074, "controlability": 0.0}