{"content": [[3, 6, 1, 6, 2, 7, 2, 1], [6, 5, 0, 2, 4, 7, 6, 1], [6, 7, 0, 4, 7, 3, 0, 0], [7, 7, 4, 2, 7, 4, 1, 4], [7, 3, 2, 1, 6, 2, 1, 0], [4, 5, 0, 7, 3, 3, 2, 0], [5, 7, 3, 4, 5, 2, 6, 5], [5, 7, 6, 5, 6, 0, 6, 3], [7, 6, 5, 4, 4, 0, 1, 0], [5, 2, 2, 1, 7, 6, 2, 4], [0, 2, 5, 1, 3, 4, 7, 7], [5, 1, 7, 5, 6, 2, 7, 0]], "control": {"col_treasures": 19, "solution_length": 47}, "info": {"regions": 1, "players": 13, "exits": 8, "layout": 22, "heuristic": -1, "solution": [], "content": [[3, 6, 1, 6, 2, 7, 2, 1], [6, 5, 0, 2, 4, 7, 6, 1], [6, 7, 0, 4, 7, 3, 0, 0], [7, 7, 4, 2, 7, 4, 1, 4], [7, 3, 2, 1, 6, 2, 1, 0], [4, 5, 0, 7, 3, 3, 2, 0], [5, 7, 3, 4, 5, 2, 6, 5], [5, 7, 6, 5, 6, 0, 6, 3], [7, 6, 5, 4, 4, 0, 1, 0], [5, 2, 2, 1, 7, 6, 2, 4], [0, 2, 5, 1, 3, 4, 7, 7], [5, 1, 7, 5, 6, 2, 7, 0]], "potions": 11, "treasures": 12, "enemies": 30, "solution_length": 0, "enemies_loc": [[1, 0], [3, 0], [5, 0], [0, 1], [5, 1], [6, 1], [0, 2], [1, 2], [4, 2], [0, 3], [1, 3], [4, 3], [0, 4], [4, 4], [3, 5], [1, 6], [6, 6], [1, 7], [2, 7], [4, 7], [6, 7], [0, 8], [1, 8], [4, 9], [5, 9], [6, 10], [7, 10], [2, 11], [4, 11], [6, 11]]}, "quality": 0.28388888886989155, "diversity": 0.43803417772435926, "controlability": 0.0}