{"content": [[1, 2, 6, 5, 1, 0, 5, 0], [2, 0, 3, 0, 5, 5, 3, 7], [0, 3, 4, 7, 2, 5, 2, 1], [4, 5, 6, 0, 0, 1, 6, 6], [0, 5, 0, 7, 7, 4, 0, 5], [7, 3, 6, 2, 5, 3, 4, 1], [5, 0, 0, 0, 4, 5, 4, 7], [0, 3, 6, 7, 5, 0, 6, 0], [4, 2, 2, 4, 7, 3, 3, 0], [4, 7, 5, 1, 0, 6, 0, 6], [2, 5, 4, 0, 4, 4, 0, 7], [7, 4, 3, 7, 1, 1, 7, 4]], "control": {"col_treasures": 10, "solution_length": 33}, "info": {"regions": 1, "players": 8, "exits": 9, "layout": 29, "heuristic": -1, "solution": [], "content": [[1, 2, 6, 5, 1, 0, 5, 0], [2, 0, 3, 0, 5, 5, 3, 7], [0, 3, 4, 7, 2, 5, 2, 1], [4, 5, 6, 0, 0, 1, 6, 6], [0, 5, 0, 7, 7, 4, 0, 5], [7, 3, 6, 2, 5, 3, 4, 1], [5, 0, 0, 0, 4, 5, 4, 7], [0, 3, 6, 7, 5, 0, 6, 0], [4, 2, 2, 4, 7, 3, 3, 0], [4, 7, 5, 1, 0, 6, 0, 6], [2, 5, 4, 0, 4, 4, 0, 7], [7, 4, 3, 7, 1, 1, 7, 4]], "potions": 14, "treasures": 14, "enemies": 22, "solution_length": 0, "enemies_loc": [[2, 0], [7, 1], [3, 2], [2, 3], [6, 3], [7, 3], [3, 4], [4, 4], [0, 5], [2, 5], [7, 6], [2, 7], [3, 7], [6, 7], [4, 8], [1, 9], [5, 9], [7, 9], [7, 10], [0, 11], [3, 11], [6, 11]]}, "quality": 0.29641812863365247, "diversity": 0.43282311894132675, "controlability": 0.0}