{"content": [[7, 4, 1, 1, 4, 7, 3, 3], [6, 7, 4, 6, 3, 6, 4, 6], [4, 5, 1, 1, 1, 0, 4, 1], [4, 2, 1, 4, 4, 6, 6, 7], [4, 3, 3, 1, 7, 4, 0, 6], [7, 0, 6, 1, 7, 0, 0, 4], [5, 7, 1, 2, 2, 3, 0, 0], [3, 1, 4, 3, 7, 0, 7, 7], [2, 0, 2, 1, 1, 4, 6, 6], [2, 4, 5, 0, 1, 3, 2, 6], [4, 7, 5, 0, 2, 1, 7, 0], [6, 1, 4, 6, 0, 1, 1, 2]], "control": {"col_treasures": 18, "solution_length": 46}, "info": {"regions": 1, "players": 9, "exits": 9, "layout": 31, "heuristic": -1, "solution": [], "content": [[7, 4, 1, 1, 4, 7, 3, 3], [6, 7, 4, 6, 3, 6, 4, 6], [4, 5, 1, 1, 1, 0, 4, 1], [4, 2, 1, 4, 4, 6, 6, 7], [4, 3, 3, 1, 7, 4, 0, 6], [7, 0, 6, 1, 7, 0, 0, 4], [5, 7, 1, 2, 2, 3, 0, 0], [3, 1, 4, 3, 7, 0, 7, 7], [2, 0, 2, 1, 1, 4, 6, 6], [2, 4, 5, 0, 1, 3, 2, 6], [4, 7, 5, 0, 2, 1, 7, 0], [6, 1, 4, 6, 0, 1, 1, 2]], "potions": 17, "treasures": 4, "enemies": 26, "solution_length": 0, "enemies_loc": [[0, 0], [5, 0], [0, 1], [1, 1], [3, 1], [5, 1], [7, 1], [5, 3], [6, 3], [7, 3], [4, 4], [7, 4], [0, 5], [2, 5], [4, 5], [1, 6], [4, 7], [6, 7], [7, 7], [6, 8], [7, 8], [7, 9], [1, 10], [6, 10], [0, 11], [3, 11]]}, "quality": 0.29849415202496055, "diversity": 0.41736533539919995, "controlability": 0.0}