{"content": [[2, 2, 6, 5, 1, 0, 5, 4], [4, 1, 5, 7, 5, 7, 3, 5], [3, 3, 4, 3, 3, 7, 5, 1], [7, 3, 6, 7, 0, 1, 6, 6], [0, 0, 0, 1, 4, 4, 7, 0], [0, 6, 1, 2, 5, 3, 7, 1], [5, 0, 0, 0, 4, 3, 4, 5], [5, 3, 2, 4, 5, 0, 6, 2], [4, 4, 2, 2, 2, 3, 5, 0], [5, 7, 5, 1, 0, 2, 1, 4], [1, 5, 4, 0, 1, 6, 0, 0], [0, 6, 3, 0, 0, 1, 1, 1]], "control": {"col_treasures": 10, "solution_length": 33}, "info": {"regions": 1, "players": 9, "exits": 11, "layout": 33, "heuristic": -1, "solution": [], "content": [[2, 2, 6, 5, 1, 0, 5, 4], [4, 1, 5, 7, 5, 7, 3, 5], [3, 3, 4, 3, 3, 7, 5, 1], [7, 3, 6, 7, 0, 1, 6, 6], [0, 0, 0, 1, 4, 4, 7, 0], [0, 6, 1, 2, 5, 3, 7, 1], [5, 0, 0, 0, 4, 3, 4, 5], [5, 3, 2, 4, 5, 0, 6, 2], [4, 4, 2, 2, 2, 3, 5, 0], [5, 7, 5, 1, 0, 2, 1, 4], [1, 5, 4, 0, 1, 6, 0, 0], [0, 6, 3, 0, 0, 1, 1, 1]], "potions": 12, "treasures": 15, "enemies": 16, "solution_length": 0, "enemies_loc": [[2, 0], [3, 1], [5, 1], [5, 2], [0, 3], [2, 3], [3, 3], [6, 3], [7, 3], [6, 4], [1, 5], [6, 5], [6, 7], [1, 9], [5, 10], [1, 11]]}, "quality": 0.29986842103037753, "diversity": 0.5130208236328127, "controlability": 0.0}