{"content": [[7, 4, 5, 4, 1, 3, 3, 5], [6, 7, 6, 7, 2, 5, 4, 6], [0, 6, 4, 3, 7, 6, 4, 0], [6, 1, 2, 6, 2, 6, 2, 6], [1, 6, 0, 1, 5, 4, 0, 2], [2, 0, 3, 5, 2, 7, 7, 4], [0, 0, 4, 3, 1, 5, 7, 2], [7, 7, 3, 2, 2, 6, 1, 3], [0, 6, 5, 1, 1, 1, 2, 5], [1, 4, 4, 6, 0, 7, 3, 7], [4, 1, 4, 6, 3, 3, 4, 5], [1, 3, 1, 5, 1, 1, 6, 7]], "control": {"col_treasures": 11, "solution_length": 35}, "info": {"regions": 1, "players": 11, "exits": 11, "layout": 24, "heuristic": -1, "solution": [], "content": [[7, 4, 5, 4, 1, 3, 3, 5], [6, 7, 6, 7, 2, 5, 4, 6], [0, 6, 4, 3, 7, 6, 4, 0], [6, 1, 2, 6, 2, 6, 2, 6], [1, 6, 0, 1, 5, 4, 0, 2], [2, 0, 3, 5, 2, 7, 7, 4], [0, 0, 4, 3, 1, 5, 7, 2], [7, 7, 3, 2, 2, 6, 1, 3], [0, 6, 5, 1, 1, 1, 2, 5], [1, 4, 4, 6, 0, 7, 3, 7], [4, 1, 4, 6, 3, 3, 4, 5], [1, 3, 1, 5, 1, 1, 6, 7]], "potions": 13, "treasures": 10, "enemies": 27, "solution_length": 0, "enemies_loc": [[0, 0], [0, 1], [1, 1], [2, 1], [3, 1], [7, 1], [1, 2], [4, 2], [5, 2], [0, 3], [3, 3], [5, 3], [7, 3], [1, 4], [5, 5], [6, 5], [6, 6], [0, 7], [1, 7], [5, 7], [1, 8], [3, 9], [5, 9], [7, 9], [3, 10], [6, 11], [7, 11]]}, "quality": 0.28596491226119963, "diversity": 0.44414061420898465, "controlability": 0.0}