{"content": {"layout": [15, 15, 5, 5, 0, 14, 5, 3, 12, 15, 0, 0, 10, 14, 5, 15], "start": 13, "boss": 7, "shop": 8, "treasure": 11}, "control": {"map_size": 14}, "info": {"map_size": 13, "num_regions": 1, "connect_regions": 1, "loose_connections": 12, "locations": 3, "player_boss_distance": 4, "flat": [0, 2, 0, 0, 2, 0, 0, 0, 0, 0, 0, 0, 2, 1, 2, 2, 1, 2, 2, 1, 2, 2, 1, 2, 0, 2, 0, 0, 2, 0, 0, 0, 0, 0, 0, 0, 0, 0, 0, 0, 2, 0, 0, 0, 0, 0, 2, 0, 0, 0, 0, 0, 1, 2, 2, 1, 2, 2, 1, 0, 0, 0, 0, 0, 2, 0, 0, 0, 0, 0, 0, 0, 0, 0, 0, 0, 2, 0, 0, 0, 0, 0, 0, 0, 0, 1, 2, 2, 1, 2, 0, 0, 0, 0, 0, 0, 0, 2, 0, 0, 2, 0, 0, 0, 0, 0, 0, 0, 0, 2, 0, 0, 2, 0, 0, 0, 0, 0, 2, 0, 0, 1, 0, 0, 1, 2, 2, 1, 2, 2, 1, 2, 0, 2, 0, 0, 2, 0, 0, 0, 0, 0, 2, 0], "dead_end": 0}, "quality": 0.7874999996250001, "diversity": 0.2778532568168307, "controlability": 0.3437499994628906}