{"content": [[1, 1, 1, 0, 1, 1, 4, 1, 0, 1, 0], [5, 5, 1, 1, 0, 1, 1, 0, 0, 1, 0], [1, 1, 1, 1, 1, 0, 1, 5, 1, 1, 0], [5, 1, 0, 1, 1, 1, 0, 1, 0, 1, 0], [1, 5, 5, 1, 2, 1, 1, 1, 1, 1, 1], [1, 0, 1, 1, 1, 0, 1, 1, 5, 1, 1], [1, 2, 0, 0, 1, 1, 0, 0, 1, 3, 1]], "control": {"player_key": 17, "key_door": 17}, "info": {"regions": 1, "players": 2, "keys": 1, "doors": 1, "enemies": 7, "player_key": 7, "key_door": 9, "pk_path": [[4, 4], [5, 4], [6, 4], [6, 5], [7, 5], [8, 5], [8, 6], [9, 6]], "kd_path": []}, "quality": 0.49660913841193716, "diversity": 0.7548328213613487, "controlability": 0.5333333329777777}