{"content": [[1, 1, 1, 0, 1, 1, 1, 1, 0, 1, 0], [1, 1, 1, 2, 0, 1, 1, 0, 0, 1, 0], [1, 1, 1, 1, 0, 1, 1, 5, 1, 1, 0], [2, 1, 0, 0, 0, 1, 0, 1, 0, 1, 0], [1, 5, 1, 1, 1, 1, 0, 1, 1, 1, 1], [1, 0, 1, 1, 4, 0, 1, 1, 5, 0, 1], [1, 2, 0, 0, 1, 1, 0, 0, 1, 3, 1]], "control": {"player_key": 17, "key_door": 17}, "info": {"regions": 1, "players": 3, "keys": 1, "doors": 1, "enemies": 3, "player_key": 19, "key_door": 12, "pk_path": [[3, 1], [3, 2], [2, 2], [1, 2], [1, 3], [1, 4], [2, 4], [3, 4], [4, 4], [5, 4], [5, 3], [5, 2], [6, 2], [7, 2], [7, 3], [7, 4], [7, 5], [8, 5], [8, 6], [9, 6]], "kd_path": []}, "quality": 0.4983552631498875, "diversity": 0.052631578947368474, "controlability": 0.8999999997333333}