{"content": [[0, 1, 1, 0, 0, 0, 0, 1, 0, 0, 0, 0, 0, 1], [1, 1, 1, 1, 1, 0, 0, 0, 0, 1, 1, 1, 1, 0], [1, 1, 0, 0, 1, 0, 0, 0, 1, 1, 0, 1, 1, 0], [1, 0, 1, 0, 1, 1, 0, 0, 0, 0, 0, 1, 0, 0], [1, 1, 1, 0, 0, 1, 0, 0, 1, 1, 0, 0, 1, 1], [0, 0, 1, 1, 0, 1, 0, 1, 1, 0, 1, 1, 0, 1], [0, 0, 1, 0, 1, 0, 0, 0, 1, 1, 0, 0, 1, 0], [0, 0, 0, 1, 0, 1, 0, 1, 1, 0, 1, 1, 1, 1], [0, 0, 0, 0, 0, 1, 0, 0, 1, 0, 1, 0, 0, 0], [0, 1, 0, 0, 0, 0, 0, 1, 0, 0, 1, 0, 0, 0], [0, 0, 0, 0, 0, 1, 0, 0, 0, 0, 0, 0, 0, 0], [1, 1, 0, 0, 0, 1, 0, 0, 1, 0, 0, 0, 0, 0], [0, 1, 1, 0, 0, 0, 1, 0, 1, 0, 0, 0, 0, 1], [1, 1, 1, 0, 0, 1, 0, 0, 1, 0, 1, 0, 1, 1]], "control": {"path": 62}, "info": {"path": 16, "regions": 20, "flat": [0, 1, 1, 0, 0, 0, 0, 1, 0, 0, 0, 0, 0, 1, 1, 1, 1, 1, 1, 0, 0, 0, 0, 1, 1, 1, 1, 0, 1, 1, 0, 0, 1, 0, 0, 0, 1, 1, 0, 1, 1, 0, 1, 0, 1, 0, 1, 1, 0, 0, 0, 0, 0, 1, 0, 0, 1, 1, 1, 0, 0, 1, 0, 0, 1, 1, 0, 0, 1, 1, 0, 0, 1, 1, 0, 1, 0, 1, 1, 0, 1, 1, 0, 1, 0, 0, 1, 0, 1, 0, 0, 0, 1, 1, 0, 0, 1, 0, 0, 0, 0, 1, 0, 1, 0, 1, 1, 0, 1, 1, 1, 1, 0, 0, 0, 0, 0, 1, 0, 0, 1, 0, 1, 0, 0, 0, 0, 1, 0, 0, 0, 0, 0, 1, 0, 0, 1, 0, 0, 0, 0, 0, 0, 0, 0, 1, 0, 0, 0, 0, 0, 0, 0, 0, 1, 1, 0, 0, 0, 1, 0, 0, 1, 0, 0, 0, 0, 0, 0, 1, 1, 0, 0, 0, 1, 0, 1, 0, 0, 0, 0, 1, 1, 1, 1, 0, 0, 1, 0, 0, 1, 0, 1, 0, 1, 1]}, "quality": 0.2857142856122449, "diversity": 1.0, "controlability": 0.2909090908561983}