{"content": [[0, 0, 0, 1, 1, 1, 1, 1, 1, 1, 0, 0, 1, 0], [0, 1, 1, 0, 1, 0, 1, 1, 0, 1, 1, 1, 1, 1], [1, 1, 1, 0, 0, 0, 0, 0, 1, 1, 0, 1, 1, 1], [0, 1, 1, 1, 1, 1, 1, 1, 0, 1, 0, 0, 1, 1], [0, 0, 1, 1, 0, 1, 1, 1, 1, 0, 0, 1, 1, 1], [1, 1, 0, 0, 0, 0, 1, 0, 1, 1, 1, 0, 0, 0], [0, 0, 1, 1, 1, 0, 1, 0, 1, 0, 1, 1, 1, 1], [0, 0, 1, 0, 0, 0, 0, 0, 0, 0, 1, 1, 1, 1], [1, 0, 0, 0, 0, 1, 0, 1, 0, 1, 0, 1, 1, 0], [1, 1, 1, 1, 1, 1, 1, 1, 1, 0, 1, 1, 1, 0], [0, 1, 0, 0, 1, 1, 1, 0, 0, 0, 0, 1, 1, 0], [0, 1, 0, 0, 1, 1, 1, 0, 0, 0, 0, 0, 1, 1], [0, 1, 1, 1, 0, 0, 1, 1, 1, 1, 1, 1, 1, 1], [0, 0, 0, 1, 0, 1, 1, 0, 1, 0, 1, 0, 0, 0]], "control": {"path": 62}, "info": {"path": 42, "regions": 5, "flat": [0, 0, 0, 1, 1, 1, 1, 1, 1, 1, 0, 0, 1, 0, 0, 1, 1, 0, 1, 0, 1, 1, 0, 1, 1, 1, 1, 1, 1, 1, 1, 0, 0, 0, 0, 0, 1, 1, 0, 1, 1, 1, 0, 1, 1, 1, 1, 1, 1, 1, 0, 1, 0, 0, 1, 1, 0, 0, 1, 1, 0, 1, 1, 1, 1, 0, 0, 1, 1, 1, 1, 1, 0, 0, 0, 0, 1, 0, 1, 1, 1, 0, 0, 0, 0, 0, 1, 1, 1, 0, 1, 0, 1, 0, 1, 1, 1, 1, 0, 0, 1, 0, 0, 0, 0, 0, 0, 0, 1, 1, 1, 1, 1, 0, 0, 0, 0, 1, 0, 1, 0, 1, 0, 1, 1, 0, 1, 1, 1, 1, 1, 1, 1, 1, 1, 0, 1, 1, 1, 0, 0, 1, 0, 0, 1, 1, 1, 0, 0, 0, 0, 1, 1, 0, 0, 1, 0, 0, 1, 1, 1, 0, 0, 0, 0, 0, 1, 1, 0, 1, 1, 1, 0, 0, 1, 1, 1, 1, 1, 1, 1, 1, 0, 0, 0, 1, 0, 1, 1, 0, 1, 0, 1, 0, 0, 0]}, "quality": 0.8924731180685628, "diversity": 0.5128848148796692, "controlability": 0.7636363634975206}