{"content": [[1, 1, 7, 1, 0, 5, 4, 0], [5, 5, 5, 4, 1, 7, 5, 0], [0, 0, 7, 3, 4, 6, 5, 1], [0, 5, 7, 4, 0, 7, 0, 0], [1, 1, 6, 1, 6, 5, 7, 0], [1, 6, 0, 1, 1, 0, 1, 4], [0, 4, 5, 1, 5, 6, 1, 5], [4, 0, 4, 0, 7, 0, 1, 1], [6, 0, 1, 5, 5, 6, 4, 1], [5, 0, 1, 5, 0, 0, 1, 1], [5, 0, 6, 1, 7, 0, 7, 1], [5, 5, 2, 2, 6, 1, 1, 1]], "control": {"col_treasures": 18, "solution_length": 45}, "info": {"regions": 1, "players": 2, "exits": 1, "layout": 48, "heuristic": -1, "solution": [], "content": [[1, 1, 7, 1, 0, 5, 4, 0], [5, 5, 5, 4, 1, 7, 5, 0], [0, 0, 7, 3, 4, 6, 5, 1], [0, 5, 7, 4, 0, 7, 0, 0], [1, 1, 6, 1, 6, 5, 7, 0], [1, 6, 0, 1, 1, 0, 1, 4], [0, 4, 5, 1, 5, 6, 1, 5], [4, 0, 4, 0, 7, 0, 1, 1], [6, 0, 1, 5, 5, 6, 4, 1], [5, 0, 1, 5, 0, 0, 1, 1], [5, 0, 6, 1, 7, 0, 7, 1], [5, 5, 2, 2, 6, 1, 1, 1]], "potions": 9, "treasures": 18, "enemies": 18, "solution_length": 0, "enemies_loc": [[2, 0], [5, 1], [2, 2], [5, 2], [2, 3], [5, 3], [2, 4], [4, 4], [6, 4], [1, 5], [5, 6], [4, 7], [0, 8], [5, 8], [2, 10], [4, 10], [6, 10], [4, 11]]}, "quality": 0.3326315789404248, "diversity": 0.29376446059570327, "controlability": 0.0}