{"content": [[1, 1, 7, 5, 6, 4, 5, 7], [4, 2, 0, 0, 1, 7, 6, 1], [0, 5, 7, 4, 0, 6, 1, 1], [1, 2, 1, 6, 0, 7, 0, 5], [0, 5, 6, 0, 1, 1, 6, 6], [1, 6, 3, 0, 1, 7, 0, 0], [6, 5, 6, 1, 1, 7, 0, 7], [4, 0, 7, 0, 7, 4, 1, 1], [4, 0, 1, 5, 0, 6, 1, 1], [5, 6, 7, 0, 1, 1, 1, 5], [2, 0, 6, 1, 4, 6, 4, 1], [3, 4, 6, 0, 6, 1, 4, 1]], "control": {"col_treasures": 8, "solution_length": 30}, "info": {"regions": 1, "players": 3, "exits": 2, "layout": 45, "heuristic": -1, "solution": [], "content": [[1, 1, 7, 5, 6, 4, 5, 7], [4, 2, 0, 0, 1, 7, 6, 1], [0, 5, 7, 4, 0, 6, 1, 1], [1, 2, 1, 6, 0, 7, 0, 5], [0, 5, 6, 0, 1, 1, 6, 6], [1, 6, 3, 0, 1, 7, 0, 0], [6, 5, 6, 1, 1, 7, 0, 7], [4, 0, 7, 0, 7, 4, 1, 1], [4, 0, 1, 5, 0, 6, 1, 1], [5, 6, 7, 0, 1, 1, 1, 5], [2, 0, 6, 1, 4, 6, 4, 1], [3, 4, 6, 0, 6, 1, 4, 1]], "potions": 10, "treasures": 9, "enemies": 27, "solution_length": 0, "enemies_loc": [[2, 0], [4, 0], [7, 0], [5, 1], [6, 1], [2, 2], [5, 2], [3, 3], [5, 3], [2, 4], [6, 4], [7, 4], [1, 5], [5, 5], [0, 6], [2, 6], [5, 6], [7, 6], [2, 7], [4, 7], [5, 8], [1, 9], [2, 9], [2, 10], [5, 10], [2, 11], [4, 11]]}, "quality": 0.32706140348193763, "diversity": 0.3578124923046877, "controlability": 0.0}