{"content": [[1, 1, 1, 6, 0, 1, 5, 0], [5, 0, 5, 5, 1, 7, 7, 1], [0, 0, 7, 1, 3, 3, 5, 1], [7, 3, 6, 0, 0, 7, 5, 4], [1, 0, 1, 1, 1, 5, 7, 7], [1, 6, 2, 3, 1, 0, 7, 0], [0, 1, 4, 1, 0, 7, 1, 5], [5, 0, 0, 0, 7, 0, 1, 7], [5, 1, 4, 4, 5, 6, 1, 1], [1, 5, 0, 5, 0, 4, 1, 5], [5, 0, 5, 4, 5, 1, 0, 5], [0, 5, 7, 6, 7, 7, 1, 1]], "control": {"col_treasures": 18, "solution_length": 45}, "info": {"regions": 1, "players": 1, "exits": 4, "layout": 47, "heuristic": -1, "solution": [], "content": [[1, 1, 1, 6, 0, 1, 5, 0], [5, 0, 5, 5, 1, 7, 7, 1], [0, 0, 7, 1, 3, 3, 5, 1], [7, 3, 6, 0, 0, 7, 5, 4], [1, 0, 1, 1, 1, 5, 7, 7], [1, 6, 2, 3, 1, 0, 7, 0], [0, 1, 4, 1, 0, 7, 1, 5], [5, 0, 0, 0, 7, 0, 1, 7], [5, 1, 4, 4, 5, 6, 1, 1], [1, 5, 0, 5, 0, 4, 1, 5], [5, 0, 5, 4, 5, 1, 0, 5], [0, 5, 7, 6, 7, 7, 1, 1]], "potions": 6, "treasures": 19, "enemies": 19, "solution_length": 0, "enemies_loc": [[3, 0], [5, 1], [6, 1], [2, 2], [0, 3], [2, 3], [5, 3], [6, 4], [7, 4], [1, 5], [6, 5], [5, 6], [4, 7], [7, 7], [5, 8], [2, 11], [3, 11], [4, 11], [5, 11]]}, "quality": 0.32983918126615425, "diversity": 0.2886217880408656, "controlability": 0.0}