{"content": [[6, 1, 1, 1, 7, 1, 5, 2], [0, 0, 5, 0, 1, 7, 6, 2], [0, 0, 6, 0, 4, 6, 2, 1], [0, 2, 1, 0, 0, 1, 0, 4], [6, 0, 5, 0, 1, 3, 5, 0], [1, 6, 0, 1, 1, 0, 7, 5], [6, 5, 4, 1, 0, 7, 1, 6], [5, 0, 4, 0, 7, 4, 4, 1], [5, 0, 1, 0, 5, 4, 6, 0], [1, 0, 1, 5, 4, 0, 1, 3], [5, 0, 1, 1, 6, 1, 0, 1], [0, 3, 2, 7, 7, 1, 1, 1]], "control": {"col_treasures": 18, "solution_length": 45}, "info": {"regions": 1, "players": 5, "exits": 3, "layout": 52, "heuristic": -1, "solution": [], "content": [[6, 1, 1, 1, 7, 1, 5, 2], [0, 0, 5, 0, 1, 7, 6, 2], [0, 0, 6, 0, 4, 6, 2, 1], [0, 2, 1, 0, 0, 1, 0, 4], [6, 0, 5, 0, 1, 3, 5, 0], [1, 6, 0, 1, 1, 0, 7, 5], [6, 5, 4, 1, 0, 7, 1, 6], [5, 0, 4, 0, 7, 4, 4, 1], [5, 0, 1, 0, 5, 4, 6, 0], [1, 0, 1, 5, 4, 0, 1, 3], [5, 0, 1, 1, 6, 1, 0, 1], [0, 3, 2, 7, 7, 1, 1, 1]], "potions": 8, "treasures": 11, "enemies": 17, "solution_length": 0, "enemies_loc": [[0, 0], [4, 0], [5, 1], [6, 1], [2, 2], [5, 2], [0, 4], [1, 5], [6, 5], [0, 6], [5, 6], [7, 6], [4, 7], [6, 8], [4, 10], [3, 11], [4, 11]]}, "quality": 0.32912280700395197, "diversity": 0.38621794098557716, "controlability": 0.0}