{"content": [[1, 1, 3, 1, 6, 5, 4, 0], [0, 7, 0, 7, 1, 1, 7, 5], [0, 0, 2, 1, 5, 1, 5, 6], [0, 2, 1, 0, 0, 7, 3, 0], [0, 7, 1, 1, 1, 1, 7, 0], [1, 6, 0, 2, 7, 6, 0, 0], [1, 1, 1, 0, 5, 7, 0, 5], [4, 0, 5, 7, 1, 0, 1, 1], [5, 0, 4, 4, 0, 4, 1, 1], [1, 6, 1, 6, 6, 4, 1, 5], [5, 3, 6, 1, 7, 1, 0, 1], [5, 0, 7, 2, 0, 1, 7, 1]], "control": {"col_treasures": 8, "solution_length": 30}, "info": {"regions": 1, "players": 4, "exits": 3, "layout": 52, "heuristic": -1, "solution": [], "content": [[1, 1, 3, 1, 6, 5, 4, 0], [0, 7, 0, 7, 1, 1, 7, 5], [0, 0, 2, 1, 5, 1, 5, 6], [0, 2, 1, 0, 0, 7, 3, 0], [0, 7, 1, 1, 1, 1, 7, 0], [1, 6, 0, 2, 7, 6, 0, 0], [1, 1, 1, 0, 5, 7, 0, 5], [4, 0, 5, 7, 1, 0, 1, 1], [5, 0, 4, 4, 0, 4, 1, 1], [1, 6, 1, 6, 6, 4, 1, 5], [5, 3, 6, 1, 7, 1, 0, 1], [5, 0, 7, 2, 0, 1, 7, 1]], "potions": 6, "treasures": 11, "enemies": 20, "solution_length": 0, "enemies_loc": [[4, 0], [1, 1], [3, 1], [6, 1], [7, 2], [5, 3], [1, 4], [6, 4], [1, 5], [4, 5], [5, 5], [5, 6], [3, 7], [1, 9], [3, 9], [4, 9], [2, 10], [4, 10], [2, 11], [6, 11]]}, "quality": 0.329824561389843, "diversity": 0.27119252224317536, "controlability": 0.0}