{"content": [[1, 2, 1, 6, 0, 5, 5, 0], [0, 5, 5, 0, 1, 7, 5, 0], [0, 0, 1, 4, 4, 4, 5, 1], [0, 5, 7, 5, 0, 0, 0, 0], [0, 7, 1, 0, 1, 1, 6, 6], [1, 4, 0, 1, 1, 7, 0, 5], [0, 5, 4, 1, 0, 1, 0, 5], [5, 0, 1, 0, 5, 0, 0, 1], [6, 3, 4, 5, 4, 4, 4, 1], [4, 0, 1, 5, 1, 4, 1, 1], [6, 2, 6, 0, 4, 0, 0, 1], [5, 5, 2, 7, 6, 6, 1, 1]], "control": {"col_treasures": 18, "solution_length": 45}, "info": {"regions": 1, "players": 3, "exits": 1, "layout": 50, "heuristic": -1, "solution": [], "content": [[1, 2, 1, 6, 0, 5, 5, 0], [0, 5, 5, 0, 1, 7, 5, 0], [0, 0, 1, 4, 4, 4, 5, 1], [0, 5, 7, 5, 0, 0, 0, 0], [0, 7, 1, 0, 1, 1, 6, 6], [1, 4, 0, 1, 1, 7, 0, 5], [0, 5, 4, 1, 0, 1, 0, 5], [5, 0, 1, 0, 5, 0, 0, 1], [6, 3, 4, 5, 4, 4, 4, 1], [4, 0, 1, 5, 1, 4, 1, 1], [6, 2, 6, 0, 4, 0, 0, 1], [5, 5, 2, 7, 6, 6, 1, 1]], "potions": 12, "treasures": 17, "enemies": 13, "solution_length": 0, "enemies_loc": [[3, 0], [5, 1], [2, 3], [1, 4], [6, 4], [7, 4], [5, 5], [0, 8], [0, 10], [2, 10], [3, 11], [4, 11], [5, 11]]}, "quality": 0.3319298245545337, "diversity": 0.28545026208417357, "controlability": 0.0}