{"content": [[4, 5, 6, 5, 3, 0, 0, 5], [0, 7, 2, 4, 2, 7, 6, 1], [0, 5, 2, 5, 0, 5, 7, 7], [1, 1, 2, 7, 0, 6, 1, 5], [2, 3, 2, 4, 4, 4, 0, 7], [6, 6, 7, 7, 7, 3, 1, 1], [5, 2, 7, 7, 6, 0, 7, 2], [7, 5, 4, 1, 3, 2, 2, 6], [4, 7, 0, 3, 5, 0, 2, 5], [4, 0, 6, 0, 0, 4, 4, 0], [5, 5, 3, 4, 5, 7, 4, 7], [1, 5, 6, 6, 3, 3, 7, 0]], "control": {"col_treasures": 5, "solution_length": 24}, "info": {"regions": 1, "players": 11, "exits": 8, "layout": 23, "heuristic": -1, "solution": [], "content": [[4, 5, 6, 5, 3, 0, 0, 5], [0, 7, 2, 4, 2, 7, 6, 1], [0, 5, 2, 5, 0, 5, 7, 7], [1, 1, 2, 7, 0, 6, 1, 5], [2, 3, 2, 4, 4, 4, 0, 7], [6, 6, 7, 7, 7, 3, 1, 1], [5, 2, 7, 7, 6, 0, 7, 2], [7, 5, 4, 1, 3, 2, 2, 6], [4, 7, 0, 3, 5, 0, 2, 5], [4, 0, 6, 0, 0, 4, 4, 0], [5, 5, 3, 4, 5, 7, 4, 7], [1, 5, 6, 6, 3, 3, 7, 0]], "potions": 12, "treasures": 15, "enemies": 27, "solution_length": 0, "enemies_loc": [[2, 0], [1, 1], [5, 1], [6, 1], [6, 2], [7, 2], [3, 3], [5, 3], [7, 4], [0, 5], [1, 5], [2, 5], [3, 5], [4, 5], [2, 6], [3, 6], [4, 6], [6, 6], [0, 7], [7, 7], [1, 8], [2, 9], [5, 10], [7, 10], [2, 11], [3, 11], [6, 11]]}, "quality": 0.2866812865302732, "diversity": 0.44739582256510446, "controlability": 0.0}