{"content": [[1, 1, 6, 6, 0, 2, 4, 0], [5, 7, 5, 6, 7, 7, 5, 6], [0, 1, 7, 3, 4, 3, 5, 1], [7, 1, 1, 0, 0, 7, 0, 0], [1, 7, 4, 5, 1, 1, 7, 0], [1, 6, 0, 1, 1, 6, 1, 0], [3, 1, 5, 1, 5, 6, 1, 5], [4, 0, 0, 0, 7, 1, 1, 1], [6, 1, 4, 1, 0, 6, 1, 7], [1, 0, 1, 6, 0, 0, 1, 5], [5, 3, 6, 1, 7, 0, 7, 1], [6, 5, 7, 2, 6, 7, 1, 1]], "control": {"col_treasures": 18, "solution_length": 45}, "info": {"regions": 1, "players": 2, "exits": 4, "layout": 47, "heuristic": -1, "solution": [], "content": [[1, 1, 6, 6, 0, 2, 4, 0], [5, 7, 5, 6, 7, 7, 5, 6], [0, 1, 7, 3, 4, 3, 5, 1], [7, 1, 1, 0, 0, 7, 0, 0], [1, 7, 4, 5, 1, 1, 7, 0], [1, 6, 0, 1, 1, 6, 1, 0], [3, 1, 5, 1, 5, 6, 1, 5], [4, 0, 0, 0, 7, 1, 1, 1], [6, 1, 4, 1, 0, 6, 1, 7], [1, 0, 1, 6, 0, 0, 1, 5], [5, 3, 6, 1, 7, 0, 7, 1], [6, 5, 7, 2, 6, 7, 1, 1]], "potions": 5, "treasures": 11, "enemies": 27, "solution_length": 0, "enemies_loc": [[2, 0], [3, 0], [1, 1], [3, 1], [4, 1], [5, 1], [7, 1], [2, 2], [0, 3], [5, 3], [1, 4], [6, 4], [1, 5], [5, 5], [5, 6], [4, 7], [0, 8], [5, 8], [7, 8], [3, 9], [2, 10], [4, 10], [6, 10], [0, 11], [2, 11], [4, 11], [5, 11]]}, "quality": 0.32913742687324565, "diversity": 0.36160713560267865, "controlability": 0.0}