{"content": [[1, 1, 1, 1, 7, 5, 5, 0], [0, 0, 0, 0, 6, 6, 5, 7], [0, 0, 1, 4, 4, 6, 6, 1], [0, 5, 1, 0, 0, 7, 0, 6], [1, 7, 1, 0, 6, 1, 6, 6], [1, 6, 3, 1, 1, 7, 0, 4], [0, 5, 6, 0, 1, 7, 0, 5], [3, 0, 1, 0, 7, 0, 0, 1], [5, 1, 1, 4, 1, 4, 1, 4], [4, 0, 1, 7, 4, 7, 1, 6], [6, 7, 1, 4, 7, 6, 4, 1], [5, 0, 6, 6, 2, 7, 1, 1]], "control": {"col_treasures": 8, "solution_length": 30}, "info": {"regions": 1, "players": 1, "exits": 2, "layout": 48, "heuristic": -1, "solution": [], "content": [[1, 1, 1, 1, 7, 5, 5, 0], [0, 0, 0, 0, 6, 6, 5, 7], [0, 0, 1, 4, 4, 6, 6, 1], [0, 5, 1, 0, 0, 7, 0, 6], [1, 7, 1, 0, 6, 1, 6, 6], [1, 6, 3, 1, 1, 7, 0, 4], [0, 5, 6, 0, 1, 7, 0, 5], [3, 0, 1, 0, 7, 0, 0, 1], [5, 1, 1, 4, 1, 4, 1, 4], [4, 0, 1, 7, 4, 7, 1, 6], [6, 7, 1, 4, 7, 6, 4, 1], [5, 0, 6, 6, 2, 7, 1, 1]], "potions": 10, "treasures": 8, "enemies": 27, "solution_length": 0, "enemies_loc": [[4, 0], [4, 1], [5, 1], [7, 1], [5, 2], [6, 2], [5, 3], [7, 3], [1, 4], [4, 4], [6, 4], [7, 4], [1, 5], [5, 5], [2, 6], [5, 6], [4, 7], [3, 9], [5, 9], [7, 9], [0, 10], [1, 10], [4, 10], [5, 10], [2, 11], [3, 11], [5, 11]]}, "quality": 0.3326315789404248, "diversity": 0.31477863874511725, "controlability": 0.0}