{"content": [[1, 4, 1, 1, 0, 1, 5, 7], [5, 0, 1, 5, 1, 7, 4, 1], [0, 5, 1, 4, 2, 1, 2, 7], [3, 5, 1, 0, 0, 2, 1, 6], [1, 1, 4, 0, 6, 1, 7, 0], [1, 6, 2, 1, 1, 1, 1, 0], [1, 0, 7, 0, 0, 7, 2, 5], [4, 0, 4, 0, 5, 2, 4, 1], [3, 1, 1, 5, 2, 4, 1, 1], [1, 0, 7, 5, 0, 0, 1, 3], [5, 3, 6, 4, 7, 1, 0, 1], [1, 3, 2, 6, 5, 1, 1, 1]], "control": {"col_treasures": 18, "solution_length": 45}, "info": {"regions": 1, "players": 8, "exits": 5, "layout": 50, "heuristic": -1, "solution": [], "content": [[1, 4, 1, 1, 0, 1, 5, 7], [5, 0, 1, 5, 1, 7, 4, 1], [0, 5, 1, 4, 2, 1, 2, 7], [3, 5, 1, 0, 0, 2, 1, 6], [1, 1, 4, 0, 6, 1, 7, 0], [1, 6, 2, 1, 1, 1, 1, 0], [1, 0, 7, 0, 0, 7, 2, 5], [4, 0, 4, 0, 5, 2, 4, 1], [3, 1, 1, 5, 2, 4, 1, 1], [1, 0, 7, 5, 0, 0, 1, 3], [5, 3, 6, 4, 7, 1, 0, 1], [1, 3, 2, 6, 5, 1, 1, 1]], "potions": 9, "treasures": 11, "enemies": 13, "solution_length": 0, "enemies_loc": [[7, 0], [5, 1], [7, 2], [7, 3], [4, 4], [6, 4], [1, 5], [2, 6], [5, 6], [2, 9], [2, 10], [4, 10], [3, 11]]}, "quality": 0.32561403507449677, "diversity": 0.31150113410744884, "controlability": 0.0}