{"content": [[1, 1, 0, 1, 1, 1, 1, 0, 1, 1, 0, 0, 1, 1], [0, 1, 1, 1, 1, 1, 1, 1, 0, 1, 1, 1, 0, 0], [1, 1, 1, 0, 1, 0, 0, 0, 1, 1, 0, 1, 1, 1], [0, 1, 1, 1, 1, 1, 1, 1, 0, 1, 0, 0, 1, 1], [0, 0, 1, 1, 0, 1, 1, 0, 1, 1, 0, 1, 1, 0], [1, 1, 1, 0, 0, 0, 1, 0, 1, 1, 1, 0, 0, 0], [0, 1, 0, 1, 1, 0, 1, 0, 1, 0, 1, 1, 1, 1], [0, 0, 1, 1, 0, 0, 0, 0, 0, 0, 1, 1, 1, 1], [1, 0, 0, 0, 1, 1, 0, 1, 1, 1, 0, 1, 1, 0], [1, 1, 1, 1, 0, 1, 1, 1, 1, 0, 1, 1, 1, 1], [1, 1, 0, 0, 1, 1, 1, 0, 1, 1, 0, 1, 1, 0], [0, 1, 0, 0, 1, 1, 1, 0, 1, 1, 1, 0, 1, 0], [0, 1, 1, 1, 0, 1, 1, 1, 1, 0, 1, 1, 1, 1], [0, 0, 1, 1, 1, 0, 1, 1, 1, 0, 1, 1, 0, 0]], "control": {"path": 62}, "info": {"path": 33, "regions": 5, "flat": [1, 1, 0, 1, 1, 1, 1, 0, 1, 1, 0, 0, 1, 1, 0, 1, 1, 1, 1, 1, 1, 1, 0, 1, 1, 1, 0, 0, 1, 1, 1, 0, 1, 0, 0, 0, 1, 1, 0, 1, 1, 1, 0, 1, 1, 1, 1, 1, 1, 1, 0, 1, 0, 0, 1, 1, 0, 0, 1, 1, 0, 1, 1, 0, 1, 1, 0, 1, 1, 0, 1, 1, 1, 0, 0, 0, 1, 0, 1, 1, 1, 0, 0, 0, 0, 1, 0, 1, 1, 0, 1, 0, 1, 0, 1, 1, 1, 1, 0, 0, 1, 1, 0, 0, 0, 0, 0, 0, 1, 1, 1, 1, 1, 0, 0, 0, 1, 1, 0, 1, 1, 1, 0, 1, 1, 0, 1, 1, 1, 1, 0, 1, 1, 1, 1, 0, 1, 1, 1, 1, 1, 1, 0, 0, 1, 1, 1, 0, 1, 1, 0, 1, 1, 0, 0, 1, 0, 0, 1, 1, 1, 0, 1, 1, 1, 0, 1, 0, 0, 1, 1, 1, 0, 1, 1, 1, 1, 0, 1, 1, 1, 1, 0, 0, 1, 1, 1, 0, 1, 1, 1, 0, 1, 1, 0, 0]}, "quality": 0.8924731180685628, "diversity": 0.7825255101361575, "controlability": 0.5999999998909091}