{"content": [[0, 1, 4, 1, 4, 0, 4, 1], [0, 2, 4, 6, 0, 7, 4, 0], [0, 1, 4, 4, 7, 6, 4, 1], [0, 5, 1, 0, 0, 7, 4, 5], [1, 7, 1, 0, 6, 1, 0, 6], [7, 6, 0, 7, 5, 6, 0, 4], [0, 0, 4, 1, 1, 7, 0, 5], [1, 0, 0, 0, 1, 0, 1, 1], [7, 0, 4, 0, 0, 4, 0, 1], [4, 0, 7, 7, 6, 4, 1, 6], [2, 3, 6, 1, 7, 6, 0, 1], [4, 0, 4, 4, 0, 1, 0, 1]], "control": {"col_treasures": 8, "solution_length": 30}, "info": {"regions": 1, "players": 2, "exits": 1, "layout": 50, "heuristic": -1, "solution": [], "content": [[0, 1, 4, 1, 4, 0, 4, 1], [0, 2, 4, 6, 0, 7, 4, 0], [0, 1, 4, 4, 7, 6, 4, 1], [0, 5, 1, 0, 0, 7, 4, 5], [1, 7, 1, 0, 6, 1, 0, 6], [7, 6, 0, 7, 5, 6, 0, 4], [0, 0, 4, 1, 1, 7, 0, 5], [1, 0, 0, 0, 1, 0, 1, 1], [7, 0, 4, 0, 0, 4, 0, 1], [4, 0, 7, 7, 6, 4, 1, 6], [2, 3, 6, 1, 7, 6, 0, 1], [4, 0, 4, 4, 0, 1, 0, 1]], "potions": 18, "treasures": 4, "enemies": 21, "solution_length": 0, "enemies_loc": [[3, 1], [5, 1], [4, 2], [5, 2], [5, 3], [1, 4], [4, 4], [7, 4], [0, 5], [1, 5], [3, 5], [5, 5], [5, 6], [0, 8], [2, 9], [3, 9], [4, 9], [7, 9], [2, 10], [4, 10], [5, 10]]}, "quality": 0.3326315789404248, "diversity": 0.2728009196614585, "controlability": 0.0}