{"content": [[1, 1, 1, 1, 7, 0, 7, 1], [5, 2, 0, 4, 1, 0, 1, 0], [0, 0, 0, 4, 7, 6, 6, 4], [0, 1, 1, 7, 0, 7, 5, 5], [1, 7, 5, 0, 6, 1, 0, 6], [1, 2, 0, 5, 0, 4, 0, 4], [0, 0, 5, 1, 1, 6, 0, 5], [5, 0, 0, 0, 1, 0, 0, 1], [7, 0, 1, 1, 6, 3, 0, 1], [1, 0, 6, 7, 5, 6, 1, 6], [6, 3, 1, 1, 7, 0, 0, 1], [0, 5, 1, 5, 7, 3, 0, 1]], "control": {"col_treasures": 8, "solution_length": 30}, "info": {"regions": 1, "players": 2, "exits": 3, "layout": 55, "heuristic": -1, "solution": [], "content": [[1, 1, 1, 1, 7, 0, 7, 1], [5, 2, 0, 4, 1, 0, 1, 0], [0, 0, 0, 4, 7, 6, 6, 4], [0, 1, 1, 7, 0, 7, 5, 5], [1, 7, 5, 0, 6, 1, 0, 6], [1, 2, 0, 5, 0, 4, 0, 4], [0, 0, 5, 1, 1, 6, 0, 5], [5, 0, 0, 0, 1, 0, 0, 1], [7, 0, 1, 1, 6, 3, 0, 1], [1, 0, 6, 7, 5, 6, 1, 6], [6, 3, 1, 1, 7, 0, 0, 1], [0, 5, 1, 5, 7, 3, 0, 1]], "potions": 5, "treasures": 11, "enemies": 20, "solution_length": 0, "enemies_loc": [[4, 0], [6, 0], [4, 2], [5, 2], [6, 2], [3, 3], [5, 3], [1, 4], [4, 4], [7, 4], [5, 6], [0, 8], [4, 8], [2, 9], [3, 9], [5, 9], [7, 9], [0, 10], [4, 10], [4, 11]]}, "quality": 0.33122807016162514, "diversity": 0.3140190904134116, "controlability": 0.0}