{"content": {"layout": [4, 13, 5, 9, 13, 15, 5, 11, 12, 15, 0, 0, 2, 14, 5, 1], "start": 3, "boss": 12, "shop": 14, "treasure": 8}, "control": {"map_size": 11}, "info": {"map_size": 14, "num_regions": 1, "connect_regions": 1, "loose_connections": 5, "locations": 4, "player_boss_distance": 10, "flat": [0, 0, 0, 0, 0, 0, 0, 0, 0, 0, 0, 0, 0, 1, 2, 2, 1, 2, 2, 1, 2, 2, 1, 0, 0, 0, 0, 0, 2, 0, 0, 0, 0, 0, 2, 0, 0, 0, 0, 0, 2, 0, 0, 0, 0, 0, 2, 0, 2, 1, 2, 2, 1, 2, 2, 1, 2, 2, 1, 0, 0, 2, 0, 0, 2, 0, 0, 0, 0, 0, 2, 0, 0, 0, 0, 0, 2, 0, 0, 0, 0, 0, 0, 0, 0, 1, 2, 2, 1, 2, 0, 0, 0, 0, 0, 0, 0, 2, 0, 0, 2, 0, 0, 0, 0, 0, 0, 0, 0, 2, 0, 0, 2, 0, 0, 0, 0, 0, 0, 0, 0, 1, 0, 0, 1, 2, 2, 1, 2, 2, 1, 0, 0, 0, 0, 0, 2, 0, 0, 0, 0, 0, 0, 0], "dead_end": 1}, "quality": 0.9687499999570313, "diversity": 0.9135416543283421, "controlability": 0.9687499984863283}