{"content": [[1, 1, 1, 0, 1, 1, 1, 1, 5, 1, 0], [1, 1, 1, 1, 0, 0, 1, 0, 0, 1, 0], [1, 1, 1, 1, 1, 1, 1, 0, 1, 1, 2], [0, 1, 0, 0, 0, 1, 5, 1, 0, 1, 0], [1, 1, 0, 1, 1, 5, 0, 1, 0, 1, 1], [1, 0, 1, 1, 1, 0, 1, 1, 1, 0, 1], [1, 4, 0, 0, 1, 1, 0, 0, 1, 3, 1]], "control": {"player_key": 17, "key_door": 17}, "info": {"regions": 1, "players": 1, "keys": 1, "doors": 1, "enemies": 3, "player_key": 7, "key_door": 18, "pk_path": [[10, 2], [9, 2], [9, 3], [9, 4], [10, 4], [10, 5], [10, 6], [9, 6]], "kd_path": []}, "quality": 1.0, "diversity": 0.763074214753616, "controlability": 0.7333333331777778}