{"content": [[0, 1, 1, 0, 1, 1, 1, 1, 1, 1, 0, 0, 1, 1], [0, 1, 0, 1, 1, 0, 1, 1, 0, 1, 1, 1, 0, 1], [0, 1, 1, 0, 1, 0, 0, 0, 1, 1, 0, 1, 1, 1], [0, 1, 0, 1, 0, 1, 1, 1, 0, 1, 0, 0, 1, 1], [0, 1, 1, 1, 0, 1, 1, 0, 1, 0, 1, 1, 1, 0], [1, 1, 1, 1, 0, 1, 1, 0, 1, 1, 1, 0, 1, 0], [0, 1, 0, 1, 0, 1, 1, 0, 1, 0, 1, 1, 1, 1], [0, 0, 1, 1, 1, 0, 1, 0, 0, 0, 0, 1, 1, 1], [1, 0, 0, 0, 0, 1, 0, 1, 1, 1, 0, 1, 1, 0], [0, 1, 1, 1, 1, 1, 0, 1, 1, 0, 1, 1, 1, 0], [1, 1, 0, 0, 1, 1, 1, 1, 1, 1, 0, 1, 1, 0], [1, 1, 1, 0, 0, 1, 1, 0, 1, 0, 1, 1, 1, 0], [1, 1, 0, 1, 0, 0, 1, 1, 1, 1, 1, 1, 1, 1], [0, 1, 1, 0, 1, 1, 1, 1, 1, 0, 1, 1, 0, 1]], "control": {"path": 62}, "info": {"path": 41, "regions": 5, "flat": [0, 1, 1, 0, 1, 1, 1, 1, 1, 1, 0, 0, 1, 1, 0, 1, 0, 1, 1, 0, 1, 1, 0, 1, 1, 1, 0, 1, 0, 1, 1, 0, 1, 0, 0, 0, 1, 1, 0, 1, 1, 1, 0, 1, 0, 1, 0, 1, 1, 1, 0, 1, 0, 0, 1, 1, 0, 1, 1, 1, 0, 1, 1, 0, 1, 0, 1, 1, 1, 0, 1, 1, 1, 1, 0, 1, 1, 0, 1, 1, 1, 0, 1, 0, 0, 1, 0, 1, 0, 1, 1, 0, 1, 0, 1, 1, 1, 1, 0, 0, 1, 1, 1, 0, 1, 0, 0, 0, 0, 1, 1, 1, 1, 0, 0, 0, 0, 1, 0, 1, 1, 1, 0, 1, 1, 0, 0, 1, 1, 1, 1, 1, 0, 1, 1, 0, 1, 1, 1, 0, 1, 1, 0, 0, 1, 1, 1, 1, 1, 1, 0, 1, 1, 0, 1, 1, 1, 0, 0, 1, 1, 0, 1, 0, 1, 1, 1, 0, 1, 1, 0, 1, 0, 0, 1, 1, 1, 1, 1, 1, 1, 1, 0, 1, 1, 0, 1, 1, 1, 1, 1, 0, 1, 1, 0, 1]}, "quality": 0.8924731180685628, "diversity": 0.48633631528777166, "controlability": 0.7454545453190082}