{"content": {"layout": [4, 5, 5, 9, 4, 13, 5, 3, 4, 11, 0, 0, 0, 6, 5, 1], "start": 7, "boss": 15, "shop": 4, "treasure": 7}, "control": {"map_size": 11}, "info": {"map_size": 13, "num_regions": 1, "connect_regions": 1, "loose_connections": 0, "locations": 3, "player_boss_distance": 18, "flat": [0, 0, 0, 0, 0, 0, 0, 0, 0, 0, 0, 0, 0, 1, 2, 2, 1, 2, 2, 1, 2, 2, 1, 0, 0, 0, 0, 0, 0, 0, 0, 0, 0, 0, 2, 0, 0, 0, 0, 0, 0, 0, 0, 0, 0, 0, 2, 0, 0, 1, 2, 2, 1, 2, 2, 1, 2, 2, 1, 0, 0, 0, 0, 0, 2, 0, 0, 0, 0, 0, 0, 0, 0, 0, 0, 0, 2, 0, 0, 0, 0, 0, 0, 0, 0, 1, 2, 2, 1, 0, 0, 0, 0, 0, 0, 0, 0, 0, 0, 0, 2, 0, 0, 0, 0, 0, 0, 0, 0, 0, 0, 0, 2, 0, 0, 0, 0, 0, 0, 0, 0, 0, 0, 0, 1, 2, 2, 1, 2, 2, 1, 0, 0, 0, 0, 0, 0, 0, 0, 0, 0, 0, 0, 0], "dead_end": 2}, "quality": 0.8624999997187501, "diversity": 0.5611293771721377, "controlability": 0.8124999987304689}