{"content": [[1, 1, 1, 0, 1, 1, 1, 1, 0, 0, 0], [1, 1, 1, 1, 0, 1, 1, 0, 0, 1, 0], [1, 1, 1, 1, 1, 1, 1, 5, 1, 3, 0], [0, 1, 0, 0, 0, 1, 5, 1, 0, 1, 0], [1, 5, 5, 1, 1, 5, 1, 1, 1, 1, 1], [1, 0, 1, 1, 5, 0, 1, 1, 5, 1, 1], [1, 1, 0, 0, 1, 1, 2, 0, 1, 5, 4]], "control": {"player_key": 17, "key_door": 17}, "info": {"regions": 1, "players": 1, "keys": 1, "doors": 1, "enemies": 8, "player_key": 7, "key_door": 5, "pk_path": [[6, 6], [6, 5], [6, 4], [6, 3], [6, 2], [7, 2], [8, 2], [9, 2]], "kd_path": []}, "quality": 0.9132420090317349, "diversity": 0.8801335103195608, "controlability": 0.39999999973333333}