{"content": [[1, 1, 1, 0, 1, 1, 1, 1, 0, 1, 0], [1, 1, 1, 1, 0, 1, 1, 0, 0, 1, 0], [1, 5, 1, 1, 1, 1, 1, 5, 1, 1, 0], [0, 1, 0, 0, 0, 1, 0, 1, 1, 1, 0], [1, 3, 1, 1, 1, 0, 1, 1, 1, 1, 1], [1, 0, 3, 1, 4, 0, 1, 1, 5, 2, 1], [2, 0, 0, 0, 1, 1, 0, 0, 1, 3, 1]], "control": {"player_key": 17, "key_door": 17}, "info": {"regions": 1, "players": 2, "keys": 3, "doors": 1, "enemies": 3, "player_key": 13, "key_door": 4, "pk_path": [[9, 5], [9, 4], [9, 3], [9, 2], [8, 2], [7, 2], [6, 2], [5, 2], [4, 2], [3, 2], [2, 2], [1, 2], [1, 3], [1, 4]], "kd_path": []}, "quality": 0.4975328947207194, "diversity": 0.6687646484283531, "controlability": 0.5666666662888888}