{"content": [[1, 1, 1, 0, 1, 1, 1, 1, 5, 1, 0], [1, 1, 1, 1, 0, 1, 1, 0, 0, 1, 0], [1, 1, 1, 1, 1, 2, 1, 5, 1, 1, 0], [5, 1, 0, 0, 1, 1, 0, 1, 0, 1, 0], [3, 5, 1, 1, 1, 1, 1, 1, 1, 4, 1], [1, 0, 1, 1, 4, 0, 1, 1, 5, 1, 1], [1, 0, 0, 0, 1, 1, 0, 0, 1, 3, 1]], "control": {"player_key": 17, "key_door": 17}, "info": {"regions": 1, "players": 1, "keys": 2, "doors": 2, "enemies": 5, "player_key": 7, "key_door": 9, "pk_path": [[5, 2], [5, 3], [5, 4], [4, 4], [3, 4], [2, 4], [1, 4], [0, 4]], "kd_path": []}, "quality": 0.4974990987496578, "diversity": 0.6835005597320042, "controlability": 0.5333333329777777}