{"content": {"layout": [15, 15, 15, 5, 0, 14, 5, 5, 12, 15, 0, 15, 10, 14, 5, 11], "start": 11, "boss": 12, "shop": 8, "treasure": 14}, "control": {"map_size": 11}, "info": {"map_size": 14, "num_regions": 1, "connect_regions": 1, "loose_connections": 15, "locations": 4, "player_boss_distance": -1, "flat": [0, 2, 0, 0, 2, 0, 0, 2, 0, 0, 0, 0, 2, 1, 2, 2, 1, 2, 2, 1, 2, 2, 1, 2, 0, 2, 0, 0, 2, 0, 0, 2, 0, 0, 0, 0, 0, 0, 0, 0, 2, 0, 0, 0, 0, 0, 0, 0, 0, 0, 0, 0, 1, 2, 2, 1, 2, 2, 1, 2, 0, 0, 0, 0, 2, 0, 0, 0, 0, 0, 0, 0, 0, 0, 0, 0, 2, 0, 0, 0, 0, 0, 2, 0, 0, 1, 2, 2, 1, 2, 0, 0, 0, 2, 1, 2, 0, 2, 0, 0, 2, 0, 0, 0, 0, 0, 2, 0, 0, 2, 0, 0, 2, 0, 0, 0, 0, 0, 2, 0, 0, 1, 0, 0, 1, 2, 2, 1, 2, 2, 1, 0, 0, 2, 0, 0, 2, 0, 0, 0, 0, 0, 2, 0], "dead_end": 0}, "quality": 0.75, "diversity": 0.3057432384237754, "controlability": 0.9687499984863283}