{"content": {"layout": [13, 13, 15, 7, 11, 14, 15, 5, 13, 13, 7, 15, 6, 14, 5, 15], "start": 11, "boss": 3, "shop": 8, "treasure": 15}, "control": {"map_size": 14}, "info": {"map_size": 16, "num_regions": 1, "connect_regions": 1, "loose_connections": 15, "locations": 4, "player_boss_distance": 2, "flat": [0, 0, 0, 0, 0, 0, 0, 2, 0, 0, 2, 0, 2, 1, 2, 2, 1, 2, 2, 1, 2, 2, 1, 2, 0, 2, 0, 0, 2, 0, 0, 2, 0, 0, 0, 0, 0, 2, 0, 0, 2, 0, 0, 2, 0, 0, 0, 0, 2, 1, 0, 0, 1, 2, 2, 1, 2, 2, 1, 2, 0, 2, 0, 0, 2, 0, 0, 2, 0, 0, 0, 0, 0, 0, 0, 0, 0, 0, 0, 2, 0, 0, 2, 0, 2, 1, 2, 2, 1, 2, 2, 1, 2, 2, 1, 2, 0, 2, 0, 0, 2, 0, 0, 0, 0, 0, 2, 0, 0, 2, 0, 0, 2, 0, 0, 0, 0, 0, 2, 0, 0, 1, 2, 0, 1, 2, 2, 1, 2, 2, 1, 2, 0, 0, 0, 0, 2, 0, 0, 0, 0, 0, 2, 0], "dead_end": 0}, "quality": 0.787499999953125, "diversity": 0.7708333219256367, "controlability": 0.0}