{"content": [[6, 1, 1, 7, 7, 5, 7, 1], [5, 0, 0, 7, 1, 7, 4, 5], [0, 7, 4, 7, 5, 4, 2, 1], [4, 5, 6, 0, 7, 7, 7, 5], [1, 0, 1, 6, 7, 1, 7, 0], [1, 6, 0, 1, 1, 7, 7, 6], [0, 1, 0, 0, 1, 7, 0, 7], [0, 0, 0, 0, 6, 7, 1, 1], [5, 0, 1, 5, 5, 3, 1, 1], [1, 5, 1, 7, 0, 4, 1, 6], [4, 7, 4, 6, 7, 0, 0, 7], [5, 5, 7, 7, 7, 7, 2, 1]], "control": {"col_treasures": 18, "solution_length": 45}, "info": {"regions": 1, "players": 2, "exits": 1, "layout": 41, "heuristic": -1, "solution": [], "content": [[6, 1, 1, 7, 7, 5, 7, 1], [5, 0, 0, 7, 1, 7, 4, 5], [0, 7, 4, 7, 5, 4, 2, 1], [4, 5, 6, 0, 7, 7, 7, 5], [1, 0, 1, 6, 7, 1, 7, 0], [1, 6, 0, 1, 1, 7, 7, 6], [0, 1, 0, 0, 1, 7, 0, 7], [0, 0, 0, 0, 6, 7, 1, 1], [5, 0, 1, 5, 5, 3, 1, 1], [1, 5, 1, 7, 0, 4, 1, 6], [4, 7, 4, 6, 7, 0, 0, 7], [5, 5, 7, 7, 7, 7, 2, 1]], "potions": 7, "treasures": 12, "enemies": 33, "solution_length": 0, "enemies_loc": [[0, 0], [3, 0], [4, 0], [6, 0], [3, 1], [5, 1], [1, 2], [3, 2], [2, 3], [4, 3], [5, 3], [6, 3], [3, 4], [4, 4], [6, 4], [1, 5], [5, 5], [6, 5], [7, 5], [5, 6], [7, 6], [4, 7], [5, 7], [3, 9], [7, 9], [1, 10], [3, 10], [4, 10], [7, 10], [2, 11], [3, 11], [4, 11], [5, 11]]}, "quality": 0.32290935670633913, "diversity": 0.32073251966985905, "controlability": 0.0}