{"content": [[2, 1, 1, 0, 1, 1, 4, 1, 0, 1, 0], [5, 1, 1, 1, 0, 1, 1, 0, 0, 1, 0], [1, 1, 1, 1, 1, 0, 4, 5, 1, 1, 0], [0, 1, 0, 0, 0, 1, 0, 1, 0, 1, 0], [1, 5, 5, 1, 1, 1, 1, 1, 1, 1, 1], [1, 0, 1, 1, 1, 0, 1, 1, 0, 1, 1], [1, 0, 0, 0, 1, 1, 0, 0, 1, 3, 1]], "control": {"player_key": 17, "key_door": 17}, "info": {"regions": 1, "players": 1, "keys": 1, "doors": 2, "enemies": 4, "player_key": 15, "key_door": 9, "pk_path": [[0, 0], [0, 1], [0, 2], [1, 2], [1, 3], [1, 4], [2, 4], [3, 4], [4, 4], [5, 4], [6, 4], [7, 4], [8, 4], [9, 4], [9, 5], [9, 6]], "kd_path": []}, "quality": 0.4991776315708319, "diversity": 0.7444444262962968, "controlability": 0.7999999998}