{"content": [[1, 1, 1, 0, 1, 3, 1, 1, 0, 0, 0], [1, 5, 1, 1, 4, 1, 1, 0, 0, 1, 0], [1, 0, 1, 1, 1, 1, 1, 5, 1, 1, 1], [0, 1, 0, 0, 1, 0, 0, 1, 0, 1, 0], [1, 5, 1, 1, 1, 5, 1, 1, 1, 1, 1], [1, 0, 1, 5, 5, 0, 1, 1, 5, 1, 1], [1, 0, 0, 0, 0, 1, 1, 0, 2, 1, 1]], "control": {"player_key": 17, "key_door": 17}, "info": {"regions": 1, "players": 1, "keys": 1, "doors": 1, "enemies": 7, "player_key": 9, "key_door": 2, "pk_path": [[8, 6], [8, 5], [8, 4], [7, 4], [7, 3], [7, 2], [6, 2], [6, 1], [6, 0], [5, 0]], "kd_path": []}, "quality": 0.9002092845340065, "diversity": 0.16666666666666663, "controlability": 0.3666666664222222}