{"content": [[1, 1, 1, 0, 1, 1, 1, 0, 1, 1, 0, 1, 1, 0], [0, 1, 0, 1, 1, 0, 1, 0, 0, 1, 1, 1, 1, 1], [1, 1, 0, 1, 0, 0, 1, 1, 0, 1, 0, 0, 0, 0], [0, 1, 1, 1, 1, 1, 0, 1, 1, 1, 0, 1, 1, 0], [1, 0, 1, 0, 1, 0, 0, 0, 0, 0, 1, 1, 1, 1], [1, 1, 1, 1, 0, 1, 1, 1, 1, 1, 1, 1, 1, 1], [1, 1, 1, 1, 1, 1, 1, 0, 0, 1, 0, 0, 1, 0], [1, 0, 0, 1, 0, 0, 1, 1, 0, 0, 1, 1, 1, 1], [1, 1, 1, 1, 0, 0, 0, 0, 0, 0, 1, 1, 1, 0], [1, 0, 0, 1, 0, 1, 1, 1, 1, 1, 1, 1, 1, 1], [0, 1, 0, 1, 1, 1, 1, 0, 0, 1, 1, 1, 0, 1], [0, 1, 0, 0, 0, 0, 1, 0, 0, 0, 1, 0, 1, 0], [1, 1, 1, 1, 0, 1, 1, 1, 1, 1, 1, 1, 1, 0], [1, 0, 0, 1, 1, 1, 1, 1, 0, 0, 0, 1, 0, 0]], "control": {"path": 92}, "info": {"path": 41, "regions": 1, "flat": [1, 1, 1, 0, 1, 1, 1, 0, 1, 1, 0, 1, 1, 0, 0, 1, 0, 1, 1, 0, 1, 0, 0, 1, 1, 1, 1, 1, 1, 1, 0, 1, 0, 0, 1, 1, 0, 1, 0, 0, 0, 0, 0, 1, 1, 1, 1, 1, 0, 1, 1, 1, 0, 1, 1, 0, 1, 0, 1, 0, 1, 0, 0, 0, 0, 0, 1, 1, 1, 1, 1, 1, 1, 1, 0, 1, 1, 1, 1, 1, 1, 1, 1, 1, 1, 1, 1, 1, 1, 1, 1, 0, 0, 1, 0, 0, 1, 0, 1, 0, 0, 1, 0, 0, 1, 1, 0, 0, 1, 1, 1, 1, 1, 1, 1, 1, 0, 0, 0, 0, 0, 0, 1, 1, 1, 0, 1, 0, 0, 1, 0, 1, 1, 1, 1, 1, 1, 1, 1, 1, 0, 1, 0, 1, 1, 1, 1, 0, 0, 1, 1, 1, 0, 1, 0, 1, 0, 0, 0, 0, 1, 0, 0, 0, 1, 0, 1, 0, 1, 1, 1, 1, 0, 1, 1, 1, 1, 1, 1, 1, 1, 0, 1, 0, 0, 1, 1, 1, 1, 1, 0, 0, 0, 1, 0, 0]}, "quality": 1.0, "diversity": 0.5006041889835426, "controlability": 0.4823529411197232}