{"content": [[1, 1, 4, 1, 0, 5, 4, 7], [5, 0, 5, 5, 1, 7, 5, 0], [0, 0, 1, 1, 4, 1, 2, 1], [0, 5, 1, 0, 0, 7, 1, 4], [1, 7, 4, 0, 6, 3, 7, 2], [1, 6, 0, 1, 1, 2, 6, 4], [0, 1, 7, 0, 0, 1, 0, 5], [5, 0, 6, 0, 7, 2, 4, 7], [5, 0, 2, 5, 5, 0, 0, 1], [1, 1, 1, 1, 6, 1, 7, 0], [5, 3, 6, 4, 7, 1, 0, 1], [0, 5, 5, 2, 5, 1, 1, 2]], "control": {"col_treasures": 18, "solution_length": 45}, "info": {"regions": 1, "players": 7, "exits": 2, "layout": 48, "heuristic": -1, "solution": [], "content": [[1, 1, 4, 1, 0, 5, 4, 7], [5, 0, 5, 5, 1, 7, 5, 0], [0, 0, 1, 1, 4, 1, 2, 1], [0, 5, 1, 0, 0, 7, 1, 4], [1, 7, 4, 0, 6, 3, 7, 2], [1, 6, 0, 1, 1, 2, 6, 4], [0, 1, 7, 0, 0, 1, 0, 5], [5, 0, 6, 0, 7, 2, 4, 7], [5, 0, 2, 5, 5, 0, 0, 1], [1, 1, 1, 1, 6, 1, 7, 0], [5, 3, 6, 4, 7, 1, 0, 1], [0, 5, 5, 2, 5, 1, 1, 2]], "potions": 8, "treasures": 15, "enemies": 16, "solution_length": 0, "enemies_loc": [[7, 0], [5, 1], [5, 3], [1, 4], [4, 4], [6, 4], [1, 5], [6, 5], [2, 6], [2, 7], [4, 7], [7, 7], [4, 9], [6, 9], [2, 10], [4, 10]]}, "quality": 0.3284210526180609, "diversity": 0.31950873717689066, "controlability": 0.0}