{"content": [[2, 1, 1, 1, 7, 5, 3, 7], [5, 0, 5, 4, 1, 6, 5, 0], [6, 0, 1, 1, 3, 1, 5, 1], [4, 1, 4, 4, 0, 1, 1, 4], [0, 7, 0, 0, 2, 3, 7, 2], [1, 6, 0, 4, 1, 5, 0, 4], [1, 1, 4, 0, 2, 6, 0, 5], [4, 0, 7, 0, 0, 0, 4, 1], [4, 4, 4, 5, 4, 4, 0, 4], [1, 5, 0, 3, 0, 4, 2, 3], [2, 0, 6, 6, 1, 0, 0, 1], [0, 6, 2, 3, 4, 7, 4, 2]], "control": {"col_treasures": 18, "solution_length": 45}, "info": {"regions": 1, "players": 8, "exits": 6, "layout": 41, "heuristic": -1, "solution": [], "content": [[2, 1, 1, 1, 7, 5, 3, 7], [5, 0, 5, 4, 1, 6, 5, 0], [6, 0, 1, 1, 3, 1, 5, 1], [4, 1, 4, 4, 0, 1, 1, 4], [0, 7, 0, 0, 2, 3, 7, 2], [1, 6, 0, 4, 1, 5, 0, 4], [1, 1, 4, 0, 2, 6, 0, 5], [4, 0, 7, 0, 0, 0, 4, 1], [4, 4, 4, 5, 4, 4, 0, 4], [1, 5, 0, 3, 0, 4, 2, 3], [2, 0, 6, 6, 1, 0, 0, 1], [0, 6, 2, 3, 4, 7, 4, 2]], "potions": 19, "treasures": 9, "enemies": 13, "solution_length": 0, "enemies_loc": [[4, 0], [7, 0], [5, 1], [0, 2], [1, 4], [6, 4], [1, 5], [5, 6], [2, 7], [2, 10], [3, 10], [1, 11], [5, 11]]}, "quality": 0.31519005845452014, "diversity": 0.36787279847861865, "controlability": 0.0}