{"content": [[2, 0, 6, 1, 0, 1, 5, 5], [2, 1, 0, 2, 1, 5, 3, 7], [4, 5, 1, 3, 3, 1, 5, 4], [7, 5, 3, 6, 1, 2, 1, 6], [0, 5, 4, 0, 4, 4, 4, 1], [5, 5, 1, 4, 1, 1, 0, 0], [6, 7, 7, 0, 5, 0, 5, 7], [1, 5, 7, 2, 4, 0, 0, 0], [5, 1, 1, 2, 2, 0, 4, 1], [6, 6, 7, 0, 2, 5, 3, 5], [5, 1, 5, 5, 5, 6, 0, 6], [0, 0, 2, 1, 1, 5, 2, 0]], "control": {"col_treasures": 11, "solution_length": 35}, "info": {"regions": 2, "players": 10, "exits": 5, "layout": 37, "heuristic": -1, "solution": [], "content": [[2, 0, 6, 1, 0, 1, 5, 5], [2, 1, 0, 2, 1, 5, 3, 7], [4, 5, 1, 3, 3, 1, 5, 4], [7, 5, 3, 6, 1, 2, 1, 6], [0, 5, 4, 0, 4, 4, 4, 1], [5, 5, 1, 4, 1, 1, 0, 0], [6, 7, 7, 0, 5, 0, 5, 7], [1, 5, 7, 2, 4, 0, 0, 0], [5, 1, 1, 2, 2, 0, 4, 1], [6, 6, 7, 0, 2, 5, 3, 5], [5, 1, 5, 5, 5, 6, 0, 6], [0, 0, 2, 1, 1, 5, 2, 0]], "potions": 9, "treasures": 20, "enemies": 15, "solution_length": 0, "enemies_loc": [[2, 0], [7, 1], [0, 3], [3, 3], [7, 3], [0, 6], [1, 6], [2, 6], [7, 6], [2, 7], [0, 9], [1, 9], [2, 9], [5, 10], [7, 10]]}, "quality": 0.30118081046122924, "diversity": 0.39968606340967494, "controlability": 0.0}