{"content": [[2, 3, 3, 2, 7, 1, 1, 2], [2, 4, 5, 6, 1, 7, 4, 1], [6, 0, 3, 1, 3, 1, 5, 1], [0, 4, 1, 3, 1, 4, 1, 6], [0, 0, 4, 3, 1, 4, 6, 2], [0, 0, 1, 1, 1, 1, 7, 0], [7, 1, 4, 0, 3, 2, 5, 7], [1, 0, 4, 7, 1, 3, 0, 1], [2, 4, 6, 4, 4, 4, 1, 1], [1, 3, 5, 0, 0, 1, 3, 7], [2, 0, 4, 6, 2, 4, 1, 6], [6, 6, 2, 2, 1, 0, 0, 1]], "control": {"col_treasures": 5, "solution_length": 24}, "info": {"regions": 1, "players": 11, "exits": 10, "layout": 41, "heuristic": -1, "solution": [], "content": [[2, 3, 3, 2, 7, 1, 1, 2], [2, 4, 5, 6, 1, 7, 4, 1], [6, 0, 3, 1, 3, 1, 5, 1], [0, 4, 1, 3, 1, 4, 1, 6], [0, 0, 4, 3, 1, 4, 6, 2], [0, 0, 1, 1, 1, 1, 7, 0], [7, 1, 4, 0, 3, 2, 5, 7], [1, 0, 4, 7, 1, 3, 0, 1], [2, 4, 6, 4, 4, 4, 1, 1], [1, 3, 5, 0, 0, 1, 3, 7], [2, 0, 4, 6, 2, 4, 1, 6], [6, 6, 2, 2, 1, 0, 0, 1]], "potions": 14, "treasures": 4, "enemies": 16, "solution_length": 0, "enemies_loc": [[4, 0], [3, 1], [5, 1], [0, 2], [7, 3], [6, 4], [6, 5], [0, 6], [7, 6], [3, 7], [2, 8], [7, 9], [3, 10], [7, 10], [0, 11], [1, 11]]}, "quality": 0.31027777775328275, "diversity": 0.38077650608664804, "controlability": 0.0}