{"content": [[2, 3, 6, 1, 7, 3, 6, 2], [5, 7, 5, 6, 1, 6, 2, 0], [7, 3, 1, 1, 3, 1, 5, 1], [3, 1, 1, 3, 0, 4, 1, 4], [0, 0, 6, 0, 1, 6, 6, 2], [1, 6, 1, 1, 1, 1, 0, 0], [1, 1, 4, 0, 3, 0, 2, 7], [6, 0, 0, 7, 3, 4, 0, 1], [6, 1, 1, 4, 2, 4, 1, 5], [1, 2, 0, 0, 0, 0, 3, 7], [2, 0, 1, 5, 2, 4, 0, 6], [6, 6, 2, 2, 1, 3, 0, 6]], "control": {"col_treasures": 5, "solution_length": 24}, "info": {"regions": 1, "players": 11, "exits": 10, "layout": 43, "heuristic": -1, "solution": [], "content": [[2, 3, 6, 1, 7, 3, 6, 2], [5, 7, 5, 6, 1, 6, 2, 0], [7, 3, 1, 1, 3, 1, 5, 1], [3, 1, 1, 3, 0, 4, 1, 4], [0, 0, 6, 0, 1, 6, 6, 2], [1, 6, 1, 1, 1, 1, 0, 0], [1, 1, 4, 0, 3, 0, 2, 7], [6, 0, 0, 7, 3, 4, 0, 1], [6, 1, 1, 4, 2, 4, 1, 5], [1, 2, 0, 0, 0, 0, 3, 7], [2, 0, 1, 5, 2, 4, 0, 6], [6, 6, 2, 2, 1, 3, 0, 6]], "potions": 7, "treasures": 5, "enemies": 20, "solution_length": 0, "enemies_loc": [[2, 0], [4, 0], [6, 0], [1, 1], [3, 1], [5, 1], [0, 2], [2, 4], [5, 4], [6, 4], [1, 5], [7, 6], [0, 7], [3, 7], [0, 8], [7, 9], [7, 10], [0, 11], [1, 11], [7, 11]]}, "quality": 0.31305555553048187, "diversity": 0.3426816156850965, "controlability": 0.0}