{"content": [[1, 4, 1, 1, 0, 5, 4, 0], [5, 0, 5, 0, 6, 7, 6, 0], [0, 0, 1, 1, 2, 6, 2, 1], [0, 5, 1, 0, 0, 7, 1, 0], [1, 5, 1, 4, 6, 1, 4, 2], [1, 6, 2, 1, 1, 1, 1, 0], [1, 0, 7, 0, 5, 6, 2, 5], [4, 0, 2, 0, 1, 2, 4, 6], [2, 0, 4, 4, 2, 4, 0, 1], [1, 6, 1, 5, 0, 4, 1, 5], [5, 3, 6, 1, 5, 6, 0, 1], [0, 6, 2, 2, 1, 1, 5, 1]], "control": {"col_treasures": 18, "solution_length": 45}, "info": {"regions": 1, "players": 11, "exits": 1, "layout": 48, "heuristic": -1, "solution": [], "content": [[1, 4, 1, 1, 0, 5, 4, 0], [5, 0, 5, 0, 6, 7, 6, 0], [0, 0, 1, 1, 2, 6, 2, 1], [0, 5, 1, 0, 0, 7, 1, 0], [1, 5, 1, 4, 6, 1, 4, 2], [1, 6, 2, 1, 1, 1, 1, 0], [1, 0, 7, 0, 5, 6, 2, 5], [4, 0, 2, 0, 1, 2, 4, 6], [2, 0, 4, 4, 2, 4, 0, 1], [1, 6, 1, 5, 0, 4, 1, 5], [5, 3, 6, 1, 5, 6, 0, 1], [0, 6, 2, 2, 1, 1, 5, 1]], "potions": 10, "treasures": 12, "enemies": 14, "solution_length": 0, "enemies_loc": [[4, 1], [5, 1], [6, 1], [5, 2], [5, 3], [4, 4], [1, 5], [2, 6], [5, 6], [7, 7], [1, 9], [2, 10], [5, 10], [1, 11]]}, "quality": 0.32631578946740536, "diversity": 0.3162202304873514, "controlability": 0.0}