{"content": [[1, 3, 1, 1, 0, 1, 5, 1], [2, 0, 5, 6, 1, 7, 5, 0], [0, 5, 7, 1, 3, 2, 5, 1], [3, 6, 6, 4, 0, 7, 1, 0], [1, 7, 1, 0, 1, 1, 6, 2], [1, 6, 0, 1, 1, 0, 1, 4], [1, 5, 7, 0, 5, 0, 0, 4], [5, 0, 3, 7, 1, 4, 4, 7], [2, 0, 1, 5, 2, 7, 6, 1], [1, 2, 7, 7, 0, 4, 3, 5], [5, 0, 1, 4, 0, 6, 0, 1], [5, 6, 2, 6, 7, 1, 0, 6]], "control": {"col_treasures": 8, "solution_length": 30}, "info": {"regions": 1, "players": 7, "exits": 5, "layout": 44, "heuristic": -1, "solution": [], "content": [[1, 3, 1, 1, 0, 1, 5, 1], [2, 0, 5, 6, 1, 7, 5, 0], [0, 5, 7, 1, 3, 2, 5, 1], [3, 6, 6, 4, 0, 7, 1, 0], [1, 7, 1, 0, 1, 1, 6, 2], [1, 6, 0, 1, 1, 0, 1, 4], [1, 5, 7, 0, 5, 0, 0, 4], [5, 0, 3, 7, 1, 4, 4, 7], [2, 0, 1, 5, 2, 7, 6, 1], [1, 2, 7, 7, 0, 4, 3, 5], [5, 0, 1, 4, 0, 6, 0, 1], [5, 6, 2, 6, 7, 1, 0, 6]], "potions": 7, "treasures": 12, "enemies": 21, "solution_length": 0, "enemies_loc": [[3, 1], [5, 1], [2, 2], [1, 3], [2, 3], [5, 3], [1, 4], [6, 4], [1, 5], [2, 6], [3, 7], [7, 7], [5, 8], [6, 8], [2, 9], [3, 9], [5, 10], [1, 11], [3, 11], [4, 11], [7, 11]]}, "quality": 0.3207602338921008, "diversity": 0.36566091126077604, "controlability": 0.0}