{"content": [[1, 1, 2, 1, 4, 4, 4, 7], [1, 0, 5, 0, 1, 6, 1, 0], [0, 0, 1, 3, 0, 2, 4, 1], [0, 7, 1, 4, 0, 1, 1, 4], [0, 7, 6, 0, 1, 7, 0, 2], [1, 6, 1, 4, 1, 7, 0, 0], [7, 1, 4, 1, 4, 4, 0, 5], [5, 0, 7, 0, 7, 2, 4, 7], [4, 0, 4, 5, 5, 4, 0, 1], [1, 0, 1, 0, 6, 4, 3, 0], [5, 0, 1, 6, 1, 0, 0, 1], [5, 6, 2, 1, 2, 2, 0, 2]], "control": {"col_treasures": 18, "solution_length": 45}, "info": {"regions": 2, "players": 8, "exits": 2, "layout": 49, "heuristic": -1, "solution": [], "content": [[1, 1, 2, 1, 4, 4, 4, 7], [1, 0, 5, 0, 1, 6, 1, 0], [0, 0, 1, 3, 0, 2, 4, 1], [0, 7, 1, 4, 0, 1, 1, 4], [0, 7, 6, 0, 1, 7, 0, 2], [1, 6, 1, 4, 1, 7, 0, 0], [7, 1, 4, 1, 4, 4, 0, 5], [5, 0, 7, 0, 7, 2, 4, 7], [4, 0, 4, 5, 5, 4, 0, 1], [1, 0, 1, 0, 6, 4, 3, 0], [5, 0, 1, 6, 1, 0, 0, 1], [5, 6, 2, 1, 2, 2, 0, 2]], "potions": 15, "treasures": 7, "enemies": 15, "solution_length": 0, "enemies_loc": [[7, 0], [5, 1], [1, 3], [1, 4], [2, 4], [5, 4], [1, 5], [5, 5], [0, 6], [2, 7], [4, 7], [7, 7], [4, 9], [3, 10], [1, 11]]}, "quality": 0.31996736017916827, "diversity": 0.31080162293648117, "controlability": 0.0}