{"content": [[7, 3, 6, 1, 4, 4, 3, 4], [4, 1, 2, 0, 5, 6, 3, 5], [4, 5, 1, 3, 3, 7, 5, 1], [7, 3, 1, 0, 0, 0, 6, 6], [0, 3, 0, 2, 4, 4, 6, 0], [0, 6, 1, 6, 7, 3, 4, 1], [5, 1, 0, 0, 4, 2, 0, 5], [5, 3, 4, 4, 5, 0, 6, 2], [7, 4, 0, 1, 2, 4, 5, 1], [5, 7, 5, 4, 7, 2, 1, 4], [1, 5, 4, 0, 1, 2, 0, 0], [0, 6, 3, 0, 0, 1, 5, 1]], "control": {"col_treasures": 8, "solution_length": 30}, "info": {"regions": 1, "players": 7, "exits": 10, "layout": 34, "heuristic": -1, "solution": [], "content": [[7, 3, 6, 1, 4, 4, 3, 4], [4, 1, 2, 0, 5, 6, 3, 5], [4, 5, 1, 3, 3, 7, 5, 1], [7, 3, 1, 0, 0, 0, 6, 6], [0, 3, 0, 2, 4, 4, 6, 0], [0, 6, 1, 6, 7, 3, 4, 1], [5, 1, 0, 0, 4, 2, 0, 5], [5, 3, 4, 4, 5, 0, 6, 2], [7, 4, 0, 1, 2, 4, 5, 1], [5, 7, 5, 4, 7, 2, 1, 4], [1, 5, 4, 0, 1, 2, 0, 0], [0, 6, 3, 0, 0, 1, 5, 1]], "potions": 16, "treasures": 13, "enemies": 16, "solution_length": 0, "enemies_loc": [[0, 0], [2, 0], [5, 1], [5, 2], [0, 3], [6, 3], [7, 3], [6, 4], [1, 5], [3, 5], [4, 5], [6, 7], [0, 8], [1, 9], [4, 9], [1, 11]]}, "quality": 0.30336257307665015, "diversity": 0.41467523546645246, "controlability": 0.0}