{"content": {"layout": [15, 15, 0, 14, 2, 11, 15, 3, 12, 11, 14, 9, 10, 14, 5, 15], "start": 11, "boss": 12, "shop": 8, "treasure": 0}, "control": {"map_size": 11}, "info": {"map_size": 15, "num_regions": 1, "connect_regions": 1, "loose_connections": 14, "locations": 4, "player_boss_distance": 6, "flat": [0, 2, 0, 0, 2, 0, 0, 0, 0, 0, 2, 0, 2, 1, 2, 2, 1, 2, 0, 0, 0, 0, 1, 2, 0, 2, 0, 0, 2, 0, 0, 0, 0, 0, 2, 0, 0, 2, 0, 0, 2, 0, 0, 2, 0, 0, 2, 0, 0, 1, 0, 2, 1, 0, 2, 1, 2, 2, 1, 0, 0, 0, 0, 0, 2, 0, 0, 2, 0, 0, 0, 0, 0, 0, 0, 0, 2, 0, 0, 2, 0, 0, 0, 0, 0, 1, 2, 2, 1, 0, 0, 1, 2, 2, 1, 0, 0, 2, 0, 0, 2, 0, 0, 2, 0, 0, 2, 0, 0, 2, 0, 0, 2, 0, 0, 0, 0, 0, 2, 0, 0, 1, 0, 0, 1, 2, 2, 1, 2, 2, 1, 2, 0, 2, 0, 0, 2, 0, 0, 0, 0, 0, 2, 0], "dead_end": 0}, "quality": 0.862499999859375, "diversity": 0.14858490341735453, "controlability": 1.0}