{"content": [[1, 1, 1, 1, 0, 5, 6, 1], [2, 0, 5, 1, 1, 7, 5, 0], [0, 0, 4, 4, 4, 6, 6, 1], [7, 5, 7, 5, 0, 7, 0, 4], [7, 0, 1, 6, 1, 1, 7, 0], [1, 6, 0, 0, 0, 0, 7, 5], [0, 4, 5, 0, 6, 1, 0, 5], [4, 0, 7, 0, 7, 0, 1, 1], [6, 0, 1, 3, 4, 4, 4, 1], [5, 6, 1, 5, 1, 4, 1, 6], [6, 0, 1, 1, 5, 1, 0, 1], [5, 5, 7, 6, 6, 7, 0, 1]], "control": {"col_treasures": 18, "solution_length": 45}, "info": {"regions": 1, "players": 1, "exits": 1, "layout": 48, "heuristic": 139, "solution": [], "content": [[1, 1, 1, 1, 0, 5, 6, 1], [2, 0, 5, 1, 1, 7, 5, 0], [0, 0, 4, 4, 4, 6, 6, 1], [7, 5, 7, 5, 0, 7, 0, 4], [7, 0, 1, 6, 1, 1, 7, 0], [1, 6, 0, 0, 0, 0, 7, 5], [0, 4, 5, 0, 6, 1, 0, 5], [4, 0, 7, 0, 7, 0, 1, 1], [6, 0, 1, 3, 4, 4, 4, 1], [5, 6, 1, 5, 1, 4, 1, 6], [6, 0, 1, 1, 5, 1, 0, 1], [5, 5, 7, 6, 6, 7, 0, 1]], "potions": 10, "treasures": 13, "enemies": 23, "solution_length": 0, "enemies_loc": [[6, 0], [5, 1], [5, 2], [6, 2], [0, 3], [2, 3], [5, 3], [0, 4], [3, 4], [6, 4], [1, 5], [6, 5], [4, 6], [2, 7], [4, 7], [0, 8], [1, 9], [7, 9], [0, 10], [2, 11], [3, 11], [4, 11], [5, 11]], "status": "running", "health": 5, "col_treasures": 3, "col_potions": 2, "col_enemies": 1}, "quality": 0.4974862557868589, "diversity": 0.2947916598524307, "controlability": 0.10714285706632652}