{"content": [[1, 1, 1, 0, 1, 1, 1, 0, 0, 1, 0], [1, 5, 1, 1, 0, 1, 1, 0, 0, 1, 0], [1, 1, 2, 1, 0, 0, 1, 5, 1, 1, 0], [1, 1, 0, 0, 1, 1, 0, 1, 0, 1, 0], [1, 5, 5, 1, 1, 1, 1, 1, 1, 1, 1], [1, 0, 1, 1, 1, 0, 1, 1, 5, 1, 1], [1, 2, 0, 0, 4, 1, 0, 0, 4, 3, 1]], "control": {"player_key": 17, "key_door": 17}, "info": {"regions": 1, "players": 2, "keys": 1, "doors": 2, "enemies": 5, "player_key": 13, "key_door": 9, "pk_path": [[2, 2], [1, 2], [1, 3], [1, 4], [2, 4], [3, 4], [4, 4], [5, 4], [6, 4], [6, 5], [7, 5], [8, 5], [9, 5], [9, 6]], "kd_path": []}, "quality": 0.4974990987496578, "diversity": 1.0, "controlability": 0.7333333328444445}