{"content": [[1, 1, 1, 0, 5, 1, 1, 1, 0, 1, 0], [1, 1, 1, 1, 0, 1, 1, 0, 0, 1, 0], [1, 1, 1, 1, 1, 0, 1, 5, 1, 1, 2], [0, 1, 0, 0, 0, 0, 0, 1, 0, 1, 0], [0, 5, 5, 1, 1, 1, 1, 1, 1, 1, 1], [1, 0, 1, 1, 4, 0, 1, 1, 5, 1, 1], [1, 0, 0, 0, 1, 1, 0, 5, 1, 3, 1]], "control": {"player_key": 17, "key_door": 17}, "info": {"regions": 2, "players": 1, "keys": 1, "doors": 1, "enemies": 6, "player_key": 5, "key_door": 8, "pk_path": [[10, 2], [9, 2], [9, 3], [9, 4], [9, 5], [9, 6]], "kd_path": []}, "quality": 0.891529793526533, "diversity": 0.050000000000000044, "controlability": 0.43333333304444444}