{"content": [[1, 1, 1, 0, 1, 1, 1, 1, 0, 1, 0], [1, 1, 1, 1, 0, 1, 1, 0, 0, 1, 0], [1, 5, 4, 1, 1, 1, 1, 5, 1, 5, 0], [0, 1, 0, 0, 0, 1, 0, 1, 0, 1, 0], [1, 5, 1, 1, 1, 1, 1, 1, 1, 1, 1], [1, 0, 1, 5, 4, 2, 1, 1, 5, 1, 0], [1, 0, 0, 0, 1, 1, 0, 0, 1, 3, 1]], "control": {"player_key": 17, "key_door": 17}, "info": {"regions": 1, "players": 1, "keys": 1, "doors": 2, "enemies": 6, "player_key": 5, "key_door": 11, "pk_path": [[5, 5], [6, 5], [7, 5], [8, 5], [8, 6], [9, 6]], "kd_path": []}, "quality": 0.49746530279538154, "diversity": 0.7353367314414703, "controlability": 0.5333333329777777}