{"content": [[1, 1, 7, 5, 7, 5, 5, 6], [0, 0, 0, 0, 1, 3, 5, 5], [0, 7, 1, 7, 2, 1, 6, 7], [1, 5, 1, 0, 0, 7, 0, 5], [1, 0, 1, 1, 3, 1, 7, 0], [1, 7, 0, 7, 7, 6, 0, 1], [1, 1, 6, 2, 0, 7, 1, 5], [5, 0, 6, 6, 7, 1, 7, 6], [7, 0, 1, 5, 1, 0, 0, 1], [5, 0, 1, 6, 0, 4, 7, 1], [5, 7, 7, 6, 7, 0, 0, 1], [3, 0, 6, 0, 7, 7, 0, 1]], "control": {"col_treasures": 8, "solution_length": 30}, "info": {"regions": 1, "players": 2, "exits": 3, "layout": 48, "heuristic": -1, "solution": [], "content": [[1, 1, 7, 5, 7, 5, 5, 6], [0, 0, 0, 0, 1, 3, 5, 5], [0, 7, 1, 7, 2, 1, 6, 7], [1, 5, 1, 0, 0, 7, 0, 5], [1, 0, 1, 1, 3, 1, 7, 0], [1, 7, 0, 7, 7, 6, 0, 1], [1, 1, 6, 2, 0, 7, 1, 5], [5, 0, 6, 6, 7, 1, 7, 6], [7, 0, 1, 5, 1, 0, 0, 1], [5, 0, 1, 6, 0, 4, 7, 1], [5, 7, 7, 6, 7, 0, 0, 1], [3, 0, 6, 0, 7, 7, 0, 1]], "potions": 1, "treasures": 12, "enemies": 30, "solution_length": 0, "enemies_loc": [[2, 0], [4, 0], [7, 0], [1, 2], [3, 2], [6, 2], [7, 2], [5, 3], [6, 4], [1, 5], [3, 5], [4, 5], [5, 5], [2, 6], [5, 6], [2, 7], [3, 7], [4, 7], [6, 7], [7, 7], [0, 8], [3, 9], [6, 9], [1, 10], [2, 10], [3, 10], [4, 10], [2, 11], [4, 11], [5, 11]]}, "quality": 0.33122807016162514, "diversity": 0.37135415988281273, "controlability": 0.0}