{"content": {"layout": [15, 15, 15, 5, 0, 15, 5, 5, 0, 15, 13, 13, 3, 2, 5, 15], "start": 11, "boss": 13, "shop": 8, "treasure": 4}, "control": {"map_size": 11}, "info": {"map_size": 14, "num_regions": 1, "connect_regions": 2, "loose_connections": 17, "locations": 2, "player_boss_distance": 5, "flat": [0, 2, 0, 0, 2, 0, 0, 2, 0, 0, 0, 0, 2, 1, 2, 2, 1, 2, 2, 1, 2, 2, 1, 2, 0, 2, 0, 0, 2, 0, 0, 2, 0, 0, 0, 0, 0, 0, 0, 0, 2, 0, 0, 0, 0, 0, 0, 0, 0, 0, 0, 2, 1, 2, 2, 1, 2, 2, 1, 2, 0, 0, 0, 0, 2, 0, 0, 0, 0, 0, 0, 0, 0, 0, 0, 0, 2, 0, 0, 0, 0, 0, 0, 0, 0, 0, 0, 2, 1, 2, 2, 1, 2, 2, 1, 2, 0, 0, 0, 0, 2, 0, 0, 2, 0, 0, 2, 0, 0, 2, 0, 0, 2, 0, 0, 0, 0, 0, 2, 0, 2, 1, 0, 0, 1, 0, 2, 1, 2, 2, 1, 2, 0, 0, 0, 0, 0, 0, 0, 0, 0, 0, 2, 0], "dead_end": 1}, "quality": 0.5899999999066667, "diversity": 0.673958325137804, "controlability": 0.9687499984863283}