{"content": [[1, 7, 1, 7, 7, 1, 7, 6], [0, 7, 0, 0, 4, 7, 7, 6], [0, 0, 0, 0, 7, 6, 6, 1], [0, 1, 1, 0, 4, 7, 6, 1], [1, 7, 5, 7, 6, 1, 0, 6], [1, 6, 0, 7, 7, 6, 0, 4], [0, 7, 6, 2, 1, 6, 6, 5], [1, 0, 0, 0, 1, 0, 7, 2], [7, 0, 4, 0, 0, 4, 1, 1], [7, 0, 7, 7, 6, 4, 1, 6], [2, 3, 6, 1, 7, 6, 0, 1], [4, 4, 6, 6, 7, 1, 0, 6]], "control": {"col_treasures": 8, "solution_length": 30}, "info": {"regions": 1, "players": 3, "exits": 1, "layout": 42, "heuristic": -1, "solution": [], "content": [[1, 7, 1, 7, 7, 1, 7, 6], [0, 7, 0, 0, 4, 7, 7, 6], [0, 0, 0, 0, 7, 6, 6, 1], [0, 1, 1, 0, 4, 7, 6, 1], [1, 7, 5, 7, 6, 1, 0, 6], [1, 6, 0, 7, 7, 6, 0, 4], [0, 7, 6, 2, 1, 6, 6, 5], [1, 0, 0, 0, 1, 0, 7, 2], [7, 0, 4, 0, 0, 4, 1, 1], [7, 0, 7, 7, 6, 4, 1, 6], [2, 3, 6, 1, 7, 6, 0, 1], [4, 4, 6, 6, 7, 1, 0, 6]], "potions": 8, "treasures": 2, "enemies": 40, "solution_length": 0, "enemies_loc": [[1, 0], [3, 0], [4, 0], [6, 0], [7, 0], [1, 1], [5, 1], [6, 1], [7, 1], [4, 2], [5, 2], [6, 2], [5, 3], [6, 3], [1, 4], [3, 4], [4, 4], [7, 4], [1, 5], [3, 5], [4, 5], [5, 5], [1, 6], [2, 6], [5, 6], [6, 6], [6, 7], [0, 8], [0, 9], [2, 9], [3, 9], [4, 9], [7, 9], [2, 10], [4, 10], [5, 10], [2, 11], [3, 11], [4, 11], [7, 11]]}, "quality": 0.3235964912090476, "diversity": 0.24088541106119798, "controlability": 0.0}