{"content": {"layout": [5, 9, 0, 5, 4, 0, 0, 4, 11, 8, 15, 1, 0, 14, 9, 7], "start": 3, "boss": 3, "shop": 3, "treasure": 3}, "control": {"map_size": 8}, "info": {"map_size": 12, "num_regions": 1, "connect_regions": 8, "loose_connections": 17, "locations": 1, "player_boss_distance": -1, "flat": [0, 0, 0, 0, 0, 0, 0, 0, 0, 0, 0, 0, 2, 1, 2, 2, 1, 0, 0, 0, 0, 2, 1, 2, 0, 0, 0, 0, 2, 0, 0, 0, 0, 0, 0, 0, 0, 0, 0, 0, 0, 0, 0, 0, 0, 0, 0, 0, 0, 1, 2, 0, 0, 0, 0, 0, 0, 0, 1, 2, 0, 0, 0, 0, 0, 0, 0, 0, 0, 0, 0, 0, 0, 2, 0, 0, 0, 0, 0, 2, 0, 0, 0, 0, 2, 1, 0, 0, 1, 0, 2, 1, 2, 2, 1, 0, 0, 2, 0, 0, 2, 0, 0, 2, 0, 0, 0, 0, 0, 0, 0, 0, 2, 0, 0, 0, 0, 0, 2, 0, 0, 0, 0, 0, 1, 2, 2, 1, 0, 2, 1, 2, 0, 0, 0, 0, 2, 0, 0, 2, 0, 0, 0, 0], "dead_end": 0}, "quality": 0.5299999999466667, "diversity": 0.14311594030608388, "controlability": 1.0}