{"content": {"layout": [4, 13, 5, 9, 4, 15, 5, 0, 4, 15, 0, 0, 2, 0, 5, 1], "start": 3, "boss": 15, "shop": 4, "treasure": 8}, "control": {"map_size": 11}, "info": {"map_size": 12, "num_regions": 2, "connect_regions": 3, "loose_connections": 6, "locations": 4, "player_boss_distance": 5, "flat": [0, 0, 0, 0, 0, 0, 0, 0, 0, 0, 0, 0, 0, 1, 2, 2, 1, 2, 2, 1, 2, 2, 1, 0, 0, 0, 0, 0, 2, 0, 0, 0, 0, 0, 2, 0, 0, 0, 0, 0, 2, 0, 0, 0, 0, 0, 0, 0, 0, 1, 2, 2, 1, 2, 2, 1, 2, 0, 0, 0, 0, 0, 0, 0, 2, 0, 0, 0, 0, 0, 0, 0, 0, 0, 0, 0, 2, 0, 0, 0, 0, 0, 0, 0, 0, 1, 2, 2, 1, 2, 0, 0, 0, 0, 0, 0, 0, 0, 0, 0, 2, 0, 0, 0, 0, 0, 0, 0, 0, 2, 0, 0, 0, 0, 0, 0, 0, 0, 0, 0, 0, 1, 0, 0, 0, 0, 2, 1, 2, 2, 1, 0, 0, 0, 0, 0, 0, 0, 0, 0, 0, 0, 0, 0], "dead_end": 3}, "quality": 0.5699999998199999, "diversity": 0.0886243373663469, "controlability": 0.6562499989746094}