{"content": [[0, 0, 6, 6, 0, 1, 5, 2], [3, 5, 5, 2, 1, 4, 2, 7], [0, 0, 1, 0, 4, 1, 5, 4], [7, 1, 2, 6, 2, 1, 1, 6], [7, 3, 4, 0, 2, 4, 4, 1], [4, 7, 1, 1, 5, 2, 7, 1], [6, 1, 7, 0, 5, 4, 5, 7], [1, 5, 7, 4, 4, 6, 0, 6], [3, 1, 6, 1, 4, 0, 4, 6], [6, 1, 5, 7, 2, 5, 3, 2], [5, 1, 5, 4, 5, 4, 3, 6], [0, 5, 4, 1, 3, 5, 2, 0]], "control": {"col_treasures": 11, "solution_length": 35}, "info": {"regions": 1, "players": 10, "exits": 6, "layout": 30, "heuristic": -1, "solution": [], "content": [[0, 0, 6, 6, 0, 1, 5, 2], [3, 5, 5, 2, 1, 4, 2, 7], [0, 0, 1, 0, 4, 1, 5, 4], [7, 1, 2, 6, 2, 1, 1, 6], [7, 3, 4, 0, 2, 4, 4, 1], [4, 7, 1, 1, 5, 2, 7, 1], [6, 1, 7, 0, 5, 4, 5, 7], [1, 5, 7, 4, 4, 6, 0, 6], [3, 1, 6, 1, 4, 0, 4, 6], [6, 1, 5, 7, 2, 5, 3, 2], [5, 1, 5, 4, 5, 4, 3, 6], [0, 5, 4, 1, 3, 5, 2, 0]], "potions": 15, "treasures": 15, "enemies": 20, "solution_length": 0, "enemies_loc": [[2, 0], [3, 0], [7, 1], [0, 3], [3, 3], [7, 3], [0, 4], [1, 5], [6, 5], [0, 6], [2, 6], [7, 6], [2, 7], [5, 7], [7, 7], [2, 8], [7, 8], [0, 9], [3, 9], [7, 10]]}, "quality": 0.2985087719081431, "diversity": 0.430889412785457, "controlability": 0.0}