{"content": [[1, 1, 1, 4, 0, 1, 6, 5], [5, 0, 5, 5, 1, 7, 6, 0], [0, 0, 4, 1, 4, 6, 6, 1], [0, 5, 7, 7, 0, 7, 1, 0], [7, 0, 1, 6, 3, 1, 7, 6], [1, 4, 2, 0, 0, 6, 1, 5], [1, 5, 4, 1, 6, 0, 1, 5], [4, 3, 7, 0, 7, 0, 0, 1], [5, 0, 1, 5, 4, 4, 4, 4], [5, 6, 1, 5, 1, 4, 1, 1], [5, 0, 6, 1, 7, 6, 0, 1], [0, 4, 7, 6, 6, 6, 1, 1]], "control": {"col_treasures": 18, "solution_length": 45}, "info": {"regions": 1, "players": 1, "exits": 2, "layout": 44, "heuristic": -1, "solution": [], "content": [[1, 1, 1, 4, 0, 1, 6, 5], [5, 0, 5, 5, 1, 7, 6, 0], [0, 0, 4, 1, 4, 6, 6, 1], [0, 5, 7, 7, 0, 7, 1, 0], [7, 0, 1, 6, 3, 1, 7, 6], [1, 4, 2, 0, 0, 6, 1, 5], [1, 5, 4, 1, 6, 0, 1, 5], [4, 3, 7, 0, 7, 0, 0, 1], [5, 0, 1, 5, 4, 4, 4, 4], [5, 6, 1, 5, 1, 4, 1, 1], [5, 0, 6, 1, 7, 6, 0, 1], [0, 4, 7, 6, 6, 6, 1, 1]], "potions": 12, "treasures": 13, "enemies": 24, "solution_length": 0, "enemies_loc": [[6, 0], [5, 1], [6, 1], [5, 2], [6, 2], [2, 3], [3, 3], [5, 3], [0, 4], [3, 4], [6, 4], [7, 4], [5, 5], [4, 6], [2, 7], [4, 7], [1, 9], [2, 10], [4, 10], [5, 10], [2, 11], [3, 11], [4, 11], [5, 11]]}, "quality": 0.3270760233721377, "diversity": 0.31537355619612084, "controlability": 0.0}