{"content": [[1, 1, 4, 1, 0, 1, 5, 0], [5, 0, 5, 4, 1, 7, 5, 2], [0, 0, 1, 3, 5, 6, 5, 1], [0, 2, 1, 0, 0, 4, 1, 4], [1, 0, 1, 0, 2, 1, 7, 0], [1, 5, 0, 1, 1, 7, 3, 4], [2, 1, 4, 7, 0, 1, 1, 5], [5, 0, 6, 0, 7, 4, 4, 1], [5, 0, 1, 5, 5, 4, 0, 1], [5, 0, 1, 1, 0, 0, 1, 0], [5, 3, 1, 4, 7, 0, 0, 1], [5, 3, 5, 7, 6, 1, 1, 6]], "control": {"col_treasures": 18, "solution_length": 45}, "info": {"regions": 2, "players": 4, "exits": 4, "layout": 51, "heuristic": -1, "solution": [], "content": [[1, 1, 4, 1, 0, 1, 5, 0], [5, 0, 5, 4, 1, 7, 5, 2], [0, 0, 1, 3, 5, 6, 5, 1], [0, 2, 1, 0, 0, 4, 1, 4], [1, 0, 1, 0, 2, 1, 7, 0], [1, 5, 0, 1, 1, 7, 3, 4], [2, 1, 4, 7, 0, 1, 1, 5], [5, 0, 6, 0, 7, 4, 4, 1], [5, 0, 1, 5, 5, 4, 0, 1], [5, 0, 1, 1, 0, 0, 1, 0], [5, 3, 1, 4, 7, 0, 0, 1], [5, 3, 5, 7, 6, 1, 1, 6]], "potions": 10, "treasures": 16, "enemies": 11, "solution_length": 0, "enemies_loc": [[5, 1], [5, 2], [6, 4], [5, 5], [3, 6], [2, 7], [4, 7], [4, 10], [3, 11], [4, 11], [7, 11]]}, "quality": 0.32137086895095035, "diversity": 0.2946742887599033, "controlability": 0.0}