{"content": [[1, 3, 7, 1, 6, 1, 5, 4], [0, 1, 1, 0, 1, 3, 7, 0], [0, 0, 7, 4, 4, 6, 6, 1], [4, 2, 1, 4, 0, 7, 1, 0], [4, 1, 1, 1, 1, 1, 7, 0], [1, 6, 1, 6, 1, 7, 6, 5], [1, 4, 7, 6, 0, 7, 1, 1], [4, 4, 4, 0, 5, 4, 1, 2], [3, 1, 1, 5, 4, 6, 1, 1], [1, 0, 1, 6, 1, 0, 1, 3], [2, 2, 6, 1, 0, 6, 0, 1], [0, 3, 2, 6, 6, 1, 4, 2]], "control": {"col_treasures": 18, "solution_length": 45}, "info": {"regions": 1, "players": 6, "exits": 5, "layout": 47, "heuristic": -1, "solution": [], "content": [[1, 3, 7, 1, 6, 1, 5, 4], [0, 1, 1, 0, 1, 3, 7, 0], [0, 0, 7, 4, 4, 6, 6, 1], [4, 2, 1, 4, 0, 7, 1, 0], [4, 1, 1, 1, 1, 1, 7, 0], [1, 6, 1, 6, 1, 7, 6, 5], [1, 4, 7, 6, 0, 7, 1, 1], [4, 4, 4, 0, 5, 4, 1, 2], [3, 1, 1, 5, 4, 6, 1, 1], [1, 0, 1, 6, 1, 0, 1, 3], [2, 2, 6, 1, 0, 6, 0, 1], [0, 3, 2, 6, 6, 1, 4, 2]], "potions": 13, "treasures": 4, "enemies": 21, "solution_length": 0, "enemies_loc": [[2, 0], [4, 0], [6, 1], [2, 2], [5, 2], [6, 2], [5, 3], [6, 4], [1, 5], [3, 5], [5, 5], [6, 5], [2, 6], [3, 6], [5, 6], [5, 8], [3, 9], [2, 10], [5, 10], [3, 11], [4, 11]]}, "quality": 0.3256286549437904, "diversity": 0.26730323433593783, "controlability": 0.0}