{"content": [[0, 1, 6, 2, 7, 1, 1, 2], [1, 4, 5, 4, 5, 7, 4, 6], [5, 5, 3, 1, 3, 2, 5, 3], [0, 4, 4, 3, 1, 0, 4, 5], [0, 0, 4, 3, 2, 4, 6, 2], [5, 3, 1, 1, 4, 1, 7, 1], [6, 1, 4, 0, 1, 0, 5, 6], [1, 5, 4, 4, 4, 0, 0, 3], [2, 1, 3, 4, 4, 0, 1, 1], [5, 4, 5, 7, 2, 1, 0, 5], [5, 1, 5, 4, 2, 4, 1, 1], [6, 0, 2, 7, 1, 5, 6, 6]], "control": {"col_treasures": 5, "solution_length": 24}, "info": {"regions": 1, "players": 9, "exits": 8, "layout": 33, "heuristic": -1, "solution": [], "content": [[0, 1, 6, 2, 7, 1, 1, 2], [1, 4, 5, 4, 5, 7, 4, 6], [5, 5, 3, 1, 3, 2, 5, 3], [0, 4, 4, 3, 1, 0, 4, 5], [0, 0, 4, 3, 2, 4, 6, 2], [5, 3, 1, 1, 4, 1, 7, 1], [6, 1, 4, 0, 1, 0, 5, 6], [1, 5, 4, 4, 4, 0, 0, 3], [2, 1, 3, 4, 4, 0, 1, 1], [5, 4, 5, 7, 2, 1, 0, 5], [5, 1, 5, 4, 2, 4, 1, 1], [6, 0, 2, 7, 1, 5, 6, 6]], "potions": 18, "treasures": 15, "enemies": 13, "solution_length": 0, "enemies_loc": [[2, 0], [4, 0], [5, 1], [7, 1], [6, 4], [6, 5], [0, 6], [7, 6], [3, 9], [0, 11], [3, 11], [6, 11], [7, 11]]}, "quality": 0.30197368418805065, "diversity": 0.4113669492187503, "controlability": 0.0}