{"content": [[1, 1, 6, 6, 0, 5, 4, 0], [5, 7, 5, 6, 1, 7, 5, 0], [4, 1, 7, 3, 4, 3, 5, 1], [7, 1, 1, 0, 0, 7, 0, 0], [1, 7, 1, 1, 5, 5, 7, 0], [1, 6, 0, 1, 1, 6, 1, 0], [3, 1, 5, 1, 5, 6, 1, 5], [4, 0, 0, 0, 7, 0, 1, 1], [6, 1, 4, 1, 7, 6, 1, 1], [1, 0, 1, 6, 0, 0, 1, 5], [5, 3, 6, 1, 7, 2, 2, 1], [0, 5, 7, 2, 6, 1, 1, 1]], "control": {"col_treasures": 18, "solution_length": 45}, "info": {"regions": 1, "players": 3, "exits": 4, "layout": 49, "heuristic": -1, "solution": [], "content": [[1, 1, 6, 6, 0, 5, 4, 0], [5, 7, 5, 6, 1, 7, 5, 0], [4, 1, 7, 3, 4, 3, 5, 1], [7, 1, 1, 0, 0, 7, 0, 0], [1, 7, 1, 1, 5, 5, 7, 0], [1, 6, 0, 1, 1, 6, 1, 0], [3, 1, 5, 1, 5, 6, 1, 5], [4, 0, 0, 0, 7, 0, 1, 1], [6, 1, 4, 1, 7, 6, 1, 1], [1, 0, 1, 6, 0, 0, 1, 5], [5, 3, 6, 1, 7, 2, 2, 1], [0, 5, 7, 2, 6, 1, 1, 1]], "potions": 5, "treasures": 13, "enemies": 22, "solution_length": 0, "enemies_loc": [[2, 0], [3, 0], [1, 1], [3, 1], [5, 1], [2, 2], [0, 3], [5, 3], [1, 4], [6, 4], [1, 5], [5, 5], [5, 6], [4, 7], [0, 8], [4, 8], [5, 8], [3, 9], [2, 10], [4, 10], [2, 11], [4, 11]]}, "quality": 0.329824561389843, "diversity": 0.29003267297794144, "controlability": 0.0}