{"content": {"layout": [4, 13, 5, 9, 4, 15, 0, 0, 12, 11, 0, 0, 0, 6, 5, 1], "start": 3, "boss": 7, "shop": 4, "treasure": 8}, "control": {"map_size": 11}, "info": {"map_size": 11, "num_regions": 1, "connect_regions": 1, "loose_connections": 3, "locations": 3, "player_boss_distance": 1, "flat": [0, 0, 0, 0, 0, 0, 0, 0, 0, 0, 0, 0, 0, 1, 2, 2, 1, 2, 2, 1, 2, 2, 1, 0, 0, 0, 0, 0, 2, 0, 0, 0, 0, 0, 2, 0, 0, 0, 0, 0, 2, 0, 0, 0, 0, 0, 0, 0, 0, 1, 2, 2, 1, 2, 0, 0, 0, 0, 0, 0, 0, 0, 0, 0, 2, 0, 0, 0, 0, 0, 0, 0, 0, 0, 0, 0, 2, 0, 0, 0, 0, 0, 0, 0, 0, 1, 2, 2, 1, 0, 0, 0, 0, 0, 0, 0, 0, 2, 0, 0, 2, 0, 0, 0, 0, 0, 0, 0, 0, 0, 0, 0, 2, 0, 0, 0, 0, 0, 0, 0, 0, 0, 0, 0, 1, 2, 2, 1, 2, 2, 1, 0, 0, 0, 0, 0, 0, 0, 0, 0, 0, 0, 0, 0], "dead_end": 1}, "quality": 0.7312499996953125, "diversity": 0.5600404998153876, "controlability": 0.4999999992187501}