{"content": [[0, 0, 1, 1, 1, 1, 0, 1, 0, 1, 0, 0, 1, 1], [1, 1, 1, 0, 1, 0, 0, 1, 0, 1, 1, 0, 0, 1], [1, 0, 1, 1, 0, 1, 0, 0, 1, 1, 0, 1, 1, 1], [0, 1, 1, 1, 0, 0, 0, 0, 0, 1, 0, 1, 0, 1], [0, 1, 1, 1, 0, 0, 1, 0, 0, 0, 0, 0, 0, 0], [1, 1, 1, 0, 1, 0, 1, 0, 1, 1, 1, 0, 0, 0], [0, 1, 1, 0, 0, 0, 1, 1, 0, 1, 1, 1, 0, 0], [1, 0, 1, 1, 0, 0, 1, 0, 1, 1, 1, 0, 0, 0], [1, 1, 1, 1, 1, 0, 1, 1, 0, 1, 0, 1, 0, 1], [0, 0, 0, 1, 1, 0, 1, 0, 0, 0, 1, 1, 1, 1], [1, 0, 0, 1, 0, 0, 1, 1, 0, 0, 0, 1, 1, 0], [0, 0, 1, 0, 0, 0, 1, 1, 1, 0, 1, 1, 1, 0], [1, 1, 1, 0, 0, 1, 0, 0, 0, 1, 1, 0, 1, 1], [0, 0, 0, 1, 1, 1, 1, 0, 1, 0, 1, 1, 1, 1]], "control": {"path": 50}, "info": {"path": 14, "regions": 13, "flat": [0, 0, 1, 1, 1, 1, 0, 1, 0, 1, 0, 0, 1, 1, 1, 1, 1, 0, 1, 0, 0, 1, 0, 1, 1, 0, 0, 1, 1, 0, 1, 1, 0, 1, 0, 0, 1, 1, 0, 1, 1, 1, 0, 1, 1, 1, 0, 0, 0, 0, 0, 1, 0, 1, 0, 1, 0, 1, 1, 1, 0, 0, 1, 0, 0, 0, 0, 0, 0, 0, 1, 1, 1, 0, 1, 0, 1, 0, 1, 1, 1, 0, 0, 0, 0, 1, 1, 0, 0, 0, 1, 1, 0, 1, 1, 1, 0, 0, 1, 0, 1, 1, 0, 0, 1, 0, 1, 1, 1, 0, 0, 0, 1, 1, 1, 1, 1, 0, 1, 1, 0, 1, 0, 1, 0, 1, 0, 0, 0, 1, 1, 0, 1, 0, 0, 0, 1, 1, 1, 1, 1, 0, 0, 1, 0, 0, 1, 1, 0, 0, 0, 1, 1, 0, 0, 0, 1, 0, 0, 0, 1, 1, 1, 0, 1, 1, 1, 0, 1, 1, 1, 0, 0, 1, 0, 0, 0, 1, 1, 0, 1, 1, 0, 0, 0, 1, 1, 1, 1, 0, 1, 0, 1, 1, 1, 1]}, "quality": 0.42741935465403724, "diversity": 0.9579081631750117, "controlability": 0.3255813952731206}