{"content": [[1, 1, 1, 0, 1, 1, 1, 4, 0, 1, 0], [1, 1, 1, 1, 0, 1, 1, 0, 0, 1, 0], [1, 1, 1, 1, 1, 1, 1, 5, 1, 1, 0], [5, 1, 0, 0, 0, 2, 0, 1, 0, 1, 0], [1, 5, 1, 1, 1, 1, 1, 1, 0, 1, 1], [1, 0, 1, 1, 4, 0, 1, 1, 5, 1, 1], [1, 2, 0, 0, 1, 1, 0, 0, 1, 3, 1]], "control": {"player_key": 17, "key_door": 17}, "info": {"regions": 1, "players": 2, "keys": 1, "doors": 2, "enemies": 4, "player_key": 7, "key_door": 10, "pk_path": [[5, 3], [5, 4], [6, 4], [6, 5], [7, 5], [8, 5], [8, 6], [9, 6]], "kd_path": []}, "quality": 0.4983552631416638, "diversity": 0.8580246738683134, "controlability": 0.5666666662888888}