{"content": [[1, 1, 1, 0, 1, 1, 1, 0, 0, 1, 0], [1, 1, 1, 1, 0, 0, 1, 0, 0, 1, 0], [1, 1, 1, 1, 5, 1, 1, 5, 1, 1, 0], [0, 1, 0, 3, 0, 1, 5, 1, 0, 1, 0], [1, 5, 1, 1, 1, 1, 1, 1, 1, 1, 1], [1, 0, 1, 1, 1, 0, 1, 1, 2, 1, 1], [1, 2, 3, 0, 1, 1, 0, 0, 1, 3, 1]], "control": {"player_key": 17, "key_door": 17}, "info": {"regions": 1, "players": 2, "keys": 3, "doors": 0, "enemies": 4, "player_key": 7, "key_door": -1, "pk_path": [[8, 5], [8, 4], [7, 4], [6, 4], [5, 4], [4, 4], [3, 4], [3, 3]], "kd_path": []}, "quality": 0.4350328947207194, "diversity": 1.0, "controlability": 0.23333333317777777}