{"content": [[1, 1, 1, 0, 1, 1, 0, 1, 0, 1, 2], [1, 5, 1, 1, 0, 1, 1, 0, 0, 1, 0], [1, 1, 1, 1, 1, 0, 1, 5, 1, 1, 0], [0, 1, 0, 0, 1, 0, 0, 1, 0, 1, 0], [0, 1, 0, 1, 1, 5, 1, 1, 1, 1, 1], [1, 5, 1, 1, 5, 0, 1, 1, 5, 1, 1], [1, 4, 0, 0, 1, 1, 0, 0, 1, 3, 5]], "control": {"player_key": 17, "key_door": 17}, "info": {"regions": 2, "players": 1, "keys": 1, "doors": 1, "enemies": 7, "player_key": 7, "key_door": 12, "pk_path": [[10, 0], [9, 0], [9, 1], [9, 2], [9, 3], [9, 4], [9, 5], [9, 6]], "kd_path": []}, "quality": 0.9601180736878417, "diversity": 1.0, "controlability": 0.633333332911111}