{"content": [[0, 1, 0, 0, 1, 0, 1, 0, 1, 0, 0, 1, 1, 0], [1, 1, 1, 0, 1, 0, 0, 1, 1, 1, 1, 1, 0, 1], [1, 0, 1, 0, 1, 0, 1, 0, 0, 0, 1, 1, 1, 1], [0, 1, 0, 1, 0, 0, 0, 1, 1, 1, 0, 0, 0, 0], [1, 1, 0, 1, 0, 0, 1, 1, 0, 0, 1, 1, 0, 0], [1, 0, 1, 1, 1, 1, 1, 1, 1, 1, 1, 1, 0, 0], [1, 1, 0, 0, 1, 0, 0, 1, 0, 1, 0, 0, 1, 0], [1, 1, 1, 1, 1, 0, 1, 1, 0, 1, 1, 0, 1, 0], [1, 1, 0, 0, 0, 1, 1, 1, 1, 1, 1, 1, 1, 0], [1, 0, 0, 1, 0, 1, 1, 1, 0, 0, 0, 0, 1, 1], [1, 0, 0, 1, 0, 1, 1, 1, 1, 0, 1, 1, 1, 0], [0, 0, 1, 0, 0, 1, 1, 1, 0, 1, 1, 0, 1, 1], [0, 0, 1, 0, 1, 1, 1, 1, 0, 1, 1, 0, 1, 0], [0, 0, 1, 1, 1, 0, 0, 1, 0, 1, 0, 0, 0, 1]], "control": {"path": 92}, "info": {"path": 30, "regions": 8, "flat": [0, 1, 0, 0, 1, 0, 1, 0, 1, 0, 0, 1, 1, 0, 1, 1, 1, 0, 1, 0, 0, 1, 1, 1, 1, 1, 0, 1, 1, 0, 1, 0, 1, 0, 1, 0, 0, 0, 1, 1, 1, 1, 0, 1, 0, 1, 0, 0, 0, 1, 1, 1, 0, 0, 0, 0, 1, 1, 0, 1, 0, 0, 1, 1, 0, 0, 1, 1, 0, 0, 1, 0, 1, 1, 1, 1, 1, 1, 1, 1, 1, 1, 0, 0, 1, 1, 0, 0, 1, 0, 0, 1, 0, 1, 0, 0, 1, 0, 1, 1, 1, 1, 1, 0, 1, 1, 0, 1, 1, 0, 1, 0, 1, 1, 0, 0, 0, 1, 1, 1, 1, 1, 1, 1, 1, 0, 1, 0, 0, 1, 0, 1, 1, 1, 0, 0, 0, 0, 1, 1, 1, 0, 0, 1, 0, 1, 1, 1, 1, 0, 1, 1, 1, 0, 0, 0, 1, 0, 0, 1, 1, 1, 0, 1, 1, 0, 1, 1, 0, 0, 1, 0, 1, 1, 1, 1, 0, 1, 1, 0, 1, 0, 0, 0, 1, 1, 1, 0, 0, 1, 0, 1, 0, 0, 0, 1]}, "quality": 0.8118279568215978, "diversity": 0.5588775509542249, "controlability": 0.35294117642906575}