{"content": [[1, 1, 0, 0, 1, 1, 1, 1, 0, 1, 1, 0, 0, 1], [0, 1, 1, 0, 1, 0, 1, 0, 0, 1, 1, 1, 1, 1], [1, 1, 0, 1, 1, 0, 1, 1, 1, 1, 0, 1, 1, 0], [0, 1, 1, 1, 1, 0, 0, 0, 0, 0, 0, 1, 0, 1], [0, 0, 1, 0, 1, 0, 1, 0, 1, 1, 1, 1, 1, 0], [0, 1, 1, 1, 0, 1, 1, 1, 1, 1, 1, 1, 1, 0], [1, 1, 0, 1, 1, 1, 0, 0, 0, 1, 0, 0, 0, 0], [1, 1, 0, 1, 0, 1, 1, 0, 1, 0, 1, 1, 1, 1], [1, 1, 1, 0, 0, 1, 0, 0, 1, 1, 1, 0, 1, 0], [1, 0, 1, 0, 0, 1, 1, 1, 0, 0, 1, 0, 1, 1], [0, 1, 1, 1, 1, 1, 1, 0, 1, 0, 1, 1, 1, 1], [0, 1, 1, 0, 0, 0, 1, 1, 0, 1, 1, 0, 1, 1], [1, 1, 1, 0, 1, 1, 0, 1, 1, 1, 1, 1, 1, 0], [0, 0, 1, 0, 1, 1, 1, 1, 0, 0, 1, 1, 0, 1]], "control": {"path": 92}, "info": {"path": 35, "regions": 4, "flat": [1, 1, 0, 0, 1, 1, 1, 1, 0, 1, 1, 0, 0, 1, 0, 1, 1, 0, 1, 0, 1, 0, 0, 1, 1, 1, 1, 1, 1, 1, 0, 1, 1, 0, 1, 1, 1, 1, 0, 1, 1, 0, 0, 1, 1, 1, 1, 0, 0, 0, 0, 0, 0, 1, 0, 1, 0, 0, 1, 0, 1, 0, 1, 0, 1, 1, 1, 1, 1, 0, 0, 1, 1, 1, 0, 1, 1, 1, 1, 1, 1, 1, 1, 0, 1, 1, 0, 1, 1, 1, 0, 0, 0, 1, 0, 0, 0, 0, 1, 1, 0, 1, 0, 1, 1, 0, 1, 0, 1, 1, 1, 1, 1, 1, 1, 0, 0, 1, 0, 0, 1, 1, 1, 0, 1, 0, 1, 0, 1, 0, 0, 1, 1, 1, 0, 0, 1, 0, 1, 1, 0, 1, 1, 1, 1, 1, 1, 0, 1, 0, 1, 1, 1, 1, 0, 1, 1, 0, 0, 0, 1, 1, 0, 1, 1, 0, 1, 1, 1, 1, 1, 0, 1, 1, 0, 1, 1, 1, 1, 1, 1, 0, 0, 0, 1, 0, 1, 1, 1, 1, 0, 0, 1, 1, 0, 1]}, "quality": 0.9193548384842178, "diversity": 0.8176020407211513, "controlability": 0.41176470583391006}