{"content": [[0, 1, 0, 0, 0, 1, 1, 1, 1, 1, 0, 0, 1, 1], [0, 1, 1, 1, 1, 0, 0, 1, 1, 1, 1, 1, 0, 1], [1, 0, 0, 1, 1, 0, 1, 0, 1, 1, 0, 1, 0, 1], [0, 0, 1, 1, 1, 0, 1, 1, 1, 0, 1, 1, 0, 0], [0, 0, 1, 0, 0, 1, 1, 1, 1, 0, 1, 1, 0, 0], [1, 1, 1, 1, 0, 1, 0, 1, 1, 1, 1, 1, 1, 0], [1, 1, 1, 1, 1, 1, 1, 0, 0, 0, 1, 0, 1, 1], [1, 1, 1, 1, 1, 0, 1, 0, 1, 1, 1, 1, 1, 1], [0, 0, 1, 0, 0, 0, 1, 1, 1, 0, 0, 0, 0, 0], [0, 0, 0, 1, 0, 1, 1, 0, 1, 0, 0, 1, 1, 1], [0, 1, 1, 1, 1, 1, 0, 0, 0, 1, 1, 1, 0, 0], [0, 0, 0, 1, 0, 1, 1, 0, 0, 0, 1, 0, 1, 0], [1, 0, 0, 1, 0, 0, 1, 1, 1, 1, 1, 1, 1, 1], [1, 0, 0, 1, 1, 1, 0, 1, 0, 0, 0, 0, 1, 1]], "control": {"path": 92}, "info": {"path": 31, "regions": 4, "flat": [0, 1, 0, 0, 0, 1, 1, 1, 1, 1, 0, 0, 1, 1, 0, 1, 1, 1, 1, 0, 0, 1, 1, 1, 1, 1, 0, 1, 1, 0, 0, 1, 1, 0, 1, 0, 1, 1, 0, 1, 0, 1, 0, 0, 1, 1, 1, 0, 1, 1, 1, 0, 1, 1, 0, 0, 0, 0, 1, 0, 0, 1, 1, 1, 1, 0, 1, 1, 0, 0, 1, 1, 1, 1, 0, 1, 0, 1, 1, 1, 1, 1, 1, 0, 1, 1, 1, 1, 1, 1, 1, 0, 0, 0, 1, 0, 1, 1, 1, 1, 1, 1, 1, 0, 1, 0, 1, 1, 1, 1, 1, 1, 0, 0, 1, 0, 0, 0, 1, 1, 1, 0, 0, 0, 0, 0, 0, 0, 0, 1, 0, 1, 1, 0, 1, 0, 0, 1, 1, 1, 0, 1, 1, 1, 1, 1, 0, 0, 0, 1, 1, 1, 0, 0, 0, 0, 0, 1, 0, 1, 1, 0, 0, 0, 1, 0, 1, 0, 1, 0, 0, 1, 0, 0, 1, 1, 1, 1, 1, 1, 1, 1, 1, 0, 0, 1, 1, 1, 0, 1, 0, 0, 0, 0, 1, 1]}, "quality": 0.9193548384842178, "diversity": 0.9002782930322002, "controlability": 0.36470588231003465}