{"content": [[0, 1, 0, 0, 0, 1, 1, 1, 1, 0, 0, 0, 1, 1], [0, 1, 0, 1, 1, 0, 0, 1, 0, 1, 1, 1, 0, 1], [1, 1, 1, 1, 0, 0, 1, 0, 1, 1, 0, 1, 1, 1], [0, 1, 1, 1, 1, 1, 1, 1, 1, 0, 0, 0, 1, 1], [0, 0, 1, 1, 0, 1, 1, 1, 1, 1, 1, 1, 1, 0], [1, 1, 1, 1, 0, 1, 1, 0, 1, 1, 1, 0, 0, 0], [0, 1, 1, 1, 1, 0, 1, 0, 0, 0, 1, 0, 1, 1], [0, 0, 1, 1, 0, 1, 1, 0, 0, 0, 1, 1, 1, 1], [1, 0, 0, 0, 0, 1, 0, 1, 1, 1, 0, 0, 1, 0], [1, 1, 1, 1, 1, 1, 1, 1, 1, 0, 1, 1, 1, 1], [1, 1, 0, 0, 1, 1, 1, 0, 1, 1, 0, 0, 1, 0], [0, 1, 0, 0, 0, 1, 1, 0, 0, 1, 1, 1, 1, 0], [1, 1, 1, 1, 0, 0, 1, 1, 1, 1, 1, 1, 1, 1], [0, 0, 0, 0, 0, 1, 1, 1, 1, 0, 1, 1, 0, 0]], "control": {"path": 62}, "info": {"path": 25, "regions": 2, "flat": [0, 1, 0, 0, 0, 1, 1, 1, 1, 0, 0, 0, 1, 1, 0, 1, 0, 1, 1, 0, 0, 1, 0, 1, 1, 1, 0, 1, 1, 1, 1, 1, 0, 0, 1, 0, 1, 1, 0, 1, 1, 1, 0, 1, 1, 1, 1, 1, 1, 1, 1, 0, 0, 0, 1, 1, 0, 0, 1, 1, 0, 1, 1, 1, 1, 1, 1, 1, 1, 0, 1, 1, 1, 1, 0, 1, 1, 0, 1, 1, 1, 0, 0, 0, 0, 1, 1, 1, 1, 0, 1, 0, 0, 0, 1, 0, 1, 1, 0, 0, 1, 1, 0, 1, 1, 0, 0, 0, 1, 1, 1, 1, 1, 0, 0, 0, 0, 1, 0, 1, 1, 1, 0, 0, 1, 0, 1, 1, 1, 1, 1, 1, 1, 1, 1, 0, 1, 1, 1, 1, 1, 1, 0, 0, 1, 1, 1, 0, 1, 1, 0, 0, 1, 0, 0, 1, 0, 0, 0, 1, 1, 0, 0, 1, 1, 1, 1, 0, 1, 1, 1, 1, 0, 0, 1, 1, 1, 1, 1, 1, 1, 1, 0, 0, 0, 0, 0, 1, 1, 1, 1, 0, 1, 1, 0, 0]}, "quality": 0.9195468505846605, "diversity": 0.7791189645627679, "controlability": 0.4545454544628099}