{"content": [[0, 1, 0, 0, 0, 1, 1, 1, 1, 0, 0, 0, 1, 1], [1, 1, 0, 1, 1, 0, 0, 0, 1, 1, 1, 1, 0, 1], [1, 1, 0, 1, 0, 0, 1, 0, 1, 1, 0, 0, 1, 1], [0, 1, 1, 1, 1, 1, 1, 1, 1, 0, 0, 0, 1, 1], [0, 0, 1, 0, 0, 1, 1, 1, 1, 1, 1, 1, 1, 0], [1, 1, 1, 1, 1, 1, 1, 1, 1, 1, 1, 0, 1, 0], [0, 1, 1, 1, 1, 1, 1, 1, 0, 1, 1, 1, 1, 1], [0, 1, 1, 1, 1, 0, 1, 0, 0, 0, 0, 1, 1, 1], [1, 0, 0, 0, 0, 1, 0, 1, 1, 1, 0, 0, 1, 0], [1, 1, 0, 1, 1, 1, 1, 1, 1, 1, 1, 0, 1, 1], [1, 0, 0, 0, 1, 1, 0, 0, 0, 0, 0, 0, 0, 0], [0, 0, 0, 0, 0, 1, 1, 1, 1, 1, 0, 1, 1, 1], [0, 0, 1, 1, 0, 0, 0, 1, 1, 1, 0, 0, 1, 1], [0, 0, 1, 1, 1, 1, 1, 1, 0, 1, 1, 1, 1, 0]], "control": {"path": 62}, "info": {"path": 21, "regions": 3, "flat": [0, 1, 0, 0, 0, 1, 1, 1, 1, 0, 0, 0, 1, 1, 1, 1, 0, 1, 1, 0, 0, 0, 1, 1, 1, 1, 0, 1, 1, 1, 0, 1, 0, 0, 1, 0, 1, 1, 0, 0, 1, 1, 0, 1, 1, 1, 1, 1, 1, 1, 1, 0, 0, 0, 1, 1, 0, 0, 1, 0, 0, 1, 1, 1, 1, 1, 1, 1, 1, 0, 1, 1, 1, 1, 1, 1, 1, 1, 1, 1, 1, 0, 1, 0, 0, 1, 1, 1, 1, 1, 1, 1, 0, 1, 1, 1, 1, 1, 0, 1, 1, 1, 1, 0, 1, 0, 0, 0, 0, 1, 1, 1, 1, 0, 0, 0, 0, 1, 0, 1, 1, 1, 0, 0, 1, 0, 1, 1, 0, 1, 1, 1, 1, 1, 1, 1, 1, 0, 1, 1, 1, 0, 0, 0, 1, 1, 0, 0, 0, 0, 0, 0, 0, 0, 0, 0, 0, 0, 0, 1, 1, 1, 1, 1, 0, 1, 1, 1, 0, 0, 1, 1, 0, 0, 0, 1, 1, 1, 0, 0, 1, 1, 0, 0, 1, 1, 1, 1, 1, 1, 0, 1, 1, 1, 1, 0]}, "quality": 0.8212365587659443, "diversity": 0.8735422739592784, "controlability": 0.3818181817487603}