{"content": [[1, 1, 1, 0, 1, 1, 1, 1, 0, 1, 0], [1, 1, 1, 5, 0, 0, 1, 0, 0, 1, 5], [1, 1, 1, 1, 1, 1, 1, 5, 1, 1, 0], [0, 1, 0, 0, 0, 1, 0, 1, 0, 1, 0], [1, 1, 1, 1, 5, 1, 0, 1, 0, 1, 1], [4, 0, 1, 1, 1, 0, 1, 1, 1, 1, 1], [1, 5, 0, 0, 1, 1, 0, 2, 1, 3, 1]], "control": {"player_key": 17, "key_door": 17}, "info": {"regions": 1, "players": 1, "keys": 1, "doors": 1, "enemies": 5, "player_key": 2, "key_door": 16, "pk_path": [[7, 6], [8, 6], [9, 6]], "kd_path": []}, "quality": 0.999143835607994, "diversity": 0.09999999999999998, "controlability": 0.5666666666222222}