{"content": [[1, 1, 1, 1, 7, 1, 5, 0], [7, 0, 0, 0, 1, 7, 5, 0], [0, 2, 1, 1, 5, 1, 5, 1], [0, 5, 1, 0, 0, 7, 1, 0], [1, 0, 1, 0, 6, 1, 6, 0], [1, 7, 5, 0, 1, 6, 1, 4], [0, 5, 6, 1, 0, 0, 1, 5], [5, 0, 1, 7, 1, 0, 0, 0], [7, 0, 4, 5, 5, 3, 0, 4], [4, 1, 1, 7, 4, 4, 7, 6], [6, 7, 7, 1, 7, 6, 4, 1], [0, 0, 6, 0, 2, 4, 1, 1]], "control": {"col_treasures": 8, "solution_length": 30}, "info": {"regions": 1, "players": 2, "exits": 1, "layout": 54, "heuristic": -1, "solution": [], "content": [[1, 1, 1, 1, 7, 1, 5, 0], [7, 0, 0, 0, 1, 7, 5, 0], [0, 2, 1, 1, 5, 1, 5, 1], [0, 5, 1, 0, 0, 7, 1, 0], [1, 0, 1, 0, 6, 1, 6, 0], [1, 7, 5, 0, 1, 6, 1, 4], [0, 5, 6, 1, 0, 0, 1, 5], [5, 0, 1, 7, 1, 0, 0, 0], [7, 0, 4, 5, 5, 3, 0, 4], [4, 1, 1, 7, 4, 4, 7, 6], [6, 7, 7, 1, 7, 6, 4, 1], [0, 0, 6, 0, 2, 4, 1, 1]], "potions": 8, "treasures": 11, "enemies": 20, "solution_length": 0, "enemies_loc": [[4, 0], [0, 1], [5, 1], [5, 3], [4, 4], [6, 4], [1, 5], [5, 5], [2, 6], [3, 7], [0, 8], [3, 9], [6, 9], [7, 9], [0, 10], [1, 10], [2, 10], [4, 10], [5, 10], [2, 11]]}, "quality": 0.3326315789404248, "diversity": 0.3503472151302086, "controlability": 0.0}