{"content": [[1, 1, 1, 0, 1, 1, 1, 4, 0, 1, 0], [1, 1, 1, 1, 0, 1, 1, 0, 0, 1, 0], [1, 1, 1, 2, 1, 0, 2, 5, 1, 1, 0], [0, 1, 0, 0, 0, 1, 0, 1, 0, 1, 0], [1, 2, 5, 1, 1, 1, 1, 1, 1, 1, 3], [1, 0, 1, 1, 4, 0, 1, 1, 5, 1, 1], [1, 0, 0, 0, 1, 1, 0, 0, 1, 3, 1]], "control": {"player_key": 17, "key_door": 17}, "info": {"regions": 1, "players": 3, "keys": 2, "doors": 2, "enemies": 3, "player_key": 13, "key_door": 9, "pk_path": [[3, 2], [2, 2], [1, 2], [1, 3], [1, 4], [2, 4], [3, 4], [4, 4], [5, 4], [6, 4], [7, 4], [8, 4], [9, 4], [10, 4]], "kd_path": []}, "quality": 0.49671052629155127, "diversity": 0.7147351481149615, "controlability": 0.7333333328444445}