{"content": [[1, 4, 1, 0, 1, 3, 1, 0, 3, 0, 0], [1, 5, 4, 1, 0, 1, 1, 0, 4, 1, 2], [5, 1, 1, 1, 0, 0, 1, 1, 1, 1, 0], [0, 1, 0, 0, 1, 0, 0, 1, 0, 1, 1], [1, 5, 5, 1, 1, 1, 1, 1, 1, 1, 1], [1, 0, 1, 1, 4, 0, 1, 0, 4, 1, 1], [1, 2, 0, 0, 1, 1, 0, 0, 1, 5, 1]], "control": {"player_key": 17, "key_door": 17}, "info": {"regions": 1, "players": 2, "keys": 2, "doors": 5, "enemies": 5, "player_key": 8, "key_door": 16, "pk_path": [[10, 1], [9, 1], [9, 2], [8, 2], [7, 2], [6, 2], [6, 1], [6, 0], [5, 0]], "kd_path": []}, "quality": 0.4942096250576564, "diversity": 0.5595309860651563, "controlability": 0.7666666664888888}