{"content": [[4, 1, 1, 0, 1, 1, 0, 0, 0, 0, 0], [1, 5, 1, 1, 0, 2, 1, 0, 1, 1, 0], [1, 1, 1, 1, 0, 0, 1, 3, 1, 1, 0], [0, 1, 0, 3, 0, 1, 0, 1, 0, 1, 0], [1, 5, 5, 1, 1, 1, 1, 1, 1, 1, 1], [1, 1, 1, 1, 4, 2, 1, 1, 5, 1, 1], [1, 1, 0, 0, 1, 1, 0, 0, 1, 3, 1]], "control": {"player_key": 17, "key_door": 17}, "info": {"regions": 1, "players": 2, "keys": 3, "doors": 2, "enemies": 4, "player_key": 3, "key_door": 13, "pk_path": [[5, 1], [6, 1], [6, 2], [7, 2]], "kd_path": []}, "quality": 0.49671052629155127, "diversity": 0.6037624762296694, "controlability": 0.5333333329777777}