{"content": [[4, 0, 1, 0, 1, 3, 2, 0, 0, 0, 0], [1, 5, 1, 1, 0, 1, 1, 0, 0, 1, 0], [1, 1, 1, 1, 0, 0, 1, 1, 1, 1, 0], [0, 1, 0, 0, 1, 1, 0, 1, 2, 1, 0], [1, 5, 5, 1, 1, 1, 1, 1, 1, 1, 1], [1, 0, 1, 1, 4, 0, 1, 1, 4, 1, 1], [1, 2, 0, 0, 1, 0, 0, 0, 0, 0, 1]], "control": {"player_key": 17, "key_door": 17}, "info": {"regions": 1, "players": 3, "keys": 1, "doors": 3, "enemies": 3, "player_key": 1, "key_door": 17, "pk_path": [[6, 0], [5, 0]], "kd_path": []}, "quality": 0.49671052629977497, "diversity": 1.0, "controlability": 0.5333333333111111}