{"content": [[1, 1, 1, 0, 1, 1, 1, 1, 0, 1, 0], [1, 1, 1, 1, 0, 1, 1, 0, 0, 1, 0], [2, 1, 1, 1, 1, 0, 2, 5, 1, 1, 0], [0, 1, 0, 0, 0, 3, 0, 1, 3, 1, 0], [1, 5, 5, 1, 1, 1, 1, 1, 1, 1, 1], [1, 0, 5, 1, 4, 0, 1, 1, 5, 1, 1], [1, 0, 0, 0, 1, 1, 0, 0, 1, 3, 1]], "control": {"player_key": 17, "key_door": 17}, "info": {"regions": 1, "players": 2, "keys": 3, "doors": 1, "enemies": 5, "player_key": 8, "key_door": 3, "pk_path": [[0, 2], [1, 2], [1, 3], [1, 4], [2, 4], [3, 4], [4, 4], [5, 4], [5, 3]], "kd_path": []}, "quality": 0.4966767303287134, "diversity": 0.6278582425148249, "controlability": 0.36666666642222223}