{"content": [[1, 3, 6, 1, 4, 7, 0, 1], [6, 0, 7, 0, 2, 6, 3, 0], [0, 1, 7, 1, 0, 6, 5, 1], [0, 4, 6, 0, 1, 7, 1, 0], [1, 7, 0, 1, 0, 2, 0, 0], [0, 6, 2, 0, 2, 1, 3, 0], [1, 1, 7, 0, 2, 6, 2, 5], [4, 0, 7, 4, 4, 2, 0, 1], [2, 1, 1, 5, 0, 7, 0, 1], [1, 6, 0, 7, 0, 0, 2, 2], [6, 0, 1, 5, 2, 3, 0, 1], [5, 6, 2, 0, 2, 6, 7, 6]], "control": {"col_treasures": 18, "solution_length": 45}, "info": {"regions": 3, "players": 13, "exits": 4, "layout": 47, "heuristic": -1, "solution": [], "content": [[1, 3, 6, 1, 4, 7, 0, 1], [6, 0, 7, 0, 2, 6, 3, 0], [0, 1, 7, 1, 0, 6, 5, 1], [0, 4, 6, 0, 1, 7, 1, 0], [1, 7, 0, 1, 0, 2, 0, 0], [0, 6, 2, 0, 2, 1, 3, 0], [1, 1, 7, 0, 2, 6, 2, 5], [4, 0, 7, 4, 4, 2, 0, 1], [2, 1, 1, 5, 0, 7, 0, 1], [1, 6, 0, 7, 0, 0, 2, 2], [6, 0, 1, 5, 2, 3, 0, 1], [5, 6, 2, 0, 2, 6, 7, 6]], "potions": 5, "treasures": 5, "enemies": 22, "solution_length": 0, "enemies_loc": [[2, 0], [5, 0], [0, 1], [2, 1], [5, 1], [2, 2], [5, 2], [2, 3], [5, 3], [1, 4], [1, 5], [2, 6], [5, 6], [2, 7], [5, 8], [1, 9], [3, 9], [0, 10], [1, 11], [5, 11], [6, 11], [7, 11]]}, "quality": 0.3059142525999603, "diversity": 0.3096590834922891, "controlability": 0.0}