{"content": [[6, 1, 1, 1, 0, 1, 5, 2], [1, 0, 1, 5, 1, 3, 6, 2], [0, 0, 6, 0, 2, 1, 2, 1], [3, 2, 1, 0, 0, 1, 0, 6], [1, 1, 5, 0, 6, 3, 7, 0], [1, 6, 0, 1, 1, 7, 1, 0], [1, 5, 7, 0, 0, 7, 2, 6], [5, 0, 4, 0, 7, 4, 4, 1], [3, 0, 1, 5, 2, 4, 1, 0], [1, 0, 7, 5, 0, 0, 1, 3], [6, 3, 1, 1, 7, 1, 0, 1], [1, 3, 2, 7, 7, 1, 1, 1]], "control": {"col_treasures": 18, "solution_length": 45}, "info": {"regions": 1, "players": 8, "exits": 7, "layout": 53, "heuristic": -1, "solution": [], "content": [[6, 1, 1, 1, 0, 1, 5, 2], [1, 0, 1, 5, 1, 3, 6, 2], [0, 0, 6, 0, 2, 1, 2, 1], [3, 2, 1, 0, 0, 1, 0, 6], [1, 1, 5, 0, 6, 3, 7, 0], [1, 6, 0, 1, 1, 7, 1, 0], [1, 5, 7, 0, 0, 7, 2, 6], [5, 0, 4, 0, 7, 4, 4, 1], [3, 0, 1, 5, 2, 4, 1, 0], [1, 0, 7, 5, 0, 0, 1, 3], [6, 3, 1, 1, 7, 1, 0, 1], [1, 3, 2, 7, 7, 1, 1, 1]], "potions": 4, "treasures": 7, "enemies": 17, "solution_length": 0, "enemies_loc": [[0, 0], [6, 1], [2, 2], [7, 3], [4, 4], [6, 4], [1, 5], [5, 5], [2, 6], [5, 6], [7, 6], [4, 7], [2, 9], [0, 10], [4, 10], [3, 11], [4, 11]]}, "quality": 0.3242105263027147, "diversity": 0.30611241420253543, "controlability": 0.0}