{"content": [[0, 1, 1, 1, 7, 0, 4, 1], [0, 3, 0, 6, 0, 7, 4, 0], [0, 6, 4, 4, 1, 6, 6, 1], [0, 2, 1, 0, 1, 7, 4, 5], [1, 7, 1, 0, 0, 1, 7, 6], [7, 6, 0, 7, 5, 0, 0, 4], [7, 0, 4, 0, 1, 7, 1, 7], [1, 0, 1, 0, 1, 0, 1, 4], [7, 6, 1, 0, 0, 4, 0, 1], [1, 0, 7, 7, 6, 4, 1, 6], [6, 3, 6, 1, 4, 6, 0, 1], [4, 0, 7, 4, 0, 1, 0, 1]], "control": {"col_treasures": 8, "solution_length": 30}, "info": {"regions": 1, "players": 1, "exits": 2, "layout": 52, "heuristic": -1, "solution": [], "content": [[0, 1, 1, 1, 7, 0, 4, 1], [0, 3, 0, 6, 0, 7, 4, 0], [0, 6, 4, 4, 1, 6, 6, 1], [0, 2, 1, 0, 1, 7, 4, 5], [1, 7, 1, 0, 0, 1, 7, 6], [7, 6, 0, 7, 5, 0, 0, 4], [7, 0, 4, 0, 1, 7, 1, 7], [1, 0, 1, 0, 1, 0, 1, 4], [7, 6, 1, 0, 0, 4, 0, 1], [1, 0, 7, 7, 6, 4, 1, 6], [6, 3, 6, 1, 4, 6, 0, 1], [4, 0, 7, 4, 0, 1, 0, 1]], "potions": 13, "treasures": 2, "enemies": 26, "solution_length": 0, "enemies_loc": [[4, 0], [3, 1], [5, 1], [1, 2], [5, 2], [6, 2], [5, 3], [1, 4], [6, 4], [7, 4], [0, 5], [1, 5], [3, 5], [0, 6], [5, 6], [7, 6], [0, 8], [1, 8], [2, 9], [3, 9], [4, 9], [7, 9], [0, 10], [2, 10], [5, 10], [2, 11]]}, "quality": 0.3326315789404248, "diversity": 0.33779761179315504, "controlability": 0.0}