{"content": [[1, 1, 1, 0, 1, 1, 1, 1, 0, 1, 0], [1, 1, 4, 1, 0, 1, 1, 0, 0, 1, 0], [1, 1, 0, 1, 1, 1, 1, 1, 1, 1, 1], [0, 1, 0, 0, 1, 1, 0, 1, 0, 1, 0], [1, 5, 5, 1, 1, 0, 1, 1, 1, 1, 1], [1, 0, 1, 1, 4, 0, 1, 2, 4, 1, 1], [1, 0, 0, 0, 1, 1, 0, 5, 1, 3, 1]], "control": {"player_key": 17, "key_door": 17}, "info": {"regions": 1, "players": 1, "keys": 1, "doors": 3, "enemies": 3, "player_key": 3, "key_door": 12, "pk_path": [[7, 5], [7, 6], [8, 6], [9, 6]], "kd_path": []}, "quality": 0.4983552631498875, "diversity": 0.7938367460330543, "controlability": 0.49999999966666664}