{"content": [[1, 7, 7, 1, 0, 5, 5, 0], [6, 6, 5, 5, 1, 7, 5, 0], [0, 0, 1, 1, 4, 6, 5, 1], [0, 5, 7, 5, 0, 0, 0, 0], [7, 7, 7, 1, 1, 5, 7, 2], [1, 7, 0, 0, 0, 0, 1, 5], [4, 4, 5, 1, 0, 1, 1, 5], [4, 0, 7, 0, 7, 0, 1, 1], [6, 0, 1, 5, 5, 3, 4, 1], [5, 5, 3, 5, 0, 4, 1, 5], [5, 0, 6, 1, 4, 1, 0, 1], [5, 5, 2, 7, 6, 6, 1, 1]], "control": {"col_treasures": 18, "solution_length": 45}, "info": {"regions": 1, "players": 2, "exits": 2, "layout": 45, "heuristic": -1, "solution": [], "content": [[1, 7, 7, 1, 0, 5, 5, 0], [6, 6, 5, 5, 1, 7, 5, 0], [0, 0, 1, 1, 4, 6, 5, 1], [0, 5, 7, 5, 0, 0, 0, 0], [7, 7, 7, 1, 1, 5, 7, 2], [1, 7, 0, 0, 0, 0, 1, 5], [4, 4, 5, 1, 0, 1, 1, 5], [4, 0, 7, 0, 7, 0, 1, 1], [6, 0, 1, 5, 5, 3, 4, 1], [5, 5, 3, 5, 0, 4, 1, 5], [5, 0, 6, 1, 4, 1, 0, 1], [5, 5, 2, 7, 6, 6, 1, 1]], "potions": 7, "treasures": 21, "enemies": 19, "solution_length": 0, "enemies_loc": [[1, 0], [2, 0], [0, 1], [1, 1], [5, 1], [5, 2], [2, 3], [0, 4], [1, 4], [2, 4], [6, 4], [1, 5], [2, 7], [4, 7], [0, 8], [2, 10], [3, 11], [4, 11], [5, 11]]}, "quality": 0.32776315786782867, "diversity": 0.2982855833414716, "controlability": 0.0}