{"content": [[4, 5, 7, 4, 7, 5, 4, 0], [0, 0, 5, 2, 1, 7, 5, 6], [0, 5, 4, 2, 4, 6, 7, 7], [0, 2, 4, 0, 0, 7, 0, 0], [1, 0, 1, 0, 6, 1, 7, 4], [1, 6, 0, 1, 1, 7, 1, 4], [0, 4, 4, 5, 0, 6, 4, 6], [5, 0, 1, 0, 5, 0, 0, 1], [5, 5, 1, 4, 6, 3, 4, 1], [5, 7, 1, 5, 0, 0, 1, 3], [4, 0, 4, 4, 4, 6, 7, 0], [3, 5, 7, 6, 0, 1, 4, 6]], "control": {"col_treasures": 18, "solution_length": 45}, "info": {"regions": 1, "players": 3, "exits": 3, "layout": 38, "heuristic": -1, "solution": [], "content": [[4, 5, 7, 4, 7, 5, 4, 0], [0, 0, 5, 2, 1, 7, 5, 6], [0, 5, 4, 2, 4, 6, 7, 7], [0, 2, 4, 0, 0, 7, 0, 0], [1, 0, 1, 0, 6, 1, 7, 4], [1, 6, 0, 1, 1, 7, 1, 4], [0, 4, 4, 5, 0, 6, 4, 6], [5, 0, 1, 0, 5, 0, 0, 1], [5, 5, 1, 4, 6, 3, 4, 1], [5, 7, 1, 5, 0, 0, 1, 3], [4, 0, 4, 4, 4, 6, 7, 0], [3, 5, 7, 6, 0, 1, 4, 6]], "potions": 18, "treasures": 13, "enemies": 21, "solution_length": 0, "enemies_loc": [[2, 0], [4, 0], [5, 1], [7, 1], [5, 2], [6, 2], [7, 2], [5, 3], [4, 4], [6, 4], [1, 5], [5, 5], [5, 6], [7, 6], [4, 8], [1, 9], [5, 10], [6, 10], [2, 11], [3, 11], [7, 11]]}, "quality": 0.3166374268758498, "diversity": 0.41964285022321446, "controlability": 0.0}