{"content": {"layout": [15, 13, 15, 9, 13, 15, 15, 11, 13, 15, 15, 3, 2, 14, 5, 5], "start": 3, "boss": 12, "shop": 8, "treasure": 0}, "control": {"map_size": 14}, "info": {"map_size": 16, "num_regions": 1, "connect_regions": 1, "loose_connections": 10, "locations": 4, "player_boss_distance": 10, "flat": [0, 2, 0, 0, 0, 0, 0, 2, 0, 0, 0, 0, 2, 1, 2, 2, 1, 2, 2, 1, 2, 2, 1, 0, 0, 2, 0, 0, 2, 0, 0, 2, 0, 0, 2, 0, 0, 0, 0, 0, 2, 0, 0, 2, 0, 0, 2, 0, 2, 1, 2, 2, 1, 2, 2, 1, 2, 2, 1, 0, 0, 2, 0, 0, 2, 0, 0, 2, 0, 0, 2, 0, 0, 0, 0, 0, 2, 0, 0, 2, 0, 0, 2, 0, 2, 1, 2, 2, 1, 2, 2, 1, 2, 2, 1, 0, 0, 2, 0, 0, 2, 0, 0, 2, 0, 0, 0, 0, 0, 2, 0, 0, 2, 0, 0, 0, 0, 0, 0, 0, 0, 1, 0, 0, 1, 2, 2, 1, 2, 2, 1, 2, 0, 0, 0, 0, 2, 0, 0, 0, 0, 0, 0, 0], "dead_end": 1}, "quality": 0.9374999999765625, "diversity": 0.06335851557796057, "controlability": 0.0}