{"content": [[4, 1, 1, 0, 1, 3, 1, 1, 0, 1, 0], [1, 1, 4, 1, 0, 1, 1, 0, 0, 1, 0], [0, 1, 1, 1, 0, 0, 2, 5, 1, 1, 0], [0, 1, 0, 0, 1, 1, 0, 1, 0, 1, 0], [1, 5, 5, 1, 1, 1, 1, 1, 1, 1, 1], [1, 0, 1, 1, 4, 0, 1, 1, 5, 1, 1], [1, 0, 0, 0, 1, 1, 0, 0, 1, 3, 1]], "control": {"player_key": 17, "key_door": 17}, "info": {"regions": 1, "players": 1, "keys": 2, "doors": 3, "enemies": 4, "player_key": 3, "key_door": 17, "pk_path": [[6, 2], [6, 1], [6, 0], [5, 0]], "kd_path": []}, "quality": 0.4975328947207194, "diversity": 0.9761904603174609, "controlability": 0.5999999999333333}