{"content": [[1, 1, 1, 0, 1, 3, 2, 0, 0, 0, 0], [1, 1, 4, 1, 0, 1, 1, 0, 0, 1, 0], [1, 1, 1, 1, 0, 0, 1, 2, 1, 1, 0], [0, 1, 0, 0, 1, 0, 0, 1, 0, 1, 0], [1, 5, 5, 1, 1, 1, 1, 1, 1, 1, 3], [1, 0, 1, 1, 4, 0, 1, 1, 4, 3, 1], [1, 2, 0, 0, 1, 1, 0, 0, 1, 3, 1]], "control": {"player_key": 17, "key_door": 17}, "info": {"regions": 1, "players": 3, "keys": 4, "doors": 3, "enemies": 2, "player_key": 1, "key_door": 16, "pk_path": [[6, 0], [5, 0]], "kd_path": []}, "quality": 0.494243421028718, "diversity": 0.08333333333333337, "controlability": 0.5333333333111111}