{"content": [[1, 1, 1, 0, 1, 3, 0, 2, 0, 0, 0], [1, 5, 4, 1, 0, 1, 1, 2, 0, 1, 0], [1, 1, 1, 1, 4, 0, 1, 2, 1, 1, 0], [0, 1, 0, 0, 1, 1, 0, 1, 0, 5, 0], [1, 5, 5, 1, 1, 1, 1, 1, 1, 1, 1], [1, 0, 1, 1, 3, 0, 1, 1, 5, 1, 1], [1, 0, 0, 0, 1, 1, 5, 0, 1, 3, 1]], "control": {"player_key": 17, "key_door": 17}, "info": {"regions": 1, "players": 3, "keys": 3, "doors": 2, "enemies": 6, "player_key": 4, "key_door": 14, "pk_path": [[7, 0], [7, 1], [6, 1], [5, 1], [5, 0]], "kd_path": []}, "quality": 0.49417582909515645, "diversity": 0.6024875914189587, "controlability": 0.5999999996}