{"content": [[1, 4, 1, 0, 5, 3, 1, 4, 0, 0, 0], [0, 5, 4, 1, 0, 1, 2, 0, 0, 1, 0], [1, 1, 1, 1, 0, 0, 1, 1, 1, 1, 5], [0, 4, 0, 0, 5, 1, 0, 1, 0, 1, 1], [1, 1, 5, 1, 1, 1, 1, 1, 1, 1, 1], [1, 0, 1, 1, 4, 0, 1, 2, 4, 1, 1], [1, 2, 0, 0, 1, 1, 0, 0, 1, 1, 1]], "control": {"player_key": 17, "key_door": 17}, "info": {"regions": 1, "players": 3, "keys": 1, "doors": 6, "enemies": 5, "player_key": 2, "key_door": 16, "pk_path": [[6, 1], [6, 0], [5, 0]], "kd_path": []}, "quality": 0.49338725664493566, "diversity": 1.0, "controlability": 0.5666666666222222}