{"content": [[1, 4, 1, 4, 5, 3, 1, 0, 0, 0, 0], [0, 5, 4, 1, 0, 1, 1, 0, 0, 1, 0], [1, 1, 2, 1, 0, 0, 1, 1, 1, 1, 0], [0, 4, 1, 0, 5, 1, 0, 1, 0, 1, 1], [1, 1, 5, 1, 1, 1, 1, 1, 1, 1, 1], [1, 0, 1, 1, 4, 0, 1, 2, 4, 1, 1], [1, 2, 0, 5, 1, 1, 4, 0, 1, 1, 1]], "control": {"player_key": 17, "key_door": 17}, "info": {"regions": 1, "players": 3, "keys": 1, "doors": 7, "enemies": 5, "player_key": 13, "key_door": 4, "pk_path": [[2, 2], [2, 3], [2, 4], [3, 4], [4, 4], [5, 4], [6, 4], [7, 4], [7, 3], [7, 2], [6, 2], [6, 1], [6, 0], [5, 0]], "kd_path": []}, "quality": 0.49256488822399125, "diversity": 0.42156862173202636, "controlability": 0.5666666662888888}