{"content": [[1, 1, 1, 1, 0, 5, 5, 0], [1, 0, 0, 7, 1, 1, 4, 5], [0, 0, 4, 4, 6, 1, 3, 1], [0, 2, 1, 0, 0, 1, 0, 0], [0, 1, 1, 0, 6, 6, 7, 0], [1, 6, 0, 2, 1, 7, 0, 0], [0, 0, 3, 4, 5, 7, 0, 5], [4, 0, 4, 0, 7, 4, 1, 3], [5, 0, 1, 5, 0, 4, 1, 1], [1, 1, 1, 0, 7, 4, 1, 0], [6, 0, 4, 1, 4, 6, 0, 1], [0, 0, 7, 7, 0, 1, 4, 1]], "control": {"col_treasures": 8, "solution_length": 30}, "info": {"regions": 1, "players": 2, "exits": 3, "layout": 58, "heuristic": -1, "solution": [], "content": [[1, 1, 1, 1, 0, 5, 5, 0], [1, 0, 0, 7, 1, 1, 4, 5], [0, 0, 4, 4, 6, 1, 3, 1], [0, 2, 1, 0, 0, 1, 0, 0], [0, 1, 1, 0, 6, 6, 7, 0], [1, 6, 0, 2, 1, 7, 0, 0], [0, 0, 3, 4, 5, 7, 0, 5], [4, 0, 4, 0, 7, 4, 1, 3], [5, 0, 1, 5, 0, 4, 1, 1], [1, 1, 1, 0, 7, 4, 1, 0], [6, 0, 4, 1, 4, 6, 0, 1], [0, 0, 7, 7, 0, 1, 4, 1]], "potions": 12, "treasures": 7, "enemies": 14, "solution_length": 0, "enemies_loc": [[3, 1], [4, 2], [4, 4], [5, 4], [6, 4], [1, 5], [5, 5], [5, 6], [4, 7], [4, 9], [0, 10], [5, 10], [2, 11], [3, 11]]}, "quality": 0.33122807016162514, "diversity": 0.28670634243551607, "controlability": 0.0}