{"content": [[1, 4, 1, 0, 0, 3, 1, 2, 1, 0, 0], [0, 5, 2, 1, 0, 1, 5, 3, 3, 5, 0], [3, 5, 3, 1, 1, 1, 1, 2, 0, 2, 0], [0, 1, 5, 0, 1, 2, 0, 5, 5, 4, 2], [1, 5, 5, 2, 1, 1, 0, 0, 4, 1, 0], [1, 2, 2, 1, 0, 0, 3, 2, 2, 5, 0], [1, 0, 3, 0, 4, 2, 1, 0, 5, 3, 1]], "control": {"player_key": 17, "key_door": 17}, "info": {"regions": 1, "players": 12, "keys": 8, "doors": 4, "enemies": 11, "player_key": 2, "key_door": 8, "pk_path": [[7, 0], [6, 0], [5, 0]], "kd_path": []}, "quality": 0.4767371124428239, "diversity": 0.1748251715617718, "controlability": 0.3333333331111111}