{"content": [[1, 1, 2, 0, 0, 3, 1, 0, 0, 0, 0], [0, 5, 1, 1, 0, 1, 1, 2, 3, 2, 0], [2, 1, 1, 1, 0, 0, 1, 2, 0, 1, 0], [2, 1, 0, 0, 1, 2, 0, 5, 0, 1, 1], [1, 4, 5, 1, 1, 1, 1, 1, 1, 1, 1], [1, 0, 1, 1, 4, 0, 4, 2, 4, 5, 3], [1, 2, 4, 0, 4, 3, 0, 0, 1, 5, 1]], "control": {"player_key": 17, "key_door": 17}, "info": {"regions": 1, "players": 9, "keys": 4, "doors": 6, "enemies": 5, "player_key": -1, "key_door": 12, "pk_path": [], "kd_path": []}, "quality": 0.4859859408482122, "diversity": 0.9761904603174609, "controlability": 0.39999999973333333}