{"content": [[0, 4, 1, 0, 0, 2, 1, 0, 0, 0, 0], [0, 5, 2, 1, 0, 1, 1, 2, 0, 5, 0], [2, 1, 1, 1, 1, 1, 1, 2, 0, 1, 0], [0, 1, 0, 0, 1, 2, 0, 5, 4, 1, 1], [1, 1, 5, 1, 1, 1, 1, 1, 1, 1, 1], [1, 3, 2, 1, 4, 0, 4, 2, 4, 5, 3], [1, 2, 4, 0, 4, 3, 0, 0, 1, 5, 1]], "control": {"player_key": 17, "key_door": 17}, "info": {"regions": 1, "players": 9, "keys": 3, "doors": 7, "enemies": 6, "player_key": 9, "key_door": 5, "pk_path": [[5, 0], [5, 1], [5, 2], [5, 3], [5, 4], [4, 4], [3, 4], [3, 5], [2, 5], [1, 5]], "kd_path": []}, "quality": 0.4851297764647678, "diversity": 0.3378410530502821, "controlability": 0.46666666635555554}