{"content": [[1, 2, 1, 0, 0, 3, 1, 0, 0, 0, 0], [0, 3, 1, 1, 0, 1, 3, 2, 2, 5, 0], [3, 1, 1, 1, 0, 1, 1, 2, 0, 2, 0], [0, 1, 0, 0, 1, 2, 0, 5, 3, 1, 1], [1, 5, 5, 1, 1, 1, 1, 1, 1, 1, 1], [1, 0, 1, 1, 4, 0, 0, 2, 4, 2, 3], [1, 2, 4, 0, 4, 2, 0, 0, 1, 5, 0]], "control": {"player_key": 17, "key_door": 17}, "info": {"regions": 1, "players": 10, "keys": 6, "doors": 4, "enemies": 5, "player_key": 12, "key_door": 6, "pk_path": [[1, 0], [1, 1], [1, 2], [1, 3], [1, 4], [2, 4], [3, 4], [4, 4], [4, 3], [5, 3], [5, 2], [5, 1], [5, 0]], "kd_path": []}, "quality": 0.4851635724272677, "diversity": 0.8035714101190483, "controlability": 0.5999999996000001}