{"content": [[1, 4, 1, 0, 0, 3, 1, 0, 0, 0, 0], [0, 5, 2, 1, 0, 1, 1, 2, 0, 5, 0], [2, 1, 1, 1, 1, 0, 1, 2, 0, 1, 1], [0, 1, 0, 0, 1, 2, 0, 5, 4, 1, 1], [1, 1, 5, 1, 1, 1, 1, 1, 1, 1, 1], [1, 3, 1, 1, 4, 0, 4, 2, 4, 5, 3], [1, 2, 4, 0, 4, 3, 1, 0, 1, 4, 1]], "control": {"player_key": 17, "key_door": 17}, "info": {"regions": 1, "players": 7, "keys": 4, "doors": 8, "enemies": 5, "player_key": 14, "key_door": 16, "pk_path": [[2, 1], [2, 2], [3, 2], [4, 2], [4, 3], [4, 4], [5, 4], [6, 4], [7, 4], [7, 3], [7, 2], [7, 1], [6, 1], [6, 0], [5, 0]], "kd_path": []}, "quality": 0.4859859408482121, "diversity": 0.6589541297218313, "controlability": 0.9666666663555555}