{"content": [[1, 4, 0, 0, 1, 3, 1, 3, 1, 0, 5], [5, 4, 1, 2, 5, 1, 5, 2, 3, 5, 0], [2, 5, 3, 1, 1, 1, 4, 2, 0, 2, 2], [0, 1, 0, 0, 0, 2, 0, 5, 1, 1, 2], [1, 3, 5, 1, 0, 4, 0, 2, 1, 1, 1], [1, 2, 2, 1, 0, 0, 4, 0, 2, 3, 3], [5, 2, 4, 0, 4, 2, 1, 0, 4, 5, 1]], "control": {"player_key": 17, "key_door": 17}, "info": {"regions": 3, "players": 14, "keys": 7, "doors": 8, "enemies": 10, "player_key": 3, "key_door": 6, "pk_path": [[3, 1], [4, 1], [4, 0], [5, 0]], "kd_path": []}, "quality": 0.39885456878815334, "diversity": 0.1594202859903383, "controlability": 0.29999999980000003}