{"content": [[1, 1, 1, 1, 7, 5, 5, 1], [7, 0, 5, 1, 1, 7, 5, 0], [0, 2, 1, 0, 4, 1, 7, 0], [0, 5, 0, 5, 0, 7, 1, 0], [1, 0, 1, 6, 4, 1, 6, 0], [1, 6, 6, 7, 7, 0, 0, 1], [1, 5, 7, 1, 1, 0, 0, 1], [3, 0, 1, 0, 1, 1, 0, 1], [6, 0, 1, 5, 4, 1, 1, 1], [5, 0, 1, 0, 6, 4, 1, 5], [6, 1, 7, 1, 7, 1, 0, 0], [3, 0, 6, 0, 7, 7, 7, 1]], "control": {"col_treasures": 8, "solution_length": 30}, "info": {"regions": 1, "players": 1, "exits": 2, "layout": 58, "heuristic": -1, "solution": [], "content": [[1, 1, 1, 1, 7, 5, 5, 1], [7, 0, 5, 1, 1, 7, 5, 0], [0, 2, 1, 0, 4, 1, 7, 0], [0, 5, 0, 5, 0, 7, 1, 0], [1, 0, 1, 6, 4, 1, 6, 0], [1, 6, 6, 7, 7, 0, 0, 1], [1, 5, 7, 1, 1, 0, 0, 1], [3, 0, 1, 0, 1, 1, 0, 1], [6, 0, 1, 5, 4, 1, 1, 1], [5, 0, 1, 0, 6, 4, 1, 5], [6, 1, 7, 1, 7, 1, 0, 0], [3, 0, 6, 0, 7, 7, 7, 1]], "potions": 4, "treasures": 10, "enemies": 21, "solution_length": 0, "enemies_loc": [[4, 0], [0, 1], [5, 1], [6, 2], [5, 3], [3, 4], [6, 4], [1, 5], [2, 5], [3, 5], [4, 5], [2, 6], [0, 8], [4, 9], [0, 10], [2, 10], [4, 10], [2, 11], [4, 11], [5, 11], [6, 11]]}, "quality": 0.3326315789404248, "diversity": 0.2879302469684104, "controlability": 0.0}