{"content": [[1, 1, 1, 6, 0, 1, 5, 2], [2, 7, 5, 0, 1, 7, 7, 1], [0, 1, 1, 1, 5, 3, 5, 1], [0, 1, 1, 0, 0, 7, 5, 0], [1, 7, 1, 1, 1, 1, 7, 7], [1, 6, 0, 3, 1, 4, 1, 0], [1, 1, 4, 0, 5, 0, 1, 5], [5, 0, 0, 0, 1, 0, 0, 7], [5, 1, 1, 5, 4, 6, 1, 1], [1, 1, 0, 6, 0, 4, 3, 5], [5, 0, 1, 1, 5, 6, 0, 1], [5, 5, 7, 0, 7, 6, 4, 1]], "control": {"col_treasures": 8, "solution_length": 30}, "info": {"regions": 1, "players": 2, "exits": 3, "layout": 55, "heuristic": -1, "solution": [], "content": [[1, 1, 1, 6, 0, 1, 5, 2], [2, 7, 5, 0, 1, 7, 7, 1], [0, 1, 1, 1, 5, 3, 5, 1], [0, 1, 1, 0, 0, 7, 5, 0], [1, 7, 1, 1, 1, 1, 7, 7], [1, 6, 0, 3, 1, 4, 1, 0], [1, 1, 4, 0, 5, 0, 1, 5], [5, 0, 0, 0, 1, 0, 0, 7], [5, 1, 1, 5, 4, 6, 1, 1], [1, 1, 0, 6, 0, 4, 3, 5], [5, 0, 1, 1, 5, 6, 0, 1], [5, 5, 7, 0, 7, 6, 4, 1]], "potions": 5, "treasures": 15, "enemies": 16, "solution_length": 0, "enemies_loc": [[3, 0], [1, 1], [5, 1], [6, 1], [5, 3], [1, 4], [6, 4], [7, 4], [1, 5], [7, 7], [5, 8], [3, 9], [5, 10], [2, 11], [4, 11], [5, 11]]}, "quality": 0.33122807016162514, "diversity": 0.28797347810369345, "controlability": 0.0}