{"content": [[6, 1, 7, 1, 7, 5, 4, 0], [0, 0, 0, 0, 5, 7, 4, 0], [0, 0, 7, 1, 4, 1, 2, 1], [0, 3, 1, 0, 0, 1, 0, 5], [6, 1, 1, 1, 1, 3, 7, 2], [1, 6, 0, 1, 1, 7, 2, 4], [0, 1, 5, 0, 0, 1, 0, 5], [4, 0, 7, 0, 7, 4, 1, 1], [2, 0, 1, 0, 5, 4, 3, 1], [1, 0, 1, 5, 1, 4, 1, 0], [2, 0, 6, 7, 7, 1, 7, 1], [5, 3, 7, 6, 7, 1, 1, 1]], "control": {"col_treasures": 18, "solution_length": 45}, "info": {"regions": 1, "players": 5, "exits": 4, "layout": 53, "heuristic": -1, "solution": [], "content": [[6, 1, 7, 1, 7, 5, 4, 0], [0, 0, 0, 0, 5, 7, 4, 0], [0, 0, 7, 1, 4, 1, 2, 1], [0, 3, 1, 0, 0, 1, 0, 5], [6, 1, 1, 1, 1, 3, 7, 2], [1, 6, 0, 1, 1, 7, 2, 4], [0, 1, 5, 0, 0, 1, 0, 5], [4, 0, 7, 0, 7, 4, 1, 1], [2, 0, 1, 0, 5, 4, 3, 1], [1, 0, 1, 5, 1, 4, 1, 0], [2, 0, 6, 7, 7, 1, 7, 1], [5, 3, 7, 6, 7, 1, 1, 1]], "potions": 8, "treasures": 8, "enemies": 18, "solution_length": 0, "enemies_loc": [[0, 0], [2, 0], [4, 0], [5, 1], [2, 2], [0, 4], [6, 4], [1, 5], [5, 5], [2, 7], [4, 7], [2, 10], [3, 10], [4, 10], [6, 10], [2, 11], [3, 11], [4, 11]]}, "quality": 0.3284210526180609, "diversity": 0.32114582580468765, "controlability": 0.0}