{"content": [[1, 1, 1, 1, 7, 1, 7, 6], [5, 6, 5, 7, 1, 7, 4, 5], [7, 0, 4, 3, 5, 6, 5, 1], [0, 5, 6, 5, 0, 7, 7, 0], [1, 7, 1, 6, 1, 1, 7, 6], [1, 6, 0, 6, 0, 7, 7, 6], [0, 1, 0, 1, 0, 7, 0, 7], [4, 0, 7, 0, 6, 0, 0, 1], [6, 6, 4, 6, 4, 3, 1, 1], [5, 5, 1, 5, 0, 4, 4, 6], [5, 7, 6, 5, 7, 0, 0, 4], [6, 5, 7, 7, 6, 7, 0, 1]], "control": {"col_treasures": 18, "solution_length": 45}, "info": {"regions": 1, "players": 0, "exits": 2, "layout": 37, "heuristic": -1, "solution": [], "content": [[1, 1, 1, 1, 7, 1, 7, 6], [5, 6, 5, 7, 1, 7, 4, 5], [7, 0, 4, 3, 5, 6, 5, 1], [0, 5, 6, 5, 0, 7, 7, 0], [1, 7, 1, 6, 1, 1, 7, 6], [1, 6, 0, 6, 0, 7, 7, 6], [0, 1, 0, 1, 0, 7, 0, 7], [4, 0, 7, 0, 6, 0, 0, 1], [6, 6, 4, 6, 4, 3, 1, 1], [5, 5, 1, 5, 0, 4, 4, 6], [5, 7, 6, 5, 7, 0, 0, 4], [6, 5, 7, 7, 6, 7, 0, 1]], "potions": 8, "treasures": 13, "enemies": 36, "solution_length": 0, "enemies_loc": [[4, 0], [6, 0], [7, 0], [1, 1], [3, 1], [5, 1], [0, 2], [5, 2], [2, 3], [5, 3], [6, 3], [1, 4], [3, 4], [6, 4], [7, 4], [1, 5], [3, 5], [5, 5], [6, 5], [7, 5], [5, 6], [7, 6], [2, 7], [4, 7], [0, 8], [1, 8], [3, 8], [7, 9], [1, 10], [2, 10], [4, 10], [0, 11], [2, 11], [3, 11], [4, 11], [5, 11]]}, "quality": 0.2506871344852743, "diversity": 0.6901041619140627, "controlability": 0.0}