{"content": [[7, 6, 5, 3, 0, 6, 0, 7], [4, 7, 0, 2, 5, 4, 6, 5], [6, 3, 4, 3, 4, 3, 4, 4], [1, 1, 2, 3, 0, 3, 4, 5], [0, 2, 0, 5, 5, 4, 2, 2], [0, 0, 7, 2, 5, 2, 5, 4], [5, 3, 7, 1, 5, 0, 6, 1], [5, 5, 0, 2, 6, 6, 0, 0], [5, 6, 3, 3, 6, 3, 3, 4], [1, 4, 3, 2, 4, 0, 7, 5], [7, 4, 7, 3, 4, 7, 4, 6], [4, 2, 4, 4, 5, 6, 2, 7]], "control": {"col_treasures": 14, "solution_length": 38}, "info": {"regions": 1, "players": 11, "exits": 13, "layout": 18, "heuristic": -1, "solution": [], "content": [[7, 6, 5, 3, 0, 6, 0, 7], [4, 7, 0, 2, 5, 4, 6, 5], [6, 3, 4, 3, 4, 3, 4, 4], [1, 1, 2, 3, 0, 3, 4, 5], [0, 2, 0, 5, 5, 4, 2, 2], [0, 0, 7, 2, 5, 2, 5, 4], [5, 3, 7, 1, 5, 0, 6, 1], [5, 5, 0, 2, 6, 6, 0, 0], [5, 6, 3, 3, 6, 3, 3, 4], [1, 4, 3, 2, 4, 0, 7, 5], [7, 4, 7, 3, 4, 7, 4, 6], [4, 2, 4, 4, 5, 6, 2, 7]], "potions": 18, "treasures": 15, "enemies": 21, "solution_length": 0, "enemies_loc": [[0, 0], [1, 0], [5, 0], [7, 0], [1, 1], [6, 1], [0, 2], [2, 5], [2, 6], [6, 6], [4, 7], [5, 7], [1, 8], [4, 8], [6, 9], [0, 10], [2, 10], [5, 10], [7, 10], [5, 11], [7, 11]]}, "quality": 0.2762280701578203, "diversity": 0.44926696453993076, "controlability": 0.0}