{"content": [[0, 1, 1, 1, 1, 1, 1, 1, 1, 0, 1, 0, 1, 1], [0, 1, 1, 1, 1, 1, 1, 1, 0, 1, 1, 1, 0, 1], [1, 1, 1, 1, 1, 0, 0, 1, 1, 1, 0, 1, 1, 1], [1, 0, 1, 0, 1, 1, 1, 1, 1, 1, 0, 0, 1, 1], [1, 0, 1, 1, 0, 1, 1, 1, 1, 0, 1, 1, 1, 0], [1, 1, 1, 1, 1, 1, 1, 1, 1, 1, 1, 0, 1, 0], [0, 1, 1, 1, 1, 1, 1, 0, 0, 1, 1, 1, 1, 1], [0, 1, 0, 1, 0, 0, 0, 0, 0, 0, 1, 1, 1, 1], [1, 0, 0, 0, 0, 1, 0, 1, 1, 1, 1, 1, 1, 0], [1, 1, 1, 1, 1, 1, 1, 1, 1, 0, 1, 1, 1, 1], [1, 1, 0, 0, 1, 1, 1, 0, 1, 1, 0, 0, 1, 0], [0, 1, 0, 0, 0, 1, 1, 0, 0, 1, 0, 1, 1, 0], [1, 1, 1, 0, 0, 1, 1, 1, 1, 1, 1, 1, 1, 1], [0, 0, 1, 0, 0, 1, 1, 1, 1, 1, 1, 1, 0, 0]], "control": {"path": 62}, "info": {"path": 32, "regions": 1, "flat": [0, 1, 1, 1, 1, 1, 1, 1, 1, 0, 1, 0, 1, 1, 0, 1, 1, 1, 1, 1, 1, 1, 0, 1, 1, 1, 0, 1, 1, 1, 1, 1, 1, 0, 0, 1, 1, 1, 0, 1, 1, 1, 1, 0, 1, 0, 1, 1, 1, 1, 1, 1, 0, 0, 1, 1, 1, 0, 1, 1, 0, 1, 1, 1, 1, 0, 1, 1, 1, 0, 1, 1, 1, 1, 1, 1, 1, 1, 1, 1, 1, 0, 1, 0, 0, 1, 1, 1, 1, 1, 1, 0, 0, 1, 1, 1, 1, 1, 0, 1, 0, 1, 0, 0, 0, 0, 0, 0, 1, 1, 1, 1, 1, 0, 0, 0, 0, 1, 0, 1, 1, 1, 1, 1, 1, 0, 1, 1, 1, 1, 1, 1, 1, 1, 1, 0, 1, 1, 1, 1, 1, 1, 0, 0, 1, 1, 1, 0, 1, 1, 0, 0, 1, 0, 0, 1, 0, 0, 0, 1, 1, 0, 0, 1, 0, 1, 1, 0, 1, 1, 1, 0, 0, 1, 1, 1, 1, 1, 1, 1, 1, 1, 0, 0, 1, 0, 0, 1, 1, 1, 1, 1, 1, 1, 0, 0]}, "quality": 1.0, "diversity": 0.5093376972805282, "controlability": 0.5818181817123966}