{"content": [[1, 1, 1, 0, 1, 1, 1, 2, 1, 1, 0], [1, 5, 1, 1, 0, 1, 1, 0, 0, 1, 0], [1, 0, 1, 1, 1, 1, 1, 5, 1, 1, 1], [5, 1, 0, 0, 0, 1, 0, 1, 0, 1, 0], [1, 5, 1, 1, 1, 1, 0, 1, 1, 1, 1], [1, 0, 1, 5, 4, 0, 1, 1, 5, 1, 1], [1, 0, 0, 0, 1, 1, 0, 0, 1, 3, 1]], "control": {"player_key": 17, "key_door": 17}, "info": {"regions": 1, "players": 1, "keys": 1, "doors": 1, "enemies": 6, "player_key": 8, "key_door": 12, "pk_path": [[7, 0], [8, 0], [9, 0], [9, 1], [9, 2], [9, 3], [9, 4], [9, 5], [9, 6]], "kd_path": []}, "quality": 0.9982876712245496, "diversity": 0.7265496521363581, "controlability": 0.6666666662222223}