{"content": [[1, 1, 1, 1, 1, 1, 1, 1, 0, 1, 0], [1, 1, 1, 1, 0, 2, 1, 0, 0, 1, 0], [1, 1, 1, 1, 5, 1, 1, 5, 1, 1, 0], [5, 1, 0, 0, 0, 1, 0, 1, 0, 1, 0], [1, 5, 1, 1, 1, 5, 0, 1, 1, 1, 1], [1, 0, 1, 1, 1, 0, 1, 1, 1, 0, 1], [1, 4, 0, 0, 1, 1, 0, 0, 0, 3, 1]], "control": {"player_key": 17, "key_door": 17}, "info": {"regions": 1, "players": 1, "keys": 1, "doors": 1, "enemies": 5, "player_key": 11, "key_door": 20, "pk_path": [[5, 1], [5, 2], [6, 2], [7, 2], [7, 3], [7, 4], [8, 4], [9, 4], [10, 4], [10, 5], [10, 6], [9, 6]], "kd_path": []}, "quality": 0.999143835607994, "diversity": 0.7717607301206066, "controlability": 0.3666666664222222}