{"content": [[1, 3, 3, 2, 2, 5, 1, 5], [0, 2, 7, 0, 6, 7, 6, 1], [6, 5, 7, 4, 0, 1, 2, 1], [0, 7, 1, 0, 0, 7, 1, 0], [1, 5, 6, 4, 2, 1, 6, 0], [3, 6, 4, 6, 5, 1, 1, 0], [1, 0, 3, 7, 0, 1, 0, 1], [4, 0, 1, 0, 7, 2, 1, 7], [2, 0, 1, 5, 0, 4, 5, 0], [1, 6, 7, 6, 0, 4, 1, 0], [2, 0, 6, 1, 7, 6, 0, 0], [0, 6, 6, 0, 6, 4, 5, 4]], "control": {"col_treasures": 4, "solution_length": 23}, "info": {"regions": 1, "players": 8, "exits": 4, "layout": 44, "heuristic": -1, "solution": [], "content": [[1, 3, 3, 2, 2, 5, 1, 5], [0, 2, 7, 0, 6, 7, 6, 1], [6, 5, 7, 4, 0, 1, 2, 1], [0, 7, 1, 0, 0, 7, 1, 0], [1, 5, 6, 4, 2, 1, 6, 0], [3, 6, 4, 6, 5, 1, 1, 0], [1, 0, 3, 7, 0, 1, 0, 1], [4, 0, 1, 0, 7, 2, 1, 7], [2, 0, 1, 5, 0, 4, 5, 0], [1, 6, 7, 6, 0, 4, 1, 0], [2, 0, 6, 1, 7, 6, 0, 0], [0, 6, 6, 0, 6, 4, 5, 4]], "potions": 8, "treasures": 8, "enemies": 24, "solution_length": 0, "enemies_loc": [[2, 1], [4, 1], [5, 1], [6, 1], [0, 2], [2, 2], [1, 3], [5, 3], [2, 4], [6, 4], [1, 5], [3, 5], [3, 6], [4, 7], [7, 7], [1, 9], [2, 9], [3, 9], [2, 10], [4, 10], [5, 10], [1, 11], [2, 11], [4, 11]]}, "quality": 0.3207602338921008, "diversity": 0.32448629360017134, "controlability": 0.0}