{"content": [[1, 3, 1, 1, 6, 5, 5, 3], [6, 0, 5, 7, 6, 7, 3, 1], [0, 1, 7, 1, 0, 6, 5, 1], [0, 5, 6, 0, 0, 7, 1, 0], [1, 7, 6, 1, 0, 1, 0, 0], [1, 6, 2, 0, 1, 1, 3, 0], [1, 5, 7, 4, 2, 6, 1, 5], [5, 0, 0, 0, 4, 2, 4, 7], [2, 0, 1, 5, 0, 7, 0, 6], [1, 6, 0, 7, 0, 0, 1, 7], [5, 0, 6, 4, 5, 6, 0, 1], [5, 5, 2, 0, 2, 1, 5, 5]], "control": {"col_treasures": 8, "solution_length": 30}, "info": {"regions": 1, "players": 6, "exits": 4, "layout": 45, "heuristic": -1, "solution": [], "content": [[1, 3, 1, 1, 6, 5, 5, 3], [6, 0, 5, 7, 6, 7, 3, 1], [0, 1, 7, 1, 0, 6, 5, 1], [0, 5, 6, 0, 0, 7, 1, 0], [1, 7, 6, 1, 0, 1, 0, 0], [1, 6, 2, 0, 1, 1, 3, 0], [1, 5, 7, 4, 2, 6, 1, 5], [5, 0, 0, 0, 4, 2, 4, 7], [2, 0, 1, 5, 0, 7, 0, 6], [1, 6, 0, 7, 0, 0, 1, 7], [5, 0, 6, 4, 5, 6, 0, 1], [5, 5, 2, 0, 2, 1, 5, 5]], "potions": 4, "treasures": 15, "enemies": 22, "solution_length": 0, "enemies_loc": [[4, 0], [0, 1], [3, 1], [4, 1], [5, 1], [2, 2], [5, 2], [2, 3], [5, 3], [1, 4], [2, 4], [1, 5], [2, 6], [5, 6], [7, 7], [5, 8], [7, 8], [1, 9], [3, 9], [7, 9], [2, 10], [5, 10]]}, "quality": 0.32355263155248243, "diversity": 0.30698528673713266, "controlability": 0.0}