{"content": [[2, 1, 7, 1, 6, 5, 5, 0], [0, 0, 5, 7, 6, 3, 1, 0], [0, 0, 7, 1, 4, 3, 5, 1], [5, 2, 7, 4, 0, 7, 0, 1], [0, 0, 1, 1, 1, 5, 7, 2], [1, 6, 0, 1, 1, 2, 1, 6], [1, 1, 7, 0, 5, 7, 1, 5], [4, 0, 2, 0, 0, 2, 0, 1], [2, 0, 1, 5, 5, 4, 0, 4], [1, 6, 1, 0, 0, 1, 6, 5], [5, 0, 0, 7, 4, 1, 0, 1], [0, 4, 1, 1, 4, 7, 4, 1]], "control": {"col_treasures": 8, "solution_length": 30}, "info": {"regions": 1, "players": 7, "exits": 2, "layout": 50, "heuristic": -1, "solution": [], "content": [[2, 1, 7, 1, 6, 5, 5, 0], [0, 0, 5, 7, 6, 3, 1, 0], [0, 0, 7, 1, 4, 3, 5, 1], [5, 2, 7, 4, 0, 7, 0, 1], [0, 0, 1, 1, 1, 5, 7, 2], [1, 6, 0, 1, 1, 2, 1, 6], [1, 1, 7, 0, 5, 7, 1, 5], [4, 0, 2, 0, 0, 2, 0, 1], [2, 0, 1, 5, 5, 4, 0, 4], [1, 6, 1, 0, 0, 1, 6, 5], [5, 0, 0, 7, 4, 1, 0, 1], [0, 4, 1, 1, 4, 7, 4, 1]], "potions": 9, "treasures": 12, "enemies": 16, "solution_length": 0, "enemies_loc": [[2, 0], [4, 0], [3, 1], [4, 1], [2, 2], [2, 3], [5, 3], [6, 4], [1, 5], [7, 5], [2, 6], [5, 6], [1, 9], [6, 9], [3, 10], [5, 11]]}, "quality": 0.3284210526180609, "diversity": 0.47048610351562514, "controlability": 0.0}