{"content": [[2, 1, 1, 4, 4, 4, 4, 5], [6, 0, 5, 4, 3, 5, 7, 1], [2, 0, 7, 4, 0, 1, 5, 1], [0, 1, 1, 3, 0, 7, 6, 0], [0, 7, 1, 1, 2, 4, 6, 4], [2, 2, 1, 1, 5, 5, 7, 4], [0, 2, 4, 0, 0, 6, 1, 5], [4, 0, 7, 0, 0, 2, 0, 7], [5, 4, 1, 4, 5, 4, 0, 1], [1, 5, 0, 3, 1, 4, 7, 0], [2, 5, 1, 1, 1, 0, 0, 2], [1, 6, 1, 0, 1, 1, 1, 2]], "control": {"col_treasures": 4, "solution_length": 23}, "info": {"regions": 1, "players": 10, "exits": 3, "layout": 44, "heuristic": -1, "solution": [], "content": [[2, 1, 1, 4, 4, 4, 4, 5], [6, 0, 5, 4, 3, 5, 7, 1], [2, 0, 7, 4, 0, 1, 5, 1], [0, 1, 1, 3, 0, 7, 6, 0], [0, 7, 1, 1, 2, 4, 6, 4], [2, 2, 1, 1, 5, 5, 7, 4], [0, 2, 4, 0, 0, 6, 1, 5], [4, 0, 7, 0, 0, 2, 0, 7], [5, 4, 1, 4, 5, 4, 0, 1], [1, 5, 0, 3, 1, 4, 7, 0], [2, 5, 1, 1, 1, 0, 0, 2], [1, 6, 1, 0, 1, 1, 1, 2]], "potions": 15, "treasures": 11, "enemies": 13, "solution_length": 0, "enemies_loc": [[0, 1], [6, 1], [2, 2], [5, 3], [6, 3], [1, 4], [6, 4], [6, 5], [5, 6], [2, 7], [7, 7], [6, 9], [1, 11]]}, "quality": 0.32005847950620975, "diversity": 0.4185267770368306, "controlability": 0.0}