{"content": [[1, 1, 4, 1, 7, 5, 0, 7], [0, 0, 5, 5, 1, 7, 5, 1], [6, 6, 1, 1, 4, 1, 2, 1], [0, 5, 1, 6, 0, 7, 1, 5], [6, 5, 4, 0, 3, 3, 7, 0], [1, 6, 0, 1, 1, 7, 6, 4], [0, 0, 7, 0, 0, 7, 0, 5], [5, 0, 7, 0, 7, 2, 4, 7], [2, 0, 2, 5, 6, 0, 0, 1], [1, 1, 7, 1, 6, 1, 7, 0], [2, 0, 1, 4, 7, 1, 0, 1], [0, 5, 5, 0, 2, 1, 4, 2]], "control": {"col_treasures": 18, "solution_length": 45}, "info": {"regions": 1, "players": 7, "exits": 2, "layout": 46, "heuristic": -1, "solution": [], "content": [[1, 1, 4, 1, 7, 5, 0, 7], [0, 0, 5, 5, 1, 7, 5, 1], [6, 6, 1, 1, 4, 1, 2, 1], [0, 5, 1, 6, 0, 7, 1, 5], [6, 5, 4, 0, 3, 3, 7, 0], [1, 6, 0, 1, 1, 7, 6, 4], [0, 0, 7, 0, 0, 7, 0, 5], [5, 0, 7, 0, 7, 2, 4, 7], [2, 0, 2, 5, 6, 0, 0, 1], [1, 1, 7, 1, 6, 1, 7, 0], [2, 0, 1, 4, 7, 1, 0, 1], [0, 5, 5, 0, 2, 1, 4, 2]], "potions": 7, "treasures": 12, "enemies": 22, "solution_length": 0, "enemies_loc": [[4, 0], [7, 0], [5, 1], [0, 2], [1, 2], [3, 3], [5, 3], [0, 4], [6, 4], [1, 5], [5, 5], [6, 5], [2, 6], [5, 6], [2, 7], [4, 7], [7, 7], [4, 8], [2, 9], [4, 9], [6, 9], [4, 10]]}, "quality": 0.325643274826973, "diversity": 0.3681249917968752, "controlability": 0.0}