{"content": [[1, 1, 1, 1, 5, 4, 5, 0], [7, 2, 3, 6, 1, 6, 4, 0], [2, 0, 1, 4, 0, 1, 6, 1], [0, 6, 5, 5, 0, 7, 1, 1], [3, 5, 1, 1, 1, 6, 3, 6], [1, 0, 1, 1, 1, 2, 0, 0], [7, 5, 4, 1, 0, 0, 0, 7], [5, 0, 7, 0, 7, 2, 1, 2], [5, 1, 1, 5, 5, 4, 0, 2], [5, 0, 7, 5, 0, 0, 2, 5], [1, 0, 1, 1, 4, 6, 0, 5], [5, 5, 5, 3, 6, 5, 4, 1]], "control": {"col_treasures": 18, "solution_length": 45}, "info": {"regions": 1, "players": 7, "exits": 4, "layout": 45, "heuristic": -1, "solution": [], "content": [[1, 1, 1, 1, 5, 4, 5, 0], [7, 2, 3, 6, 1, 6, 4, 0], [2, 0, 1, 4, 0, 1, 6, 1], [0, 6, 5, 5, 0, 7, 1, 1], [3, 5, 1, 1, 1, 6, 3, 6], [1, 0, 1, 1, 1, 2, 0, 0], [7, 5, 4, 1, 0, 0, 0, 7], [5, 0, 7, 0, 7, 2, 1, 2], [5, 1, 1, 5, 5, 4, 0, 2], [5, 0, 7, 5, 0, 0, 2, 5], [1, 0, 1, 1, 4, 6, 0, 5], [5, 5, 5, 3, 6, 5, 4, 1]], "potions": 7, "treasures": 18, "enemies": 15, "solution_length": 0, "enemies_loc": [[0, 1], [3, 1], [5, 1], [6, 2], [1, 3], [5, 3], [5, 4], [7, 4], [0, 6], [7, 6], [2, 7], [4, 7], [2, 9], [5, 10], [4, 11]]}, "quality": 0.3228508771665914, "diversity": 0.32198182987780477, "controlability": 0.0}