{"content": [[1, 1, 1, 1, 7, 5, 5, 0], [1, 0, 5, 7, 6, 6, 5, 0], [0, 0, 1, 1, 4, 6, 5, 1], [5, 7, 1, 4, 0, 4, 1, 4], [3, 7, 1, 1, 1, 1, 7, 2], [1, 1, 0, 1, 1, 7, 1, 4], [7, 3, 4, 0, 4, 7, 0, 5], [4, 0, 2, 0, 7, 2, 4, 7], [2, 0, 1, 5, 0, 4, 1, 1], [1, 7, 1, 3, 1, 4, 6, 1], [5, 0, 1, 4, 7, 0, 4, 1], [5, 6, 2, 5, 2, 1, 1, 1]], "control": {"col_treasures": 8, "solution_length": 30}, "info": {"regions": 1, "players": 6, "exits": 3, "layout": 46, "heuristic": -1, "solution": [], "content": [[1, 1, 1, 1, 7, 5, 5, 0], [1, 0, 5, 7, 6, 6, 5, 0], [0, 0, 1, 1, 4, 6, 5, 1], [5, 7, 1, 4, 0, 4, 1, 4], [3, 7, 1, 1, 1, 1, 7, 2], [1, 1, 0, 1, 1, 7, 1, 4], [7, 3, 4, 0, 4, 7, 0, 5], [4, 0, 2, 0, 7, 2, 4, 7], [2, 0, 1, 5, 0, 4, 1, 1], [1, 7, 1, 3, 1, 4, 6, 1], [5, 0, 1, 4, 7, 0, 4, 1], [5, 6, 2, 5, 2, 1, 1, 1]], "potions": 13, "treasures": 11, "enemies": 17, "solution_length": 0, "enemies_loc": [[4, 0], [3, 1], [4, 1], [5, 1], [5, 2], [1, 3], [1, 4], [6, 4], [5, 5], [0, 6], [5, 6], [4, 7], [7, 7], [1, 9], [6, 9], [4, 10], [1, 11]]}, "quality": 0.325643274826973, "diversity": 0.32430012249145534, "controlability": 0.0}