{"content": [[2, 3, 7, 1, 7, 1, 3, 1], [5, 1, 5, 5, 1, 6, 1, 7], [7, 0, 2, 1, 3, 1, 5, 1], [4, 1, 4, 4, 0, 4, 1, 1], [0, 0, 5, 1, 2, 5, 7, 2], [0, 6, 2, 0, 1, 5, 0, 4], [1, 5, 4, 1, 2, 5, 0, 5], [4, 5, 3, 0, 0, 0, 1, 1], [4, 1, 4, 5, 1, 4, 0, 4], [5, 6, 0, 0, 2, 1, 1, 3], [2, 0, 0, 2, 2, 0, 0, 1], [0, 6, 1, 3, 4, 7, 4, 2]], "control": {"col_treasures": 8, "solution_length": 30}, "info": {"regions": 1, "players": 11, "exits": 6, "layout": 43, "heuristic": -1, "solution": [], "content": [[2, 3, 7, 1, 7, 1, 3, 1], [5, 1, 5, 5, 1, 6, 1, 7], [7, 0, 2, 1, 3, 1, 5, 1], [4, 1, 4, 4, 0, 4, 1, 1], [0, 0, 5, 1, 2, 5, 7, 2], [0, 6, 2, 0, 1, 5, 0, 4], [1, 5, 4, 1, 2, 5, 0, 5], [4, 5, 3, 0, 0, 0, 1, 1], [4, 1, 4, 5, 1, 4, 0, 4], [5, 6, 0, 0, 2, 1, 1, 3], [2, 0, 0, 2, 2, 0, 0, 1], [0, 6, 1, 3, 4, 7, 4, 2]], "potions": 13, "treasures": 13, "enemies": 10, "solution_length": 0, "enemies_loc": [[2, 0], [4, 0], [5, 1], [7, 1], [0, 2], [6, 4], [1, 5], [1, 9], [1, 11], [5, 11]]}, "quality": 0.315862573074046, "diversity": 0.3807291583984376, "controlability": 0.0}