{"content": [[4, 1, 7, 1, 5, 5, 6, 0], [0, 2, 0, 0, 6, 7, 4, 1], [7, 5, 1, 1, 4, 6, 2, 1], [7, 2, 1, 0, 0, 7, 0, 0], [3, 1, 6, 1, 1, 3, 2, 2], [1, 6, 0, 7, 1, 1, 6, 0], [0, 0, 4, 0, 0, 7, 6, 5], [4, 0, 0, 0, 1, 4, 0, 7], [2, 0, 1, 4, 0, 4, 3, 1], [1, 0, 1, 6, 0, 4, 6, 0], [2, 0, 6, 7, 4, 6, 7, 1], [0, 6, 2, 0, 7, 1, 4, 4]], "control": {"col_treasures": 18, "solution_length": 45}, "info": {"regions": 3, "players": 8, "exits": 3, "layout": 46, "heuristic": -1, "solution": [], "content": [[4, 1, 7, 1, 5, 5, 6, 0], [0, 2, 0, 0, 6, 7, 4, 1], [7, 5, 1, 1, 4, 6, 2, 1], [7, 2, 1, 0, 0, 7, 0, 0], [3, 1, 6, 1, 1, 3, 2, 2], [1, 6, 0, 7, 1, 1, 6, 0], [0, 0, 4, 0, 0, 7, 6, 5], [4, 0, 0, 0, 1, 4, 0, 7], [2, 0, 1, 4, 0, 4, 3, 1], [1, 0, 1, 6, 0, 4, 6, 0], [2, 0, 6, 7, 4, 6, 7, 1], [0, 6, 2, 0, 7, 1, 4, 4]], "potions": 12, "treasures": 4, "enemies": 23, "solution_length": 0, "enemies_loc": [[2, 0], [6, 0], [4, 1], [5, 1], [0, 2], [5, 2], [0, 3], [5, 3], [2, 4], [1, 5], [3, 5], [6, 5], [5, 6], [6, 6], [7, 7], [3, 9], [6, 9], [2, 10], [3, 10], [5, 10], [6, 10], [1, 11], [4, 11]]}, "quality": 0.308735890026707, "diversity": 0.3511029331341914, "controlability": 0.0}