{"content": [[1, 3, 7, 2, 7, 5, 5, 5], [0, 2, 7, 0, 2, 7, 6, 1], [6, 5, 7, 1, 0, 1, 5, 1], [0, 1, 1, 6, 0, 4, 1, 4], [0, 5, 1, 0, 3, 1, 4, 4], [1, 6, 2, 7, 1, 1, 0, 0], [6, 7, 7, 1, 1, 0, 0, 1], [4, 1, 7, 7, 7, 4, 1, 4], [2, 0, 1, 1, 0, 4, 1, 7], [5, 6, 6, 0, 0, 1, 1, 2], [2, 0, 6, 1, 4, 6, 0, 1], [0, 6, 6, 0, 1, 4, 5, 4]], "control": {"col_treasures": 8, "solution_length": 30}, "info": {"regions": 1, "players": 7, "exits": 2, "layout": 45, "heuristic": -1, "solution": [], "content": [[1, 3, 7, 2, 7, 5, 5, 5], [0, 2, 7, 0, 2, 7, 6, 1], [6, 5, 7, 1, 0, 1, 5, 1], [0, 1, 1, 6, 0, 4, 1, 4], [0, 5, 1, 0, 3, 1, 4, 4], [1, 6, 2, 7, 1, 1, 0, 0], [6, 7, 7, 1, 1, 0, 0, 1], [4, 1, 7, 7, 7, 4, 1, 4], [2, 0, 1, 1, 0, 4, 1, 7], [5, 6, 6, 0, 0, 1, 1, 2], [2, 0, 6, 1, 4, 6, 0, 1], [0, 6, 6, 0, 1, 4, 5, 4]], "potions": 11, "treasures": 8, "enemies": 23, "solution_length": 0, "enemies_loc": [[2, 0], [4, 0], [2, 1], [5, 1], [6, 1], [0, 2], [2, 2], [3, 3], [1, 5], [3, 5], [0, 6], [1, 6], [2, 6], [2, 7], [3, 7], [4, 7], [7, 8], [1, 9], [2, 9], [2, 10], [5, 10], [1, 11], [2, 11]]}, "quality": 0.32425438593837347, "diversity": 0.35098378821614606, "controlability": 0.0}