{"content": [[1, 1, 7, 1, 7, 5, 5, 5], [7, 7, 3, 6, 5, 6, 4, 0], [0, 0, 7, 4, 0, 1, 2, 1], [6, 2, 5, 5, 0, 7, 1, 1], [3, 1, 6, 1, 1, 4, 4, 1], [1, 0, 2, 1, 5, 2, 0, 0], [0, 4, 4, 0, 0, 7, 2, 7], [5, 0, 3, 0, 1, 4, 1, 1], [2, 1, 1, 5, 5, 4, 0, 1], [5, 0, 7, 4, 0, 0, 6, 5], [2, 0, 6, 7, 4, 1, 0, 5], [0, 5, 7, 1, 6, 5, 4, 4]], "control": {"col_treasures": 4, "solution_length": 23}, "info": {"regions": 1, "players": 7, "exits": 3, "layout": 41, "heuristic": -1, "solution": [], "content": [[1, 1, 7, 1, 7, 5, 5, 5], [7, 7, 3, 6, 5, 6, 4, 0], [0, 0, 7, 4, 0, 1, 2, 1], [6, 2, 5, 5, 0, 7, 1, 1], [3, 1, 6, 1, 1, 4, 4, 1], [1, 0, 2, 1, 5, 2, 0, 0], [0, 4, 4, 0, 0, 7, 2, 7], [5, 0, 3, 0, 1, 4, 1, 1], [2, 1, 1, 5, 5, 4, 0, 1], [5, 0, 7, 4, 0, 0, 6, 5], [2, 0, 6, 7, 4, 1, 0, 5], [0, 5, 7, 1, 6, 5, 4, 4]], "potions": 12, "treasures": 15, "enemies": 18, "solution_length": 0, "enemies_loc": [[2, 0], [4, 0], [0, 1], [1, 1], [3, 1], [5, 1], [2, 2], [0, 3], [5, 3], [2, 4], [5, 6], [7, 6], [2, 9], [6, 9], [2, 10], [3, 10], [2, 11], [4, 11]]}, "quality": 0.31799707599808424, "diversity": 0.362461411617477, "controlability": 0.0}