{"content": [[1, 1, 5, 1, 5, 5, 5, 0], [0, 2, 0, 0, 1, 7, 4, 2], [6, 5, 7, 4, 0, 6, 2, 1], [7, 5, 1, 6, 0, 7, 0, 5], [3, 5, 6, 6, 6, 1, 6, 0], [1, 2, 1, 1, 1, 2, 6, 0], [0, 5, 7, 4, 1, 7, 1, 5], [5, 0, 7, 0, 7, 4, 7, 0], [2, 1, 1, 5, 5, 1, 1, 1], [1, 4, 7, 6, 0, 1, 6, 0], [2, 0, 0, 1, 4, 6, 0, 0], [5, 3, 6, 0, 6, 1, 7, 1]], "control": {"col_treasures": 8, "solution_length": 30}, "info": {"regions": 1, "players": 7, "exits": 2, "layout": 43, "heuristic": -1, "solution": [], "content": [[1, 1, 5, 1, 5, 5, 5, 0], [0, 2, 0, 0, 1, 7, 4, 2], [6, 5, 7, 4, 0, 6, 2, 1], [7, 5, 1, 6, 0, 7, 0, 5], [3, 5, 6, 6, 6, 1, 6, 0], [1, 2, 1, 1, 1, 2, 6, 0], [0, 5, 7, 4, 1, 7, 1, 5], [5, 0, 7, 0, 7, 4, 7, 0], [2, 1, 1, 5, 5, 1, 1, 1], [1, 4, 7, 6, 0, 1, 6, 0], [2, 0, 0, 1, 4, 6, 0, 0], [5, 3, 6, 0, 6, 1, 7, 1]], "potions": 6, "treasures": 14, "enemies": 24, "solution_length": 0, "enemies_loc": [[5, 1], [0, 2], [2, 2], [5, 2], [0, 3], [3, 3], [5, 3], [2, 4], [3, 4], [4, 4], [6, 4], [6, 5], [2, 6], [5, 6], [2, 7], [4, 7], [6, 7], [2, 9], [3, 9], [6, 9], [5, 10], [2, 11], [4, 11], [6, 11]]}, "quality": 0.32147660816117435, "diversity": 0.33578430582107865, "controlability": 0.0}