{"content": [[4, 1, 1, 0, 1, 3, 1, 1, 0, 1, 0], [1, 1, 1, 1, 0, 1, 3, 0, 0, 1, 4], [1, 1, 1, 1, 0, 0, 3, 5, 1, 1, 0], [0, 1, 0, 0, 0, 1, 0, 1, 0, 1, 1], [1, 5, 5, 1, 1, 2, 1, 1, 1, 1, 1], [1, 0, 1, 1, 4, 0, 1, 1, 5, 1, 1], [1, 0, 0, 0, 1, 1, 0, 0, 1, 3, 1]], "control": {"player_key": 17, "key_door": 17}, "info": {"regions": 1, "players": 1, "keys": 4, "doors": 3, "enemies": 4, "player_key": 8, "key_door": 17, "pk_path": [[5, 4], [6, 4], [7, 4], [7, 3], [7, 2], [6, 2], [6, 1], [6, 0], [5, 0]], "kd_path": []}, "quality": 0.4958881578788305, "diversity": 0.5, "controlability": 0.7666666664888888}