{"content": [[1, 1, 1, 0, 1, 1, 2, 1, 0, 1, 5], [1, 1, 1, 1, 0, 0, 1, 0, 0, 1, 5], [1, 1, 1, 1, 0, 1, 1, 5, 1, 1, 0], [5, 1, 0, 0, 0, 1, 0, 1, 0, 1, 0], [1, 5, 1, 1, 1, 1, 0, 1, 0, 1, 1], [4, 0, 1, 1, 1, 0, 1, 1, 5, 1, 1], [1, 5, 0, 0, 1, 1, 0, 0, 1, 3, 1]], "control": {"player_key": 17, "key_door": 17}, "info": {"regions": 1, "players": 1, "keys": 1, "doors": 1, "enemies": 7, "player_key": 9, "key_door": 16, "pk_path": [[6, 0], [6, 1], [6, 2], [7, 2], [7, 3], [7, 4], [7, 5], [8, 5], [8, 6], [9, 6]], "kd_path": []}, "quality": 0.9974315068411053, "diversity": 1.0, "controlability": 0.7999999998}