{"content": [[1, 1, 1, 0, 1, 1, 1, 4, 0, 1, 0], [1, 1, 1, 1, 0, 0, 1, 0, 0, 1, 0], [1, 1, 1, 1, 1, 1, 1, 0, 1, 1, 0], [0, 1, 0, 0, 0, 1, 0, 1, 0, 1, 0], [1, 5, 1, 0, 1, 5, 1, 1, 1, 1, 1], [1, 0, 1, 1, 1, 0, 1, 1, 0, 1, 1], [1, 0, 0, 2, 1, 1, 0, 0, 1, 3, 1]], "control": {"player_key": 17, "key_door": 17}, "info": {"regions": 1, "players": 1, "keys": 1, "doors": 1, "enemies": 2, "player_key": 10, "key_door": 12, "pk_path": [[3, 6], [3, 5], [4, 5], [4, 4], [5, 4], [6, 4], [7, 4], [8, 4], [9, 4], [9, 5], [9, 6]], "kd_path": []}, "quality": 1.0, "diversity": 0.9545454393939399, "controlability": 0.7333333328444445}