{"content": [[1, 1, 1, 1, 7, 0, 1, 1], [0, 2, 0, 6, 4, 4, 7, 0], [0, 4, 4, 4, 7, 6, 6, 1], [0, 0, 1, 0, 0, 7, 4, 1], [6, 6, 1, 6, 6, 1, 6, 6], [7, 6, 0, 7, 5, 6, 0, 4], [0, 0, 6, 1, 1, 7, 0, 5], [1, 0, 2, 0, 1, 0, 1, 1], [4, 0, 4, 1, 0, 4, 0, 1], [7, 0, 7, 7, 4, 4, 1, 7], [3, 3, 6, 1, 7, 0, 0, 1], [4, 4, 1, 0, 7, 1, 0, 1]], "control": {"col_treasures": 8, "solution_length": 30}, "info": {"regions": 1, "players": 2, "exits": 2, "layout": 50, "heuristic": -1, "solution": [], "content": [[1, 1, 1, 1, 7, 0, 1, 1], [0, 2, 0, 6, 4, 4, 7, 0], [0, 4, 4, 4, 7, 6, 6, 1], [0, 0, 1, 0, 0, 7, 4, 1], [6, 6, 1, 6, 6, 1, 6, 6], [7, 6, 0, 7, 5, 6, 0, 4], [0, 0, 6, 1, 1, 7, 0, 5], [1, 0, 2, 0, 1, 0, 1, 1], [4, 0, 4, 1, 0, 4, 0, 1], [7, 0, 7, 7, 4, 4, 1, 7], [3, 3, 6, 1, 7, 0, 0, 1], [4, 4, 1, 0, 7, 1, 0, 1]], "potions": 14, "treasures": 2, "enemies": 26, "solution_length": 0, "enemies_loc": [[4, 0], [3, 1], [6, 1], [4, 2], [5, 2], [6, 2], [5, 3], [0, 4], [1, 4], [3, 4], [4, 4], [6, 4], [7, 4], [0, 5], [1, 5], [3, 5], [5, 5], [2, 6], [5, 6], [0, 9], [2, 9], [3, 9], [7, 9], [2, 10], [4, 10], [4, 11]]}, "quality": 0.3319298245475162, "diversity": 0.9085567066761367, "controlability": 0.0}