{"content": [[1, 1, 1, 2, 7, 1, 7, 0], [0, 0, 0, 3, 1, 0, 5, 0], [0, 3, 1, 1, 0, 1, 5, 1], [0, 5, 1, 0, 0, 7, 6, 0], [1, 0, 1, 1, 3, 1, 7, 6], [1, 7, 0, 1, 1, 6, 1, 4], [1, 1, 6, 7, 0, 5, 1, 5], [5, 0, 6, 0, 1, 1, 0, 6], [7, 0, 1, 1, 0, 4, 6, 1], [5, 5, 1, 4, 1, 4, 7, 1], [5, 7, 6, 6, 4, 0, 0, 1], [5, 1, 2, 0, 0, 3, 1, 1]], "control": {"col_treasures": 18, "solution_length": 45}, "info": {"regions": 1, "players": 2, "exits": 4, "layout": 57, "heuristic": -1, "solution": [], "content": [[1, 1, 1, 2, 7, 1, 7, 0], [0, 0, 0, 3, 1, 0, 5, 0], [0, 3, 1, 1, 0, 1, 5, 1], [0, 5, 1, 0, 0, 7, 6, 0], [1, 0, 1, 1, 3, 1, 7, 6], [1, 7, 0, 1, 1, 6, 1, 4], [1, 1, 6, 7, 0, 5, 1, 5], [5, 0, 6, 0, 1, 1, 0, 6], [7, 0, 1, 1, 0, 4, 6, 1], [5, 5, 1, 4, 1, 4, 7, 1], [5, 7, 6, 6, 4, 0, 0, 1], [5, 1, 2, 0, 0, 3, 1, 1]], "potions": 5, "treasures": 10, "enemies": 18, "solution_length": 0, "enemies_loc": [[4, 0], [6, 0], [5, 3], [6, 3], [6, 4], [7, 4], [1, 5], [5, 5], [2, 6], [3, 6], [2, 7], [7, 7], [0, 8], [6, 8], [6, 9], [1, 10], [2, 10], [3, 10]]}, "quality": 0.3305263157757341, "diversity": 0.31052441838631484, "controlability": 0.0}