{"content": [[1, 1, 1, 1, 0, 1, 5, 2], [4, 6, 0, 3, 1, 3, 5, 0], [0, 0, 5, 1, 5, 6, 5, 1], [0, 5, 7, 0, 6, 1, 6, 0], [1, 0, 1, 6, 0, 0, 5, 6], [1, 5, 0, 7, 1, 0, 1, 4], [1, 5, 5, 0, 0, 5, 1, 7], [5, 0, 7, 0, 4, 0, 7, 6], [6, 0, 4, 0, 5, 4, 1, 1], [1, 1, 1, 7, 1, 5, 1, 0], [1, 0, 6, 1, 6, 0, 0, 1], [5, 5, 0, 0, 5, 1, 1, 1]], "control": {"col_treasures": 18, "solution_length": 45}, "info": {"regions": 1, "players": 1, "exits": 2, "layout": 55, "heuristic": -1, "solution": [], "content": [[1, 1, 1, 1, 0, 1, 5, 2], [4, 6, 0, 3, 1, 3, 5, 0], [0, 0, 5, 1, 5, 6, 5, 1], [0, 5, 7, 0, 6, 1, 6, 0], [1, 0, 1, 6, 0, 0, 5, 6], [1, 5, 0, 7, 1, 0, 1, 4], [1, 5, 5, 0, 0, 5, 1, 7], [5, 0, 7, 0, 4, 0, 7, 6], [6, 0, 4, 0, 5, 4, 1, 1], [1, 1, 1, 7, 1, 5, 1, 0], [1, 0, 6, 1, 6, 0, 0, 1], [5, 5, 0, 0, 5, 1, 1, 1]], "potions": 5, "treasures": 17, "enemies": 16, "solution_length": 0, "enemies_loc": [[1, 1], [5, 2], [2, 3], [4, 3], [6, 3], [3, 4], [7, 4], [3, 5], [7, 6], [2, 7], [6, 7], [7, 7], [0, 8], [3, 9], [2, 10], [4, 10]]}, "quality": 0.3326315789404248, "diversity": 0.9785314921017534, "controlability": 0.0}