{"content": [[1, 1, 1, 0, 1, 1, 1, 1, 0, 1, 0], [1, 5, 1, 1, 0, 1, 1, 0, 0, 1, 0], [1, 1, 1, 1, 1, 2, 1, 5, 1, 1, 0], [5, 1, 5, 0, 0, 1, 0, 1, 0, 1, 0], [1, 5, 5, 1, 1, 1, 1, 1, 5, 1, 1], [1, 0, 1, 1, 4, 0, 1, 1, 5, 1, 1], [1, 0, 0, 0, 1, 1, 0, 5, 1, 3, 1]], "control": {"player_key": 17, "key_door": 17}, "info": {"regions": 1, "players": 1, "keys": 1, "doors": 1, "enemies": 9, "player_key": 8, "key_door": 8, "pk_path": [[5, 2], [5, 3], [5, 4], [6, 4], [6, 5], [7, 5], [7, 6], [8, 6], [9, 6]], "kd_path": []}, "quality": 0.967941400172982, "diversity": 1.0, "controlability": 0.5333333329777777}