{"content": [[1, 5, 7, 0, 4, 5, 4, 1], [7, 2, 5, 1, 4, 7, 5, 0], [0, 4, 6, 1, 4, 5, 6, 1], [0, 5, 7, 0, 0, 7, 4, 5], [1, 7, 1, 6, 6, 1, 7, 6], [1, 4, 0, 0, 5, 6, 5, 4], [0, 5, 5, 5, 1, 3, 0, 6], [5, 0, 0, 5, 7, 0, 0, 4], [4, 0, 4, 4, 1, 4, 0, 0], [4, 7, 7, 5, 3, 4, 1, 6], [5, 0, 4, 4, 4, 6, 0, 1], [5, 0, 1, 6, 7, 1, 0, 1]], "control": {"col_treasures": 8, "solution_length": 30}, "info": {"regions": 1, "players": 1, "exits": 2, "layout": 37, "heuristic": -1, "solution": [], "content": [[1, 5, 7, 0, 4, 5, 4, 1], [7, 2, 5, 1, 4, 7, 5, 0], [0, 4, 6, 1, 4, 5, 6, 1], [0, 5, 7, 0, 0, 7, 4, 5], [1, 7, 1, 6, 6, 1, 7, 6], [1, 4, 0, 0, 5, 6, 5, 4], [0, 5, 5, 5, 1, 3, 0, 6], [5, 0, 0, 5, 7, 0, 0, 4], [4, 0, 4, 4, 1, 4, 0, 0], [4, 7, 7, 5, 3, 4, 1, 6], [5, 0, 4, 4, 4, 6, 0, 1], [5, 0, 1, 6, 7, 1, 0, 1]], "potions": 18, "treasures": 17, "enemies": 21, "solution_length": 0, "enemies_loc": [[2, 0], [0, 1], [5, 1], [2, 2], [6, 2], [2, 3], [5, 3], [1, 4], [3, 4], [4, 4], [6, 4], [7, 4], [5, 5], [7, 6], [4, 7], [1, 9], [2, 9], [7, 9], [5, 10], [3, 11], [4, 11]]}, "quality": 0.31735380115194095, "diversity": 0.32445986935763915, "controlability": 0.0}