{"content": [[1, 1, 1, 0, 5, 1, 4, 1, 0, 1, 0], [1, 1, 1, 1, 0, 1, 1, 0, 0, 1, 0], [1, 1, 1, 1, 1, 0, 1, 5, 1, 1, 0], [1, 1, 0, 0, 0, 1, 0, 1, 0, 1, 0], [1, 5, 1, 1, 1, 1, 1, 1, 2, 1, 1], [1, 0, 1, 1, 4, 0, 1, 1, 0, 1, 5], [1, 0, 0, 0, 1, 1, 0, 0, 1, 3, 1]], "control": {"player_key": 17, "key_door": 17}, "info": {"regions": 1, "players": 1, "keys": 1, "doors": 2, "enemies": 4, "player_key": 3, "key_door": 9, "pk_path": [[8, 4], [9, 4], [9, 5], [9, 6]], "kd_path": []}, "quality": 0.4991776315708319, "diversity": 1.0, "controlability": 0.39999999973333333}