{"content": [[1, 1, 1, 1, 7, 5, 7, 1], [1, 2, 6, 0, 4, 0, 7, 0], [0, 4, 0, 1, 7, 6, 6, 1], [0, 5, 1, 0, 4, 7, 4, 0], [6, 7, 1, 6, 1, 1, 2, 4], [1, 6, 0, 7, 5, 0, 0, 4], [0, 0, 6, 1, 1, 7, 0, 5], [1, 0, 0, 0, 1, 0, 1, 7], [4, 0, 4, 1, 0, 4, 0, 1], [4, 0, 7, 7, 6, 4, 1, 6], [6, 3, 6, 1, 7, 6, 0, 1], [0, 0, 1, 6, 7, 1, 0, 1]], "control": {"col_treasures": 8, "solution_length": 30}, "info": {"regions": 1, "players": 2, "exits": 1, "layout": 52, "heuristic": -1, "solution": [], "content": [[1, 1, 1, 1, 7, 5, 7, 1], [1, 2, 6, 0, 4, 0, 7, 0], [0, 4, 0, 1, 7, 6, 6, 1], [0, 5, 1, 0, 4, 7, 4, 0], [6, 7, 1, 6, 1, 1, 2, 4], [1, 6, 0, 7, 5, 0, 0, 4], [0, 0, 6, 1, 1, 7, 0, 5], [1, 0, 0, 0, 1, 0, 1, 7], [4, 0, 4, 1, 0, 4, 0, 1], [4, 0, 7, 7, 6, 4, 1, 6], [6, 3, 6, 1, 7, 6, 0, 1], [0, 0, 1, 6, 7, 1, 0, 1]], "potions": 11, "treasures": 4, "enemies": 26, "solution_length": 0, "enemies_loc": [[4, 0], [6, 0], [2, 1], [6, 1], [4, 2], [5, 2], [6, 2], [5, 3], [0, 4], [1, 4], [3, 4], [1, 5], [3, 5], [2, 6], [5, 6], [7, 7], [2, 9], [3, 9], [4, 9], [7, 9], [0, 10], [2, 10], [4, 10], [5, 10], [3, 11], [4, 11]]}, "quality": 0.3326315789404248, "diversity": 0.3177083263165511, "controlability": 0.0}