{"content": [[1, 1, 1, 0, 1, 1, 1, 1, 1, 1, 0], [1, 1, 1, 1, 0, 1, 1, 0, 0, 1, 0], [1, 1, 1, 1, 2, 1, 1, 5, 1, 1, 5], [2, 1, 0, 0, 0, 1, 0, 1, 2, 0, 0], [1, 5, 1, 1, 1, 1, 1, 1, 1, 1, 1], [1, 0, 1, 1, 4, 0, 1, 1, 5, 0, 1], [1, 0, 0, 0, 1, 1, 0, 0, 1, 3, 1]], "control": {"player_key": 17, "key_door": 17}, "info": {"regions": 1, "players": 3, "keys": 1, "doors": 1, "enemies": 4, "player_key": 9, "key_door": 8, "pk_path": [[4, 2], [5, 2], [5, 3], [5, 4], [6, 4], [6, 5], [7, 5], [8, 5], [8, 6], [9, 6]], "kd_path": []}, "quality": 0.4983552631498875, "diversity": 0.7999423182775978, "controlability": 0.5666666662888888}