{"content": [[1, 4, 1, 0, 1, 3, 1, 1, 4, 0, 0], [1, 5, 4, 1, 0, 1, 1, 0, 0, 1, 0], [1, 1, 1, 1, 0, 0, 1, 2, 1, 1, 0], [0, 1, 0, 0, 1, 1, 0, 4, 0, 1, 1], [1, 1, 5, 1, 1, 1, 1, 1, 1, 1, 1], [1, 0, 1, 1, 4, 0, 1, 1, 4, 0, 1], [1, 2, 0, 0, 1, 5, 0, 0, 1, 1, 1]], "control": {"player_key": 17, "key_door": 17}, "info": {"regions": 1, "players": 2, "keys": 1, "doors": 6, "enemies": 3, "player_key": 4, "key_door": 16, "pk_path": [[7, 2], [6, 2], [6, 1], [6, 0], [5, 0]], "kd_path": []}, "quality": 0.4950657894578861, "diversity": 0.3038095290056614, "controlability": 0.6333333332444444}