{"content": [[1, 1, 1, 0, 1, 3, 1, 1, 0, 0, 0], [1, 5, 1, 1, 0, 1, 3, 2, 0, 1, 0], [1, 1, 1, 1, 0, 0, 1, 2, 1, 1, 0], [0, 1, 0, 0, 1, 1, 0, 1, 0, 1, 1], [1, 5, 5, 1, 1, 1, 1, 1, 1, 1, 1], [1, 0, 1, 1, 4, 0, 4, 2, 4, 2, 1], [1, 2, 0, 0, 1, 1, 1, 0, 1, 5, 1]], "control": {"player_key": 17, "key_door": 17}, "info": {"regions": 1, "players": 5, "keys": 2, "doors": 3, "enemies": 4, "player_key": 3, "key_door": 10, "pk_path": [[7, 1], [7, 0], [6, 0], [5, 0]], "kd_path": []}, "quality": 0.494243421028718, "diversity": 0.37037035998547596, "controlability": 0.43333333304444444}