{"content": [[1, 1, 1, 0, 1, 3, 1, 1, 0, 0, 0], [2, 5, 4, 1, 0, 1, 1, 0, 0, 1, 0], [1, 1, 1, 1, 0, 0, 1, 2, 1, 1, 0], [0, 1, 0, 3, 1, 1, 0, 1, 0, 1, 0], [1, 5, 5, 1, 5, 1, 1, 1, 1, 1, 1], [1, 0, 5, 1, 4, 0, 1, 2, 4, 1, 1], [1, 5, 1, 0, 1, 1, 0, 0, 1, 1, 1]], "control": {"player_key": 17, "key_door": 17}, "info": {"regions": 1, "players": 3, "keys": 2, "doors": 3, "enemies": 6, "player_key": 16, "key_door": 14, "pk_path": [[0, 1], [0, 2], [1, 2], [1, 3], [1, 4], [2, 4], [3, 4], [4, 4], [5, 4], [6, 4], [7, 4], [7, 3], [7, 2], [6, 2], [6, 1], [6, 0], [5, 0]], "kd_path": []}, "quality": 0.49417582909515645, "diversity": 0.16666666666666663, "controlability": 0.9666666663555555}