{"content": [[1, 4, 1, 0, 5, 3, 1, 2, 0, 0, 0], [1, 5, 1, 1, 0, 2, 1, 2, 0, 0, 0], [1, 1, 1, 1, 0, 0, 1, 2, 0, 1, 0], [0, 1, 0, 0, 1, 1, 0, 1, 0, 1, 1], [1, 1, 5, 1, 1, 1, 1, 1, 1, 1, 1], [1, 0, 1, 1, 4, 0, 1, 2, 4, 2, 0], [1, 4, 2, 0, 4, 1, 1, 0, 0, 1, 1]], "control": {"player_key": 17, "key_door": 17}, "info": {"regions": 1, "players": 7, "keys": 1, "doors": 5, "enemies": 3, "player_key": 2, "key_door": 16, "pk_path": [[7, 0], [6, 0], [5, 0]], "kd_path": []}, "quality": 0.4917763157741084, "diversity": 0.38560440219949343, "controlability": 0.5666666666222222}