{"content": [[1, 4, 3, 0, 5, 3, 1, 0, 0, 0, 0], [1, 5, 4, 1, 0, 1, 1, 0, 0, 0, 0], [1, 1, 1, 1, 0, 0, 1, 1, 0, 1, 0], [0, 1, 0, 0, 1, 1, 0, 1, 0, 1, 1], [1, 4, 5, 1, 1, 1, 1, 1, 1, 1, 1], [1, 0, 1, 1, 4, 0, 1, 2, 4, 1, 1], [1, 2, 1, 0, 1, 1, 0, 0, 0, 1, 1]], "control": {"player_key": 17, "key_door": 17}, "info": {"regions": 1, "players": 2, "keys": 2, "doors": 5, "enemies": 3, "player_key": -1, "key_door": 1, "pk_path": [], "kd_path": []}, "quality": 0.4950657894496624, "diversity": 0.3313840063027943, "controlability": 0.03333333331111111}