{"content": [[1, 1, 1, 0, 1, 1, 1, 0, 0, 1, 0], [1, 5, 1, 1, 0, 1, 1, 0, 0, 1, 0], [1, 1, 1, 1, 0, 0, 1, 5, 1, 1, 0], [0, 1, 0, 0, 1, 1, 0, 4, 0, 2, 0], [1, 5, 5, 1, 1, 1, 1, 1, 1, 1, 1], [1, 0, 1, 1, 4, 0, 1, 1, 5, 1, 1], [1, 0, 0, 0, 1, 1, 0, 0, 1, 3, 2]], "control": {"player_key": 17, "key_door": 17}, "info": {"regions": 1, "players": 2, "keys": 1, "doors": 2, "enemies": 5, "player_key": 3, "key_door": 5, "pk_path": [[9, 3], [9, 4], [9, 5], [9, 6]], "kd_path": []}, "quality": 0.4974990987496578, "diversity": 0.09999999999999998, "controlability": 0.26666666648888887}