{"content": [[1, 1, 1, 2, 1, 3, 1, 1, 0, 0, 0], [1, 1, 1, 1, 0, 1, 1, 0, 0, 1, 0], [1, 1, 1, 1, 0, 0, 1, 5, 1, 1, 0], [0, 1, 0, 0, 0, 1, 0, 1, 0, 5, 0], [1, 5, 5, 1, 1, 1, 1, 1, 1, 1, 1], [1, 2, 1, 1, 4, 4, 1, 1, 5, 1, 1], [1, 0, 0, 0, 1, 1, 0, 0, 3, 1, 1]], "control": {"player_key": 17, "key_door": 17}, "info": {"regions": 1, "players": 2, "keys": 2, "doors": 2, "enemies": 5, "player_key": 2, "key_door": 10, "pk_path": [[3, 0], [4, 0], [5, 0]], "kd_path": []}, "quality": 0.49667673032048965, "diversity": 0.09090909090909094, "controlability": 0.3999999997333333}