{"content": [[1, 1, 1, 0, 1, 3, 1, 0, 0, 1, 0], [4, 1, 1, 1, 0, 1, 1, 0, 0, 1, 0], [1, 1, 1, 1, 3, 0, 3, 5, 1, 1, 0], [5, 1, 0, 0, 0, 1, 0, 1, 0, 1, 0], [1, 5, 1, 1, 1, 1, 1, 1, 1, 1, 1], [1, 0, 1, 2, 1, 0, 2, 1, 5, 1, 1], [1, 1, 0, 0, 1, 1, 0, 4, 4, 3, 1]], "control": {"player_key": 17, "key_door": 17}, "info": {"regions": 1, "players": 2, "keys": 4, "doors": 3, "enemies": 4, "player_key": 11, "key_door": 16, "pk_path": [[3, 5], [3, 4], [4, 4], [5, 4], [6, 4], [7, 4], [7, 3], [7, 2], [6, 2], [6, 1], [6, 0], [5, 0]], "kd_path": []}, "quality": 0.4950657894496624, "diversity": 1.0, "controlability": 0.8666666664222222}