{"content": {"layout": [14, 3, 13, 10, 11, 9, 14, 5, 12, 1, 4, 2, 6, 14, 13, 6], "start": 4, "boss": 4, "shop": 4, "treasure": 4}, "control": {"map_size": 8}, "info": {"map_size": 16, "num_regions": 1, "connect_regions": 9, "loose_connections": 21, "locations": 1, "player_boss_distance": -1, "flat": [0, 2, 0, 0, 2, 0, 0, 0, 0, 0, 2, 0, 0, 1, 2, 2, 1, 0, 2, 1, 2, 0, 1, 0, 0, 2, 0, 0, 0, 0, 0, 2, 0, 0, 2, 0, 0, 2, 0, 0, 0, 0, 0, 2, 0, 0, 0, 0, 2, 1, 0, 2, 1, 0, 0, 1, 2, 2, 1, 2, 0, 2, 0, 0, 2, 0, 0, 2, 0, 0, 0, 0, 0, 0, 0, 0, 0, 0, 0, 0, 0, 0, 2, 0, 0, 1, 2, 2, 1, 0, 0, 1, 2, 0, 1, 0, 0, 2, 0, 0, 0, 0, 0, 0, 0, 0, 0, 0, 0, 2, 0, 0, 2, 0, 0, 0, 0, 0, 2, 0, 0, 1, 2, 0, 1, 2, 2, 1, 2, 0, 1, 2, 0, 0, 0, 0, 2, 0, 0, 2, 0, 0, 0, 0], "dead_end": 0}, "quality": 0.5199999999533333, "diversity": 0.07970610012100465, "controlability": 1.0}