{"content": {"layout": [4, 12, 7, 7, 14, 11, 1, 1, 4, 10, 4, 0, 6, 4, 14, 9], "start": 12, "boss": 12, "shop": 12, "treasure": 12}, "control": {"map_size": 13}, "info": {"map_size": 15, "num_regions": 1, "connect_regions": 9, "loose_connections": 17, "locations": 1, "player_boss_distance": -1, "flat": [0, 0, 0, 0, 0, 0, 0, 2, 0, 0, 2, 0, 0, 1, 2, 0, 1, 2, 2, 1, 2, 2, 1, 2, 0, 0, 0, 0, 2, 0, 0, 0, 0, 0, 0, 0, 0, 2, 0, 0, 2, 0, 0, 0, 0, 0, 0, 0, 0, 1, 2, 2, 1, 0, 2, 1, 0, 2, 1, 0, 0, 2, 0, 0, 2, 0, 0, 0, 0, 0, 0, 0, 0, 0, 0, 0, 2, 0, 0, 0, 0, 0, 0, 0, 0, 1, 2, 0, 1, 0, 0, 1, 2, 0, 0, 0, 0, 0, 0, 0, 2, 0, 0, 0, 0, 0, 0, 0, 0, 2, 0, 0, 0, 0, 0, 2, 0, 0, 0, 0, 0, 1, 2, 0, 1, 2, 0, 1, 2, 2, 1, 0, 0, 0, 0, 0, 0, 0, 0, 2, 0, 0, 2, 0], "dead_end": 0}, "quality": 0.5199999999533333, "diversity": 0.08577806009413524, "controlability": 0.8124999987304689}