{"content": {"layout": [11, 9, 9, 5, 8, 13, 7, 11, 8, 8, 13, 6, 15, 7, 12, 5], "start": 6, "boss": 6, "shop": 6, "treasure": 6}, "control": {"map_size": 10}, "info": {"map_size": 16, "num_regions": 1, "connect_regions": 8, "loose_connections": 21, "locations": 1, "player_boss_distance": -1, "flat": [0, 2, 0, 0, 0, 0, 0, 0, 0, 0, 0, 0, 2, 1, 0, 2, 1, 0, 2, 1, 0, 2, 1, 2, 0, 2, 0, 0, 2, 0, 0, 2, 0, 0, 0, 0, 0, 0, 0, 0, 0, 0, 0, 2, 0, 0, 2, 0, 0, 1, 0, 2, 1, 2, 2, 1, 2, 2, 1, 0, 0, 2, 0, 0, 2, 0, 0, 0, 0, 0, 2, 0, 0, 0, 0, 0, 0, 0, 0, 0, 0, 0, 2, 0, 0, 1, 0, 0, 1, 0, 2, 1, 2, 0, 1, 2, 0, 2, 0, 0, 2, 0, 0, 2, 0, 0, 0, 0, 0, 2, 0, 0, 2, 0, 0, 0, 0, 0, 0, 0, 2, 1, 2, 2, 1, 2, 0, 1, 2, 2, 1, 2, 0, 2, 0, 0, 0, 0, 0, 2, 0, 0, 0, 0], "dead_end": 0}, "quality": 0.5299999999466667, "diversity": 0.47222221982060175, "controlability": 1.0}