{"content": {"layout": [3, 4, 6, 11, 0, 10, 13, 15, 7, 5, 15, 8, 5, 6, 4, 12], "start": 14, "boss": 14, "shop": 14, "treasure": 14}, "control": {"map_size": 14}, "info": {"map_size": 15, "num_regions": 1, "connect_regions": 9, "loose_connections": 22, "locations": 1, "player_boss_distance": -1, "flat": [0, 2, 0, 0, 0, 0, 0, 2, 0, 0, 2, 0, 2, 1, 0, 0, 1, 2, 0, 1, 2, 2, 1, 0, 0, 0, 0, 0, 0, 0, 0, 0, 0, 0, 2, 0, 0, 0, 0, 0, 2, 0, 0, 0, 0, 0, 2, 0, 0, 0, 0, 0, 1, 0, 2, 1, 2, 2, 1, 2, 0, 0, 0, 0, 2, 0, 0, 2, 0, 0, 2, 0, 0, 2, 0, 0, 0, 0, 0, 2, 0, 0, 0, 0, 2, 1, 2, 2, 1, 2, 2, 1, 2, 0, 1, 0, 0, 0, 0, 0, 0, 0, 0, 2, 0, 0, 2, 0, 0, 0, 0, 0, 2, 0, 0, 0, 0, 0, 0, 0, 2, 1, 2, 0, 1, 2, 0, 1, 2, 0, 1, 2, 0, 0, 0, 0, 0, 0, 0, 0, 0, 0, 2, 0], "dead_end": 3}, "quality": 0.5199999999533333, "diversity": 1.0, "controlability": 0.6562499989746094}