{"content": [[1, 1, 1, 0, 1, 1, 1, 1, 0, 0, 0], [1, 1, 1, 4, 0, 1, 1, 0, 0, 1, 2], [1, 1, 1, 1, 1, 0, 1, 5, 1, 1, 0], [0, 1, 0, 0, 1, 1, 0, 1, 0, 1, 0], [1, 5, 5, 1, 1, 1, 1, 1, 1, 1, 1], [1, 0, 1, 1, 4, 0, 1, 1, 5, 1, 1], [1, 0, 0, 0, 1, 1, 0, 0, 1, 3, 1]], "control": {"player_key": 17, "key_door": 17}, "info": {"regions": 1, "players": 1, "keys": 1, "doors": 2, "enemies": 4, "player_key": 6, "key_door": 11, "pk_path": [[10, 1], [9, 1], [9, 2], [9, 3], [9, 4], [9, 5], [9, 6]], "kd_path": []}, "quality": 0.4991776315708319, "diversity": 0.16666666666666663, "controlability": 0.5666666662888888}