{"content": [[1, 1, 1, 4, 1, 3, 0, 0, 0, 0, 0], [1, 1, 1, 5, 0, 3, 1, 0, 0, 1, 0], [1, 1, 1, 1, 0, 5, 1, 5, 1, 1, 0], [0, 1, 0, 5, 1, 1, 0, 1, 0, 1, 0], [1, 5, 1, 1, 1, 1, 2, 1, 1, 1, 1], [1, 0, 1, 1, 1, 0, 1, 1, 5, 1, 1], [1, 0, 0, 0, 1, 1, 0, 4, 1, 3, 1]], "control": {"player_key": 17, "key_door": 17}, "info": {"regions": 1, "players": 1, "keys": 3, "doors": 2, "enemies": 6, "player_key": 5, "key_door": 2, "pk_path": [[6, 4], [5, 4], [5, 3], [5, 2], [5, 1], [5, 0]], "kd_path": []}, "quality": 0.495820565945269, "diversity": 0.11111111111111116, "controlability": 0.23333333317777777}