{"content": [[1, 1, 1, 0, 1, 1, 1, 1, 0, 1, 0], [1, 1, 1, 1, 0, 1, 1, 0, 0, 1, 0], [1, 1, 1, 1, 5, 1, 1, 5, 1, 1, 0], [5, 1, 0, 0, 0, 1, 0, 1, 0, 1, 0], [1, 5, 1, 1, 1, 1, 0, 1, 1, 1, 1], [1, 0, 1, 2, 4, 0, 1, 1, 1, 0, 1], [1, 0, 0, 0, 1, 1, 0, 0, 0, 3, 1]], "control": {"player_key": 17, "key_door": 17}, "info": {"regions": 1, "players": 1, "keys": 1, "doors": 1, "enemies": 4, "player_key": 15, "key_door": 14, "pk_path": [[3, 5], [3, 4], [4, 4], [5, 4], [5, 3], [5, 2], [6, 2], [7, 2], [7, 3], [7, 4], [8, 4], [9, 4], [10, 4], [10, 5], [10, 6], [9, 6]], "kd_path": []}, "quality": 1.0, "diversity": 0.06666666666666665, "controlability": 0.9666666663555555}