{"content": [[1, 1, 7, 5, 7, 5, 5, 6], [5, 0, 5, 5, 6, 7, 5, 5], [0, 4, 3, 1, 5, 6, 6, 1], [0, 5, 4, 0, 0, 1, 0, 0], [1, 7, 1, 0, 0, 1, 7, 0], [5, 7, 0, 0, 1, 0, 1, 4], [7, 5, 4, 1, 0, 1, 1, 5], [5, 7, 7, 0, 5, 0, 0, 1], [5, 0, 1, 5, 1, 4, 0, 2], [5, 0, 1, 6, 0, 0, 7, 3], [5, 5, 6, 1, 5, 6, 7, 0], [0, 5, 6, 3, 0, 1, 6, 6]], "control": {"col_treasures": 18, "solution_length": 45}, "info": {"regions": 2, "players": 1, "exits": 3, "layout": 44, "heuristic": -1, "solution": [], "content": [[1, 1, 7, 5, 7, 5, 5, 6], [5, 0, 5, 5, 6, 7, 5, 5], [0, 4, 3, 1, 5, 6, 6, 1], [0, 5, 4, 0, 0, 1, 0, 0], [1, 7, 1, 0, 0, 1, 7, 0], [5, 7, 0, 0, 1, 0, 1, 4], [7, 5, 4, 1, 0, 1, 1, 5], [5, 7, 7, 0, 5, 0, 0, 1], [5, 0, 1, 5, 1, 4, 0, 2], [5, 0, 1, 6, 0, 0, 7, 3], [5, 5, 6, 1, 5, 6, 7, 0], [0, 5, 6, 3, 0, 1, 6, 6]], "potions": 5, "treasures": 22, "enemies": 21, "solution_length": 0, "enemies_loc": [[2, 0], [4, 0], [7, 0], [4, 1], [5, 1], [5, 2], [6, 2], [1, 4], [6, 4], [1, 5], [0, 6], [1, 7], [2, 7], [3, 9], [6, 9], [2, 10], [5, 10], [6, 10], [2, 11], [6, 11], [7, 11]]}, "quality": 0.318622330933245, "diversity": 0.41276040947265646, "controlability": 0.0}