{"content": [[4, 7, 1, 1, 7, 0, 4, 1], [0, 2, 0, 6, 4, 7, 5, 0], [0, 6, 4, 4, 7, 6, 4, 1], [0, 0, 1, 0, 0, 7, 4, 1], [6, 6, 1, 4, 6, 1, 6, 1], [7, 6, 0, 7, 0, 6, 6, 4], [4, 6, 6, 1, 0, 6, 0, 5], [4, 0, 0, 3, 1, 0, 1, 1], [4, 0, 4, 0, 0, 4, 0, 1], [7, 6, 1, 7, 4, 4, 7, 6], [6, 3, 6, 7, 7, 0, 0, 1], [4, 4, 1, 0, 7, 1, 0, 1]], "control": {"col_treasures": 8, "solution_length": 30}, "info": {"regions": 1, "players": 1, "exits": 2, "layout": 43, "heuristic": -1, "solution": [], "content": [[4, 7, 1, 1, 7, 0, 4, 1], [0, 2, 0, 6, 4, 7, 5, 0], [0, 6, 4, 4, 7, 6, 4, 1], [0, 0, 1, 0, 0, 7, 4, 1], [6, 6, 1, 4, 6, 1, 6, 1], [7, 6, 0, 7, 0, 6, 6, 4], [4, 6, 6, 1, 0, 6, 0, 5], [4, 0, 0, 3, 1, 0, 1, 1], [4, 0, 4, 0, 0, 4, 0, 1], [7, 6, 1, 7, 4, 4, 7, 6], [6, 3, 6, 7, 7, 0, 0, 1], [4, 4, 1, 0, 7, 1, 0, 1]], "potions": 18, "treasures": 2, "enemies": 30, "solution_length": 0, "enemies_loc": [[1, 0], [4, 0], [3, 1], [5, 1], [1, 2], [4, 2], [5, 2], [5, 3], [0, 4], [1, 4], [4, 4], [6, 4], [0, 5], [1, 5], [3, 5], [5, 5], [6, 5], [1, 6], [2, 6], [5, 6], [0, 9], [1, 9], [3, 9], [6, 9], [7, 9], [0, 10], [2, 10], [3, 10], [4, 10], [4, 11]]}, "quality": 0.3256871344835382, "diversity": 0.299804680786133, "controlability": 0.0}