{"content": [[6, 1, 5, 1, 0, 1, 5, 6], [5, 0, 0, 5, 1, 6, 5, 5], [0, 0, 6, 1, 5, 1, 6, 7], [0, 5, 5, 0, 0, 1, 6, 0], [1, 0, 1, 6, 6, 0, 7, 6], [1, 7, 0, 7, 1, 0, 1, 5], [1, 5, 6, 1, 0, 5, 1, 6], [5, 0, 6, 0, 7, 1, 1, 1], [5, 0, 5, 5, 5, 4, 6, 1], [0, 0, 7, 7, 0, 6, 7, 6], [6, 5, 6, 1, 4, 0, 0, 2], [0, 0, 2, 0, 0, 7, 6, 1]], "control": {"col_treasures": 18, "solution_length": 45}, "info": {"regions": 1, "players": 2, "exits": 0, "layout": 47, "heuristic": -1, "solution": [], "content": [[6, 1, 5, 1, 0, 1, 5, 6], [5, 0, 0, 5, 1, 6, 5, 5], [0, 0, 6, 1, 5, 1, 6, 7], [0, 5, 5, 0, 0, 1, 6, 0], [1, 0, 1, 6, 6, 0, 7, 6], [1, 7, 0, 7, 1, 0, 1, 5], [1, 5, 6, 1, 0, 5, 1, 6], [5, 0, 6, 0, 7, 1, 1, 1], [5, 0, 5, 5, 5, 4, 6, 1], [0, 0, 7, 7, 0, 6, 7, 6], [6, 5, 6, 1, 4, 0, 0, 2], [0, 0, 2, 0, 0, 7, 6, 1]], "potions": 2, "treasures": 18, "enemies": 27, "solution_length": 0, "enemies_loc": [[0, 0], [7, 0], [5, 1], [2, 2], [6, 2], [7, 2], [6, 3], [3, 4], [4, 4], [6, 4], [7, 4], [1, 5], [3, 5], [2, 6], [7, 6], [2, 7], [4, 7], [6, 8], [2, 9], [3, 9], [5, 9], [6, 9], [7, 9], [0, 10], [2, 10], [5, 11], [6, 11]]}, "quality": 0.2645760233712697, "diversity": 0.28749999322916675, "controlability": 0.0}