{"content": [[6, 1, 4, 2, 3, 5, 1, 1], [4, 1, 5, 5, 2, 0, 2, 5], [6, 5, 3, 3, 3, 2, 4, 1], [7, 3, 7, 0, 0, 7, 1, 5], [0, 0, 0, 1, 4, 0, 5, 0], [0, 0, 1, 1, 1, 1, 1, 4], [0, 5, 4, 1, 0, 4, 4, 5], [4, 5, 3, 4, 5, 3, 3, 1], [7, 1, 1, 3, 1, 3, 5, 2], [0, 3, 1, 6, 7, 1, 1, 3], [2, 5, 7, 2, 2, 6, 0, 0], [0, 6, 5, 2, 0, 1, 1, 1]], "control": {"col_treasures": 5, "solution_length": 24}, "info": {"regions": 1, "players": 9, "exits": 12, "layout": 40, "heuristic": -1, "solution": [], "content": [[6, 1, 4, 2, 3, 5, 1, 1], [4, 1, 5, 5, 2, 0, 2, 5], [6, 5, 3, 3, 3, 2, 4, 1], [7, 3, 7, 0, 0, 7, 1, 5], [0, 0, 0, 1, 4, 0, 5, 0], [0, 0, 1, 1, 1, 1, 1, 4], [0, 5, 4, 1, 0, 4, 4, 5], [4, 5, 3, 4, 5, 3, 3, 1], [7, 1, 1, 3, 1, 3, 5, 2], [0, 3, 1, 6, 7, 1, 1, 3], [2, 5, 7, 2, 2, 6, 0, 0], [0, 6, 5, 2, 0, 1, 1, 1]], "potions": 10, "treasures": 14, "enemies": 11, "solution_length": 0, "enemies_loc": [[0, 0], [0, 2], [0, 3], [2, 3], [5, 3], [0, 8], [3, 9], [4, 9], [2, 10], [5, 10], [1, 11]]}, "quality": 0.3088888888646833, "diversity": 0.43858505952148474, "controlability": 0.0}