{"content": [[1, 1, 1, 5, 0, 5, 5, 0], [5, 5, 5, 5, 1, 7, 5, 5], [0, 5, 4, 3, 5, 6, 5, 1], [0, 5, 7, 0, 0, 7, 0, 4], [6, 7, 7, 6, 1, 1, 7, 0], [1, 4, 0, 0, 0, 7, 7, 5], [0, 4, 4, 1, 0, 1, 1, 5], [4, 0, 0, 0, 7, 0, 0, 1], [5, 0, 4, 4, 4, 4, 1, 1], [3, 5, 1, 5, 0, 4, 1, 0], [5, 5, 5, 1, 4, 1, 0, 1], [5, 0, 7, 6, 6, 7, 1, 1]], "control": {"col_treasures": 18, "solution_length": 45}, "info": {"regions": 1, "players": 0, "exits": 2, "layout": 44, "heuristic": -1, "solution": [], "content": [[1, 1, 1, 5, 0, 5, 5, 0], [5, 5, 5, 5, 1, 7, 5, 5], [0, 5, 4, 3, 5, 6, 5, 1], [0, 5, 7, 0, 0, 7, 0, 4], [6, 7, 7, 6, 1, 1, 7, 0], [1, 4, 0, 0, 0, 7, 7, 5], [0, 4, 4, 1, 0, 1, 1, 5], [4, 0, 0, 0, 7, 0, 0, 1], [5, 0, 4, 4, 4, 4, 1, 1], [3, 5, 1, 5, 0, 4, 1, 0], [5, 5, 5, 1, 4, 1, 0, 1], [5, 0, 7, 6, 6, 7, 1, 1]], "potions": 12, "treasures": 22, "enemies": 16, "solution_length": 0, "enemies_loc": [[5, 1], [5, 2], [2, 3], [5, 3], [0, 4], [1, 4], [2, 4], [3, 4], [6, 4], [5, 5], [6, 5], [4, 7], [2, 11], [3, 11], [4, 11], [5, 11]]}, "quality": 0.26040935670547105, "diversity": 0.2749999934583336, "controlability": 0.0}