{"content": [[2, 5, 1, 1, 4, 4, 2, 5], [5, 4, 7, 4, 3, 6, 4, 2], [6, 5, 1, 1, 2, 1, 1, 1], [4, 1, 4, 5, 0, 4, 0, 0], [4, 5, 0, 2, 1, 4, 6, 1], [1, 6, 1, 6, 1, 2, 5, 4], [7, 4, 0, 2, 4, 2, 0, 0], [6, 5, 5, 2, 7, 5, 1, 7], [0, 4, 4, 1, 0, 3, 3, 1], [7, 3, 0, 0, 1, 0, 2, 3], [1, 5, 3, 0, 1, 4, 0, 1], [1, 6, 4, 4, 4, 1, 1, 5]], "control": {"col_treasures": 18, "solution_length": 46}, "info": {"regions": 1, "players": 10, "exits": 6, "layout": 37, "heuristic": -1, "solution": [], "content": [[2, 5, 1, 1, 4, 4, 2, 5], [5, 4, 7, 4, 3, 6, 4, 2], [6, 5, 1, 1, 2, 1, 1, 1], [4, 1, 4, 5, 0, 4, 0, 0], [4, 5, 0, 2, 1, 4, 6, 1], [1, 6, 1, 6, 1, 2, 5, 4], [7, 4, 0, 2, 4, 2, 0, 0], [6, 5, 5, 2, 7, 5, 1, 7], [0, 4, 4, 1, 0, 3, 3, 1], [7, 3, 0, 0, 1, 0, 2, 3], [1, 5, 3, 0, 1, 4, 0, 1], [1, 6, 4, 4, 4, 1, 1, 5]], "potions": 19, "treasures": 12, "enemies": 12, "solution_length": 0, "enemies_loc": [[2, 1], [5, 1], [0, 2], [6, 4], [1, 5], [3, 5], [0, 6], [0, 7], [4, 7], [7, 7], [0, 9], [1, 11]]}, "quality": 0.3082309941283398, "diversity": 0.4076522343599762, "controlability": 0.0}