{"content": [[1, 0, 1, 0, 1, 1, 1, 1, 1, 1, 0, 0, 1, 1], [0, 1, 1, 1, 1, 0, 1, 1, 1, 1, 1, 1, 1, 1], [1, 1, 0, 0, 0, 0, 0, 1, 1, 1, 0, 1, 1, 0], [0, 0, 0, 1, 1, 1, 0, 0, 0, 0, 0, 1, 0, 1], [0, 0, 0, 0, 1, 1, 1, 1, 1, 1, 1, 1, 1, 1], [1, 1, 0, 0, 0, 1, 0, 1, 1, 1, 1, 0, 1, 1], [1, 1, 0, 1, 0, 1, 0, 1, 1, 1, 0, 1, 1, 0], [0, 1, 0, 1, 0, 1, 1, 1, 1, 1, 1, 1, 1, 1], [1, 1, 1, 0, 0, 1, 0, 1, 1, 1, 1, 1, 1, 0], [0, 0, 0, 0, 0, 1, 1, 0, 0, 0, 1, 1, 1, 1], [1, 1, 1, 0, 1, 1, 1, 0, 0, 0, 1, 0, 1, 1], [0, 1, 0, 0, 1, 0, 0, 0, 0, 0, 0, 0, 1, 0], [1, 1, 1, 0, 0, 0, 1, 1, 1, 1, 1, 1, 1, 1], [1, 0, 1, 1, 1, 1, 1, 1, 0, 0, 0, 0, 0, 0]], "control": {"path": 93}, "info": {"path": 42, "regions": 4, "flat": [1, 0, 1, 0, 1, 1, 1, 1, 1, 1, 0, 0, 1, 1, 0, 1, 1, 1, 1, 0, 1, 1, 1, 1, 1, 1, 1, 1, 1, 1, 0, 0, 0, 0, 0, 1, 1, 1, 0, 1, 1, 0, 0, 0, 0, 1, 1, 1, 0, 0, 0, 0, 0, 1, 0, 1, 0, 0, 0, 0, 1, 1, 1, 1, 1, 1, 1, 1, 1, 1, 1, 1, 0, 0, 0, 1, 0, 1, 1, 1, 1, 0, 1, 1, 1, 1, 0, 1, 0, 1, 0, 1, 1, 1, 0, 1, 1, 0, 0, 1, 0, 1, 0, 1, 1, 1, 1, 1, 1, 1, 1, 1, 1, 1, 1, 0, 0, 1, 0, 1, 1, 1, 1, 1, 1, 0, 0, 0, 0, 0, 0, 1, 1, 0, 0, 0, 1, 1, 1, 1, 1, 1, 1, 0, 1, 1, 1, 0, 0, 0, 1, 0, 1, 1, 0, 1, 0, 0, 1, 0, 0, 0, 0, 0, 0, 0, 1, 0, 1, 1, 1, 0, 0, 0, 1, 1, 1, 1, 1, 1, 1, 1, 1, 0, 1, 1, 1, 1, 1, 1, 0, 0, 0, 0, 0, 0]}, "quality": 0.9193548384842178, "diversity": 0.49105346357813884, "controlability": 0.4883720929664684}