{"content": [[0, 1, 1, 1, 1, 0, 0, 1, 1, 1, 0, 1, 1, 0], [1, 0, 1, 1, 0, 0, 0, 1, 1, 0, 0, 1, 0, 0], [1, 1, 0, 0, 1, 0, 0, 1, 1, 0, 0, 1, 1, 0], [0, 0, 1, 0, 0, 1, 0, 1, 1, 1, 0, 0, 1, 1], [0, 1, 0, 1, 1, 0, 0, 1, 0, 0, 1, 1, 0, 1], [0, 1, 0, 0, 1, 0, 1, 1, 1, 0, 1, 0, 0, 1], [0, 1, 1, 0, 0, 1, 1, 0, 0, 0, 1, 1, 1, 1], [1, 0, 0, 1, 0, 1, 0, 0, 0, 1, 0, 0, 0, 1], [0, 0, 1, 1, 0, 1, 0, 1, 0, 0, 0, 0, 0, 0], [0, 1, 1, 1, 1, 1, 0, 0, 1, 1, 0, 1, 1, 0], [1, 0, 1, 0, 0, 1, 1, 1, 0, 1, 0, 0, 0, 0], [1, 0, 1, 1, 1, 1, 0, 0, 1, 1, 1, 1, 1, 0], [0, 0, 0, 1, 0, 1, 1, 0, 1, 0, 0, 0, 1, 1], [0, 0, 0, 1, 0, 0, 1, 1, 0, 1, 0, 0, 1, 1]], "control": {"path": 84}, "info": {"path": 19, "regions": 16, "flat": [0, 1, 1, 1, 1, 0, 0, 1, 1, 1, 0, 1, 1, 0, 1, 0, 1, 1, 0, 0, 0, 1, 1, 0, 0, 1, 0, 0, 1, 1, 0, 0, 1, 0, 0, 1, 1, 0, 0, 1, 1, 0, 0, 0, 1, 0, 0, 1, 0, 1, 1, 1, 0, 0, 1, 1, 0, 1, 0, 1, 1, 0, 0, 1, 0, 0, 1, 1, 0, 1, 0, 1, 0, 0, 1, 0, 1, 1, 1, 0, 1, 0, 0, 1, 0, 1, 1, 0, 0, 1, 1, 0, 0, 0, 1, 1, 1, 1, 1, 0, 0, 1, 0, 1, 0, 0, 0, 1, 0, 0, 0, 1, 0, 0, 1, 1, 0, 1, 0, 1, 0, 0, 0, 0, 0, 0, 0, 1, 1, 1, 1, 1, 0, 0, 1, 1, 0, 1, 1, 0, 1, 0, 1, 0, 0, 1, 1, 1, 0, 1, 0, 0, 0, 0, 1, 0, 1, 1, 1, 1, 0, 0, 1, 1, 1, 1, 1, 0, 0, 0, 0, 1, 0, 1, 1, 0, 1, 0, 0, 0, 1, 1, 0, 0, 0, 1, 0, 0, 1, 1, 0, 1, 0, 0, 1, 1]}, "quality": 0.43605990766089875, "diversity": 0.9974489795283866, "controlability": 0.2467532467212009}