{"content": [[4, 4, 7, 1, 7, 3, 4, 6], [4, 5, 5, 0, 1, 7, 5, 1], [0, 5, 4, 1, 4, 6, 6, 5], [0, 2, 4, 0, 0, 7, 0, 0], [1, 7, 1, 0, 0, 1, 7, 1], [5, 3, 0, 7, 5, 0, 1, 4], [0, 4, 7, 0, 1, 7, 1, 5], [5, 0, 4, 0, 5, 0, 4, 1], [5, 6, 1, 0, 1, 4, 0, 1], [5, 0, 1, 5, 0, 0, 1, 3], [5, 5, 0, 1, 4, 5, 7, 0], [5, 5, 7, 4, 0, 1, 4, 1]], "control": {"col_treasures": 18, "solution_length": 45}, "info": {"regions": 1, "players": 1, "exits": 3, "layout": 44, "heuristic": -1, "solution": [], "content": [[4, 4, 7, 1, 7, 3, 4, 6], [4, 5, 5, 0, 1, 7, 5, 1], [0, 5, 4, 1, 4, 6, 6, 5], [0, 2, 4, 0, 0, 7, 0, 0], [1, 7, 1, 0, 0, 1, 7, 1], [5, 3, 0, 7, 5, 0, 1, 4], [0, 4, 7, 0, 1, 7, 1, 5], [5, 0, 4, 0, 5, 0, 4, 1], [5, 6, 1, 0, 1, 4, 0, 1], [5, 0, 1, 5, 0, 0, 1, 3], [5, 5, 0, 1, 4, 5, 7, 0], [5, 5, 7, 4, 0, 1, 4, 1]], "potions": 15, "treasures": 18, "enemies": 15, "solution_length": 0, "enemies_loc": [[2, 0], [4, 0], [7, 0], [5, 1], [5, 2], [6, 2], [5, 3], [1, 4], [6, 4], [3, 5], [2, 6], [5, 6], [1, 8], [6, 10], [2, 11]]}, "quality": 0.3263742689862467, "diversity": 0.8858389543179901, "controlability": 0.0}