{"content": [[1, 1, 1, 5, 0, 1, 5, 5], [5, 0, 5, 5, 1, 7, 6, 1], [0, 0, 4, 1, 4, 0, 5, 7], [0, 5, 1, 0, 0, 7, 0, 0], [1, 0, 1, 1, 3, 6, 7, 0], [1, 5, 5, 0, 1, 6, 1, 4], [1, 5, 5, 1, 0, 0, 6, 5], [5, 0, 7, 0, 7, 0, 0, 1], [5, 5, 1, 5, 5, 4, 6, 4], [4, 5, 1, 5, 0, 4, 7, 5], [5, 0, 1, 1, 5, 0, 0, 1], [0, 0, 2, 7, 2, 7, 6, 1]], "control": {"col_treasures": 18, "solution_length": 45}, "info": {"regions": 1, "players": 2, "exits": 1, "layout": 48, "heuristic": -1, "solution": [], "content": [[1, 1, 1, 5, 0, 1, 5, 5], [5, 0, 5, 5, 1, 7, 6, 1], [0, 0, 4, 1, 4, 0, 5, 7], [0, 5, 1, 0, 0, 7, 0, 0], [1, 0, 1, 1, 3, 6, 7, 0], [1, 5, 5, 0, 1, 6, 1, 4], [1, 5, 5, 1, 0, 0, 6, 5], [5, 0, 7, 0, 7, 0, 0, 1], [5, 5, 1, 5, 5, 4, 6, 4], [4, 5, 1, 5, 0, 4, 7, 5], [5, 0, 1, 1, 5, 0, 0, 1], [0, 0, 2, 7, 2, 7, 6, 1]], "potions": 7, "treasures": 23, "enemies": 15, "solution_length": 0, "enemies_loc": [[5, 1], [6, 1], [7, 2], [5, 3], [5, 4], [6, 4], [5, 5], [6, 6], [2, 7], [4, 7], [6, 8], [6, 9], [3, 11], [5, 11], [6, 11]]}, "quality": 0.3326315789404248, "diversity": 0.3086557468470984, "controlability": 0.0}