{"content": [[1, 1, 5, 0, 1, 1, 0, 0, 0, 0, 0], [1, 5, 1, 0, 0, 0, 1, 0, 0, 1, 2], [1, 1, 1, 1, 0, 1, 1, 5, 1, 1, 0], [0, 1, 0, 0, 1, 1, 0, 1, 0, 1, 0], [1, 5, 1, 1, 1, 1, 1, 1, 1, 1, 1], [1, 0, 1, 1, 4, 0, 1, 1, 5, 1, 1], [1, 0, 0, 0, 5, 1, 0, 0, 1, 3, 1]], "control": {"player_key": 17, "key_door": 17}, "info": {"regions": 2, "players": 1, "keys": 1, "doors": 1, "enemies": 6, "player_key": 6, "key_door": 8, "pk_path": [[10, 1], [9, 1], [9, 2], [9, 3], [9, 4], [9, 5], [9, 6]], "kd_path": []}, "quality": 0.9054186824077058, "diversity": 0.5106060519191922, "controlability": 0.46666666635555554}