{"content": [[1, 1, 1, 0, 1, 1, 1, 1, 0, 1, 0], [0, 1, 1, 1, 0, 1, 1, 0, 0, 1, 0], [1, 5, 1, 1, 1, 1, 1, 5, 1, 1, 0], [0, 1, 0, 0, 0, 1, 0, 1, 0, 1, 0], [1, 5, 1, 1, 1, 1, 1, 1, 1, 4, 1], [1, 0, 1, 1, 2, 0, 1, 1, 3, 1, 1], [1, 0, 0, 0, 1, 1, 0, 0, 1, 3, 1]], "control": {"player_key": 17, "key_door": 17}, "info": {"regions": 1, "players": 1, "keys": 2, "doors": 1, "enemies": 3, "player_key": 6, "key_door": 2, "pk_path": [[4, 5], [4, 4], [5, 4], [6, 4], [6, 5], [7, 5], [8, 5]], "kd_path": []}, "quality": 0.4991776315708319, "diversity": 0.6327545812869638, "controlability": 0.26666666648888887}