{"content": {"layout": [4, 13, 5, 5, 6, 15, 5, 11, 12, 15, 0, 0, 0, 6, 5, 1], "start": 3, "boss": 13, "shop": 15, "treasure": 8}, "control": {"map_size": 11}, "info": {"map_size": 13, "num_regions": 1, "connect_regions": 1, "loose_connections": 6, "locations": 4, "player_boss_distance": 9, "flat": [0, 0, 0, 0, 0, 0, 0, 0, 0, 0, 0, 0, 0, 1, 2, 2, 1, 2, 2, 1, 2, 2, 1, 2, 0, 0, 0, 0, 2, 0, 0, 0, 0, 0, 0, 0, 0, 2, 0, 0, 2, 0, 0, 0, 0, 0, 2, 0, 0, 1, 2, 2, 1, 2, 2, 1, 2, 2, 1, 0, 0, 0, 0, 0, 2, 0, 0, 0, 0, 0, 2, 0, 0, 0, 0, 0, 2, 0, 0, 0, 0, 0, 0, 0, 0, 1, 2, 2, 1, 2, 0, 0, 0, 0, 0, 0, 0, 2, 0, 0, 2, 0, 0, 0, 0, 0, 0, 0, 0, 0, 0, 0, 2, 0, 0, 0, 0, 0, 0, 0, 0, 0, 0, 0, 1, 2, 2, 1, 2, 2, 1, 0, 0, 0, 0, 0, 0, 0, 0, 0, 0, 0, 0, 0], "dead_end": 1}, "quality": 0.9624999999609375, "diversity": 0.4655577879275523, "controlability": 0.8124999987304689}