{"content": [[0, 1, 1, 1, 7, 4, 7, 1], [0, 6, 0, 0, 4, 7, 4, 0], [0, 6, 7, 4, 7, 6, 6, 1], [0, 1, 1, 0, 1, 7, 6, 5], [1, 6, 1, 7, 6, 1, 7, 6], [0, 7, 0, 7, 5, 0, 0, 7], [7, 0, 1, 0, 1, 7, 0, 7], [7, 4, 0, 0, 1, 0, 1, 1], [7, 4, 4, 1, 0, 6, 1, 1], [7, 0, 7, 7, 6, 4, 1, 6], [6, 3, 6, 1, 4, 6, 0, 1], [1, 0, 7, 7, 7, 1, 7, 1]], "control": {"col_treasures": 8, "solution_length": 30}, "info": {"regions": 2, "players": 0, "exits": 1, "layout": 47, "heuristic": -1, "solution": [], "content": [[0, 1, 1, 1, 7, 4, 7, 1], [0, 6, 0, 0, 4, 7, 4, 0], [0, 6, 7, 4, 7, 6, 6, 1], [0, 1, 1, 0, 1, 7, 6, 5], [1, 6, 1, 7, 6, 1, 7, 6], [0, 7, 0, 7, 5, 0, 0, 7], [7, 0, 1, 0, 1, 7, 0, 7], [7, 4, 0, 0, 1, 0, 1, 1], [7, 4, 4, 1, 0, 6, 1, 1], [7, 0, 7, 7, 6, 4, 1, 6], [6, 3, 6, 1, 4, 6, 0, 1], [1, 0, 7, 7, 7, 1, 7, 1]], "potions": 9, "treasures": 2, "enemies": 37, "solution_length": 0, "enemies_loc": [[4, 0], [6, 0], [1, 1], [5, 1], [1, 2], [2, 2], [4, 2], [5, 2], [6, 2], [5, 3], [6, 3], [1, 4], [3, 4], [4, 4], [6, 4], [7, 4], [1, 5], [3, 5], [7, 5], [0, 6], [5, 6], [7, 6], [0, 7], [0, 8], [5, 8], [0, 9], [2, 9], [3, 9], [4, 9], [7, 9], [0, 10], [2, 10], [5, 10], [2, 11], [3, 11], [4, 11], [6, 11]]}, "quality": 0.2575258397111766, "diversity": 0.2164425054539163, "controlability": 0.0}