{"content": [[1, 1, 1, 1, 7, 1, 4, 0], [0, 0, 0, 0, 1, 7, 2, 1], [0, 0, 4, 1, 5, 6, 6, 1], [0, 7, 1, 0, 0, 7, 5, 0], [1, 0, 1, 1, 6, 1, 7, 2], [2, 3, 0, 1, 1, 0, 7, 4], [1, 6, 5, 1, 0, 1, 1, 5], [6, 0, 4, 0, 7, 0, 1, 1], [5, 0, 1, 4, 4, 4, 1, 1], [5, 1, 6, 1, 1, 4, 1, 3], [5, 3, 5, 1, 7, 1, 0, 1], [0, 0, 1, 0, 7, 1, 1, 1]], "control": {"col_treasures": 8, "solution_length": 30}, "info": {"regions": 1, "players": 3, "exits": 3, "layout": 59, "heuristic": -1, "solution": [], "content": [[1, 1, 1, 1, 7, 1, 4, 0], [0, 0, 0, 0, 1, 7, 2, 1], [0, 0, 4, 1, 5, 6, 6, 1], [0, 7, 1, 0, 0, 7, 5, 0], [1, 0, 1, 1, 6, 1, 7, 2], [2, 3, 0, 1, 1, 0, 7, 4], [1, 6, 5, 1, 0, 1, 1, 5], [6, 0, 4, 0, 7, 0, 1, 1], [5, 0, 1, 4, 4, 4, 1, 1], [5, 1, 6, 1, 1, 4, 1, 3], [5, 3, 5, 1, 7, 1, 0, 1], [0, 0, 1, 0, 7, 1, 1, 1]], "potions": 8, "treasures": 8, "enemies": 15, "solution_length": 0, "enemies_loc": [[4, 0], [5, 1], [5, 2], [6, 2], [1, 3], [5, 3], [4, 4], [6, 4], [6, 5], [1, 6], [0, 7], [4, 7], [2, 9], [4, 10], [4, 11]]}, "quality": 0.3305263157757341, "diversity": 0.2891492987434897, "controlability": 0.0}