{"content": [[1, 1, 1, 1, 6, 5, 5, 3], [5, 0, 5, 5, 6, 7, 5, 7], [0, 1, 7, 1, 0, 6, 5, 1], [0, 2, 6, 0, 0, 7, 1, 0], [1, 7, 6, 0, 6, 3, 7, 0], [1, 6, 2, 0, 1, 1, 7, 0], [1, 1, 7, 7, 2, 1, 1, 5], [5, 0, 0, 0, 4, 2, 4, 7], [2, 0, 7, 5, 0, 0, 0, 6], [1, 6, 1, 7, 6, 0, 1, 0], [5, 0, 6, 1, 5, 6, 0, 1], [5, 5, 2, 2, 2, 1, 1, 6]], "control": {"col_treasures": 8, "solution_length": 30}, "info": {"regions": 2, "players": 8, "exits": 2, "layout": 45, "heuristic": -1, "solution": [], "content": [[1, 1, 1, 1, 6, 5, 5, 3], [5, 0, 5, 5, 6, 7, 5, 7], [0, 1, 7, 1, 0, 6, 5, 1], [0, 2, 6, 0, 0, 7, 1, 0], [1, 7, 6, 0, 6, 3, 7, 0], [1, 6, 2, 0, 1, 1, 7, 0], [1, 1, 7, 7, 2, 1, 1, 5], [5, 0, 0, 0, 4, 2, 4, 7], [2, 0, 7, 5, 0, 0, 0, 6], [1, 6, 1, 7, 6, 0, 1, 0], [5, 0, 6, 1, 5, 6, 0, 1], [5, 5, 2, 2, 2, 1, 1, 6]], "potions": 2, "treasures": 14, "enemies": 25, "solution_length": 0, "enemies_loc": [[4, 0], [4, 1], [5, 1], [7, 1], [2, 2], [5, 2], [2, 3], [5, 3], [1, 4], [2, 4], [4, 4], [6, 4], [1, 5], [6, 5], [2, 6], [3, 6], [7, 7], [2, 8], [7, 8], [1, 9], [3, 9], [4, 9], [2, 10], [5, 10], [7, 11]]}, "quality": 0.31580069349948076, "diversity": 0.3056089671033656, "controlability": 0.0}