{"content": [[1, 1, 1, 1, 7, 5, 7, 0], [0, 2, 0, 0, 4, 7, 1, 0], [0, 0, 0, 4, 7, 4, 6, 1], [0, 7, 1, 0, 2, 1, 4, 1], [1, 7, 1, 6, 6, 1, 6, 6], [1, 6, 0, 1, 4, 6, 6, 4], [0, 0, 0, 1, 1, 0, 0, 5], [1, 0, 0, 0, 1, 0, 4, 1], [6, 6, 4, 7, 0, 4, 7, 1], [6, 0, 7, 0, 7, 4, 1, 6], [6, 3, 6, 1, 7, 6, 1, 1], [0, 0, 1, 0, 6, 1, 0, 1]], "control": {"col_treasures": 8, "solution_length": 30}, "info": {"regions": 1, "players": 2, "exits": 1, "layout": 54, "heuristic": -1, "solution": [], "content": [[1, 1, 1, 1, 7, 5, 7, 0], [0, 2, 0, 0, 4, 7, 1, 0], [0, 0, 0, 4, 7, 4, 6, 1], [0, 7, 1, 0, 2, 1, 4, 1], [1, 7, 1, 6, 6, 1, 6, 6], [1, 6, 0, 1, 4, 6, 6, 4], [0, 0, 0, 1, 1, 0, 0, 5], [1, 0, 0, 0, 1, 0, 4, 1], [6, 6, 4, 7, 0, 4, 7, 1], [6, 0, 7, 0, 7, 4, 1, 6], [6, 3, 6, 1, 7, 6, 1, 1], [0, 0, 1, 0, 6, 1, 0, 1]], "potions": 10, "treasures": 2, "enemies": 27, "solution_length": 0, "enemies_loc": [[4, 0], [6, 0], [5, 1], [4, 2], [6, 2], [1, 3], [1, 4], [3, 4], [4, 4], [6, 4], [7, 4], [1, 5], [5, 5], [6, 5], [0, 8], [1, 8], [3, 8], [6, 8], [0, 9], [2, 9], [4, 9], [7, 9], [0, 10], [2, 10], [4, 10], [5, 10], [4, 11]]}, "quality": 0.3326315789404248, "diversity": 0.20312499520923144, "controlability": 0.0}