{"content": [[1, 2, 1, 0, 1, 1, 1, 1, 1, 1, 0], [1, 1, 1, 1, 0, 1, 1, 0, 0, 1, 0], [1, 1, 1, 1, 1, 1, 1, 0, 0, 1, 0], [0, 1, 0, 0, 0, 1, 5, 1, 0, 1, 0], [1, 1, 0, 1, 1, 5, 0, 1, 0, 1, 1], [1, 0, 1, 1, 4, 0, 1, 1, 1, 0, 1], [1, 0, 0, 0, 1, 1, 0, 0, 1, 3, 1]], "control": {"player_key": 17, "key_door": 17}, "info": {"regions": 1, "players": 1, "keys": 1, "doors": 1, "enemies": 2, "player_key": 14, "key_door": 10, "pk_path": [[1, 0], [1, 1], [1, 2], [2, 2], [3, 2], [4, 2], [5, 2], [5, 3], [6, 3], [7, 3], [7, 4], [7, 5], [8, 5], [8, 6], [9, 6]], "kd_path": []}, "quality": 1.0, "diversity": 0.9166666527777783, "controlability": 0.7999999994666667}