{"content": [[1, 1, 1, 0, 1, 1, 1, 1, 1, 1, 0], [1, 1, 1, 1, 0, 1, 1, 0, 0, 1, 0], [1, 0, 1, 1, 1, 1, 1, 5, 1, 1, 0], [5, 1, 0, 0, 0, 2, 5, 1, 0, 1, 0], [1, 5, 1, 0, 1, 1, 1, 1, 5, 1, 1], [1, 0, 1, 1, 4, 0, 1, 1, 0, 1, 1], [1, 0, 0, 0, 1, 1, 0, 0, 1, 3, 1]], "control": {"player_key": 17, "key_door": 17}, "info": {"regions": 1, "players": 1, "keys": 1, "doors": 1, "enemies": 5, "player_key": 7, "key_door": 8, "pk_path": [[5, 3], [5, 4], [6, 4], [7, 4], [8, 4], [9, 4], [9, 5], [9, 6]], "kd_path": []}, "quality": 0.9574771688255866, "diversity": 0.8141978790047508, "controlability": 0.49999999966666664}