{"content": [[1, 4, 1, 0, 2, 3, 1, 0, 0, 0, 0], [1, 5, 2, 1, 0, 1, 1, 2, 0, 1, 0], [3, 1, 1, 1, 0, 5, 1, 2, 0, 1, 0], [0, 1, 0, 0, 1, 1, 0, 1, 0, 1, 1], [1, 5, 5, 1, 1, 1, 1, 1, 1, 1, 1], [1, 0, 1, 1, 4, 0, 4, 0, 4, 2, 1], [1, 2, 4, 4, 4, 1, 1, 0, 1, 1, 1]], "control": {"player_key": 17, "key_door": 17}, "info": {"regions": 1, "players": 6, "keys": 2, "doors": 7, "enemies": 4, "player_key": 1, "key_door": 12, "pk_path": [[4, 0], [5, 0]], "kd_path": []}, "quality": 0.49013157892399584, "diversity": 0.7375053391658206, "controlability": 0.43333333304444444}