{"content": [[4, 3, 1, 0, 5, 3, 2, 0, 0, 0, 0], [1, 2, 1, 1, 0, 1, 1, 2, 0, 0, 0], [0, 1, 1, 1, 0, 0, 1, 2, 2, 1, 0], [0, 1, 0, 0, 1, 1, 0, 1, 0, 1, 1], [1, 5, 5, 1, 1, 1, 1, 1, 1, 1, 1], [1, 2, 1, 1, 4, 0, 1, 2, 4, 2, 1], [1, 2, 3, 0, 1, 1, 0, 0, 1, 5, 1]], "control": {"player_key": 17, "key_door": 17}, "info": {"regions": 1, "players": 9, "keys": 3, "doors": 3, "enemies": 4, "player_key": 15, "key_door": 1, "pk_path": [[6, 0], [6, 1], [6, 2], [7, 2], [7, 3], [7, 4], [6, 4], [5, 4], [4, 4], [3, 4], [2, 4], [1, 4], [1, 3], [1, 2], [1, 1], [1, 0]], "kd_path": []}, "quality": 0.49013157892399584, "diversity": 1.0, "controlability": 0.5333333333111111}