{"content": [[1, 1, 1, 0, 1, 1, 1, 1, 0, 1, 0], [1, 5, 5, 1, 0, 0, 1, 0, 0, 1, 0], [1, 1, 1, 1, 1, 1, 1, 5, 1, 1, 0], [0, 1, 0, 0, 0, 1, 0, 1, 0, 1, 0], [1, 1, 1, 1, 0, 1, 1, 4, 0, 1, 1], [1, 0, 1, 1, 1, 0, 1, 1, 0, 1, 1], [1, 4, 0, 4, 1, 1, 0, 1, 1, 3, 2]], "control": {"player_key": 17, "key_door": 17}, "info": {"regions": 1, "players": 1, "keys": 1, "doors": 3, "enemies": 3, "player_key": 1, "key_door": 4, "pk_path": [[10, 6], [9, 6]], "kd_path": []}, "quality": 0.4983552631498875, "diversity": 0.1428571428571429, "controlability": 0.16666666655555554}