{"content": [[1, 1, 6, 7, 4, 5, 7, 4], [0, 4, 0, 0, 1, 1, 4, 5], [0, 7, 4, 4, 5, 6, 4, 1], [7, 5, 6, 0, 0, 4, 0, 1], [6, 4, 6, 6, 7, 1, 7, 6], [1, 6, 2, 4, 1, 7, 0, 4], [6, 7, 6, 1, 2, 7, 0, 5], [0, 6, 7, 0, 6, 0, 1, 6], [5, 4, 4, 1, 0, 4, 1, 4], [4, 5, 7, 7, 0, 4, 0, 6], [1, 3, 1, 1, 4, 6, 0, 2], [5, 0, 7, 7, 5, 7, 1, 1]], "control": {"col_treasures": 18, "solution_length": 45}, "info": {"regions": 1, "players": 3, "exits": 1, "layout": 35, "heuristic": -1, "solution": [], "content": [[1, 1, 6, 7, 4, 5, 7, 4], [0, 4, 0, 0, 1, 1, 4, 5], [0, 7, 4, 4, 5, 6, 4, 1], [7, 5, 6, 0, 0, 4, 0, 1], [6, 4, 6, 6, 7, 1, 7, 6], [1, 6, 2, 4, 1, 7, 0, 4], [6, 7, 6, 1, 2, 7, 0, 5], [0, 6, 7, 0, 6, 0, 1, 6], [5, 4, 4, 1, 0, 4, 1, 4], [4, 5, 7, 7, 0, 4, 0, 6], [1, 3, 1, 1, 4, 6, 0, 2], [5, 0, 7, 7, 5, 7, 1, 1]], "potions": 18, "treasures": 9, "enemies": 30, "solution_length": 0, "enemies_loc": [[2, 0], [3, 0], [6, 0], [1, 2], [5, 2], [0, 3], [2, 3], [0, 4], [2, 4], [3, 4], [4, 4], [6, 4], [7, 4], [1, 5], [5, 5], [0, 6], [1, 6], [2, 6], [5, 6], [1, 7], [2, 7], [4, 7], [7, 7], [2, 9], [3, 9], [7, 9], [5, 10], [2, 11], [3, 11], [5, 11]]}, "quality": 0.31387426898885085, "diversity": 0.3137499931562502, "controlability": 0.0}