{"content": {"layout": [9, 15, 15, 0, 11, 13, 15, 15, 15, 15, 14, 15, 2, 14, 0, 11], "start": 3, "boss": 12, "shop": 8, "treasure": 0}, "control": {"map_size": 11}, "info": {"map_size": 14, "num_regions": 1, "connect_regions": 1, "loose_connections": 18, "locations": 3, "player_boss_distance": 22, "flat": [0, 0, 0, 0, 2, 0, 0, 2, 0, 0, 0, 0, 2, 1, 0, 2, 1, 2, 2, 1, 2, 0, 0, 0, 0, 2, 0, 0, 2, 0, 0, 2, 0, 0, 0, 0, 0, 2, 0, 0, 0, 0, 0, 2, 0, 0, 2, 0, 2, 1, 0, 2, 1, 2, 2, 1, 2, 2, 1, 2, 0, 2, 0, 0, 2, 0, 0, 2, 0, 0, 2, 0, 0, 2, 0, 0, 2, 0, 0, 2, 0, 0, 2, 0, 2, 1, 2, 2, 1, 2, 0, 1, 2, 2, 1, 2, 0, 2, 0, 0, 2, 0, 0, 2, 0, 0, 2, 0, 0, 2, 0, 0, 2, 0, 0, 0, 0, 0, 2, 0, 0, 1, 0, 0, 1, 2, 0, 0, 0, 2, 1, 0, 0, 0, 0, 0, 2, 0, 0, 0, 0, 0, 2, 0], "dead_end": 1}, "quality": 0.8624999997187501, "diversity": 0.22159090565222528, "controlability": 0.9687499984863283}