{"content": [[2, 1, 1, 0, 1, 1, 1, 1, 1, 1, 0], [1, 1, 1, 1, 1, 1, 1, 0, 0, 1, 0], [1, 1, 1, 1, 1, 1, 1, 0, 1, 1, 0], [0, 1, 0, 0, 0, 1, 5, 1, 0, 1, 0], [1, 5, 0, 0, 1, 1, 1, 1, 1, 1, 1], [1, 0, 1, 1, 4, 0, 1, 1, 1, 0, 1], [1, 0, 0, 0, 1, 1, 0, 0, 1, 3, 1]], "control": {"player_key": 17, "key_door": 17}, "info": {"regions": 1, "players": 1, "keys": 1, "doors": 1, "enemies": 2, "player_key": 15, "key_door": 8, "pk_path": [[0, 0], [0, 1], [0, 2], [1, 2], [2, 2], [3, 2], [4, 2], [5, 2], [5, 3], [5, 4], [6, 4], [6, 5], [7, 5], [8, 5], [8, 6], [9, 6]], "kd_path": []}, "quality": 1.0, "diversity": 0.9382309739887922, "controlability": 0.7666666664888888}