{"content": [[1, 1, 1, 0, 5, 1, 1, 1, 0, 1, 0], [1, 1, 1, 1, 0, 1, 1, 0, 0, 1, 0], [1, 1, 1, 1, 0, 1, 1, 5, 4, 1, 0], [0, 1, 0, 0, 0, 1, 0, 1, 0, 1, 0], [5, 5, 5, 5, 1, 1, 1, 1, 2, 1, 1], [1, 0, 1, 1, 1, 0, 0, 1, 0, 1, 1], [1, 1, 0, 0, 1, 1, 0, 5, 1, 3, 1]], "control": {"player_key": 17, "key_door": 17}, "info": {"regions": 1, "players": 1, "keys": 1, "doors": 1, "enemies": 7, "player_key": 3, "key_door": 5, "pk_path": [[8, 4], [9, 4], [9, 5], [9, 6]], "kd_path": []}, "quality": 0.858542617890488, "diversity": 1.0, "controlability": 0.26666666648888887}