{"content": [[1, 1, 1, 0, 1, 3, 1, 1, 0, 1, 0], [1, 1, 1, 1, 0, 1, 1, 0, 1, 1, 0], [1, 1, 1, 1, 1, 5, 3, 5, 1, 1, 0], [0, 1, 0, 0, 0, 1, 0, 1, 0, 1, 0], [1, 5, 5, 1, 1, 1, 1, 1, 1, 1, 1], [1, 0, 1, 1, 4, 0, 2, 1, 5, 1, 1], [1, 0, 0, 0, 1, 1, 0, 4, 1, 3, 1]], "control": {"player_key": 17, "key_door": 17}, "info": {"regions": 1, "players": 1, "keys": 3, "doors": 2, "enemies": 5, "player_key": 6, "key_door": 6, "pk_path": [[6, 5], [6, 4], [5, 4], [5, 3], [5, 2], [5, 1], [5, 0]], "kd_path": []}, "quality": 0.4966767303287134, "diversity": 0.31767901865018466, "controlability": 0.39999999973333333}