{"content": [[1, 1, 1, 0, 1, 3, 0, 0, 0, 0, 0], [1, 1, 4, 0, 0, 1, 1, 0, 4, 1, 0], [1, 1, 1, 1, 0, 2, 0, 1, 1, 2, 0], [0, 1, 0, 0, 1, 1, 0, 1, 0, 5, 0], [1, 5, 5, 1, 1, 4, 1, 1, 1, 1, 1], [1, 0, 1, 1, 4, 0, 1, 1, 5, 2, 1], [1, 0, 0, 0, 1, 4, 0, 0, 1, 5, 1]], "control": {"player_key": 17, "key_door": 17}, "info": {"regions": 1, "players": 3, "keys": 1, "doors": 5, "enemies": 5, "player_key": 2, "key_door": 12, "pk_path": [[5, 2], [5, 1], [5, 0]], "kd_path": []}, "quality": 0.49420962506588006, "diversity": 1.0, "controlability": 0.46666666635555554}