{"content": [[0, 1, 1, 0, 1, 3, 1, 0, 0, 0, 0], [1, 1, 4, 0, 0, 1, 2, 0, 0, 1, 0], [1, 1, 1, 1, 0, 0, 3, 2, 1, 1, 0], [0, 1, 0, 0, 1, 1, 0, 1, 5, 1, 0], [1, 5, 5, 1, 1, 1, 1, 1, 1, 1, 1], [1, 0, 1, 1, 4, 0, 1, 1, 5, 1, 1], [1, 0, 0, 0, 1, 1, 0, 0, 1, 3, 3]], "control": {"player_key": 17, "key_door": 17}, "info": {"regions": 1, "players": 2, "keys": 4, "doors": 2, "enemies": 4, "player_key": 2, "key_door": 16, "pk_path": [[6, 1], [6, 0], [5, 0]], "kd_path": []}, "quality": 0.4958881578706068, "diversity": 0.0625, "controlability": 0.5666666666222222}