{"content": [[1, 1, 1, 0, 5, 3, 1, 0, 0, 0, 0], [1, 5, 4, 4, 0, 1, 1, 0, 0, 1, 1], [1, 1, 1, 1, 1, 0, 1, 1, 1, 1, 0], [0, 1, 0, 2, 1, 1, 0, 1, 0, 1, 0], [1, 5, 5, 1, 1, 2, 1, 1, 1, 1, 1], [1, 0, 0, 1, 4, 0, 1, 2, 4, 1, 1], [1, 2, 2, 0, 1, 1, 0, 0, 3, 1, 1]], "control": {"player_key": 17, "key_door": 17}, "info": {"regions": 1, "players": 5, "keys": 2, "doors": 4, "enemies": 4, "player_key": 11, "key_door": 14, "pk_path": [[3, 3], [3, 4], [4, 4], [5, 4], [6, 4], [7, 4], [7, 3], [7, 2], [6, 2], [6, 1], [6, 0], [5, 0]], "kd_path": []}, "quality": 0.4934210526077736, "diversity": 0.7536968980181349, "controlability": 0.8333333327777777}