{"content": [[5, 1, 4, 5, 0, 5, 5, 5], [5, 2, 5, 5, 1, 5, 6, 5], [0, 0, 4, 1, 7, 6, 6, 7], [0, 5, 1, 0, 0, 1, 4, 0], [6, 7, 1, 6, 3, 1, 6, 0], [1, 6, 6, 7, 5, 6, 1, 2], [6, 5, 6, 1, 0, 1, 1, 5], [5, 0, 0, 0, 7, 0, 0, 1], [5, 0, 1, 5, 0, 0, 6, 1], [4, 0, 1, 6, 4, 6, 7, 6], [6, 6, 1, 1, 5, 6, 0, 1], [0, 0, 1, 0, 7, 1, 0, 1]], "control": {"col_treasures": 8, "solution_length": 30}, "info": {"regions": 2, "players": 2, "exits": 1, "layout": 45, "heuristic": -1, "solution": [], "content": [[5, 1, 4, 5, 0, 5, 5, 5], [5, 2, 5, 5, 1, 5, 6, 5], [0, 0, 4, 1, 7, 6, 6, 7], [0, 5, 1, 0, 0, 1, 4, 0], [6, 7, 1, 6, 3, 1, 6, 0], [1, 6, 6, 7, 5, 6, 1, 2], [6, 5, 6, 1, 0, 1, 1, 5], [5, 0, 0, 0, 7, 0, 0, 1], [5, 0, 1, 5, 0, 0, 6, 1], [4, 0, 1, 6, 4, 6, 7, 6], [6, 6, 1, 1, 5, 6, 0, 1], [0, 0, 1, 0, 7, 1, 0, 1]], "potions": 5, "treasures": 18, "enemies": 25, "solution_length": 0, "enemies_loc": [[6, 1], [4, 2], [5, 2], [6, 2], [7, 2], [0, 4], [1, 4], [3, 4], [6, 4], [1, 5], [2, 5], [3, 5], [5, 5], [0, 6], [2, 6], [4, 7], [6, 8], [3, 9], [5, 9], [6, 9], [7, 9], [0, 10], [1, 10], [5, 10], [4, 11]]}, "quality": 0.32071297420773565, "diversity": 0.5182291599609377, "controlability": 0.0}