{"content": [[4, 1, 5, 6, 2, 1, 5, 7], [1, 0, 4, 0, 1, 7, 5, 0], [0, 5, 4, 4, 4, 6, 4, 1], [0, 5, 7, 0, 0, 0, 0, 0], [5, 0, 4, 0, 0, 1, 7, 5], [1, 6, 0, 5, 5, 3, 1, 4], [0, 6, 6, 5, 0, 7, 4, 5], [0, 0, 6, 5, 4, 0, 3, 1], [5, 5, 1, 4, 5, 4, 1, 1], [4, 0, 1, 7, 0, 4, 1, 5], [0, 4, 6, 4, 4, 6, 1, 4], [5, 0, 7, 0, 5, 7, 4, 3]], "control": {"col_treasures": 18, "solution_length": 45}, "info": {"regions": 3, "players": 1, "exits": 3, "layout": 39, "heuristic": -1, "solution": [], "content": [[4, 1, 5, 6, 2, 1, 5, 7], [1, 0, 4, 0, 1, 7, 5, 0], [0, 5, 4, 4, 4, 6, 4, 1], [0, 5, 7, 0, 0, 0, 0, 0], [5, 0, 4, 0, 0, 1, 7, 5], [1, 6, 0, 5, 5, 3, 1, 4], [0, 6, 6, 5, 0, 7, 4, 5], [0, 0, 6, 5, 4, 0, 3, 1], [5, 5, 1, 4, 5, 4, 1, 1], [4, 0, 1, 7, 0, 4, 1, 5], [0, 4, 6, 4, 4, 6, 1, 4], [5, 0, 7, 0, 5, 7, 4, 3]], "potions": 19, "treasures": 18, "enemies": 16, "solution_length": 0, "enemies_loc": [[3, 0], [7, 0], [5, 1], [5, 2], [2, 3], [6, 4], [1, 5], [1, 6], [2, 6], [5, 6], [2, 7], [3, 9], [2, 10], [5, 10], [2, 11], [5, 11]]}, "quality": 0.3039259485147651, "diversity": 0.2560508518095129, "controlability": 0.0}