{"content": [[1, 1, 1, 0, 1, 1, 1, 1, 0, 1, 0], [1, 5, 1, 1, 0, 0, 1, 0, 0, 5, 0], [1, 1, 1, 1, 0, 1, 1, 5, 1, 1, 0], [0, 1, 0, 0, 0, 1, 0, 1, 0, 1, 0], [1, 5, 1, 5, 1, 1, 0, 1, 0, 1, 1], [2, 0, 1, 1, 1, 0, 1, 1, 0, 5, 1], [1, 4, 0, 0, 1, 1, 0, 1, 1, 3, 5]], "control": {"player_key": 17, "key_door": 17}, "info": {"regions": 1, "players": 1, "keys": 1, "doors": 1, "enemies": 7, "player_key": 16, "key_door": 18, "pk_path": [[0, 5], [0, 4], [1, 4], [2, 4], [3, 4], [4, 4], [5, 4], [5, 3], [5, 2], [6, 2], [7, 2], [7, 3], [7, 4], [7, 5], [7, 6], [8, 6], [9, 6]], "kd_path": []}, "quality": 0.9974315068411053, "diversity": 0.11111111111111116, "controlability": 1.0}