{"content": [[4, 1, 1, 0, 5, 3, 1, 0, 0, 0, 0], [1, 5, 1, 1, 0, 1, 1, 2, 0, 1, 2], [0, 1, 1, 1, 0, 0, 1, 2, 0, 1, 0], [0, 1, 0, 0, 1, 1, 0, 1, 0, 1, 1], [1, 5, 5, 1, 1, 1, 1, 1, 1, 1, 1], [1, 0, 1, 1, 4, 0, 4, 2, 4, 5, 1], [1, 2, 3, 0, 1, 1, 0, 0, 1, 5, 1]], "control": {"player_key": 17, "key_door": 17}, "info": {"regions": 1, "players": 5, "keys": 2, "doors": 4, "enemies": 6, "player_key": 3, "key_door": 17, "pk_path": [[7, 1], [6, 1], [6, 0], [5, 0]], "kd_path": []}, "quality": 0.4917087238323232, "diversity": 0.4555555425925931, "controlability": 0.5999999999333333}