{"content": [[1, 1, 5, 0, 0, 3, 1, 0, 0, 0, 0], [0, 5, 1, 2, 0, 1, 1, 2, 3, 0, 0], [2, 1, 1, 1, 3, 0, 1, 2, 0, 1, 0], [2, 1, 0, 0, 1, 2, 0, 5, 4, 1, 1], [1, 4, 4, 1, 1, 1, 1, 1, 1, 1, 1], [1, 0, 1, 1, 4, 0, 3, 2, 4, 5, 3], [1, 2, 4, 0, 4, 1, 0, 0, 1, 4, 1]], "control": {"player_key": 17, "key_door": 17}, "info": {"regions": 1, "players": 8, "keys": 5, "doors": 8, "enemies": 4, "player_key": 13, "key_door": 6, "pk_path": [[3, 1], [3, 2], [4, 2], [4, 3], [4, 4], [5, 4], [6, 4], [7, 4], [7, 3], [7, 2], [7, 1], [6, 1], [6, 0], [5, 0]], "kd_path": []}, "quality": 0.48519736839832933, "diversity": 0.635531122680098, "controlability": 0.633333332911111}