{"content": [[2, 1, 2, 0, 0, 2, 1, 0, 0, 0, 0], [1, 0, 1, 1, 0, 1, 1, 2, 0, 1, 4], [2, 1, 3, 1, 0, 0, 1, 2, 0, 1, 0], [0, 1, 0, 0, 1, 1, 0, 5, 0, 1, 1], [1, 4, 5, 1, 1, 2, 1, 1, 1, 1, 1], [1, 0, 1, 0, 4, 0, 4, 2, 4, 5, 1], [1, 3, 0, 0, 2, 3, 1, 0, 1, 5, 1]], "control": {"player_key": 17, "key_door": 17}, "info": {"regions": 1, "players": 9, "keys": 3, "doors": 5, "enemies": 4, "player_key": 4, "key_door": 15, "pk_path": [[0, 0], [0, 1], [0, 2], [1, 2], [2, 2]], "kd_path": []}, "quality": 0.488486842082107, "diversity": 0.125, "controlability": 0.6333333332444444}