{"content": {"layout": [15, 13, 15, 15, 13, 13, 15, 2, 13, 15, 15, 15, 6, 14, 5, 11], "start": 0, "boss": 12, "shop": 8, "treasure": 0}, "control": {"map_size": 14}, "info": {"map_size": 16, "num_regions": 1, "connect_regions": 1, "loose_connections": 17, "locations": 3, "player_boss_distance": 19, "flat": [0, 2, 0, 0, 0, 0, 0, 2, 0, 0, 2, 0, 2, 1, 2, 2, 1, 2, 2, 1, 2, 2, 1, 2, 0, 2, 0, 0, 2, 0, 0, 2, 0, 0, 2, 0, 0, 0, 0, 0, 0, 0, 0, 2, 0, 0, 2, 0, 2, 1, 2, 2, 1, 2, 2, 1, 2, 0, 1, 0, 0, 2, 0, 0, 2, 0, 0, 2, 0, 0, 0, 0, 0, 0, 0, 0, 2, 0, 0, 2, 0, 0, 2, 0, 2, 1, 2, 2, 1, 2, 2, 1, 2, 2, 1, 2, 0, 2, 0, 0, 2, 0, 0, 2, 0, 0, 2, 0, 0, 2, 0, 0, 2, 0, 0, 0, 0, 0, 2, 0, 0, 1, 2, 0, 1, 2, 2, 1, 2, 2, 1, 0, 0, 0, 0, 0, 2, 0, 0, 0, 0, 0, 2, 0], "dead_end": 0}, "quality": 0.8624999997187501, "diversity": 0.1411356188136148, "controlability": 0.0}