{"content": [[1, 1, 1, 0, 1, 3, 1, 2, 0, 1, 0], [2, 5, 1, 1, 0, 1, 1, 0, 0, 1, 0], [1, 1, 1, 1, 1, 0, 1, 5, 1, 1, 0], [0, 1, 0, 0, 1, 0, 0, 1, 0, 1, 0], [1, 5, 5, 1, 1, 5, 1, 1, 1, 1, 1], [1, 1, 1, 1, 5, 0, 1, 4, 5, 1, 1], [1, 1, 0, 0, 1, 1, 1, 0, 1, 1, 1]], "control": {"player_key": 17, "key_door": 17}, "info": {"regions": 1, "players": 2, "keys": 1, "doors": 1, "enemies": 7, "player_key": 2, "key_door": 7, "pk_path": [[7, 0], [6, 0], [5, 0]], "kd_path": []}, "quality": 0.49660913841193716, "diversity": 0.8947368289473688, "controlability": 0.2999999998}