{"content": [[1, 1, 1, 0, 1, 1, 1, 1, 0, 1, 0], [1, 5, 1, 1, 0, 1, 1, 0, 2, 1, 0], [1, 1, 1, 5, 0, 1, 1, 5, 1, 1, 0], [5, 1, 0, 0, 0, 1, 0, 1, 0, 1, 0], [1, 1, 1, 1, 1, 1, 0, 1, 1, 1, 1], [1, 5, 1, 1, 1, 0, 1, 1, 0, 1, 1], [1, 4, 0, 0, 1, 1, 0, 0, 1, 3, 1]], "control": {"player_key": 17, "key_door": 17}, "info": {"regions": 1, "players": 1, "keys": 1, "doors": 1, "enemies": 5, "player_key": 6, "key_door": 16, "pk_path": [[8, 1], [8, 2], [9, 2], [9, 3], [9, 4], [9, 5], [9, 6]], "kd_path": []}, "quality": 0.999143835607994, "diversity": 0.7463809430585662, "controlability": 0.6999999998666666}