{"content": [[1, 1, 1, 1, 2, 5, 7, 1], [4, 0, 0, 1, 1, 1, 3, 0], [0, 0, 4, 1, 5, 6, 4, 1], [7, 5, 7, 0, 0, 1, 0, 0], [1, 4, 1, 0, 6, 5, 5, 0], [1, 1, 0, 1, 1, 5, 0, 0], [1, 4, 6, 7, 6, 7, 1, 5], [4, 0, 7, 0, 7, 0, 1, 1], [5, 4, 4, 5, 5, 7, 4, 4], [5, 1, 1, 7, 6, 4, 1, 4], [6, 0, 1, 0, 7, 1, 0, 1], [5, 0, 7, 6, 7, 7, 0, 1]], "control": {"col_treasures": 18, "solution_length": 45}, "info": {"regions": 1, "players": 1, "exits": 1, "layout": 50, "heuristic": 0, "solution": [{"x": 5, "y": 1, "action": {"x": 1, "y": 0}}, {"x": 6, "y": 1, "action": {"x": 0, "y": 1}}, {"x": 6, "y": 2, "action": {"x": 1, "y": 0}}, {"x": 7, "y": 2, "action": {"x": 0, "y": 0}}], "content": [[1, 1, 1, 1, 2, 5, 7, 1], [4, 0, 0, 1, 1, 1, 3, 0], [0, 0, 4, 1, 5, 6, 4, 1], [7, 5, 7, 0, 0, 1, 0, 0], [1, 4, 1, 0, 6, 5, 5, 0], [1, 1, 0, 1, 1, 5, 0, 0], [1, 4, 6, 7, 6, 7, 1, 5], [4, 0, 7, 0, 7, 0, 1, 1], [5, 4, 4, 5, 5, 7, 4, 4], [5, 1, 1, 7, 6, 4, 1, 4], [6, 0, 1, 0, 7, 1, 0, 1], [5, 0, 7, 6, 7, 7, 0, 1]], "potions": 12, "treasures": 12, "enemies": 20, "solution_length": 4, "enemies_loc": [[6, 0], [5, 2], [0, 3], [2, 3], [4, 4], [2, 6], [3, 6], [4, 6], [5, 6], [2, 7], [4, 7], [5, 8], [3, 9], [4, 9], [0, 10], [4, 10], [2, 11], [3, 11], [4, 11], [5, 11]], "status": "win", "health": 5, "col_treasures": 1, "col_potions": 0, "col_enemies": 0}, "quality": 0.8249999999171874, "diversity": 0.2890183547801909, "controlability": 0.08449477348175588}