{"content": [[1, 1, 1, 1, 0, 5, 7, 1], [4, 0, 5, 5, 1, 1, 3, 1], [0, 0, 4, 1, 5, 6, 4, 1], [7, 5, 1, 0, 0, 1, 0, 0], [6, 4, 1, 6, 6, 1, 7, 0], [1, 3, 0, 2, 1, 1, 0, 0], [0, 5, 6, 0, 6, 7, 0, 5], [4, 0, 1, 0, 7, 0, 0, 1], [5, 0, 4, 5, 5, 7, 0, 1], [4, 6, 1, 0, 6, 4, 1, 6], [6, 0, 1, 1, 5, 1, 4, 1], [0, 0, 7, 0, 7, 7, 0, 1]], "control": {"col_treasures": 18, "solution_length": 45}, "info": {"regions": 1, "players": 1, "exits": 2, "layout": 54, "heuristic": -1, "solution": [], "content": [[1, 1, 1, 1, 0, 5, 7, 1], [4, 0, 5, 5, 1, 1, 3, 1], [0, 0, 4, 1, 5, 6, 4, 1], [7, 5, 1, 0, 0, 1, 0, 0], [6, 4, 1, 6, 6, 1, 7, 0], [1, 3, 0, 2, 1, 1, 0, 0], [0, 5, 6, 0, 6, 7, 0, 5], [4, 0, 1, 0, 7, 0, 0, 1], [5, 0, 4, 5, 5, 7, 0, 1], [4, 6, 1, 0, 6, 4, 1, 6], [6, 0, 1, 1, 5, 1, 4, 1], [0, 0, 7, 0, 7, 7, 0, 1]], "potions": 9, "treasures": 11, "enemies": 19, "solution_length": 0, "enemies_loc": [[6, 0], [5, 2], [0, 3], [0, 4], [3, 4], [4, 4], [6, 4], [2, 6], [4, 6], [5, 6], [4, 7], [5, 8], [1, 9], [4, 9], [7, 9], [0, 10], [2, 11], [4, 11], [5, 11]]}, "quality": 0.3326315789404248, "diversity": 0.2887032978111532, "controlability": 0.0}