{"content": {"layout": [15, 15, 9, 13, 13, 13, 5, 3, 13, 11, 0, 0, 2, 14, 5, 5], "start": 12, "boss": 12, "shop": 8, "treasure": 15}, "control": {"map_size": 11}, "info": {"map_size": 14, "num_regions": 1, "connect_regions": 2, "loose_connections": 13, "locations": 3, "player_boss_distance": -1, "flat": [0, 2, 0, 0, 2, 0, 0, 0, 0, 0, 0, 0, 2, 1, 2, 2, 1, 2, 2, 1, 0, 2, 1, 2, 0, 2, 0, 0, 2, 0, 0, 2, 0, 0, 2, 0, 0, 0, 0, 0, 0, 0, 0, 0, 0, 0, 2, 0, 2, 1, 2, 2, 1, 2, 2, 1, 2, 2, 1, 0, 0, 2, 0, 0, 2, 0, 0, 0, 0, 0, 0, 0, 0, 0, 0, 0, 2, 0, 0, 0, 0, 0, 0, 0, 2, 1, 2, 2, 1, 0, 0, 0, 0, 0, 0, 0, 0, 2, 0, 0, 2, 0, 0, 0, 0, 0, 0, 0, 0, 2, 0, 0, 2, 0, 0, 0, 0, 0, 0, 0, 0, 1, 0, 0, 1, 2, 2, 1, 2, 2, 1, 2, 0, 0, 0, 0, 2, 0, 0, 0, 0, 0, 0, 0], "dead_end": 1}, "quality": 0.5899999999066667, "diversity": 0.21671195352623973, "controlability": 0.9687499984863283}