{"content": [[4, 5, 7, 5, 0, 5, 4, 5], [5, 0, 5, 5, 1, 7, 5, 6], [0, 5, 4, 1, 5, 1, 4, 7], [0, 5, 5, 0, 0, 7, 0, 0], [1, 1, 1, 0, 3, 1, 7, 0], [1, 7, 5, 0, 1, 7, 5, 4], [0, 4, 4, 5, 0, 0, 1, 6], [5, 0, 4, 0, 4, 0, 0, 1], [5, 0, 1, 5, 5, 4, 1, 1], [4, 7, 7, 7, 0, 0, 7, 3], [4, 0, 4, 1, 5, 4, 0, 0], [0, 0, 2, 6, 3, 7, 4, 1]], "control": {"col_treasures": 18, "solution_length": 45}, "info": {"regions": 1, "players": 1, "exits": 3, "layout": 42, "heuristic": -1, "solution": [], "content": [[4, 5, 7, 5, 0, 5, 4, 5], [5, 0, 5, 5, 1, 7, 5, 6], [0, 5, 4, 1, 5, 1, 4, 7], [0, 5, 5, 0, 0, 7, 0, 0], [1, 1, 1, 0, 3, 1, 7, 0], [1, 7, 5, 0, 1, 7, 5, 4], [0, 4, 4, 5, 0, 0, 1, 6], [5, 0, 4, 0, 4, 0, 0, 1], [5, 0, 1, 5, 5, 4, 1, 1], [4, 7, 7, 7, 0, 0, 7, 3], [4, 0, 4, 1, 5, 4, 0, 0], [0, 0, 2, 6, 3, 7, 4, 1]], "potions": 15, "treasures": 20, "enemies": 15, "solution_length": 0, "enemies_loc": [[2, 0], [5, 1], [7, 1], [7, 2], [5, 3], [6, 4], [1, 5], [5, 5], [7, 6], [1, 9], [2, 9], [3, 9], [6, 9], [3, 11], [5, 11]]}, "quality": 0.3235964912090476, "diversity": 0.33174818119904903, "controlability": 0.0}