{"content": [[5, 1, 1, 1, 7, 5, 2, 7], [0, 6, 0, 0, 1, 7, 6, 0], [0, 0, 4, 1, 4, 6, 2, 1], [0, 5, 1, 0, 0, 7, 4, 0], [6, 7, 1, 1, 1, 1, 6, 6], [1, 6, 4, 1, 5, 7, 7, 6], [0, 5, 6, 1, 1, 1, 0, 5], [3, 0, 0, 0, 7, 0, 1, 1], [5, 0, 1, 1, 1, 4, 0, 2], [4, 1, 1, 7, 2, 3, 1, 6], [6, 3, 6, 1, 7, 6, 0, 1], [5, 0, 7, 0, 7, 2, 1, 1]], "control": {"col_treasures": 8, "solution_length": 30}, "info": {"regions": 1, "players": 5, "exits": 3, "layout": 49, "heuristic": -1, "solution": [], "content": [[5, 1, 1, 1, 7, 5, 2, 7], [0, 6, 0, 0, 1, 7, 6, 0], [0, 0, 4, 1, 4, 6, 2, 1], [0, 5, 1, 0, 0, 7, 4, 0], [6, 7, 1, 1, 1, 1, 6, 6], [1, 6, 4, 1, 5, 7, 7, 6], [0, 5, 6, 1, 1, 1, 0, 5], [3, 0, 0, 0, 7, 0, 1, 1], [5, 0, 1, 1, 1, 4, 0, 2], [4, 1, 1, 7, 2, 3, 1, 6], [6, 3, 6, 1, 7, 6, 0, 1], [5, 0, 7, 0, 7, 2, 1, 1]], "potions": 6, "treasures": 8, "enemies": 25, "solution_length": 0, "enemies_loc": [[4, 0], [7, 0], [1, 1], [5, 1], [6, 1], [5, 2], [5, 3], [0, 4], [1, 4], [6, 4], [7, 4], [1, 5], [5, 5], [6, 5], [7, 5], [2, 6], [4, 7], [3, 9], [7, 9], [0, 10], [2, 10], [4, 10], [5, 10], [2, 11], [4, 11]]}, "quality": 0.32912280700395197, "diversity": 0.44097221536458353, "controlability": 0.0}