{"content": [[0, 1, 1, 0, 1, 1, 1, 1, 1, 0, 1, 0, 1, 1], [0, 1, 0, 1, 1, 0, 1, 1, 1, 1, 1, 1, 0, 1], [1, 1, 1, 1, 0, 0, 1, 0, 1, 1, 1, 1, 1, 1], [0, 1, 1, 1, 1, 1, 1, 1, 1, 1, 0, 0, 1, 1], [0, 0, 1, 1, 0, 0, 1, 1, 1, 1, 1, 1, 1, 1], [1, 1, 1, 1, 0, 1, 1, 1, 1, 1, 1, 0, 1, 0], [0, 1, 1, 1, 1, 1, 1, 0, 0, 0, 1, 1, 1, 1], [0, 1, 1, 1, 0, 0, 1, 0, 0, 1, 1, 1, 1, 1], [1, 0, 0, 0, 0, 1, 0, 1, 1, 0, 0, 0, 1, 0], [1, 1, 1, 1, 1, 1, 1, 1, 1, 0, 1, 1, 1, 1], [1, 1, 0, 0, 1, 1, 1, 0, 1, 1, 0, 0, 1, 0], [0, 1, 0, 0, 0, 0, 1, 0, 0, 1, 0, 0, 1, 1], [1, 1, 1, 1, 1, 0, 1, 1, 1, 1, 1, 1, 1, 0], [0, 0, 0, 0, 0, 1, 1, 1, 1, 0, 1, 1, 1, 1]], "control": {"path": 62}, "info": {"path": 44, "regions": 1, "flat": [0, 1, 1, 0, 1, 1, 1, 1, 1, 0, 1, 0, 1, 1, 0, 1, 0, 1, 1, 0, 1, 1, 1, 1, 1, 1, 0, 1, 1, 1, 1, 1, 0, 0, 1, 0, 1, 1, 1, 1, 1, 1, 0, 1, 1, 1, 1, 1, 1, 1, 1, 1, 0, 0, 1, 1, 0, 0, 1, 1, 0, 0, 1, 1, 1, 1, 1, 1, 1, 1, 1, 1, 1, 1, 0, 1, 1, 1, 1, 1, 1, 0, 1, 0, 0, 1, 1, 1, 1, 1, 1, 0, 0, 0, 1, 1, 1, 1, 0, 1, 1, 1, 0, 0, 1, 0, 0, 1, 1, 1, 1, 1, 1, 0, 0, 0, 0, 1, 0, 1, 1, 0, 0, 0, 1, 0, 1, 1, 1, 1, 1, 1, 1, 1, 1, 0, 1, 1, 1, 1, 1, 1, 0, 0, 1, 1, 1, 0, 1, 1, 0, 0, 1, 0, 0, 1, 0, 0, 0, 0, 1, 0, 0, 1, 0, 0, 1, 1, 1, 1, 1, 1, 1, 0, 1, 1, 1, 1, 1, 1, 1, 0, 0, 0, 0, 0, 0, 1, 1, 1, 1, 0, 1, 1, 1, 1]}, "quality": 1.0, "diversity": 0.5088887116717776, "controlability": 0.7999999998545454}