{"content": [[0, 1, 1, 1, 1, 1, 1, 1, 1, 1, 1, 0, 1, 1], [0, 1, 0, 1, 1, 0, 0, 1, 0, 0, 0, 1, 0, 1], [1, 1, 1, 1, 0, 0, 1, 0, 1, 1, 0, 1, 1, 1], [0, 1, 1, 1, 1, 1, 1, 1, 1, 1, 0, 0, 1, 0], [1, 0, 1, 1, 1, 1, 1, 1, 1, 1, 1, 1, 1, 0], [1, 1, 1, 1, 0, 1, 1, 1, 1, 1, 1, 0, 0, 0], [0, 1, 1, 1, 1, 1, 1, 0, 0, 0, 1, 1, 1, 1], [0, 0, 1, 1, 0, 0, 1, 1, 0, 1, 1, 1, 1, 0], [1, 0, 0, 0, 0, 1, 0, 1, 1, 0, 0, 1, 1, 0], [1, 1, 1, 1, 1, 1, 1, 1, 1, 0, 1, 1, 1, 1], [1, 1, 0, 0, 1, 1, 0, 0, 0, 1, 0, 0, 1, 0], [0, 1, 1, 0, 0, 1, 1, 0, 0, 1, 1, 1, 0, 1], [1, 1, 1, 1, 0, 0, 1, 1, 1, 1, 1, 1, 1, 1], [0, 0, 1, 0, 0, 1, 1, 1, 1, 1, 1, 1, 0, 1]], "control": {"path": 62}, "info": {"path": 34, "regions": 1, "flat": [0, 1, 1, 1, 1, 1, 1, 1, 1, 1, 1, 0, 1, 1, 0, 1, 0, 1, 1, 0, 0, 1, 0, 0, 0, 1, 0, 1, 1, 1, 1, 1, 0, 0, 1, 0, 1, 1, 0, 1, 1, 1, 0, 1, 1, 1, 1, 1, 1, 1, 1, 1, 0, 0, 1, 0, 1, 0, 1, 1, 1, 1, 1, 1, 1, 1, 1, 1, 1, 0, 1, 1, 1, 1, 0, 1, 1, 1, 1, 1, 1, 0, 0, 0, 0, 1, 1, 1, 1, 1, 1, 0, 0, 0, 1, 1, 1, 1, 0, 0, 1, 1, 0, 0, 1, 1, 0, 1, 1, 1, 1, 0, 1, 0, 0, 0, 0, 1, 0, 1, 1, 0, 0, 1, 1, 0, 1, 1, 1, 1, 1, 1, 1, 1, 1, 0, 1, 1, 1, 1, 1, 1, 0, 0, 1, 1, 0, 0, 0, 1, 0, 0, 1, 0, 0, 1, 1, 0, 0, 1, 1, 0, 0, 1, 1, 1, 0, 1, 1, 1, 1, 1, 0, 0, 1, 1, 1, 1, 1, 1, 1, 1, 0, 0, 1, 0, 0, 1, 1, 1, 1, 1, 1, 1, 0, 1]}, "quality": 1.0, "diversity": 0.5496386053747271, "controlability": 0.6181818180694215}