{"content": [[1, 1, 1, 0, 1, 1, 1, 1, 0, 1, 0], [1, 5, 1, 1, 0, 1, 1, 0, 0, 1, 0], [1, 1, 1, 1, 0, 1, 1, 5, 1, 1, 0], [5, 1, 0, 0, 1, 1, 0, 1, 0, 1, 0], [1, 5, 5, 0, 1, 1, 1, 1, 1, 1, 1], [1, 0, 1, 2, 4, 0, 1, 1, 5, 1, 1], [1, 0, 0, 0, 1, 1, 0, 0, 1, 3, 1]], "control": {"player_key": 17, "key_door": 17}, "info": {"regions": 1, "players": 1, "keys": 1, "doors": 1, "enemies": 6, "player_key": -1, "key_door": 8, "pk_path": [], "kd_path": []}, "quality": 0.6232876712245496, "diversity": 1.0, "controlability": 0.26666666648888887}