{"content": [[5, 7, 7, 1, 5, 5, 4, 6], [5, 0, 5, 4, 7, 7, 7, 1], [7, 0, 7, 4, 0, 6, 1, 2], [0, 2, 1, 0, 3, 7, 7, 5], [6, 5, 4, 6, 1, 3, 4, 5], [3, 2, 5, 7, 3, 4, 6, 6], [0, 3, 1, 7, 0, 5, 0, 6], [5, 7, 7, 1, 2, 7, 5, 3], [0, 0, 1, 5, 1, 1, 0, 5], [1, 6, 7, 6, 4, 6, 6, 0], [2, 6, 2, 3, 4, 6, 4, 7], [0, 3, 6, 3, 6, 5, 4, 7]], "control": {"col_treasures": 4, "solution_length": 23}, "info": {"regions": 1, "players": 6, "exits": 9, "layout": 24, "heuristic": -1, "solution": [], "content": [[5, 7, 7, 1, 5, 5, 4, 6], [5, 0, 5, 4, 7, 7, 7, 1], [7, 0, 7, 4, 0, 6, 1, 2], [0, 2, 1, 0, 3, 7, 7, 5], [6, 5, 4, 6, 1, 3, 4, 5], [3, 2, 5, 7, 3, 4, 6, 6], [0, 3, 1, 7, 0, 5, 0, 6], [5, 7, 7, 1, 2, 7, 5, 3], [0, 0, 1, 5, 1, 1, 0, 5], [1, 6, 7, 6, 4, 6, 6, 0], [2, 6, 2, 3, 4, 6, 4, 7], [0, 3, 6, 3, 6, 5, 4, 7]], "potions": 10, "treasures": 15, "enemies": 32, "solution_length": 0, "enemies_loc": [[1, 0], [2, 0], [7, 0], [4, 1], [5, 1], [6, 1], [0, 2], [2, 2], [5, 2], [5, 3], [6, 3], [0, 4], [3, 4], [3, 5], [6, 5], [7, 5], [3, 6], [7, 6], [1, 7], [2, 7], [5, 7], [1, 9], [2, 9], [3, 9], [5, 9], [6, 9], [1, 10], [5, 10], [7, 10], [2, 11], [4, 11], [7, 11]]}, "quality": 0.2908771929624369, "diversity": 0.4503676362898287, "controlability": 0.0}