{"content": [[0, 3, 6, 1, 2, 1, 2, 7], [5, 4, 7, 7, 0, 7, 3, 2], [6, 4, 3, 5, 4, 1, 5, 1], [5, 5, 7, 6, 4, 4, 1, 5], [6, 3, 1, 1, 6, 1, 1, 4], [0, 5, 2, 0, 1, 4, 0, 4], [6, 5, 7, 1, 1, 7, 0, 1], [0, 3, 7, 0, 5, 5, 1, 0], [2, 1, 7, 5, 5, 1, 0, 5], [5, 2, 0, 0, 5, 1, 1, 7], [4, 0, 5, 1, 5, 6, 0, 5], [7, 3, 3, 1, 1, 5, 7, 6]], "control": {"col_treasures": 4, "solution_length": 23}, "info": {"regions": 1, "players": 6, "exits": 7, "layout": 35, "heuristic": -1, "solution": [], "content": [[0, 3, 6, 1, 2, 1, 2, 7], [5, 4, 7, 7, 0, 7, 3, 2], [6, 4, 3, 5, 4, 1, 5, 1], [5, 5, 7, 6, 4, 4, 1, 5], [6, 3, 1, 1, 6, 1, 1, 4], [0, 5, 2, 0, 1, 4, 0, 4], [6, 5, 7, 1, 1, 7, 0, 1], [0, 3, 7, 0, 5, 5, 1, 0], [2, 1, 7, 5, 5, 1, 0, 5], [5, 2, 0, 0, 5, 1, 1, 7], [4, 0, 5, 1, 5, 6, 0, 5], [7, 3, 3, 1, 1, 5, 7, 6]], "potions": 9, "treasures": 19, "enemies": 20, "solution_length": 0, "enemies_loc": [[2, 0], [7, 0], [2, 1], [3, 1], [5, 1], [0, 2], [2, 3], [3, 3], [0, 4], [4, 4], [0, 6], [2, 6], [5, 6], [2, 7], [2, 8], [7, 9], [5, 10], [0, 11], [6, 11], [7, 11]]}, "quality": 0.30755847950881393, "diversity": 0.3972537790838071, "controlability": 0.0}