{"content": [[6, 5, 6, 6, 0, 1, 5, 5], [2, 4, 0, 5, 1, 6, 4, 7], [0, 5, 4, 5, 0, 0, 5, 1], [6, 1, 2, 3, 1, 4, 1, 6], [7, 3, 4, 0, 2, 4, 4, 2], [5, 7, 0, 1, 4, 1, 0, 1], [7, 7, 7, 0, 5, 4, 2, 6], [1, 0, 7, 7, 4, 6, 0, 4], [2, 1, 3, 1, 4, 0, 1, 1], [1, 4, 5, 0, 2, 5, 3, 5], [5, 0, 5, 5, 5, 0, 3, 6], [6, 5, 2, 1, 3, 5, 2, 0]], "control": {"col_treasures": 5, "solution_length": 24}, "info": {"regions": 1, "players": 9, "exits": 6, "layout": 32, "heuristic": -1, "solution": [], "content": [[6, 5, 6, 6, 0, 1, 5, 5], [2, 4, 0, 5, 1, 6, 4, 7], [0, 5, 4, 5, 0, 0, 5, 1], [6, 1, 2, 3, 1, 4, 1, 6], [7, 3, 4, 0, 2, 4, 4, 2], [5, 7, 0, 1, 4, 1, 0, 1], [7, 7, 7, 0, 5, 4, 2, 6], [1, 0, 7, 7, 4, 6, 0, 4], [2, 1, 3, 1, 4, 0, 1, 1], [1, 4, 5, 0, 2, 5, 3, 5], [5, 0, 5, 5, 5, 0, 3, 6], [6, 5, 2, 1, 3, 5, 2, 0]], "potions": 13, "treasures": 18, "enemies": 18, "solution_length": 0, "enemies_loc": [[0, 0], [2, 0], [3, 0], [5, 1], [7, 1], [0, 3], [7, 3], [0, 4], [1, 5], [0, 6], [1, 6], [2, 6], [7, 6], [2, 7], [3, 7], [5, 7], [7, 10], [0, 11]]}, "quality": 0.30198830407123317, "diversity": 0.41136852462958007, "controlability": 0.0}