{"content": [[0, 0, 6, 2, 0, 1, 5, 4], [3, 5, 5, 2, 1, 4, 2, 7], [0, 0, 1, 0, 4, 1, 5, 4], [7, 5, 2, 6, 2, 1, 1, 6], [7, 3, 4, 0, 2, 4, 4, 1], [4, 7, 1, 6, 5, 2, 7, 1], [6, 1, 7, 0, 5, 0, 5, 7], [1, 5, 7, 1, 4, 6, 0, 0], [6, 4, 6, 1, 4, 0, 4, 6], [6, 1, 5, 7, 2, 5, 3, 2], [5, 1, 5, 4, 4, 4, 7, 6], [0, 5, 4, 1, 3, 5, 2, 0]], "control": {"col_treasures": 11, "solution_length": 35}, "info": {"regions": 1, "players": 10, "exits": 4, "layout": 30, "heuristic": -1, "solution": [], "content": [[0, 0, 6, 2, 0, 1, 5, 4], [3, 5, 5, 2, 1, 4, 2, 7], [0, 0, 1, 0, 4, 1, 5, 4], [7, 5, 2, 6, 2, 1, 1, 6], [7, 3, 4, 0, 2, 4, 4, 1], [4, 7, 1, 6, 5, 2, 7, 1], [6, 1, 7, 0, 5, 0, 5, 7], [1, 5, 7, 1, 4, 6, 0, 0], [6, 4, 6, 1, 4, 0, 4, 6], [6, 1, 5, 7, 2, 5, 3, 2], [5, 1, 5, 4, 4, 4, 7, 6], [0, 5, 4, 1, 3, 5, 2, 0]], "potions": 16, "treasures": 15, "enemies": 21, "solution_length": 0, "enemies_loc": [[2, 0], [7, 1], [0, 3], [3, 3], [7, 3], [0, 4], [1, 5], [3, 5], [6, 5], [0, 6], [2, 6], [7, 6], [2, 7], [5, 7], [0, 8], [2, 8], [7, 8], [0, 9], [3, 9], [6, 10], [7, 10]]}, "quality": 0.2999122806799252, "diversity": 0.46205356166294664, "controlability": 0.0}