{"content": [[2, 3, 7, 1, 2, 1, 0, 1], [4, 1, 1, 5, 2, 7, 1, 1], [6, 5, 7, 4, 3, 1, 5, 1], [0, 7, 7, 6, 0, 4, 1, 5], [0, 0, 6, 1, 4, 1, 6, 0], [2, 6, 2, 7, 5, 1, 6, 4], [0, 5, 1, 7, 0, 7, 7, 1], [4, 5, 7, 0, 1, 4, 1, 1], [5, 1, 1, 2, 5, 1, 5, 1], [5, 6, 7, 0, 0, 1, 1, 0], [2, 7, 1, 2, 5, 7, 0, 0], [0, 3, 6, 0, 6, 6, 4, 1]], "control": {"col_treasures": 8, "solution_length": 30}, "info": {"regions": 1, "players": 8, "exits": 3, "layout": 42, "heuristic": -1, "solution": [], "content": [[2, 3, 7, 1, 2, 1, 0, 1], [4, 1, 1, 5, 2, 7, 1, 1], [6, 5, 7, 4, 3, 1, 5, 1], [0, 7, 7, 6, 0, 4, 1, 5], [0, 0, 6, 1, 4, 1, 6, 0], [2, 6, 2, 7, 5, 1, 6, 4], [0, 5, 1, 7, 0, 7, 7, 1], [4, 5, 7, 0, 1, 4, 1, 1], [5, 1, 1, 2, 5, 1, 5, 1], [5, 6, 7, 0, 0, 1, 1, 0], [2, 7, 1, 2, 5, 7, 0, 0], [0, 3, 6, 0, 6, 6, 4, 1]], "potions": 8, "treasures": 12, "enemies": 23, "solution_length": 0, "enemies_loc": [[2, 0], [5, 1], [0, 2], [2, 2], [1, 3], [2, 3], [3, 3], [2, 4], [6, 4], [1, 5], [3, 5], [6, 5], [3, 6], [5, 6], [6, 6], [2, 7], [1, 9], [2, 9], [1, 10], [5, 10], [2, 11], [4, 11], [5, 11]]}, "quality": 0.31868421050079276, "diversity": 0.36124999146875036, "controlability": 0.0}