{"content": [[2, 3, 3, 1, 6, 4, 4, 7], [5, 1, 0, 5, 5, 0, 4, 1], [6, 5, 2, 1, 0, 1, 1, 1], [0, 1, 1, 5, 0, 7, 0, 0], [0, 0, 4, 1, 1, 5, 4, 4], [1, 6, 1, 1, 1, 2, 5, 4], [7, 4, 4, 7, 4, 7, 3, 5], [4, 5, 7, 0, 1, 5, 1, 6], [5, 0, 1, 4, 5, 4, 5, 5], [1, 0, 0, 0, 0, 3, 2, 3], [2, 5, 6, 1, 1, 6, 5, 1], [6, 6, 3, 0, 6, 1, 1, 1]], "control": {"col_treasures": 18, "solution_length": 46}, "info": {"regions": 1, "players": 5, "exits": 6, "layout": 41, "heuristic": -1, "solution": [], "content": [[2, 3, 3, 1, 6, 4, 4, 7], [5, 1, 0, 5, 5, 0, 4, 1], [6, 5, 2, 1, 0, 1, 1, 1], [0, 1, 1, 5, 0, 7, 0, 0], [0, 0, 4, 1, 1, 5, 4, 4], [1, 6, 1, 1, 1, 2, 5, 4], [7, 4, 4, 7, 4, 7, 3, 5], [4, 5, 7, 0, 1, 5, 1, 6], [5, 0, 1, 4, 5, 4, 5, 5], [1, 0, 0, 0, 0, 3, 2, 3], [2, 5, 6, 1, 1, 6, 5, 1], [6, 6, 3, 0, 6, 1, 1, 1]], "potions": 13, "treasures": 16, "enemies": 15, "solution_length": 0, "enemies_loc": [[4, 0], [7, 0], [0, 2], [5, 3], [1, 5], [0, 6], [3, 6], [5, 6], [2, 7], [7, 7], [2, 10], [5, 10], [0, 11], [1, 11], [4, 11]]}, "quality": 0.3172953216121932, "diversity": 0.31356291758609733, "controlability": 0.0}