{"content": [[1, 3, 5, 1, 0, 7, 5, 0], [4, 2, 7, 0, 2, 7, 4, 0], [0, 5, 7, 3, 0, 6, 2, 1], [5, 5, 7, 6, 0, 7, 0, 4], [0, 5, 1, 3, 1, 1, 5, 0], [1, 0, 1, 0, 1, 2, 1, 0], [0, 5, 7, 4, 1, 1, 1, 5], [5, 0, 7, 0, 5, 2, 0, 5], [2, 1, 1, 5, 2, 4, 1, 7], [5, 3, 0, 5, 0, 1, 1, 5], [2, 0, 1, 1, 4, 6, 0, 1], [5, 6, 6, 6, 6, 1, 7, 1]], "control": {"col_treasures": 8, "solution_length": 30}, "info": {"regions": 2, "players": 8, "exits": 4, "layout": 44, "heuristic": -1, "solution": [], "content": [[1, 3, 5, 1, 0, 7, 5, 0], [4, 2, 7, 0, 2, 7, 4, 0], [0, 5, 7, 3, 0, 6, 2, 1], [5, 5, 7, 6, 0, 7, 0, 4], [0, 5, 1, 3, 1, 1, 5, 0], [1, 0, 1, 0, 1, 2, 1, 0], [0, 5, 7, 4, 1, 1, 1, 5], [5, 0, 7, 0, 5, 2, 0, 5], [2, 1, 1, 5, 2, 4, 1, 7], [5, 3, 0, 5, 0, 1, 1, 5], [2, 0, 1, 1, 4, 6, 0, 1], [5, 6, 6, 6, 6, 1, 7, 1]], "potions": 6, "treasures": 17, "enemies": 17, "solution_length": 0, "enemies_loc": [[5, 0], [2, 1], [5, 1], [2, 2], [5, 2], [2, 3], [3, 3], [5, 3], [2, 6], [2, 7], [7, 8], [5, 10], [1, 11], [2, 11], [3, 11], [4, 11], [6, 11]]}, "quality": 0.31300829583909917, "diversity": 0.4390624915234377, "controlability": 0.0}