{"content": [[2, 3, 7, 1, 6, 1, 4, 1], [4, 1, 0, 5, 2, 7, 1, 7], [7, 5, 2, 4, 3, 6, 5, 0], [5, 3, 7, 0, 0, 4, 1, 1], [0, 0, 4, 1, 4, 7, 6, 0], [0, 1, 2, 0, 1, 1, 1, 4], [1, 5, 1, 1, 1, 5, 5, 5], [4, 5, 3, 1, 1, 2, 0, 1], [2, 1, 1, 2, 1, 1, 5, 1], [5, 6, 0, 0, 2, 1, 1, 0], [2, 0, 1, 2, 2, 7, 0, 6], [0, 6, 3, 0, 0, 6, 4, 7]], "control": {"col_treasures": 8, "solution_length": 30}, "info": {"regions": 1, "players": 11, "exits": 5, "layout": 45, "heuristic": -1, "solution": [], "content": [[2, 3, 7, 1, 6, 1, 4, 1], [4, 1, 0, 5, 2, 7, 1, 7], [7, 5, 2, 4, 3, 6, 5, 0], [5, 3, 7, 0, 0, 4, 1, 1], [0, 0, 4, 1, 4, 7, 6, 0], [0, 1, 2, 0, 1, 1, 1, 4], [1, 5, 1, 1, 1, 5, 5, 5], [4, 5, 3, 1, 1, 2, 0, 1], [2, 1, 1, 2, 1, 1, 5, 1], [5, 6, 0, 0, 2, 1, 1, 0], [2, 0, 1, 2, 2, 7, 0, 6], [0, 6, 3, 0, 0, 6, 4, 7]], "potions": 9, "treasures": 11, "enemies": 15, "solution_length": 0, "enemies_loc": [[2, 0], [4, 0], [5, 1], [7, 1], [0, 2], [5, 2], [2, 3], [5, 4], [6, 4], [1, 9], [5, 10], [7, 10], [1, 11], [5, 11], [7, 11]]}, "quality": 0.31934210523713613, "diversity": 0.3312372887719134, "controlability": 0.0}