{"content": [[1, 3, 7, 1, 2, 5, 0, 6], [0, 2, 7, 0, 5, 7, 7, 1], [6, 5, 7, 4, 0, 1, 2, 1], [0, 7, 6, 6, 0, 5, 1, 5], [6, 5, 4, 1, 6, 1, 6, 0], [1, 6, 1, 7, 5, 7, 6, 4], [0, 0, 4, 7, 0, 7, 0, 1], [4, 0, 7, 0, 7, 4, 1, 6], [5, 0, 1, 5, 5, 1, 5, 5], [1, 6, 7, 6, 0, 4, 1, 0], [2, 7, 6, 1, 4, 6, 0, 0], [0, 3, 6, 0, 6, 1, 4, 1]], "control": {"col_treasures": 4, "solution_length": 23}, "info": {"regions": 1, "players": 4, "exits": 2, "layout": 39, "heuristic": -1, "solution": [], "content": [[1, 3, 7, 1, 2, 5, 0, 6], [0, 2, 7, 0, 5, 7, 7, 1], [6, 5, 7, 4, 0, 1, 2, 1], [0, 7, 6, 6, 0, 5, 1, 5], [6, 5, 4, 1, 6, 1, 6, 0], [1, 6, 1, 7, 5, 7, 6, 4], [0, 0, 4, 7, 0, 7, 0, 1], [4, 0, 7, 0, 7, 4, 1, 6], [5, 0, 1, 5, 5, 1, 5, 5], [1, 6, 7, 6, 0, 4, 1, 0], [2, 7, 6, 1, 4, 6, 0, 0], [0, 3, 6, 0, 6, 1, 4, 1]], "potions": 9, "treasures": 12, "enemies": 30, "solution_length": 0, "enemies_loc": [[2, 0], [7, 0], [2, 1], [5, 1], [6, 1], [0, 2], [2, 2], [1, 3], [2, 3], [3, 3], [0, 4], [4, 4], [6, 4], [1, 5], [3, 5], [5, 5], [6, 5], [3, 6], [5, 6], [2, 7], [4, 7], [7, 7], [1, 9], [2, 9], [3, 9], [1, 10], [2, 10], [5, 10], [2, 11], [4, 11]]}, "quality": 0.31802631576444934, "diversity": 0.33993901619664646, "controlability": 0.0}