{"content": [[2, 3, 6, 1, 4, 4, 3, 5], [5, 1, 2, 6, 5, 6, 4, 5], [4, 1, 1, 1, 3, 1, 5, 1], [3, 3, 1, 0, 0, 4, 6, 6], [0, 5, 0, 0, 4, 6, 6, 2], [0, 0, 1, 1, 6, 3, 0, 1], [7, 1, 4, 0, 4, 2, 3, 5], [5, 3, 4, 4, 2, 0, 0, 1], [2, 4, 0, 1, 2, 4, 5, 1], [5, 7, 5, 4, 0, 2, 1, 4], [1, 0, 1, 6, 1, 5, 0, 1], [0, 6, 3, 7, 1, 4, 0, 6]], "control": {"col_treasures": 18, "solution_length": 45}, "info": {"regions": 1, "players": 8, "exits": 9, "layout": 38, "heuristic": -1, "solution": [], "content": [[2, 3, 6, 1, 4, 4, 3, 5], [5, 1, 2, 6, 5, 6, 4, 5], [4, 1, 1, 1, 3, 1, 5, 1], [3, 3, 1, 0, 0, 4, 6, 6], [0, 5, 0, 0, 4, 6, 6, 2], [0, 0, 1, 1, 6, 3, 0, 1], [7, 1, 4, 0, 4, 2, 3, 5], [5, 3, 4, 4, 2, 0, 0, 1], [2, 4, 0, 1, 2, 4, 5, 1], [5, 7, 5, 4, 0, 2, 1, 4], [1, 0, 1, 6, 1, 5, 0, 1], [0, 6, 3, 7, 1, 4, 0, 6]], "potions": 15, "treasures": 12, "enemies": 14, "solution_length": 0, "enemies_loc": [[2, 0], [3, 1], [5, 1], [6, 3], [7, 3], [5, 4], [6, 4], [4, 5], [0, 6], [1, 9], [3, 10], [1, 11], [3, 11], [7, 11]]}, "quality": 0.30891812863104834, "diversity": 0.41440216463994584, "controlability": 0.0}