{"content": [[2, 3, 4, 2, 0, 1, 2, 1], [4, 1, 3, 5, 2, 7, 2, 6], [7, 5, 4, 3, 3, 6, 5, 1], [5, 5, 7, 0, 0, 4, 1, 0], [0, 0, 1, 3, 1, 1, 5, 0], [0, 0, 2, 0, 1, 1, 1, 4], [1, 5, 7, 1, 1, 2, 1, 5], [4, 0, 3, 4, 5, 2, 0, 1], [2, 1, 1, 3, 1, 4, 5, 1], [5, 3, 0, 0, 2, 1, 1, 7], [6, 0, 1, 2, 2, 6, 0, 1], [0, 6, 3, 6, 0, 6, 7, 6]], "control": {"col_treasures": 8, "solution_length": 30}, "info": {"regions": 1, "players": 12, "exits": 9, "layout": 42, "heuristic": -1, "solution": [], "content": [[2, 3, 4, 2, 0, 1, 2, 1], [4, 1, 3, 5, 2, 7, 2, 6], [7, 5, 4, 3, 3, 6, 5, 1], [5, 5, 7, 0, 0, 4, 1, 0], [0, 0, 1, 3, 1, 1, 5, 0], [0, 0, 2, 0, 1, 1, 1, 4], [1, 5, 7, 1, 1, 2, 1, 5], [4, 0, 3, 4, 5, 2, 0, 1], [2, 1, 1, 3, 1, 4, 5, 1], [5, 3, 0, 0, 2, 1, 1, 7], [6, 0, 1, 2, 2, 6, 0, 1], [0, 6, 3, 6, 0, 6, 7, 6]], "potions": 8, "treasures": 11, "enemies": 14, "solution_length": 0, "enemies_loc": [[5, 1], [7, 1], [0, 2], [5, 2], [2, 3], [2, 6], [7, 9], [0, 10], [5, 10], [1, 11], [3, 11], [5, 11], [6, 11], [7, 11]]}, "quality": 0.3116666666418823, "diversity": 0.3586055784401636, "controlability": 0.0}