{"content": [[2, 5, 3, 1, 7, 4, 2, 7], [0, 1, 5, 4, 3, 6, 4, 2], [6, 5, 1, 1, 4, 1, 1, 1], [4, 1, 1, 5, 0, 4, 0, 0], [0, 0, 6, 1, 1, 6, 6, 4], [1, 6, 1, 6, 1, 2, 5, 4], [7, 4, 0, 0, 4, 6, 3, 0], [5, 6, 7, 7, 1, 5, 1, 1], [7, 1, 4, 4, 4, 4, 1, 1], [3, 0, 0, 0, 3, 0, 2, 1], [2, 0, 7, 6, 1, 0, 5, 1], [6, 6, 4, 3, 4, 1, 1, 6]], "control": {"col_treasures": 18, "solution_length": 46}, "info": {"regions": 1, "players": 6, "exits": 6, "layout": 40, "heuristic": -1, "solution": [], "content": [[2, 5, 3, 1, 7, 4, 2, 7], [0, 1, 5, 4, 3, 6, 4, 2], [6, 5, 1, 1, 4, 1, 1, 1], [4, 1, 1, 5, 0, 4, 0, 0], [0, 0, 6, 1, 1, 6, 6, 4], [1, 6, 1, 6, 1, 2, 5, 4], [7, 4, 0, 0, 4, 6, 3, 0], [5, 6, 7, 7, 1, 5, 1, 1], [7, 1, 4, 4, 4, 4, 1, 1], [3, 0, 0, 0, 3, 0, 2, 1], [2, 0, 7, 6, 1, 0, 5, 1], [6, 6, 4, 3, 4, 1, 1, 6]], "potions": 16, "treasures": 8, "enemies": 20, "solution_length": 0, "enemies_loc": [[4, 0], [7, 0], [5, 1], [0, 2], [2, 4], [5, 4], [6, 4], [1, 5], [3, 5], [0, 6], [5, 6], [1, 7], [2, 7], [3, 7], [0, 8], [2, 10], [3, 10], [0, 11], [1, 11], [7, 11]]}, "quality": 0.31520467833770266, "diversity": 0.3625991978794645, "controlability": 0.0}