{"content": [[5, 3, 7, 1, 2, 1, 1, 6], [5, 1, 5, 0, 6, 7, 4, 1], [6, 1, 7, 1, 3, 1, 5, 1], [0, 2, 1, 3, 0, 4, 1, 4], [6, 5, 3, 1, 6, 4, 6, 2], [0, 0, 1, 1, 0, 0, 6, 4], [0, 1, 4, 0, 3, 0, 5, 7], [1, 0, 7, 0, 6, 6, 1, 1], [2, 0, 1, 4, 4, 1, 1, 5], [1, 0, 7, 6, 0, 1, 3, 0], [0, 5, 6, 1, 4, 6, 0, 0], [0, 6, 2, 2, 1, 1, 4, 1]], "control": {"col_treasures": 4, "solution_length": 23}, "info": {"regions": 2, "players": 6, "exits": 6, "layout": 47, "heuristic": -1, "solution": [], "content": [[5, 3, 7, 1, 2, 1, 1, 6], [5, 1, 5, 0, 6, 7, 4, 1], [6, 1, 7, 1, 3, 1, 5, 1], [0, 2, 1, 3, 0, 4, 1, 4], [6, 5, 3, 1, 6, 4, 6, 2], [0, 0, 1, 1, 0, 0, 6, 4], [0, 1, 4, 0, 3, 0, 5, 7], [1, 0, 7, 0, 6, 6, 1, 1], [2, 0, 1, 4, 4, 1, 1, 5], [1, 0, 7, 6, 0, 1, 3, 0], [0, 5, 6, 1, 4, 6, 0, 0], [0, 6, 2, 2, 1, 1, 4, 1]], "potions": 10, "treasures": 8, "enemies": 19, "solution_length": 0, "enemies_loc": [[2, 0], [7, 0], [4, 1], [5, 1], [0, 2], [2, 2], [0, 4], [4, 4], [6, 4], [6, 5], [7, 6], [2, 7], [4, 7], [5, 7], [2, 9], [3, 9], [2, 10], [5, 10], [1, 11]]}, "quality": 0.31717496250489774, "diversity": 0.3753156479403412, "controlability": 0.0}