{"content": [[1, 1, 7, 4, 2, 4, 5, 7], [7, 0, 5, 0, 1, 5, 0, 1], [2, 3, 1, 3, 3, 0, 5, 1], [0, 2, 1, 4, 0, 1, 0, 0], [0, 1, 6, 3, 1, 7, 2, 6], [1, 6, 7, 1, 5, 7, 0, 0], [7, 5, 0, 0, 0, 7, 1, 7], [4, 0, 7, 7, 1, 3, 0, 1], [2, 0, 4, 3, 0, 4, 1, 1], [6, 0, 6, 0, 1, 0, 6, 5], [2, 0, 1, 5, 4, 6, 0, 2], [5, 6, 7, 2, 1, 5, 4, 5]], "control": {"col_treasures": 18, "solution_length": 45}, "info": {"regions": 1, "players": 8, "exits": 6, "layout": 43, "heuristic": -1, "solution": [], "content": [[1, 1, 7, 4, 2, 4, 5, 7], [7, 0, 5, 0, 1, 5, 0, 1], [2, 3, 1, 3, 3, 0, 5, 1], [0, 2, 1, 4, 0, 1, 0, 0], [0, 1, 6, 3, 1, 7, 2, 6], [1, 6, 7, 1, 5, 7, 0, 0], [7, 5, 0, 0, 0, 7, 1, 7], [4, 0, 7, 7, 1, 3, 0, 1], [2, 0, 4, 3, 0, 4, 1, 1], [6, 0, 6, 0, 1, 0, 6, 5], [2, 0, 1, 5, 4, 6, 0, 2], [5, 6, 7, 2, 1, 5, 4, 5]], "potions": 8, "treasures": 11, "enemies": 20, "solution_length": 0, "enemies_loc": [[2, 0], [7, 0], [0, 1], [2, 4], [5, 4], [7, 4], [1, 5], [2, 5], [5, 5], [0, 6], [5, 6], [7, 6], [2, 7], [3, 7], [0, 9], [2, 9], [6, 9], [5, 10], [1, 11], [2, 11]]}, "quality": 0.31796783623171915, "diversity": 0.3206140273355266, "controlability": 0.0}