{"content": [[2, 3, 3, 4, 7, 3, 6, 5], [5, 4, 7, 6, 5, 1, 4, 1], [0, 3, 1, 3, 0, 1, 2, 1], [3, 4, 1, 3, 0, 7, 1, 4], [6, 6, 3, 0, 1, 3, 6, 2], [0, 6, 1, 1, 5, 0, 6, 7], [0, 1, 4, 0, 4, 4, 1, 7], [5, 0, 7, 7, 7, 2, 0, 1], [5, 0, 1, 4, 2, 7, 0, 5], [1, 0, 0, 6, 1, 6, 3, 0], [2, 4, 2, 3, 4, 0, 1, 7], [6, 6, 2, 3, 6, 4, 0, 6]], "control": {"col_treasures": 18, "solution_length": 45}, "info": {"regions": 1, "players": 8, "exits": 12, "layout": 34, "heuristic": -1, "solution": [], "content": [[2, 3, 3, 4, 7, 3, 6, 5], [5, 4, 7, 6, 5, 1, 4, 1], [0, 3, 1, 3, 0, 1, 2, 1], [3, 4, 1, 3, 0, 7, 1, 4], [6, 6, 3, 0, 1, 3, 6, 2], [0, 6, 1, 1, 5, 0, 6, 7], [0, 1, 4, 0, 4, 4, 1, 7], [5, 0, 7, 7, 7, 2, 0, 1], [5, 0, 1, 4, 2, 7, 0, 5], [1, 0, 0, 6, 1, 6, 3, 0], [2, 4, 2, 3, 4, 0, 1, 7], [6, 6, 2, 3, 6, 4, 0, 6]], "potions": 12, "treasures": 7, "enemies": 23, "solution_length": 0, "enemies_loc": [[4, 0], [6, 0], [2, 1], [3, 1], [5, 3], [0, 4], [1, 4], [6, 4], [1, 5], [6, 5], [7, 5], [7, 6], [2, 7], [3, 7], [4, 7], [5, 8], [3, 9], [5, 9], [7, 10], [0, 11], [1, 11], [4, 11], [7, 11]]}, "quality": 0.3012573099189771, "diversity": 0.40773808563988134, "controlability": 0.0}