{"content": [[1, 1, 1, 0, 1, 1, 1, 1, 0, 3, 0], [1, 1, 1, 4, 0, 1, 1, 0, 0, 2, 0], [1, 1, 1, 1, 1, 0, 1, 1, 0, 1, 0], [0, 1, 0, 0, 1, 1, 0, 1, 0, 1, 0], [1, 5, 5, 0, 1, 1, 1, 1, 1, 1, 1], [1, 0, 1, 1, 4, 0, 1, 1, 5, 1, 1], [1, 0, 0, 0, 1, 1, 0, 0, 1, 3, 1]], "control": {"player_key": 17, "key_door": 17}, "info": {"regions": 1, "players": 1, "keys": 2, "doors": 2, "enemies": 3, "player_key": 1, "key_door": 13, "pk_path": [[9, 1], [9, 0]], "kd_path": []}, "quality": 0.4983552631416638, "diversity": 1.0, "controlability": 0.46666666635555554}