{"content": [[0, 3, 1, 0, 1, 1, 1, 4, 0, 1, 0], [1, 1, 1, 1, 2, 1, 1, 0, 0, 1, 0], [1, 1, 1, 0, 0, 1, 1, 5, 1, 1, 0], [0, 1, 0, 0, 0, 1, 0, 1, 0, 1, 0], [1, 5, 1, 1, 1, 1, 1, 4, 1, 1, 1], [1, 0, 0, 1, 1, 0, 1, 1, 0, 1, 1], [1, 0, 0, 0, 1, 1, 0, 0, 1, 3, 1]], "control": {"player_key": 17, "key_door": 17}, "info": {"regions": 1, "players": 1, "keys": 2, "doors": 2, "enemies": 2, "player_key": 4, "key_door": 8, "pk_path": [[4, 1], [3, 1], [2, 1], [2, 0], [1, 0]], "kd_path": []}, "quality": 0.4983552631416638, "diversity": 0.7885802317386836, "controlability": 0.39999999973333333}