{"content": [[0, 1, 7, 4, 4, 6, 5, 6], [0, 2, 5, 0, 4, 7, 5, 6], [0, 5, 5, 4, 4, 1, 5, 1], [0, 5, 7, 7, 2, 7, 1, 5], [1, 7, 1, 6, 6, 0, 0, 5], [1, 4, 4, 7, 1, 0, 5, 5], [0, 5, 0, 1, 1, 5, 4, 6], [5, 0, 5, 0, 1, 1, 4, 6], [7, 0, 1, 4, 0, 4, 4, 7], [4, 0, 5, 5, 0, 4, 1, 3], [4, 0, 6, 1, 4, 6, 7, 1], [6, 5, 4, 6, 5, 1, 0, 4]], "control": {"col_treasures": 8, "solution_length": 30}, "info": {"regions": 1, "players": 2, "exits": 1, "layout": 35, "heuristic": -1, "solution": [], "content": [[0, 1, 7, 4, 4, 6, 5, 6], [0, 2, 5, 0, 4, 7, 5, 6], [0, 5, 5, 4, 4, 1, 5, 1], [0, 5, 7, 7, 2, 7, 1, 5], [1, 7, 1, 6, 6, 0, 0, 5], [1, 4, 4, 7, 1, 0, 5, 5], [0, 5, 0, 1, 1, 5, 4, 6], [5, 0, 5, 0, 1, 1, 4, 6], [7, 0, 1, 4, 0, 4, 4, 7], [4, 0, 5, 5, 0, 4, 1, 3], [4, 0, 6, 1, 4, 6, 7, 1], [6, 5, 4, 6, 5, 1, 0, 4]], "potions": 18, "treasures": 19, "enemies": 21, "solution_length": 0, "enemies_loc": [[2, 0], [5, 0], [7, 0], [5, 1], [7, 1], [2, 3], [3, 3], [5, 3], [1, 4], [3, 4], [4, 4], [3, 5], [7, 6], [7, 7], [0, 8], [7, 8], [2, 10], [5, 10], [6, 10], [0, 11], [3, 11]]}, "quality": 0.3145760233747419, "diversity": 0.23180969607042923, "controlability": 0.0}