{"content": [[4, 1, 1, 0, 1, 3, 1, 1, 0, 0, 0], [1, 2, 1, 1, 0, 1, 1, 2, 0, 1, 0], [1, 1, 1, 1, 0, 0, 1, 2, 0, 1, 0], [0, 1, 2, 0, 1, 1, 0, 1, 0, 1, 1], [1, 4, 5, 1, 1, 1, 1, 1, 1, 1, 1], [1, 0, 1, 1, 4, 0, 4, 2, 4, 5, 1], [1, 5, 4, 0, 1, 1, 0, 0, 1, 5, 1]], "control": {"player_key": 17, "key_door": 17}, "info": {"regions": 1, "players": 5, "keys": 1, "doors": 6, "enemies": 4, "player_key": 15, "key_door": 17, "pk_path": [[1, 1], [1, 2], [1, 3], [2, 3], [2, 4], [3, 4], [4, 4], [5, 4], [6, 4], [7, 4], [7, 3], [7, 2], [7, 1], [7, 0], [6, 0], [5, 0]], "kd_path": []}, "quality": 0.4925986841950528, "diversity": 0.686728377726338, "controlability": 1.0}