{"content": [[4, 5, 5, 3, 3, 3, 3, 5, 4, 0, 5], [4, 3, 4, 1, 2, 1, 0, 0, 2, 4, 2], [1, 3, 0, 1, 2, 0, 3, 2, 4, 5, 4], [2, 2, 3, 4, 3, 0, 3, 1, 5, 5, 2], [4, 1, 0, 1, 3, 1, 2, 4, 2, 1, 3], [2, 2, 0, 5, 0, 2, 0, 0, 5, 0, 0], [2, 0, 1, 5, 4, 1, 5, 2, 3, 4, 5]], "control": {"player_key": 11, "key_door": 11}, "info": {"regions": 1, "players": 15, "keys": 13, "doors": 12, "enemies": 12, "player_key": 2, "key_door": 3, "pk_path": [[4, 1], [4, 0], [3, 0]], "kd_path": []}, "quality": 0.4627230533242687, "diversity": 0.7121211994949499, "controlability": 0.2777777774691358}