{"content": [[1, 4, 1, 0, 5, 3, 1, 0, 0, 0, 0], [1, 5, 1, 1, 5, 1, 1, 4, 0, 0, 0], [1, 1, 1, 1, 0, 0, 1, 2, 0, 1, 0], [0, 1, 0, 0, 1, 1, 0, 1, 0, 1, 1], [1, 5, 5, 1, 1, 0, 1, 1, 1, 1, 1], [1, 0, 1, 1, 4, 0, 1, 2, 4, 2, 1], [1, 2, 3, 0, 4, 1, 1, 2, 0, 1, 1]], "control": {"player_key": 17, "key_door": 17}, "info": {"regions": 1, "players": 5, "keys": 2, "doors": 5, "enemies": 5, "player_key": 4, "key_door": 6, "pk_path": [[7, 2], [6, 2], [6, 1], [6, 0], [5, 0]], "kd_path": []}, "quality": 0.4917425197948231, "diversity": 0.4814814691358029, "controlability": 0.33333333311111113}