{"content": [[1, 1, 1, 0, 1, 3, 1, 1, 0, 0, 0], [1, 2, 1, 1, 0, 1, 1, 2, 0, 1, 0], [0, 1, 1, 1, 0, 3, 1, 2, 0, 1, 0], [0, 1, 0, 0, 1, 1, 0, 5, 0, 1, 1], [1, 4, 5, 1, 1, 1, 1, 1, 1, 1, 1], [1, 0, 1, 1, 3, 0, 4, 2, 4, 5, 1], [1, 3, 4, 0, 2, 0, 0, 0, 1, 5, 1]], "control": {"player_key": 17, "key_door": 17}, "info": {"regions": 1, "players": 5, "keys": 4, "doors": 4, "enemies": 4, "player_key": -1, "key_door": 8, "pk_path": [], "kd_path": []}, "quality": 0.4917763157658847, "diversity": 0.032258064516129004, "controlability": 0.26666666648888887}