{"content": [[1, 1, 2, 4, 4, 5, 7, 1], [0, 2, 0, 0, 1, 7, 6, 0], [0, 0, 1, 1, 0, 6, 6, 1], [6, 5, 1, 0, 0, 7, 6, 0], [6, 0, 1, 6, 3, 1, 7, 0], [1, 7, 5, 7, 1, 1, 7, 4], [1, 7, 6, 7, 1, 0, 0, 1], [0, 0, 0, 0, 1, 0, 1, 1], [7, 0, 4, 1, 5, 4, 0, 1], [4, 1, 7, 7, 4, 4, 1, 6], [6, 7, 6, 6, 7, 6, 0, 1], [5, 4, 2, 0, 7, 7, 6, 1]], "control": {"col_treasures": 8, "solution_length": 30}, "info": {"regions": 1, "players": 3, "exits": 1, "layout": 48, "heuristic": -1, "solution": [], "content": [[1, 1, 2, 4, 4, 5, 7, 1], [0, 2, 0, 0, 1, 7, 6, 0], [0, 0, 1, 1, 0, 6, 6, 1], [6, 5, 1, 0, 0, 7, 6, 0], [6, 0, 1, 6, 3, 1, 7, 0], [1, 7, 5, 7, 1, 1, 7, 4], [1, 7, 6, 7, 1, 0, 0, 1], [0, 0, 0, 0, 1, 0, 1, 1], [7, 0, 4, 1, 5, 4, 0, 1], [4, 1, 7, 7, 4, 4, 1, 6], [6, 7, 6, 6, 7, 6, 0, 1], [5, 4, 2, 0, 7, 7, 6, 1]], "potions": 9, "treasures": 5, "enemies": 30, "solution_length": 0, "enemies_loc": [[6, 0], [5, 1], [6, 1], [5, 2], [6, 2], [0, 3], [5, 3], [6, 3], [0, 4], [3, 4], [6, 4], [1, 5], [3, 5], [6, 5], [1, 6], [2, 6], [3, 6], [0, 8], [2, 9], [3, 9], [7, 9], [0, 10], [1, 10], [2, 10], [3, 10], [4, 10], [5, 10], [4, 11], [5, 11], [6, 11]]}, "quality": 0.3319298245545337, "diversity": 0.25794604088040873, "controlability": 0.0}