{"content": [[1, 1, 1, 1, 6, 5, 5, 2], [5, 0, 5, 5, 1, 0, 7, 5], [0, 0, 4, 1, 5, 1, 5, 1], [4, 5, 1, 0, 0, 1, 2, 4], [6, 0, 1, 6, 6, 1, 7, 0], [1, 4, 4, 4, 1, 2, 2, 3], [1, 0, 3, 0, 6, 7, 1, 0], [4, 0, 4, 0, 7, 4, 0, 1], [5, 0, 4, 0, 5, 4, 1, 1], [1, 0, 1, 5, 5, 4, 4, 0], [5, 0, 4, 1, 5, 1, 0, 0], [5, 0, 7, 6, 7, 4, 1, 1]], "control": {"col_treasures": 18, "solution_length": 45}, "info": {"regions": 1, "players": 4, "exits": 2, "layout": 47, "heuristic": -1, "solution": [], "content": [[1, 1, 1, 1, 6, 5, 5, 2], [5, 0, 5, 5, 1, 0, 7, 5], [0, 0, 4, 1, 5, 1, 5, 1], [4, 5, 1, 0, 0, 1, 2, 4], [6, 0, 1, 6, 6, 1, 7, 0], [1, 4, 4, 4, 1, 2, 2, 3], [1, 0, 3, 0, 6, 7, 1, 0], [4, 0, 4, 0, 7, 4, 0, 1], [5, 0, 4, 0, 5, 4, 1, 1], [1, 0, 1, 5, 5, 4, 4, 0], [5, 0, 4, 1, 5, 1, 0, 0], [5, 0, 7, 6, 7, 4, 1, 1]], "potions": 15, "treasures": 16, "enemies": 12, "solution_length": 0, "enemies_loc": [[4, 0], [6, 1], [0, 4], [3, 4], [4, 4], [6, 4], [4, 6], [5, 6], [4, 7], [2, 11], [3, 11], [4, 11]]}, "quality": 0.32913742687324565, "diversity": 0.3103158532636092, "controlability": 0.0}