{"content": [[1, 5, 1, 1, 4, 1, 7, 4], [0, 0, 5, 0, 4, 0, 5, 6], [0, 5, 1, 1, 0, 6, 7, 1], [0, 6, 4, 0, 0, 7, 4, 1], [1, 7, 1, 2, 6, 1, 6, 6], [1, 7, 0, 7, 5, 7, 7, 4], [0, 7, 6, 7, 1, 7, 0, 6], [5, 0, 0, 0, 7, 0, 1, 6], [4, 0, 1, 4, 0, 4, 6, 1], [5, 0, 1, 7, 4, 4, 7, 3], [6, 3, 6, 4, 4, 6, 0, 1], [4, 4, 7, 0, 7, 1, 6, 1]], "control": {"col_treasures": 8, "solution_length": 30}, "info": {"regions": 1, "players": 1, "exits": 2, "layout": 41, "heuristic": -1, "solution": [], "content": [[1, 5, 1, 1, 4, 1, 7, 4], [0, 0, 5, 0, 4, 0, 5, 6], [0, 5, 1, 1, 0, 6, 7, 1], [0, 6, 4, 0, 0, 7, 4, 1], [1, 7, 1, 2, 6, 1, 6, 6], [1, 7, 0, 7, 5, 7, 7, 4], [0, 7, 6, 7, 1, 7, 0, 6], [5, 0, 0, 0, 7, 0, 1, 6], [4, 0, 1, 4, 0, 4, 6, 1], [5, 0, 1, 7, 4, 4, 7, 3], [6, 3, 6, 4, 4, 6, 0, 1], [4, 4, 7, 0, 7, 1, 6, 1]], "potions": 15, "treasures": 7, "enemies": 30, "solution_length": 0, "enemies_loc": [[6, 0], [7, 1], [5, 2], [6, 2], [1, 3], [5, 3], [1, 4], [4, 4], [6, 4], [7, 4], [1, 5], [3, 5], [5, 5], [6, 5], [1, 6], [2, 6], [3, 6], [5, 6], [7, 6], [4, 7], [7, 7], [6, 8], [3, 9], [6, 9], [0, 10], [2, 10], [5, 10], [2, 11], [4, 11], [6, 11]]}, "quality": 0.32290935670633913, "diversity": 0.27956494435891577, "controlability": 0.0}