{"content": [[1, 1, 1, 5, 3, 5, 7, 1], [0, 6, 0, 5, 4, 7, 5, 0], [4, 0, 4, 4, 7, 6, 6, 1], [0, 5, 6, 0, 4, 7, 4, 5], [6, 7, 5, 6, 3, 1, 6, 6], [1, 7, 5, 7, 5, 6, 7, 4], [0, 5, 6, 1, 1, 0, 1, 5], [5, 0, 0, 0, 1, 0, 1, 1], [7, 0, 1, 4, 7, 4, 0, 4], [4, 0, 6, 7, 6, 6, 1, 6], [5, 6, 6, 1, 7, 6, 0, 1], [4, 0, 7, 7, 0, 7, 6, 1]], "control": {"col_treasures": 18, "solution_length": 45}, "info": {"regions": 2, "players": 0, "exits": 2, "layout": 36, "heuristic": -1, "solution": [], "content": [[1, 1, 1, 5, 3, 5, 7, 1], [0, 6, 0, 5, 4, 7, 5, 0], [4, 0, 4, 4, 7, 6, 6, 1], [0, 5, 6, 0, 4, 7, 4, 5], [6, 7, 5, 6, 3, 1, 6, 6], [1, 7, 5, 7, 5, 6, 7, 4], [0, 5, 6, 1, 1, 0, 1, 5], [5, 0, 0, 0, 1, 0, 1, 1], [7, 0, 1, 4, 7, 4, 0, 4], [4, 0, 6, 7, 6, 6, 1, 6], [5, 6, 6, 1, 7, 6, 0, 1], [4, 0, 7, 7, 0, 7, 6, 1]], "potions": 12, "treasures": 13, "enemies": 33, "solution_length": 0, "enemies_loc": [[6, 0], [1, 1], [5, 1], [4, 2], [5, 2], [6, 2], [2, 3], [5, 3], [0, 4], [1, 4], [3, 4], [6, 4], [7, 4], [1, 5], [3, 5], [5, 5], [6, 5], [2, 6], [0, 8], [4, 8], [2, 9], [3, 9], [4, 9], [5, 9], [7, 9], [1, 10], [2, 10], [4, 10], [5, 10], [2, 11], [3, 11], [5, 11], [6, 11]]}, "quality": 0.24154630754367312, "diversity": 0.321397562451172, "controlability": 0.0}