{"content": [[1, 1, 7, 2, 2, 4, 5, 7], [4, 2, 7, 0, 1, 7, 6, 1], [6, 5, 7, 4, 0, 3, 1, 1], [7, 2, 1, 6, 0, 7, 0, 4], [0, 5, 1, 0, 1, 1, 6, 4], [1, 6, 1, 0, 1, 4, 0, 0], [6, 2, 6, 1, 7, 7, 0, 7], [4, 0, 7, 0, 7, 4, 1, 4], [2, 0, 1, 1, 0, 4, 1, 7], [5, 0, 7, 0, 0, 1, 1, 2], [2, 5, 1, 1, 1, 6, 4, 1], [3, 4, 6, 0, 6, 1, 4, 1]], "control": {"col_treasures": 8, "solution_length": 30}, "info": {"regions": 1, "players": 8, "exits": 2, "layout": 44, "heuristic": -1, "solution": [], "content": [[1, 1, 7, 2, 2, 4, 5, 7], [4, 2, 7, 0, 1, 7, 6, 1], [6, 5, 7, 4, 0, 3, 1, 1], [7, 2, 1, 6, 0, 7, 0, 4], [0, 5, 1, 0, 1, 1, 6, 4], [1, 6, 1, 0, 1, 4, 0, 0], [6, 2, 6, 1, 7, 7, 0, 7], [4, 0, 7, 0, 7, 4, 1, 4], [2, 0, 1, 1, 0, 4, 1, 7], [5, 0, 7, 0, 0, 1, 1, 2], [2, 5, 1, 1, 1, 6, 4, 1], [3, 4, 6, 0, 6, 1, 4, 1]], "potions": 13, "treasures": 5, "enemies": 24, "solution_length": 0, "enemies_loc": [[2, 0], [7, 0], [2, 1], [5, 1], [6, 1], [0, 2], [2, 2], [0, 3], [3, 3], [5, 3], [6, 4], [1, 5], [0, 6], [2, 6], [4, 6], [5, 6], [7, 6], [2, 7], [4, 7], [7, 8], [2, 9], [5, 10], [2, 11], [4, 11]]}, "quality": 0.32216374266388287, "diversity": 0.3056044528058981, "controlability": 0.0}