{"content": [[1, 1, 1, 1, 1, 5, 0, 6], [1, 0, 0, 7, 1, 2, 4, 6], [7, 5, 4, 4, 4, 4, 2, 1], [0, 4, 1, 2, 0, 1, 7, 0], [6, 4, 1, 6, 5, 1, 7, 0], [1, 6, 0, 2, 1, 7, 1, 0], [0, 5, 3, 4, 6, 7, 0, 4], [4, 0, 4, 0, 0, 4, 1, 1], [5, 0, 0, 0, 6, 4, 1, 1], [1, 1, 1, 1, 5, 4, 1, 0], [6, 0, 4, 1, 4, 4, 6, 1], [0, 0, 7, 7, 5, 1, 4, 1]], "control": {"col_treasures": 18, "solution_length": 45}, "info": {"regions": 1, "players": 4, "exits": 1, "layout": 49, "heuristic": -1, "solution": [], "content": [[1, 1, 1, 1, 1, 5, 0, 6], [1, 0, 0, 7, 1, 2, 4, 6], [7, 5, 4, 4, 4, 4, 2, 1], [0, 4, 1, 2, 0, 1, 7, 0], [6, 4, 1, 6, 5, 1, 7, 0], [1, 6, 0, 2, 1, 7, 1, 0], [0, 5, 3, 4, 6, 7, 0, 4], [4, 0, 4, 0, 0, 4, 1, 1], [5, 0, 0, 0, 6, 4, 1, 1], [1, 1, 1, 1, 5, 4, 1, 0], [6, 0, 4, 1, 4, 4, 6, 1], [0, 0, 7, 7, 5, 1, 4, 1]], "potions": 18, "treasures": 7, "enemies": 17, "solution_length": 0, "enemies_loc": [[7, 0], [3, 1], [7, 1], [0, 2], [6, 3], [0, 4], [3, 4], [6, 4], [1, 5], [5, 5], [4, 6], [5, 6], [4, 8], [0, 10], [6, 10], [2, 11], [3, 11]]}, "quality": 0.3312280701686427, "diversity": 0.3059275723121282, "controlability": 0.0}