{"content": [[6, 1, 1, 1, 0, 5, 5, 0], [6, 7, 5, 5, 1, 7, 7, 7], [0, 0, 7, 1, 3, 6, 5, 5], [0, 5, 6, 0, 0, 7, 1, 0], [1, 7, 1, 1, 1, 1, 7, 2], [3, 6, 0, 3, 1, 7, 1, 0], [1, 1, 4, 0, 0, 0, 1, 5], [4, 0, 7, 0, 7, 0, 0, 7], [5, 1, 1, 4, 5, 4, 1, 1], [1, 6, 0, 6, 0, 4, 1, 6], [5, 5, 1, 4, 7, 6, 0, 1], [5, 0, 6, 0, 7, 7, 4, 1]], "control": {"col_treasures": 18, "solution_length": 45}, "info": {"regions": 1, "players": 1, "exits": 3, "layout": 47, "heuristic": -1, "solution": [], "content": [[6, 1, 1, 1, 0, 5, 5, 0], [6, 7, 5, 5, 1, 7, 7, 7], [0, 0, 7, 1, 3, 6, 5, 5], [0, 5, 6, 0, 0, 7, 1, 0], [1, 7, 1, 1, 1, 1, 7, 2], [3, 6, 0, 3, 1, 7, 1, 0], [1, 1, 4, 0, 0, 0, 1, 5], [4, 0, 7, 0, 7, 0, 0, 7], [5, 1, 1, 4, 5, 4, 1, 1], [1, 6, 0, 6, 0, 4, 1, 6], [5, 5, 1, 4, 7, 6, 0, 1], [5, 0, 6, 0, 7, 7, 4, 1]], "potions": 7, "treasures": 13, "enemies": 25, "solution_length": 0, "enemies_loc": [[0, 0], [0, 1], [1, 1], [5, 1], [6, 1], [7, 1], [2, 2], [5, 2], [2, 3], [5, 3], [1, 4], [6, 4], [1, 5], [5, 5], [2, 7], [4, 7], [7, 7], [1, 9], [3, 9], [7, 9], [4, 10], [5, 10], [2, 11], [4, 11], [5, 11]]}, "quality": 0.3305409356520453, "diversity": 0.3229166595196763, "controlability": 0.0}