{"content": [[1, 1, 1, 5, 7, 1, 5, 5], [2, 0, 0, 5, 1, 7, 6, 1], [0, 0, 4, 1, 5, 1, 6, 4], [7, 5, 1, 0, 0, 6, 0, 4], [1, 7, 1, 0, 3, 1, 7, 0], [1, 6, 5, 0, 1, 1, 7, 4], [1, 5, 4, 0, 6, 0, 1, 5], [5, 0, 0, 0, 1, 0, 0, 1], [5, 0, 4, 4, 4, 3, 1, 4], [4, 6, 5, 7, 6, 4, 7, 6], [5, 0, 6, 1, 5, 6, 0, 1], [5, 0, 1, 0, 6, 7, 4, 1]], "control": {"col_treasures": 18, "solution_length": 45}, "info": {"regions": 1, "players": 1, "exits": 2, "layout": 46, "heuristic": -1, "solution": [], "content": [[1, 1, 1, 5, 7, 1, 5, 5], [2, 0, 0, 5, 1, 7, 6, 1], [0, 0, 4, 1, 5, 1, 6, 4], [7, 5, 1, 0, 0, 6, 0, 4], [1, 7, 1, 0, 3, 1, 7, 0], [1, 6, 5, 0, 1, 1, 7, 4], [1, 5, 4, 0, 6, 0, 1, 5], [5, 0, 0, 0, 1, 0, 0, 1], [5, 0, 4, 4, 4, 3, 1, 4], [4, 6, 5, 7, 6, 4, 7, 6], [5, 0, 6, 1, 5, 6, 0, 1], [5, 0, 1, 0, 6, 7, 4, 1]], "potions": 12, "treasures": 15, "enemies": 20, "solution_length": 0, "enemies_loc": [[4, 0], [5, 1], [6, 1], [6, 2], [0, 3], [5, 3], [1, 4], [6, 4], [1, 5], [6, 5], [4, 6], [1, 9], [3, 9], [4, 9], [6, 9], [7, 9], [2, 10], [5, 10], [4, 11], [5, 11]]}, "quality": 0.3298538011493368, "diversity": 0.28109680706571705, "controlability": 0.0}