{"content": [[1, 1, 1, 1, 0, 5, 4, 0], [2, 0, 0, 5, 1, 1, 5, 5], [0, 0, 7, 1, 4, 1, 5, 1], [0, 5, 7, 0, 0, 7, 0, 0], [1, 0, 1, 0, 0, 2, 7, 0], [1, 6, 4, 1, 1, 1, 1, 4], [0, 0, 5, 0, 4, 0, 1, 5], [5, 0, 1, 0, 7, 4, 0, 1], [5, 0, 4, 5, 5, 6, 1, 1], [1, 0, 1, 5, 6, 3, 1, 6], [6, 2, 6, 1, 5, 6, 4, 1], [2, 0, 2, 2, 7, 7, 1, 1]], "control": {"col_treasures": 18, "solution_length": 45}, "info": {"regions": 1, "players": 6, "exits": 1, "layout": 53, "heuristic": -1, "solution": [], "content": [[1, 1, 1, 1, 0, 5, 4, 0], [2, 0, 0, 5, 1, 1, 5, 5], [0, 0, 7, 1, 4, 1, 5, 1], [0, 5, 7, 0, 0, 7, 0, 0], [1, 0, 1, 0, 0, 2, 7, 0], [1, 6, 4, 1, 1, 1, 1, 4], [0, 0, 5, 0, 4, 0, 1, 5], [5, 0, 1, 0, 7, 4, 0, 1], [5, 0, 4, 5, 5, 6, 1, 1], [1, 0, 1, 5, 6, 3, 1, 6], [6, 2, 6, 1, 5, 6, 4, 1], [2, 0, 2, 2, 7, 7, 1, 1]], "potions": 8, "treasures": 14, "enemies": 14, "solution_length": 0, "enemies_loc": [[2, 2], [2, 3], [5, 3], [6, 4], [1, 5], [4, 7], [5, 8], [4, 9], [7, 9], [0, 10], [2, 10], [5, 10], [4, 11], [5, 11]]}, "quality": 0.3298245613968606, "diversity": 0.2643229103562129, "controlability": 0.0}