{"content": [[5, 3, 7, 1, 2, 5, 4, 6], [5, 0, 7, 0, 6, 7, 7, 1], [6, 0, 7, 4, 0, 1, 2, 1], [0, 2, 1, 6, 0, 7, 1, 7], [6, 5, 3, 1, 6, 1, 6, 0], [3, 4, 1, 7, 3, 7, 6, 4], [0, 0, 4, 7, 0, 7, 0, 7], [4, 0, 7, 0, 6, 2, 1, 6], [5, 0, 1, 5, 5, 1, 5, 5], [1, 6, 7, 6, 0, 4, 1, 0], [0, 5, 6, 1, 4, 6, 0, 0], [0, 3, 6, 0, 6, 1, 4, 1]], "control": {"col_treasures": 4, "solution_length": 23}, "info": {"regions": 1, "players": 4, "exits": 5, "layout": 38, "heuristic": -1, "solution": [], "content": [[5, 3, 7, 1, 2, 5, 4, 6], [5, 0, 7, 0, 6, 7, 7, 1], [6, 0, 7, 4, 0, 1, 2, 1], [0, 2, 1, 6, 0, 7, 1, 7], [6, 5, 3, 1, 6, 1, 6, 0], [3, 4, 1, 7, 3, 7, 6, 4], [0, 0, 4, 7, 0, 7, 0, 7], [4, 0, 7, 0, 6, 2, 1, 6], [5, 0, 1, 5, 5, 1, 5, 5], [1, 6, 7, 6, 0, 4, 1, 0], [0, 5, 6, 1, 4, 6, 0, 0], [0, 3, 6, 0, 6, 1, 4, 1]], "potions": 9, "treasures": 10, "enemies": 30, "solution_length": 0, "enemies_loc": [[2, 0], [7, 0], [2, 1], [4, 1], [5, 1], [6, 1], [0, 2], [2, 2], [3, 3], [5, 3], [7, 3], [0, 4], [4, 4], [6, 4], [3, 5], [5, 5], [6, 5], [3, 6], [5, 6], [7, 6], [2, 7], [4, 7], [7, 7], [1, 9], [2, 9], [3, 9], [2, 10], [5, 10], [2, 11], [4, 11]]}, "quality": 0.31453216371817666, "diversity": 0.3779592714222303, "controlability": 0.0}