{"content": [[1, 0, 1, 1, 6, 4, 5, 7], [4, 2, 3, 0, 1, 7, 6, 1], [0, 5, 4, 7, 0, 6, 1, 4], [7, 3, 6, 0, 0, 0, 0, 5], [1, 5, 6, 1, 1, 1, 7, 6], [1, 6, 5, 7, 1, 7, 7, 4], [6, 1, 4, 0, 0, 7, 1, 5], [4, 0, 0, 0, 7, 4, 0, 5], [2, 0, 1, 4, 0, 4, 1, 4], [5, 6, 7, 5, 6, 1, 2, 2], [5, 3, 6, 1, 4, 6, 4, 1], [3, 0, 2, 0, 6, 2, 4, 4]], "control": {"col_treasures": 18, "solution_length": 45}, "info": {"regions": 1, "players": 6, "exits": 4, "layout": 37, "heuristic": -1, "solution": [], "content": [[1, 0, 1, 1, 6, 4, 5, 7], [4, 2, 3, 0, 1, 7, 6, 1], [0, 5, 4, 7, 0, 6, 1, 4], [7, 3, 6, 0, 0, 0, 0, 5], [1, 5, 6, 1, 1, 1, 7, 6], [1, 6, 5, 7, 1, 7, 7, 4], [6, 1, 4, 0, 0, 7, 1, 5], [4, 0, 0, 0, 7, 4, 0, 5], [2, 0, 1, 4, 0, 4, 1, 4], [5, 6, 7, 5, 6, 1, 2, 2], [5, 3, 6, 1, 4, 6, 4, 1], [3, 0, 2, 0, 6, 2, 4, 4]], "potions": 15, "treasures": 10, "enemies": 24, "solution_length": 0, "enemies_loc": [[4, 0], [7, 0], [5, 1], [6, 1], [3, 2], [5, 2], [0, 3], [2, 3], [2, 4], [6, 4], [7, 4], [1, 5], [3, 5], [5, 5], [6, 5], [0, 6], [5, 6], [4, 7], [1, 9], [2, 9], [4, 9], [2, 10], [5, 10], [4, 11]]}, "quality": 0.3124415204436861, "diversity": 0.3051697459201391, "controlability": 0.0}