{"content": [[4, 1, 1, 1, 7, 5, 7, 1], [1, 2, 5, 6, 0, 7, 1, 0], [0, 5, 0, 1, 7, 6, 6, 1], [0, 1, 1, 0, 0, 7, 0, 5], [1, 2, 5, 0, 0, 1, 0, 4], [0, 5, 0, 0, 1, 0, 0, 4], [0, 0, 7, 3, 1, 7, 5, 5], [1, 0, 1, 0, 1, 0, 0, 1], [6, 0, 1, 4, 0, 4, 0, 1], [4, 0, 0, 5, 0, 4, 1, 3], [6, 5, 6, 1, 0, 1, 7, 1], [4, 5, 1, 4, 0, 1, 4, 1]], "control": {"col_treasures": 18, "solution_length": 45}, "info": {"regions": 1, "players": 2, "exits": 2, "layout": 57, "heuristic": -1, "solution": [], "content": [[4, 1, 1, 1, 7, 5, 7, 1], [1, 2, 5, 6, 0, 7, 1, 0], [0, 5, 0, 1, 7, 6, 6, 1], [0, 1, 1, 0, 0, 7, 0, 5], [1, 2, 5, 0, 0, 1, 0, 4], [0, 5, 0, 0, 1, 0, 0, 4], [0, 0, 7, 3, 1, 7, 5, 5], [1, 0, 1, 0, 1, 0, 0, 1], [6, 0, 1, 4, 0, 4, 0, 1], [4, 0, 0, 5, 0, 4, 1, 3], [6, 5, 6, 1, 0, 1, 7, 1], [4, 5, 1, 4, 0, 1, 4, 1]], "potions": 10, "treasures": 11, "enemies": 14, "solution_length": 0, "enemies_loc": [[4, 0], [6, 0], [3, 1], [5, 1], [4, 2], [5, 2], [6, 2], [5, 3], [2, 6], [5, 6], [0, 8], [0, 10], [2, 10], [6, 10]]}, "quality": 0.3319298245475162, "diversity": 0.24285953734249, "controlability": 0.0}