{"content": [[0, 1, 1, 0, 1, 1, 0, 1, 1, 0, 0, 0, 1, 1], [0, 1, 0, 1, 1, 0, 0, 1, 0, 1, 1, 1, 0, 1], [1, 1, 1, 1, 0, 1, 1, 0, 1, 1, 1, 1, 0, 0], [0, 0, 1, 1, 0, 0, 1, 0, 0, 1, 1, 1, 1, 1], [0, 1, 1, 0, 0, 1, 1, 0, 1, 1, 1, 0, 1, 0], [0, 1, 1, 1, 0, 1, 1, 1, 1, 0, 0, 0, 1, 0], [0, 1, 0, 1, 1, 1, 1, 1, 1, 0, 0, 0, 1, 0], [1, 0, 1, 1, 1, 0, 1, 0, 1, 1, 1, 1, 1, 0], [1, 0, 1, 0, 0, 1, 0, 1, 0, 1, 1, 0, 1, 0], [1, 0, 1, 0, 1, 1, 1, 1, 0, 0, 1, 0, 1, 1], [1, 0, 0, 0, 1, 0, 1, 0, 1, 1, 1, 0, 1, 0], [0, 0, 0, 0, 1, 1, 1, 0, 0, 1, 0, 1, 1, 0], [1, 0, 1, 1, 0, 0, 0, 1, 1, 1, 0, 1, 1, 1], [0, 0, 1, 0, 1, 1, 1, 1, 0, 1, 1, 1, 0, 1]], "control": {"path": 93}, "info": {"path": 30, "regions": 7, "flat": [0, 1, 1, 0, 1, 1, 0, 1, 1, 0, 0, 0, 1, 1, 0, 1, 0, 1, 1, 0, 0, 1, 0, 1, 1, 1, 0, 1, 1, 1, 1, 1, 0, 1, 1, 0, 1, 1, 1, 1, 0, 0, 0, 0, 1, 1, 0, 0, 1, 0, 0, 1, 1, 1, 1, 1, 0, 1, 1, 0, 0, 1, 1, 0, 1, 1, 1, 0, 1, 0, 0, 1, 1, 1, 0, 1, 1, 1, 1, 0, 0, 0, 1, 0, 0, 1, 0, 1, 1, 1, 1, 1, 1, 0, 0, 0, 1, 0, 1, 0, 1, 1, 1, 0, 1, 0, 1, 1, 1, 1, 1, 0, 1, 0, 1, 0, 0, 1, 0, 1, 0, 1, 1, 0, 1, 0, 1, 0, 1, 0, 1, 1, 1, 1, 0, 0, 1, 0, 1, 1, 1, 0, 0, 0, 1, 0, 1, 0, 1, 1, 1, 0, 1, 0, 0, 0, 0, 0, 1, 1, 1, 0, 0, 1, 0, 1, 1, 0, 1, 0, 1, 1, 0, 0, 0, 1, 1, 1, 0, 1, 1, 1, 0, 0, 1, 0, 1, 1, 1, 1, 0, 1, 1, 1, 0, 1]}, "quality": 0.8387096772372529, "diversity": 0.6900510203218702, "controlability": 0.34883720926176315}