{"content": [[0, 1, 0, 1, 0, 1, 1, 0, 1, 1, 1, 0, 0, 0], [0, 1, 0, 1, 0, 1, 1, 0, 0, 1, 1, 0, 1, 1], [1, 1, 1, 1, 0, 0, 0, 0, 0, 1, 1, 0, 0, 1], [1, 1, 1, 0, 0, 0, 1, 1, 1, 1, 1, 0, 1, 1], [1, 1, 0, 0, 1, 1, 1, 1, 0, 0, 0, 0, 1, 0], [1, 1, 1, 0, 0, 1, 1, 1, 1, 1, 1, 0, 0, 0], [1, 0, 0, 0, 1, 0, 1, 0, 1, 0, 0, 0, 1, 0], [1, 1, 0, 1, 1, 1, 1, 0, 1, 0, 0, 0, 1, 1], [0, 0, 1, 1, 0, 0, 0, 0, 1, 1, 0, 1, 0, 1], [1, 0, 0, 1, 0, 0, 0, 0, 0, 1, 1, 1, 1, 0], [0, 1, 0, 1, 0, 0, 0, 0, 1, 1, 0, 0, 1, 0], [1, 1, 1, 1, 0, 0, 1, 0, 1, 1, 0, 0, 1, 1], [0, 0, 0, 1, 1, 0, 1, 1, 1, 0, 0, 1, 0, 0], [1, 1, 1, 1, 0, 0, 0, 1, 1, 1, 0, 1, 0, 0]], "control": {"path": 45}, "info": {"path": 28, "regions": 7, "flat": [0, 1, 0, 1, 0, 1, 1, 0, 1, 1, 1, 0, 0, 0, 0, 1, 0, 1, 0, 1, 1, 0, 0, 1, 1, 0, 1, 1, 1, 1, 1, 1, 0, 0, 0, 0, 0, 1, 1, 0, 0, 1, 1, 1, 1, 0, 0, 0, 1, 1, 1, 1, 1, 0, 1, 1, 1, 1, 0, 0, 1, 1, 1, 1, 0, 0, 0, 0, 1, 0, 1, 1, 1, 0, 0, 1, 1, 1, 1, 1, 1, 0, 0, 0, 1, 0, 0, 0, 1, 0, 1, 0, 1, 0, 0, 0, 1, 0, 1, 1, 0, 1, 1, 1, 1, 0, 1, 0, 0, 0, 1, 1, 0, 0, 1, 1, 0, 0, 0, 0, 1, 1, 0, 1, 0, 1, 1, 0, 0, 1, 0, 0, 0, 0, 0, 1, 1, 1, 1, 0, 0, 1, 0, 1, 0, 0, 0, 0, 1, 1, 0, 0, 1, 0, 1, 1, 1, 1, 0, 0, 1, 0, 1, 1, 0, 0, 1, 1, 0, 0, 0, 1, 1, 0, 1, 1, 1, 0, 0, 1, 0, 0, 1, 1, 1, 1, 0, 0, 0, 1, 1, 1, 0, 1, 0, 0]}, "quality": 0.8387096772372529, "diversity": 0.9023526076017407, "controlability": 0.7368421050692521}