{"content": [[1, 1, 0, 0, 0, 1, 1, 1, 1, 0, 0, 0, 1, 1], [0, 1, 1, 1, 1, 1, 1, 1, 0, 1, 1, 1, 0, 1], [1, 1, 0, 1, 0, 0, 0, 0, 1, 1, 1, 1, 1, 1], [0, 1, 0, 1, 1, 0, 1, 1, 1, 0, 0, 0, 0, 1], [0, 1, 1, 1, 0, 1, 1, 1, 1, 0, 0, 1, 1, 0], [1, 1, 1, 1, 0, 1, 1, 0, 0, 0, 1, 1, 0, 0], [0, 1, 1, 1, 1, 0, 1, 0, 0, 0, 1, 0, 1, 1], [1, 0, 0, 1, 0, 1, 1, 1, 1, 0, 1, 1, 1, 0], [1, 1, 1, 1, 0, 1, 0, 1, 1, 1, 0, 0, 1, 0], [1, 1, 1, 1, 1, 1, 1, 1, 1, 0, 1, 1, 1, 1], [0, 1, 0, 0, 1, 1, 1, 0, 1, 1, 1, 0, 1, 0], [0, 1, 0, 0, 1, 0, 1, 0, 0, 0, 1, 1, 1, 0], [1, 1, 1, 0, 1, 1, 1, 1, 1, 1, 1, 1, 1, 1], [1, 0, 0, 0, 1, 1, 1, 0, 1, 1, 1, 1, 0, 0]], "control": {"path": 93}, "info": {"path": 34, "regions": 1, "flat": [1, 1, 0, 0, 0, 1, 1, 1, 1, 0, 0, 0, 1, 1, 0, 1, 1, 1, 1, 1, 1, 1, 0, 1, 1, 1, 0, 1, 1, 1, 0, 1, 0, 0, 0, 0, 1, 1, 1, 1, 1, 1, 0, 1, 0, 1, 1, 0, 1, 1, 1, 0, 0, 0, 0, 1, 0, 1, 1, 1, 0, 1, 1, 1, 1, 0, 0, 1, 1, 0, 1, 1, 1, 1, 0, 1, 1, 0, 0, 0, 1, 1, 0, 0, 0, 1, 1, 1, 1, 0, 1, 0, 0, 0, 1, 0, 1, 1, 1, 0, 0, 1, 0, 1, 1, 1, 1, 0, 1, 1, 1, 0, 1, 1, 1, 1, 0, 1, 0, 1, 1, 1, 0, 0, 1, 0, 1, 1, 1, 1, 1, 1, 1, 1, 1, 0, 1, 1, 1, 1, 0, 1, 0, 0, 1, 1, 1, 0, 1, 1, 1, 0, 1, 0, 0, 1, 0, 0, 1, 0, 1, 0, 0, 0, 1, 1, 1, 0, 1, 1, 1, 0, 1, 1, 1, 1, 1, 1, 1, 1, 1, 1, 1, 0, 0, 0, 1, 1, 1, 0, 1, 1, 1, 1, 0, 0]}, "quality": 1.0, "diversity": 0.7505330489466842, "controlability": 0.3953488371633316}