{"content": [[0, 1, 1, 0, 0, 1, 1, 1, 1, 0, 0, 0, 1, 1], [0, 1, 0, 1, 1, 0, 0, 0, 1, 1, 1, 1, 1, 1], [1, 1, 1, 1, 0, 0, 1, 0, 1, 0, 0, 1, 1, 1], [0, 1, 1, 1, 0, 1, 1, 1, 1, 0, 1, 0, 0, 1], [0, 0, 1, 0, 0, 1, 1, 1, 1, 1, 1, 0, 0, 0], [1, 1, 1, 1, 0, 1, 1, 0, 1, 1, 1, 1, 0, 0], [0, 0, 1, 1, 1, 0, 1, 1, 0, 0, 1, 0, 1, 1], [0, 0, 1, 1, 1, 1, 1, 0, 0, 0, 1, 1, 1, 1], [1, 0, 0, 0, 0, 1, 0, 1, 1, 0, 0, 0, 1, 0], [1, 1, 1, 1, 1, 1, 1, 1, 1, 1, 1, 0, 1, 1], [1, 1, 0, 0, 1, 1, 1, 0, 1, 1, 0, 0, 1, 0], [0, 1, 0, 0, 0, 1, 1, 0, 0, 1, 1, 0, 1, 0], [0, 0, 1, 1, 0, 1, 1, 0, 1, 1, 1, 1, 1, 1], [0, 0, 0, 0, 0, 1, 1, 1, 1, 1, 1, 1, 0, 0]], "control": {"path": 62}, "info": {"path": 28, "regions": 2, "flat": [0, 1, 1, 0, 0, 1, 1, 1, 1, 0, 0, 0, 1, 1, 0, 1, 0, 1, 1, 0, 0, 0, 1, 1, 1, 1, 1, 1, 1, 1, 1, 1, 0, 0, 1, 0, 1, 0, 0, 1, 1, 1, 0, 1, 1, 1, 0, 1, 1, 1, 1, 0, 1, 0, 0, 1, 0, 0, 1, 0, 0, 1, 1, 1, 1, 1, 1, 0, 0, 0, 1, 1, 1, 1, 0, 1, 1, 0, 1, 1, 1, 1, 0, 0, 0, 0, 1, 1, 1, 0, 1, 1, 0, 0, 1, 0, 1, 1, 0, 0, 1, 1, 1, 1, 1, 0, 0, 0, 1, 1, 1, 1, 1, 0, 0, 0, 0, 1, 0, 1, 1, 0, 0, 0, 1, 0, 1, 1, 1, 1, 1, 1, 1, 1, 1, 1, 1, 0, 1, 1, 1, 1, 0, 0, 1, 1, 1, 0, 1, 1, 0, 0, 1, 0, 0, 1, 0, 0, 0, 1, 1, 0, 0, 1, 1, 0, 1, 0, 0, 0, 1, 1, 0, 1, 1, 0, 1, 1, 1, 1, 1, 1, 0, 0, 0, 0, 0, 1, 1, 1, 1, 1, 1, 1, 0, 0]}, "quality": 0.9731182793155277, "diversity": 0.726938775419183, "controlability": 0.5090909089983471}