{"content": [[1, 1, 1, 0, 1, 1, 1, 1, 1, 1, 0, 0, 0, 0], [0, 1, 1, 1, 1, 0, 1, 0, 0, 1, 1, 1, 1, 1], [1, 1, 0, 1, 0, 0, 1, 1, 1, 1, 0, 0, 0, 1], [0, 1, 1, 1, 1, 1, 0, 0, 1, 1, 0, 1, 0, 1], [1, 0, 1, 0, 1, 0, 1, 0, 1, 1, 1, 1, 1, 0], [1, 1, 1, 0, 1, 0, 1, 1, 1, 1, 1, 0, 1, 1], [1, 1, 1, 1, 0, 1, 1, 0, 0, 1, 0, 0, 1, 0], [1, 1, 0, 0, 0, 1, 1, 1, 0, 0, 1, 1, 1, 0], [1, 1, 1, 1, 0, 1, 0, 0, 1, 1, 1, 1, 1, 0], [1, 0, 0, 1, 0, 1, 1, 1, 0, 0, 1, 1, 1, 1], [0, 1, 0, 1, 0, 1, 1, 1, 0, 1, 1, 1, 0, 1], [0, 1, 0, 0, 0, 0, 1, 0, 0, 1, 1, 0, 0, 0], [1, 1, 1, 1, 1, 0, 1, 1, 0, 0, 1, 1, 1, 0], [1, 0, 1, 1, 1, 1, 1, 1, 0, 0, 1, 0, 0, 0]], "control": {"path": 92}, "info": {"path": 44, "regions": 1, "flat": [1, 1, 1, 0, 1, 1, 1, 1, 1, 1, 0, 0, 0, 0, 0, 1, 1, 1, 1, 0, 1, 0, 0, 1, 1, 1, 1, 1, 1, 1, 0, 1, 0, 0, 1, 1, 1, 1, 0, 0, 0, 1, 0, 1, 1, 1, 1, 1, 0, 0, 1, 1, 0, 1, 0, 1, 1, 0, 1, 0, 1, 0, 1, 0, 1, 1, 1, 1, 1, 0, 1, 1, 1, 0, 1, 0, 1, 1, 1, 1, 1, 0, 1, 1, 1, 1, 1, 1, 0, 1, 1, 0, 0, 1, 0, 0, 1, 0, 1, 1, 0, 0, 0, 1, 1, 1, 0, 0, 1, 1, 1, 0, 1, 1, 1, 1, 0, 1, 0, 0, 1, 1, 1, 1, 1, 0, 1, 0, 0, 1, 0, 1, 1, 1, 0, 0, 1, 1, 1, 1, 0, 1, 0, 1, 0, 1, 1, 1, 0, 1, 1, 1, 0, 1, 0, 1, 0, 0, 0, 0, 1, 0, 0, 1, 1, 0, 0, 0, 1, 1, 1, 1, 1, 0, 1, 1, 0, 0, 1, 1, 1, 0, 1, 0, 1, 1, 1, 1, 1, 1, 0, 0, 1, 0, 0, 0]}, "quality": 1.0, "diversity": 0.8745748298416783, "controlability": 0.5176470587626298}