{"content": [[1, 1, 1, 0, 1, 1, 1, 1, 1, 1, 0, 0, 0, 0], [0, 1, 1, 1, 1, 0, 0, 1, 1, 1, 1, 1, 1, 1], [1, 1, 1, 1, 0, 0, 1, 1, 1, 1, 1, 0, 1, 1], [0, 1, 0, 1, 1, 0, 0, 0, 0, 0, 0, 1, 0, 1], [1, 0, 0, 0, 0, 0, 1, 0, 1, 0, 0, 1, 1, 1], [1, 1, 1, 0, 0, 1, 1, 1, 1, 1, 1, 1, 0, 0], [0, 1, 1, 1, 0, 1, 1, 0, 0, 0, 0, 0, 1, 0], [1, 0, 0, 1, 0, 1, 1, 1, 0, 0, 1, 1, 1, 1], [1, 1, 1, 1, 0, 1, 1, 0, 0, 1, 1, 1, 1, 0], [1, 0, 0, 0, 0, 1, 1, 1, 0, 0, 1, 1, 1, 1], [0, 1, 0, 1, 1, 1, 1, 1, 1, 1, 1, 0, 0, 0], [0, 1, 0, 0, 0, 0, 1, 0, 0, 0, 1, 1, 0, 0], [1, 1, 1, 0, 1, 0, 1, 1, 1, 1, 1, 1, 1, 0], [1, 0, 0, 1, 1, 1, 1, 0, 0, 0, 1, 0, 0, 0]], "control": {"path": 93}, "info": {"path": 42, "regions": 3, "flat": [1, 1, 1, 0, 1, 1, 1, 1, 1, 1, 0, 0, 0, 0, 0, 1, 1, 1, 1, 0, 0, 1, 1, 1, 1, 1, 1, 1, 1, 1, 1, 1, 0, 0, 1, 1, 1, 1, 1, 0, 1, 1, 0, 1, 0, 1, 1, 0, 0, 0, 0, 0, 0, 1, 0, 1, 1, 0, 0, 0, 0, 0, 1, 0, 1, 0, 0, 1, 1, 1, 1, 1, 1, 0, 0, 1, 1, 1, 1, 1, 1, 1, 0, 0, 0, 1, 1, 1, 0, 1, 1, 0, 0, 0, 0, 0, 1, 0, 1, 0, 0, 1, 0, 1, 1, 1, 0, 0, 1, 1, 1, 1, 1, 1, 1, 1, 0, 1, 1, 0, 0, 1, 1, 1, 1, 0, 1, 0, 0, 0, 0, 1, 1, 1, 0, 0, 1, 1, 1, 1, 0, 1, 0, 1, 1, 1, 1, 1, 1, 1, 1, 0, 0, 0, 0, 1, 0, 0, 0, 0, 1, 0, 0, 0, 1, 1, 0, 0, 1, 1, 1, 0, 1, 0, 1, 1, 1, 1, 1, 1, 1, 0, 1, 0, 0, 1, 1, 1, 1, 0, 0, 0, 1, 0, 0, 0]}, "quality": 0.9462365588998728, "diversity": 0.8001700679464069, "controlability": 0.4883720929664684}