{"content": [[1, 1, 1, 0, 1, 1, 1, 1, 1, 0, 0, 1, 1, 1], [0, 1, 1, 1, 1, 0, 0, 0, 1, 1, 1, 1, 0, 1], [1, 0, 0, 1, 0, 0, 1, 1, 1, 1, 1, 1, 1, 1], [1, 0, 0, 1, 1, 1, 0, 1, 0, 0, 0, 1, 0, 1], [0, 1, 0, 0, 0, 1, 1, 1, 1, 0, 0, 1, 0, 1], [1, 1, 0, 1, 0, 1, 1, 1, 1, 1, 1, 1, 0, 0], [1, 1, 1, 1, 1, 1, 0, 1, 1, 0, 0, 0, 1, 1], [1, 1, 0, 1, 0, 1, 1, 1, 1, 0, 1, 1, 1, 1], [1, 1, 1, 0, 0, 1, 0, 0, 1, 1, 1, 0, 1, 1], [1, 0, 0, 0, 0, 1, 1, 1, 0, 0, 1, 1, 1, 1], [0, 1, 1, 0, 1, 1, 1, 0, 1, 1, 1, 0, 0, 1], [0, 1, 0, 1, 1, 0, 1, 0, 0, 0, 1, 1, 1, 0], [1, 1, 1, 0, 1, 0, 1, 1, 1, 1, 1, 1, 1, 0], [1, 1, 1, 1, 1, 1, 1, 1, 0, 0, 1, 1, 0, 0]], "control": {"path": 93}, "info": {"path": 29, "regions": 2, "flat": [1, 1, 1, 0, 1, 1, 1, 1, 1, 0, 0, 1, 1, 1, 0, 1, 1, 1, 1, 0, 0, 0, 1, 1, 1, 1, 0, 1, 1, 0, 0, 1, 0, 0, 1, 1, 1, 1, 1, 1, 1, 1, 1, 0, 0, 1, 1, 1, 0, 1, 0, 0, 0, 1, 0, 1, 0, 1, 0, 0, 0, 1, 1, 1, 1, 0, 0, 1, 0, 1, 1, 1, 0, 1, 0, 1, 1, 1, 1, 1, 1, 1, 0, 0, 1, 1, 1, 1, 1, 1, 0, 1, 1, 0, 0, 0, 1, 1, 1, 1, 0, 1, 0, 1, 1, 1, 1, 0, 1, 1, 1, 1, 1, 1, 1, 0, 0, 1, 0, 0, 1, 1, 1, 0, 1, 1, 1, 0, 0, 0, 0, 1, 1, 1, 0, 0, 1, 1, 1, 1, 0, 1, 1, 0, 1, 1, 1, 0, 1, 1, 1, 0, 0, 1, 0, 1, 0, 1, 1, 0, 1, 0, 0, 0, 1, 1, 1, 0, 1, 1, 1, 0, 1, 0, 1, 1, 1, 1, 1, 1, 1, 0, 1, 1, 1, 1, 1, 1, 1, 1, 0, 0, 1, 1, 0, 0]}, "quality": 0.9731182793155277, "diversity": 0.9370748298549648, "controlability": 0.337209302286371}