{"content": [[4, 5, 7, 1, 5, 5, 5, 6], [7, 5, 5, 1, 5, 7, 5, 6], [0, 5, 6, 1, 4, 6, 6, 1], [0, 2, 7, 0, 0, 7, 0, 0], [1, 5, 7, 0, 6, 1, 7, 5], [5, 6, 4, 0, 1, 7, 1, 4], [0, 5, 4, 5, 1, 6, 1, 6], [5, 0, 1, 0, 7, 0, 0, 1], [5, 0, 1, 5, 1, 4, 0, 0], [1, 7, 1, 5, 0, 4, 1, 6], [5, 0, 0, 4, 4, 6, 7, 4], [5, 5, 6, 6, 4, 1, 4, 0]], "control": {"col_treasures": 18, "solution_length": 45}, "info": {"regions": 1, "players": 1, "exits": 0, "layout": 38, "heuristic": -1, "solution": [], "content": [[4, 5, 7, 1, 5, 5, 5, 6], [7, 5, 5, 1, 5, 7, 5, 6], [0, 5, 6, 1, 4, 6, 6, 1], [0, 2, 7, 0, 0, 7, 0, 0], [1, 5, 7, 0, 6, 1, 7, 5], [5, 6, 4, 0, 1, 7, 1, 4], [0, 5, 4, 5, 1, 6, 1, 6], [5, 0, 1, 0, 7, 0, 0, 1], [5, 0, 1, 5, 1, 4, 0, 0], [1, 7, 1, 5, 0, 4, 1, 6], [5, 0, 0, 4, 4, 6, 7, 4], [5, 5, 6, 6, 4, 1, 4, 0]], "potions": 12, "treasures": 21, "enemies": 24, "solution_length": 0, "enemies_loc": [[2, 0], [7, 0], [0, 1], [5, 1], [7, 1], [2, 2], [5, 2], [6, 2], [2, 3], [5, 3], [2, 4], [4, 4], [6, 4], [1, 5], [5, 5], [5, 6], [7, 6], [4, 7], [1, 9], [7, 9], [5, 10], [6, 10], [2, 11], [3, 11]]}, "quality": 0.2527777777667824, "diversity": 0.4045138815538196, "controlability": 0.0}