{"content": [[1, 1, 1, 0, 1, 1, 1, 1, 0, 1, 0], [1, 1, 1, 1, 0, 0, 1, 0, 0, 1, 0], [1, 1, 1, 1, 1, 1, 1, 5, 1, 1, 0], [0, 1, 0, 0, 0, 2, 5, 1, 0, 1, 0], [1, 5, 1, 1, 5, 1, 0, 1, 0, 1, 1], [1, 0, 1, 1, 1, 0, 1, 1, 0, 1, 1], [1, 4, 0, 0, 1, 1, 0, 0, 1, 3, 1]], "control": {"player_key": 17, "key_door": 17}, "info": {"regions": 1, "players": 1, "keys": 1, "doors": 1, "enemies": 4, "player_key": 9, "key_door": 18, "pk_path": [[5, 3], [5, 2], [6, 2], [7, 2], [8, 2], [9, 2], [9, 3], [9, 4], [9, 5], [9, 6]], "kd_path": []}, "quality": 1.0, "diversity": 0.8993034990548269, "controlability": 0.7999999998}