{"content": {"layout": [3, 13, 0, 2, 10, 9, 0, 5, 4, 0, 7, 11, 5, 15, 14, 9], "start": 4, "boss": 4, "shop": 4, "treasure": 4}, "control": {"map_size": 8}, "info": {"map_size": 13, "num_regions": 1, "connect_regions": 10, "loose_connections": 24, "locations": 1, "player_boss_distance": -1, "flat": [0, 2, 0, 0, 0, 0, 0, 0, 0, 0, 2, 0, 2, 1, 0, 2, 1, 2, 0, 0, 0, 0, 1, 0, 0, 0, 0, 0, 2, 0, 0, 0, 0, 0, 0, 0, 0, 2, 0, 0, 0, 0, 0, 0, 0, 0, 0, 0, 0, 1, 0, 2, 1, 0, 0, 0, 0, 2, 1, 2, 0, 2, 0, 0, 2, 0, 0, 0, 0, 0, 0, 0, 0, 0, 0, 0, 0, 0, 0, 2, 0, 0, 2, 0, 0, 1, 2, 0, 0, 0, 2, 1, 2, 2, 1, 0, 0, 0, 0, 0, 0, 0, 0, 0, 0, 0, 2, 0, 0, 0, 0, 0, 2, 0, 0, 2, 0, 0, 0, 0, 2, 1, 2, 2, 1, 2, 0, 1, 2, 2, 1, 0, 0, 0, 0, 0, 2, 0, 0, 2, 0, 0, 2, 0], "dead_end": 0}, "quality": 0.50999999996, "diversity": 0.07875359089037415, "controlability": 1.0}