{"content": {"layout": [5, 9, 12, 9, 7, 13, 15, 10, 8, 8, 6, 6, 15, 7, 12, 5], "start": 6, "boss": 13, "shop": 13, "treasure": 13}, "control": {"map_size": 10}, "info": {"map_size": 16, "num_regions": 1, "connect_regions": 4, "loose_connections": 13, "locations": 2, "player_boss_distance": -1, "flat": [0, 0, 0, 0, 0, 0, 0, 0, 0, 0, 0, 0, 2, 1, 2, 2, 1, 0, 0, 1, 2, 2, 1, 0, 0, 0, 0, 0, 2, 0, 0, 2, 0, 0, 2, 0, 0, 2, 0, 0, 0, 0, 0, 2, 0, 0, 2, 0, 2, 1, 2, 2, 1, 2, 2, 1, 2, 0, 1, 0, 0, 0, 0, 0, 2, 0, 0, 2, 0, 0, 2, 0, 0, 0, 0, 0, 0, 0, 0, 2, 0, 0, 2, 0, 0, 1, 0, 0, 1, 0, 0, 1, 2, 0, 1, 2, 0, 2, 0, 0, 2, 0, 0, 0, 0, 0, 0, 0, 0, 2, 0, 0, 2, 0, 0, 0, 0, 0, 0, 0, 2, 1, 2, 2, 1, 2, 0, 1, 2, 2, 1, 2, 0, 2, 0, 0, 0, 0, 0, 2, 0, 0, 0, 0], "dead_end": 0}, "quality": 0.56999999992, "diversity": 0.1525173587620262, "controlability": 1.0}