{"content": {"layout": [7, 14, 15, 9, 4, 10, 14, 10, 6, 14, 11, 15, 6, 9, 5, 11], "start": 14, "boss": 8, "shop": 14, "treasure": 14}, "control": {"map_size": 11}, "info": {"map_size": 16, "num_regions": 1, "connect_regions": 5, "loose_connections": 17, "locations": 2, "player_boss_distance": -1, "flat": [0, 2, 0, 0, 2, 0, 0, 2, 0, 0, 0, 0, 2, 1, 2, 0, 1, 2, 2, 1, 2, 2, 1, 0, 0, 0, 0, 0, 2, 0, 0, 2, 0, 0, 2, 0, 0, 0, 0, 0, 2, 0, 0, 2, 0, 0, 2, 0, 0, 1, 2, 0, 1, 0, 0, 1, 2, 0, 1, 0, 0, 0, 0, 0, 2, 0, 0, 2, 0, 0, 2, 0, 0, 2, 0, 0, 2, 0, 0, 2, 0, 0, 2, 0, 0, 1, 2, 0, 1, 2, 2, 1, 0, 2, 1, 2, 0, 0, 0, 0, 2, 0, 0, 2, 0, 0, 2, 0, 0, 2, 0, 0, 0, 0, 0, 0, 0, 0, 2, 0, 0, 1, 2, 2, 1, 0, 2, 1, 2, 2, 1, 0, 0, 0, 0, 0, 2, 0, 0, 0, 0, 0, 2, 0], "dead_end": 0}, "quality": 0.5599999999266667, "diversity": 0.07948908613294137, "controlability": 1.0}