{"content": {"layout": [6, 0, 1, 13, 12, 9, 3, 15, 6, 0, 1, 8, 14, 0, 7, 10], "start": 0, "boss": 10, "shop": 0, "treasure": 10}, "control": {"map_size": 12}, "info": {"map_size": 13, "num_regions": 1, "connect_regions": 9, "loose_connections": 20, "locations": 2, "player_boss_distance": 4, "flat": [0, 2, 0, 0, 0, 0, 0, 0, 0, 0, 0, 0, 0, 1, 2, 0, 0, 0, 2, 1, 0, 2, 1, 2, 0, 0, 0, 0, 0, 0, 0, 0, 0, 0, 2, 0, 0, 0, 0, 0, 0, 0, 0, 2, 0, 0, 2, 0, 0, 1, 2, 2, 1, 0, 2, 1, 0, 2, 1, 2, 0, 2, 0, 0, 2, 0, 0, 0, 0, 0, 2, 0, 0, 2, 0, 0, 0, 0, 0, 0, 0, 0, 0, 0, 0, 1, 2, 0, 0, 0, 2, 1, 0, 0, 1, 0, 0, 0, 0, 0, 0, 0, 0, 0, 0, 0, 2, 0, 0, 2, 0, 0, 0, 0, 0, 2, 0, 0, 2, 0, 0, 1, 2, 0, 0, 0, 2, 1, 2, 0, 1, 0, 0, 2, 0, 0, 0, 0, 0, 0, 0, 0, 2, 0], "dead_end": 2}, "quality": 0.5199999999533333, "diversity": 0.05844907333786309, "controlability": 0.6562499989746094}