{"content": [[1, 1, 1, 0, 1, 1, 1, 1, 0, 1, 0], [1, 0, 1, 1, 0, 1, 1, 0, 0, 1, 0], [1, 1, 1, 0, 0, 1, 1, 5, 1, 1, 0], [0, 1, 0, 0, 0, 1, 2, 1, 0, 1, 0], [1, 5, 5, 1, 1, 1, 1, 1, 1, 1, 1], [1, 0, 1, 1, 4, 0, 1, 1, 4, 1, 1], [1, 0, 0, 0, 1, 1, 0, 0, 1, 3, 1]], "control": {"player_key": 17, "key_door": 17}, "info": {"regions": 1, "players": 1, "keys": 1, "doors": 2, "enemies": 3, "player_key": 6, "key_door": 8, "pk_path": [[6, 3], [6, 4], [7, 4], [8, 4], [9, 4], [9, 5], [9, 6]], "kd_path": []}, "quality": 0.4991776315708319, "diversity": 0.8823652987864766, "controlability": 0.46666666635555554}