{"content": [[1, 1, 1, 0, 1, 1, 1, 1, 0, 1, 0], [1, 1, 1, 1, 0, 0, 1, 5, 0, 2, 0], [1, 1, 1, 1, 1, 1, 1, 5, 1, 1, 0], [2, 1, 1, 0, 0, 1, 0, 1, 0, 1, 0], [1, 5, 1, 1, 1, 1, 0, 1, 1, 5, 1], [1, 0, 1, 1, 4, 0, 1, 1, 2, 0, 1], [1, 0, 0, 0, 1, 1, 0, 0, 1, 3, 1]], "control": {"player_key": 17, "key_door": 17}, "info": {"regions": 1, "players": 3, "keys": 1, "doors": 1, "enemies": 4, "player_key": 7, "key_door": 12, "pk_path": [[9, 1], [9, 2], [9, 3], [9, 4], [8, 4], [8, 5], [8, 6], [9, 6]], "kd_path": []}, "quality": 0.4983552631498875, "diversity": 0.5, "controlability": 0.633333332911111}