{"content": [[1, 1, 1, 0, 1, 1, 1, 1, 0, 1, 0], [1, 1, 1, 1, 0, 1, 1, 0, 0, 1, 5], [1, 1, 1, 1, 1, 0, 1, 5, 1, 1, 0], [0, 1, 0, 0, 0, 1, 0, 1, 0, 1, 0], [1, 5, 1, 1, 1, 1, 1, 1, 1, 1, 1], [1, 0, 1, 1, 4, 0, 1, 2, 5, 1, 1], [2, 0, 0, 0, 1, 1, 0, 0, 1, 3, 1]], "control": {"player_key": 17, "key_door": 17}, "info": {"regions": 1, "players": 2, "keys": 1, "doors": 1, "enemies": 4, "player_key": 3, "key_door": 8, "pk_path": [[7, 5], [8, 5], [8, 6], [9, 6]], "kd_path": []}, "quality": 0.4991776315708319, "diversity": 1.0, "controlability": 0.36666666642222223}