{"content": [[7, 7, 1, 2, 2, 0, 5, 5], [7, 6, 0, 6, 2, 0, 2, 3], [2, 6, 1, 6, 2, 7, 6, 7], [4, 2, 4, 2, 4, 0, 5, 7], [7, 4, 4, 5, 7, 0, 3, 5], [2, 7, 6, 4, 4, 1, 2, 3], [3, 2, 3, 2, 1, 1, 2, 4], [6, 3, 2, 2, 0, 3, 5, 3], [2, 4, 0, 6, 6, 3, 1, 5], [0, 4, 0, 0, 6, 4, 7, 0], [7, 2, 0, 4, 6, 3, 7, 1], [3, 7, 7, 2, 7, 1, 1, 3]], "control": {"col_treasures": 7, "solution_length": 27}, "info": {"regions": 1, "players": 18, "exits": 12, "layout": 21, "heuristic": -1, "solution": [], "content": [[7, 7, 1, 2, 2, 0, 5, 5], [7, 6, 0, 6, 2, 0, 2, 3], [2, 6, 1, 6, 2, 7, 6, 7], [4, 2, 4, 2, 4, 0, 5, 7], [7, 4, 4, 5, 7, 0, 3, 5], [2, 7, 6, 4, 4, 1, 2, 3], [3, 2, 3, 2, 1, 1, 2, 4], [6, 3, 2, 2, 0, 3, 5, 3], [2, 4, 0, 6, 6, 3, 1, 5], [0, 4, 0, 0, 6, 4, 7, 0], [7, 2, 0, 4, 6, 3, 7, 1], [3, 7, 7, 2, 7, 1, 1, 3]], "potions": 12, "treasures": 7, "enemies": 26, "solution_length": 0, "enemies_loc": [[0, 0], [1, 0], [0, 1], [1, 1], [3, 1], [1, 2], [3, 2], [5, 2], [6, 2], [7, 2], [7, 3], [0, 4], [4, 4], [1, 5], [2, 5], [0, 7], [3, 8], [4, 8], [4, 9], [6, 9], [0, 10], [4, 10], [6, 10], [1, 11], [2, 11], [4, 11]]}, "quality": 0.27618421050827263, "diversity": 0.46254005350060123, "controlability": 0.0}