{"content": [[7, 4, 5, 2, 4, 3, 5, 5], [7, 4, 6, 3, 2, 1, 0, 6], [3, 5, 1, 1, 5, 0, 5, 7], [2, 3, 1, 3, 2, 2, 1, 0], [2, 5, 4, 0, 6, 6, 5, 2], [7, 7, 7, 1, 4, 0, 7, 2], [2, 4, 1, 1, 6, 7, 5, 0], [3, 1, 6, 5, 2, 4, 4, 0], [7, 7, 0, 1, 1, 1, 0, 7], [0, 5, 4, 1, 3, 4, 7, 6], [2, 4, 1, 5, 3, 6, 5, 6], [1, 5, 2, 3, 6, 4, 6, 7]], "control": {"col_treasures": 8, "solution_length": 29}, "info": {"regions": 1, "players": 12, "exits": 9, "layout": 25, "heuristic": -1, "solution": [], "content": [[7, 4, 5, 2, 4, 3, 5, 5], [7, 4, 6, 3, 2, 1, 0, 6], [3, 5, 1, 1, 5, 0, 5, 7], [2, 3, 1, 3, 2, 2, 1, 0], [2, 5, 4, 0, 6, 6, 5, 2], [7, 7, 7, 1, 4, 0, 7, 2], [2, 4, 1, 1, 6, 7, 5, 0], [3, 1, 6, 5, 2, 4, 4, 0], [7, 7, 0, 1, 1, 1, 0, 7], [0, 5, 4, 1, 3, 4, 7, 6], [2, 4, 1, 5, 3, 6, 5, 6], [1, 5, 2, 3, 6, 4, 6, 7]], "potions": 12, "treasures": 14, "enemies": 24, "solution_length": 0, "enemies_loc": [[0, 0], [0, 1], [2, 1], [7, 1], [7, 2], [4, 4], [5, 4], [0, 5], [1, 5], [2, 5], [6, 5], [4, 6], [5, 6], [2, 7], [0, 8], [1, 8], [7, 8], [6, 9], [7, 9], [5, 10], [7, 10], [4, 11], [6, 11], [7, 11]]}, "quality": 0.2880555555356902, "diversity": 0.44253471143663226, "controlability": 0.0}