{"content": [[3, 5, 3, 4, 4, 1, 6, 4], [1, 2, 2, 2, 7, 1, 2, 0], [1, 4, 0, 1, 4, 3, 5, 0], [7, 7, 6, 4, 0, 5, 0, 4], [7, 6, 2, 5, 2, 6, 4, 5], [3, 0, 6, 4, 3, 0, 2, 5], [3, 6, 4, 3, 1, 2, 3, 5], [1, 5, 7, 2, 4, 2, 4, 1], [6, 3, 1, 5, 7, 7, 7, 0], [1, 4, 2, 5, 5, 2, 2, 1], [4, 2, 2, 6, 4, 6, 6, 7], [3, 5, 4, 0, 3, 1, 1, 0]], "control": {"col_treasures": 6, "solution_length": 26}, "info": {"regions": 1, "players": 15, "exits": 11, "layout": 23, "heuristic": -1, "solution": [], "content": [[3, 5, 3, 4, 4, 1, 6, 4], [1, 2, 2, 2, 7, 1, 2, 0], [1, 4, 0, 1, 4, 3, 5, 0], [7, 7, 6, 4, 0, 5, 0, 4], [7, 6, 2, 5, 2, 6, 4, 5], [3, 0, 6, 4, 3, 0, 2, 5], [3, 6, 4, 3, 1, 2, 3, 5], [1, 5, 7, 2, 4, 2, 4, 1], [6, 3, 1, 5, 7, 7, 7, 0], [1, 4, 2, 5, 5, 2, 2, 1], [4, 2, 2, 6, 4, 6, 6, 7], [3, 5, 4, 0, 3, 1, 1, 0]], "potions": 16, "treasures": 12, "enemies": 19, "solution_length": 0, "enemies_loc": [[6, 0], [4, 1], [0, 3], [1, 3], [2, 3], [0, 4], [1, 4], [5, 4], [2, 5], [1, 6], [2, 7], [0, 8], [4, 8], [5, 8], [6, 8], [3, 10], [5, 10], [6, 10], [7, 10]]}, "quality": 0.28176900582903586, "diversity": 0.44108071840006546, "controlability": 0.0}