{"content": [[7, 3, 1, 0, 6, 2, 4, 6], [4, 6, 1, 0, 3, 6, 2, 0], [2, 7, 2, 7, 7, 6, 3, 3], [0, 7, 0, 0, 7, 6, 2, 7], [2, 6, 7, 5, 5, 2, 7, 6], [6, 3, 7, 1, 6, 2, 5, 6], [3, 6, 1, 5, 6, 1, 2, 7], [4, 5, 7, 4, 6, 3, 0, 2], [3, 0, 3, 6, 2, 2, 7, 3], [4, 5, 7, 7, 3, 1, 2, 7], [3, 7, 4, 4, 7, 6, 1, 2], [1, 2, 3, 0, 7, 5, 1, 1]], "control": {"col_treasures": 7, "solution_length": 27}, "info": {"regions": 1, "players": 15, "exits": 13, "layout": 19, "heuristic": -1, "solution": [], "content": [[7, 3, 1, 0, 6, 2, 4, 6], [4, 6, 1, 0, 3, 6, 2, 0], [2, 7, 2, 7, 7, 6, 3, 3], [0, 7, 0, 0, 7, 6, 2, 7], [2, 6, 7, 5, 5, 2, 7, 6], [6, 3, 7, 1, 6, 2, 5, 6], [3, 6, 1, 5, 6, 1, 2, 7], [4, 5, 7, 4, 6, 3, 0, 2], [3, 0, 3, 6, 2, 2, 7, 3], [4, 5, 7, 7, 3, 1, 2, 7], [3, 7, 4, 4, 7, 6, 1, 2], [1, 2, 3, 0, 7, 5, 1, 1]], "potions": 7, "treasures": 7, "enemies": 35, "solution_length": 0, "enemies_loc": [[0, 0], [4, 0], [7, 0], [1, 1], [5, 1], [1, 2], [3, 2], [4, 2], [5, 2], [1, 3], [4, 3], [5, 3], [7, 3], [1, 4], [2, 4], [6, 4], [7, 4], [0, 5], [2, 5], [4, 5], [7, 5], [1, 6], [4, 6], [7, 6], [2, 7], [4, 7], [3, 8], [6, 8], [2, 9], [3, 9], [7, 9], [1, 10], [4, 10], [5, 10], [4, 11]]}, "quality": 0.27480994150285565, "diversity": 0.4921874897786461, "controlability": 0.0}