{"content": [[1, 1, 5, 7, 3, 1, 0, 0], [1, 6, 4, 0, 2, 6, 1, 6], [2, 2, 1, 6, 1, 3, 0, 2], [3, 0, 3, 3, 0, 3, 7, 4], [6, 7, 4, 0, 4, 1, 5, 5], [1, 4, 0, 7, 5, 0, 2, 5], [6, 3, 3, 4, 0, 7, 2, 3], [3, 2, 3, 4, 5, 2, 3, 3], [2, 0, 1, 1, 7, 4, 6, 0], [7, 5, 6, 1, 5, 2, 0, 6], [3, 4, 5, 5, 3, 0, 7, 3], [7, 0, 6, 5, 0, 2, 6, 4]], "control": {"col_treasures": 11, "solution_length": 34}, "info": {"regions": 2, "players": 11, "exits": 16, "layout": 28, "heuristic": -1, "solution": [], "content": [[1, 1, 5, 7, 3, 1, 0, 0], [1, 6, 4, 0, 2, 6, 1, 6], [2, 2, 1, 6, 1, 3, 0, 2], [3, 0, 3, 3, 0, 3, 7, 4], [6, 7, 4, 0, 4, 1, 5, 5], [1, 4, 0, 7, 5, 0, 2, 5], [6, 3, 3, 4, 0, 7, 2, 3], [3, 2, 3, 4, 5, 2, 3, 3], [2, 0, 1, 1, 7, 4, 6, 0], [7, 5, 6, 1, 5, 2, 0, 6], [3, 4, 5, 5, 3, 0, 7, 3], [7, 0, 6, 5, 0, 2, 6, 4]], "potions": 10, "treasures": 11, "enemies": 20, "solution_length": 0, "enemies_loc": [[3, 0], [1, 1], [5, 1], [7, 1], [3, 2], [6, 3], [0, 4], [1, 4], [3, 5], [0, 6], [5, 6], [4, 8], [6, 8], [0, 9], [2, 9], [7, 9], [6, 10], [0, 11], [2, 11], [6, 11]]}, "quality": 0.28025975783314094, "diversity": 0.4472446128780243, "controlability": 0.0}