{"content": [[7, 5, 5, 0, 3, 0, 4, 5], [5, 1, 4, 2, 1, 5, 0, 7], [0, 7, 1, 0, 2, 3, 6, 4], [4, 3, 0, 6, 3, 2, 2, 4], [5, 3, 4, 6, 6, 3, 5, 4], [7, 0, 6, 2, 4, 7, 1, 1], [5, 0, 4, 1, 6, 6, 6, 2], [5, 6, 1, 5, 1, 2, 1, 2], [2, 2, 0, 0, 5, 5, 4, 0], [6, 6, 2, 6, 1, 3, 2, 3], [4, 4, 1, 4, 2, 5, 1, 5], [2, 5, 6, 4, 6, 5, 4, 3]], "control": {"col_treasures": 14, "solution_length": 38}, "info": {"regions": 1, "players": 14, "exits": 9, "layout": 23, "heuristic": -1, "solution": [], "content": [[7, 5, 5, 0, 3, 0, 4, 5], [5, 1, 4, 2, 1, 5, 0, 7], [0, 7, 1, 0, 2, 3, 6, 4], [4, 3, 0, 6, 3, 2, 2, 4], [5, 3, 4, 6, 6, 3, 5, 4], [7, 0, 6, 2, 4, 7, 1, 1], [5, 0, 4, 1, 6, 6, 6, 2], [5, 6, 1, 5, 1, 2, 1, 2], [2, 2, 0, 0, 5, 5, 4, 0], [6, 6, 2, 6, 1, 3, 2, 3], [4, 4, 1, 4, 2, 5, 1, 5], [2, 5, 6, 4, 6, 5, 4, 3]], "potions": 15, "treasures": 16, "enemies": 19, "solution_length": 0, "enemies_loc": [[0, 0], [7, 1], [1, 2], [6, 2], [3, 3], [3, 4], [4, 4], [0, 5], [2, 5], [5, 5], [4, 6], [5, 6], [6, 6], [1, 7], [0, 9], [1, 9], [3, 9], [2, 11], [4, 11]]}, "quality": 0.28387426898670903, "diversity": 0.44090134977678597, "controlability": 0.0}