{"content": [[7, 5, 2, 3, 3, 5, 7, 6], [5, 1, 0, 7, 7, 7, 1, 1], [0, 0, 6, 7, 1, 7, 2, 4], [1, 5, 1, 1, 2, 2, 7, 7], [6, 6, 5, 4, 7, 4, 6, 4], [5, 6, 5, 0, 7, 4, 2, 5], [5, 6, 2, 3, 6, 2, 0, 1], [5, 1, 4, 1, 0, 1, 5, 7], [2, 1, 0, 2, 7, 3, 4, 7], [0, 3, 7, 5, 2, 1, 2, 3], [3, 0, 3, 0, 0, 1, 5, 0], [2, 3, 0, 6, 5, 5, 5, 5]], "control": {"col_treasures": 8, "solution_length": 29}, "info": {"regions": 2, "players": 12, "exits": 9, "layout": 27, "heuristic": -1, "solution": [], "content": [[7, 5, 2, 3, 3, 5, 7, 6], [5, 1, 0, 7, 7, 7, 1, 1], [0, 0, 6, 7, 1, 7, 2, 4], [1, 5, 1, 1, 2, 2, 7, 7], [6, 6, 5, 4, 7, 4, 6, 4], [5, 6, 5, 0, 7, 4, 2, 5], [5, 6, 2, 3, 6, 2, 0, 1], [5, 1, 4, 1, 0, 1, 5, 7], [2, 1, 0, 2, 7, 3, 4, 7], [0, 3, 7, 5, 2, 1, 2, 3], [3, 0, 3, 0, 0, 1, 5, 0], [2, 3, 0, 6, 5, 5, 5, 5]], "potions": 7, "treasures": 17, "enemies": 24, "solution_length": 0, "enemies_loc": [[0, 0], [6, 0], [7, 0], [3, 1], [4, 1], [5, 1], [2, 2], [3, 2], [5, 2], [6, 3], [7, 3], [0, 4], [1, 4], [4, 4], [6, 4], [1, 5], [4, 5], [1, 6], [4, 6], [7, 7], [4, 8], [7, 8], [2, 9], [3, 11]]}, "quality": 0.2830813952598877, "diversity": 0.46549478107096387, "controlability": 0.0}