{"content": [[0, 2, 4, 3, 3, 4, 7, 6], [2, 0, 2, 5, 7, 1, 1, 2], [3, 4, 6, 3, 5, 5, 7, 4], [5, 0, 7, 1, 1, 6, 5, 0], [7, 6, 4, 7, 6, 3, 6, 1], [1, 5, 0, 7, 5, 6, 0, 7], [7, 4, 7, 6, 5, 7, 7, 6], [7, 3, 1, 5, 4, 0, 2, 1], [2, 2, 6, 6, 2, 5, 3, 2], [6, 6, 1, 5, 7, 7, 6, 1], [6, 2, 1, 2, 2, 3, 0, 6], [3, 0, 5, 1, 3, 2, 1, 2]], "control": {"col_treasures": 18, "solution_length": 45}, "info": {"regions": 1, "players": 14, "exits": 10, "layout": 22, "heuristic": -1, "solution": [], "content": [[0, 2, 4, 3, 3, 4, 7, 6], [2, 0, 2, 5, 7, 1, 1, 2], [3, 4, 6, 3, 5, 5, 7, 4], [5, 0, 7, 1, 1, 6, 5, 0], [7, 6, 4, 7, 6, 3, 6, 1], [1, 5, 0, 7, 5, 6, 0, 7], [7, 4, 7, 6, 5, 7, 7, 6], [7, 3, 1, 5, 4, 0, 2, 1], [2, 2, 6, 6, 2, 5, 3, 2], [6, 6, 1, 5, 7, 7, 6, 1], [6, 2, 1, 2, 2, 3, 0, 6], [3, 0, 5, 1, 3, 2, 1, 2]], "potions": 7, "treasures": 12, "enemies": 31, "solution_length": 0, "enemies_loc": [[6, 0], [7, 0], [4, 1], [2, 2], [6, 2], [2, 3], [5, 3], [0, 4], [1, 4], [3, 4], [4, 4], [6, 4], [3, 5], [5, 5], [7, 5], [0, 6], [2, 6], [3, 6], [5, 6], [6, 6], [7, 6], [0, 7], [2, 8], [3, 8], [0, 9], [1, 9], [4, 9], [5, 9], [6, 9], [0, 10], [7, 10]]}, "quality": 0.28178362571221843, "diversity": 0.471765340398849, "controlability": 0.0}