{"content": [[6, 2, 5, 3, 4, 6, 0, 1], [1, 2, 5, 0, 1, 5, 3, 1], [5, 3, 3, 1, 4, 2, 2, 3], [7, 0, 3, 5, 3, 3, 2, 5], [7, 1, 5, 0, 3, 2, 6, 0], [5, 7, 2, 1, 1, 2, 2, 5], [7, 7, 7, 7, 2, 7, 0, 1], [4, 7, 7, 4, 0, 7, 1, 3], [4, 4, 4, 2, 3, 3, 7, 7], [2, 2, 3, 1, 0, 7, 5, 6], [1, 1, 1, 7, 7, 5, 4, 1], [6, 0, 1, 7, 4, 0, 4, 1]], "control": {"col_treasures": 9, "solution_length": 30}, "info": {"regions": 1, "players": 13, "exits": 13, "layout": 27, "heuristic": -1, "solution": [], "content": [[6, 2, 5, 3, 4, 6, 0, 1], [1, 2, 5, 0, 1, 5, 3, 1], [5, 3, 3, 1, 4, 2, 2, 3], [7, 0, 3, 5, 3, 3, 2, 5], [7, 1, 5, 0, 3, 2, 6, 0], [5, 7, 2, 1, 1, 2, 2, 5], [7, 7, 7, 7, 2, 7, 0, 1], [4, 7, 7, 4, 0, 7, 1, 3], [4, 4, 4, 2, 3, 3, 7, 7], [2, 2, 3, 1, 0, 7, 5, 6], [1, 1, 1, 7, 7, 5, 4, 1], [6, 0, 1, 7, 4, 0, 4, 1]], "potions": 10, "treasures": 11, "enemies": 22, "solution_length": 0, "enemies_loc": [[0, 0], [5, 0], [0, 3], [0, 4], [6, 4], [1, 5], [0, 6], [1, 6], [2, 6], [3, 6], [5, 6], [1, 7], [2, 7], [5, 7], [6, 8], [7, 8], [5, 9], [7, 9], [3, 10], [4, 10], [0, 11], [3, 11]]}, "quality": 0.28732456138343404, "diversity": 0.44088272119442684, "controlability": 0.0}