{"content": [[5, 0, 0, 1, 7, 0, 2, 0], [4, 2, 5, 3, 6, 2, 0, 1], [4, 1, 0, 5, 7, 0, 5, 4], [0, 3, 5, 1, 0, 5, 5, 2], [3, 7, 5, 1, 4, 0, 3, 0], [2, 2, 1, 3, 7, 7, 6, 5], [4, 2, 7, 5, 7, 7, 1, 1], [2, 5, 7, 0, 1, 7, 3, 5], [6, 2, 2, 3, 2, 3, 7, 1], [5, 0, 1, 6, 3, 1, 2, 5], [7, 7, 6, 4, 4, 2, 6, 5], [7, 6, 3, 6, 5, 4, 2, 3]], "control": {"col_treasures": 18, "solution_length": 44}, "info": {"regions": 2, "players": 14, "exits": 11, "layout": 25, "heuristic": -1, "solution": [], "content": [[5, 0, 0, 1, 7, 0, 2, 0], [4, 2, 5, 3, 6, 2, 0, 1], [4, 1, 0, 5, 7, 0, 5, 4], [0, 3, 5, 1, 0, 5, 5, 2], [3, 7, 5, 1, 4, 0, 3, 0], [2, 2, 1, 3, 7, 7, 6, 5], [4, 2, 7, 5, 7, 7, 1, 1], [2, 5, 7, 0, 1, 7, 3, 5], [6, 2, 2, 3, 2, 3, 7, 1], [5, 0, 1, 6, 3, 1, 2, 5], [7, 7, 6, 4, 4, 2, 6, 5], [7, 6, 3, 6, 5, 4, 2, 3]], "potions": 8, "treasures": 16, "enemies": 22, "solution_length": 0, "enemies_loc": [[4, 0], [4, 1], [4, 2], [1, 4], [4, 5], [5, 5], [6, 5], [2, 6], [4, 6], [5, 6], [2, 7], [5, 7], [0, 8], [6, 8], [3, 9], [0, 10], [1, 10], [2, 10], [6, 10], [0, 11], [1, 11], [3, 11]]}, "quality": 0.2774965999391244, "diversity": 0.44524015125325545, "controlability": 0.0}