{"content": [[2, 0, 3, 7, 6, 7, 3, 2], [1, 4, 7, 3, 0, 6, 5, 7], [3, 7, 5, 4, 7, 0, 6, 2], [2, 4, 1, 2, 4, 3, 5, 0], [5, 5, 2, 7, 7, 1, 4, 2], [0, 5, 7, 1, 2, 1, 3, 2], [0, 2, 0, 5, 5, 4, 3, 6], [0, 5, 2, 0, 1, 1, 5, 2], [1, 3, 1, 3, 5, 7, 7, 4], [4, 4, 4, 7, 5, 1, 6, 6], [4, 6, 1, 3, 2, 0, 1, 3], [6, 2, 1, 4, 0, 1, 3, 0]], "control": {"col_treasures": 2, "solution_length": 20}, "info": {"regions": 1, "players": 14, "exits": 12, "layout": 26, "heuristic": -1, "solution": [], "content": [[2, 0, 3, 7, 6, 7, 3, 2], [1, 4, 7, 3, 0, 6, 5, 7], [3, 7, 5, 4, 7, 0, 6, 2], [2, 4, 1, 2, 4, 3, 5, 0], [5, 5, 2, 7, 7, 1, 4, 2], [0, 5, 7, 1, 2, 1, 3, 2], [0, 2, 0, 5, 5, 4, 3, 6], [0, 5, 2, 0, 1, 1, 5, 2], [1, 3, 1, 3, 5, 7, 7, 4], [4, 4, 4, 7, 5, 1, 6, 6], [4, 6, 1, 3, 2, 0, 1, 3], [6, 2, 1, 4, 0, 1, 3, 0]], "potions": 12, "treasures": 12, "enemies": 20, "solution_length": 0, "enemies_loc": [[3, 0], [4, 0], [5, 0], [2, 1], [5, 1], [7, 1], [1, 2], [4, 2], [6, 2], [3, 4], [4, 4], [2, 5], [7, 6], [5, 8], [6, 8], [3, 9], [6, 9], [7, 9], [1, 10], [0, 11]]}, "quality": 0.2859356724948345, "diversity": 0.45208332258680584, "controlability": 0.0}