{"content": [[3, 1, 4, 7, 4, 4, 2, 7], [1, 1, 6, 7, 5, 2, 7, 0], [2, 2, 3, 0, 7, 1, 0, 3], [7, 6, 3, 3, 1, 2, 0, 1], [7, 7, 3, 6, 3, 7, 4, 7], [6, 0, 6, 5, 2, 1, 7, 3], [1, 7, 2, 1, 3, 6, 5, 2], [7, 4, 1, 7, 5, 3, 1, 7], [4, 6, 7, 6, 2, 3, 4, 4], [7, 1, 3, 3, 0, 3, 5, 7], [5, 2, 3, 5, 1, 7, 2, 2], [0, 7, 7, 2, 2, 0, 7, 7]], "control": {"col_treasures": 4, "solution_length": 23}, "info": {"regions": 1, "players": 14, "exits": 15, "layout": 21, "heuristic": -1, "solution": [], "content": [[3, 1, 4, 7, 4, 4, 2, 7], [1, 1, 6, 7, 5, 2, 7, 0], [2, 2, 3, 0, 7, 1, 0, 3], [7, 6, 3, 3, 1, 2, 0, 1], [7, 7, 3, 6, 3, 7, 4, 7], [6, 0, 6, 5, 2, 1, 7, 3], [1, 7, 2, 1, 3, 6, 5, 2], [7, 4, 1, 7, 5, 3, 1, 7], [4, 6, 7, 6, 2, 3, 4, 4], [7, 1, 3, 3, 0, 3, 5, 7], [5, 2, 3, 5, 1, 7, 2, 2], [0, 7, 7, 2, 2, 0, 7, 7]], "potions": 8, "treasures": 7, "enemies": 31, "solution_length": 0, "enemies_loc": [[3, 0], [7, 0], [2, 1], [3, 1], [6, 1], [4, 2], [0, 3], [1, 3], [0, 4], [1, 4], [3, 4], [5, 4], [7, 4], [0, 5], [2, 5], [6, 5], [1, 6], [5, 6], [0, 7], [3, 7], [7, 7], [1, 8], [2, 8], [3, 8], [0, 9], [7, 9], [5, 10], [1, 11], [2, 11], [6, 11], [7, 11]]}, "quality": 0.27688596489416367, "diversity": 0.46899800533854197, "controlability": 0.0}