{"content": [[2, 4, 7, 0, 4, 7, 6, 4], [7, 0, 4, 6, 3, 6, 3, 6], [2, 5, 2, 1, 1, 0, 4, 2], [1, 2, 1, 4, 4, 6, 6, 7], [0, 4, 3, 1, 7, 3, 0, 6], [7, 0, 6, 1, 4, 5, 0, 3], [5, 7, 1, 0, 6, 3, 0, 0], [3, 7, 4, 3, 7, 3, 7, 5], [5, 4, 7, 1, 1, 2, 6, 6], [2, 4, 5, 3, 0, 3, 4, 3], [4, 0, 5, 0, 2, 1, 1, 1], [6, 5, 3, 5, 0, 0, 6, 2]], "control": {"col_treasures": 15, "solution_length": 40}, "info": {"regions": 1, "players": 9, "exits": 13, "layout": 27, "heuristic": -1, "solution": [], "content": [[2, 4, 7, 0, 4, 7, 6, 4], [7, 0, 4, 6, 3, 6, 3, 6], [2, 5, 2, 1, 1, 0, 4, 2], [1, 2, 1, 4, 4, 6, 6, 7], [0, 4, 3, 1, 7, 3, 0, 6], [7, 0, 6, 1, 4, 5, 0, 3], [5, 7, 1, 0, 6, 3, 0, 0], [3, 7, 4, 3, 7, 3, 7, 5], [5, 4, 7, 1, 1, 2, 6, 6], [2, 4, 5, 3, 0, 3, 4, 3], [4, 0, 5, 0, 2, 1, 1, 1], [6, 5, 3, 5, 0, 0, 6, 2]], "potions": 14, "treasures": 9, "enemies": 24, "solution_length": 0, "enemies_loc": [[2, 0], [5, 0], [6, 0], [0, 1], [3, 1], [5, 1], [7, 1], [5, 3], [6, 3], [7, 3], [4, 4], [7, 4], [0, 5], [2, 5], [1, 6], [4, 6], [1, 7], [4, 7], [6, 7], [2, 8], [6, 8], [7, 8], [0, 11], [6, 11]]}, "quality": 0.29013157892699826, "diversity": 0.4462594589192711, "controlability": 0.0}