{"content": [[3, 7, 1, 6, 1, 7, 1, 0], [6, 7, 3, 5, 7, 3, 0, 2], [3, 6, 3, 0, 4, 4, 5, 2], [7, 1, 4, 1, 4, 3, 7, 5], [6, 0, 0, 6, 5, 1, 1, 5], [3, 3, 3, 4, 0, 6, 7, 6], [5, 0, 4, 4, 2, 5, 4, 7], [5, 0, 3, 5, 4, 4, 0, 6], [5, 0, 5, 3, 4, 5, 2, 1], [3, 7, 7, 0, 0, 7, 2, 0], [6, 5, 2, 3, 6, 3, 0, 5], [6, 0, 1, 7, 5, 2, 2, 1]], "control": {"col_treasures": 1, "solution_length": 19}, "info": {"regions": 1, "players": 8, "exits": 14, "layout": 25, "heuristic": -1, "solution": [], "content": [[3, 7, 1, 6, 1, 7, 1, 0], [6, 7, 3, 5, 7, 3, 0, 2], [3, 6, 3, 0, 4, 4, 5, 2], [7, 1, 4, 1, 4, 3, 7, 5], [6, 0, 0, 6, 5, 1, 1, 5], [3, 3, 3, 4, 0, 6, 7, 6], [5, 0, 4, 4, 2, 5, 4, 7], [5, 0, 3, 5, 4, 4, 0, 6], [5, 0, 5, 3, 4, 5, 2, 1], [3, 7, 7, 0, 0, 7, 2, 0], [6, 5, 2, 3, 6, 3, 0, 5], [6, 0, 1, 7, 5, 2, 2, 1]], "potions": 11, "treasures": 15, "enemies": 23, "solution_length": 0, "enemies_loc": [[1, 0], [3, 0], [5, 0], [0, 1], [1, 1], [4, 1], [1, 2], [0, 3], [6, 3], [0, 4], [3, 4], [5, 5], [6, 5], [7, 5], [7, 6], [7, 7], [1, 9], [2, 9], [5, 9], [0, 10], [4, 10], [0, 11], [3, 11]]}, "quality": 0.28735380114979914, "diversity": 0.45680145990349297, "controlability": 0.0}