{"content": [[7, 6, 0, 1, 7, 4, 3, 4], [6, 4, 1, 2, 2, 2, 3, 3], [7, 7, 7, 0, 3, 6, 0, 3], [3, 7, 7, 3, 2, 7, 2, 7], [6, 4, 6, 2, 5, 3, 5, 0], [2, 0, 0, 7, 4, 4, 5, 6], [3, 1, 4, 6, 0, 7, 5, 1], [3, 0, 2, 2, 3, 3, 6, 1], [7, 6, 7, 6, 2, 5, 3, 4], [7, 4, 6, 3, 2, 5, 2, 2], [6, 4, 0, 4, 0, 1, 2, 3], [1, 6, 7, 3, 2, 3, 3, 7]], "control": {"col_treasures": 5, "solution_length": 25}, "info": {"regions": 1, "players": 15, "exits": 18, "layout": 17, "heuristic": -1, "solution": [], "content": [[7, 6, 0, 1, 7, 4, 3, 4], [6, 4, 1, 2, 2, 2, 3, 3], [7, 7, 7, 0, 3, 6, 0, 3], [3, 7, 7, 3, 2, 7, 2, 7], [6, 4, 6, 2, 5, 3, 5, 0], [2, 0, 0, 7, 4, 4, 5, 6], [3, 1, 4, 6, 0, 7, 5, 1], [3, 0, 2, 2, 3, 3, 6, 1], [7, 6, 7, 6, 2, 5, 3, 4], [7, 4, 6, 3, 2, 5, 2, 2], [6, 4, 0, 4, 0, 1, 2, 3], [1, 6, 7, 3, 2, 3, 3, 7]], "potions": 11, "treasures": 6, "enemies": 29, "solution_length": 0, "enemies_loc": [[0, 0], [1, 0], [4, 0], [0, 1], [0, 2], [1, 2], [2, 2], [5, 2], [1, 3], [2, 3], [5, 3], [7, 3], [0, 4], [2, 4], [3, 5], [7, 5], [3, 6], [5, 6], [6, 7], [0, 8], [1, 8], [2, 8], [3, 8], [0, 9], [2, 9], [0, 10], [1, 11], [2, 11], [7, 11]]}, "quality": 0.2685233917962014, "diversity": 0.44587861240375926, "controlability": 0.0}