{"content": [[5, 5, 2, 1, 7, 2, 0, 3], [4, 2, 6, 3, 5, 0, 6, 7], [1, 6, 3, 1, 1, 4, 7, 2], [7, 1, 4, 5, 7, 0, 3, 6], [4, 2, 6, 6, 0, 6, 3, 2], [7, 7, 5, 6, 3, 0, 7, 0], [0, 1, 5, 1, 0, 1, 5, 7], [3, 2, 1, 7, 5, 1, 0, 7], [1, 1, 7, 7, 5, 7, 1, 6], [6, 2, 0, 1, 3, 1, 7, 4], [6, 6, 3, 2, 3, 4, 2, 3], [2, 7, 3, 6, 3, 2, 0, 6]], "control": {"col_treasures": 3, "solution_length": 21}, "info": {"regions": 1, "players": 12, "exits": 13, "layout": 26, "heuristic": -1, "solution": [], "content": [[5, 5, 2, 1, 7, 2, 0, 3], [4, 2, 6, 3, 5, 0, 6, 7], [1, 6, 3, 1, 1, 4, 7, 2], [7, 1, 4, 5, 7, 0, 3, 6], [4, 2, 6, 6, 0, 6, 3, 2], [7, 7, 5, 6, 3, 0, 7, 0], [0, 1, 5, 1, 0, 1, 5, 7], [3, 2, 1, 7, 5, 1, 0, 7], [1, 1, 7, 7, 5, 7, 1, 6], [6, 2, 0, 1, 3, 1, 7, 4], [6, 6, 3, 2, 3, 4, 2, 3], [2, 7, 3, 6, 3, 2, 0, 6]], "potions": 6, "treasures": 9, "enemies": 30, "solution_length": 0, "enemies_loc": [[4, 0], [2, 1], [6, 1], [7, 1], [1, 2], [6, 2], [0, 3], [4, 3], [7, 3], [2, 4], [3, 4], [5, 4], [0, 5], [1, 5], [3, 5], [6, 5], [7, 6], [3, 7], [7, 7], [2, 8], [3, 8], [5, 8], [7, 8], [0, 9], [6, 9], [0, 10], [1, 10], [1, 11], [3, 11], [7, 11]]}, "quality": 0.2866374268807255, "diversity": 0.46671194594089693, "controlability": 0.0}