{"content": [[6, 5, 6, 4, 2, 2, 2, 3], [5, 3, 7, 5, 2, 0, 5, 2], [6, 4, 2, 1, 4, 3, 7, 0], [2, 2, 0, 4, 4, 2, 4, 4], [6, 1, 7, 2, 6, 0, 2, 7], [0, 7, 3, 0, 2, 2, 4, 0], [3, 4, 2, 5, 7, 5, 2, 2], [2, 5, 1, 3, 3, 4, 0, 4], [4, 2, 0, 6, 5, 3, 4, 3], [1, 7, 7, 6, 3, 3, 0, 2], [4, 5, 5, 4, 3, 5, 2, 6], [5, 5, 3, 3, 2, 5, 0, 2]], "control": {"col_treasures": 9, "solution_length": 31}, "info": {"regions": 1, "players": 22, "exits": 14, "layout": 15, "heuristic": -1, "solution": [], "content": [[6, 5, 6, 4, 2, 2, 2, 3], [5, 3, 7, 5, 2, 0, 5, 2], [6, 4, 2, 1, 4, 3, 7, 0], [2, 2, 0, 4, 4, 2, 4, 4], [6, 1, 7, 2, 6, 0, 2, 7], [0, 7, 3, 0, 2, 2, 4, 0], [3, 4, 2, 5, 7, 5, 2, 2], [2, 5, 1, 3, 3, 4, 0, 4], [4, 2, 0, 6, 5, 3, 4, 3], [1, 7, 7, 6, 3, 3, 0, 2], [4, 5, 5, 4, 3, 5, 2, 6], [5, 5, 3, 3, 2, 5, 0, 2]], "potions": 15, "treasures": 14, "enemies": 16, "solution_length": 0, "enemies_loc": [[0, 0], [2, 0], [2, 1], [0, 2], [6, 2], [0, 4], [2, 4], [4, 4], [7, 4], [1, 5], [4, 6], [3, 8], [1, 9], [2, 9], [3, 9], [7, 10]]}, "quality": 0.26364035086132914, "diversity": 0.44818605244477405, "controlability": 0.0}