{"content": [[5, 2, 6, 1, 1, 2, 6, 0], [0, 5, 0, 4, 4, 5, 0, 5], [7, 5, 4, 5, 7, 7, 1, 1], [0, 4, 6, 3, 0, 5, 3, 0], [2, 7, 6, 3, 2, 3, 2, 6], [2, 1, 2, 2, 2, 7, 4, 6], [7, 6, 7, 2, 2, 3, 1, 5], [5, 6, 7, 3, 5, 6, 2, 1], [6, 3, 2, 0, 7, 7, 3, 5], [7, 0, 4, 1, 6, 1, 7, 4], [1, 3, 1, 0, 0, 5, 3, 1], [5, 4, 6, 2, 2, 4, 3, 0]], "control": {"col_treasures": 10, "solution_length": 32}, "info": {"regions": 1, "players": 15, "exits": 11, "layout": 24, "heuristic": -1, "solution": [], "content": [[5, 2, 6, 1, 1, 2, 6, 0], [0, 5, 0, 4, 4, 5, 0, 5], [7, 5, 4, 5, 7, 7, 1, 1], [0, 4, 6, 3, 0, 5, 3, 0], [2, 7, 6, 3, 2, 3, 2, 6], [2, 1, 2, 2, 2, 7, 4, 6], [7, 6, 7, 2, 2, 3, 1, 5], [5, 6, 7, 3, 5, 6, 2, 1], [6, 3, 2, 0, 7, 7, 3, 5], [7, 0, 4, 1, 6, 1, 7, 4], [1, 3, 1, 0, 0, 5, 3, 1], [5, 4, 6, 2, 2, 4, 3, 0]], "potions": 9, "treasures": 13, "enemies": 24, "solution_length": 0, "enemies_loc": [[2, 0], [6, 0], [0, 2], [4, 2], [5, 2], [2, 3], [1, 4], [2, 4], [7, 4], [5, 5], [7, 5], [0, 6], [1, 6], [2, 6], [1, 7], [2, 7], [5, 7], [0, 8], [4, 8], [5, 8], [0, 9], [4, 9], [6, 9], [2, 11]]}, "quality": 0.2831578947176354, "diversity": 0.4411732348478621, "controlability": 0.0}