{"content": [[3, 2, 2, 4, 1, 6, 2, 6], [2, 6, 1, 6, 0, 0, 1, 1], [2, 2, 1, 0, 3, 2, 7, 2], [6, 2, 5, 3, 1, 0, 2, 6], [2, 7, 7, 3, 5, 1, 5, 5], [7, 4, 3, 7, 0, 3, 4, 0], [0, 1, 0, 1, 2, 0, 5, 5], [5, 0, 2, 4, 4, 0, 7, 2], [1, 1, 2, 2, 7, 0, 5, 4], [1, 1, 2, 4, 1, 2, 6, 2], [6, 3, 7, 3, 1, 6, 0, 4], [7, 5, 7, 6, 5, 3, 1, 2]], "control": {"col_treasures": 0, "solution_length": 16}, "info": {"regions": 1, "players": 20, "exits": 9, "layout": 29, "heuristic": -1, "solution": [], "content": [[3, 2, 2, 4, 1, 6, 2, 6], [2, 6, 1, 6, 0, 0, 1, 1], [2, 2, 1, 0, 3, 2, 7, 2], [6, 2, 5, 3, 1, 0, 2, 6], [2, 7, 7, 3, 5, 1, 5, 5], [7, 4, 3, 7, 0, 3, 4, 0], [0, 1, 0, 1, 2, 0, 5, 5], [5, 0, 2, 4, 4, 0, 7, 2], [1, 1, 2, 2, 7, 0, 5, 4], [1, 1, 2, 4, 1, 2, 6, 2], [6, 3, 7, 3, 1, 6, 0, 4], [7, 5, 7, 6, 5, 3, 1, 2]], "potions": 8, "treasures": 10, "enemies": 20, "solution_length": 0, "enemies_loc": [[5, 0], [7, 0], [1, 1], [3, 1], [6, 2], [0, 3], [7, 3], [1, 4], [2, 4], [0, 5], [3, 5], [6, 7], [4, 8], [6, 9], [0, 10], [2, 10], [5, 10], [0, 11], [2, 11], [3, 11]]}, "quality": 0.28799707600296, "diversity": 0.45325202179878077, "controlability": 0.0}