{"content": [[0, 7, 1, 7, 0, 3, 5, 5], [6, 5, 2, 0, 5, 4, 3, 7], [1, 5, 6, 1, 7, 3, 0, 4], [2, 4, 4, 5, 6, 2, 3, 2], [6, 1, 6, 7, 2, 7, 1, 3], [1, 7, 4, 7, 0, 5, 1, 5], [0, 0, 2, 1, 4, 3, 7, 4], [1, 3, 3, 4, 4, 2, 0, 5], [5, 4, 3, 4, 6, 6, 4, 7], [3, 4, 1, 0, 0, 7, 7, 1], [6, 0, 6, 4, 3, 1, 2, 0], [5, 1, 4, 5, 7, 0, 6, 2]], "control": {"col_treasures": 3, "solution_length": 21}, "info": {"regions": 1, "players": 9, "exits": 11, "layout": 26, "heuristic": -1, "solution": [], "content": [[0, 7, 1, 7, 0, 3, 5, 5], [6, 5, 2, 0, 5, 4, 3, 7], [1, 5, 6, 1, 7, 3, 0, 4], [2, 4, 4, 5, 6, 2, 3, 2], [6, 1, 6, 7, 2, 7, 1, 3], [1, 7, 4, 7, 0, 5, 1, 5], [0, 0, 2, 1, 4, 3, 7, 4], [1, 3, 3, 4, 4, 2, 0, 5], [5, 4, 3, 4, 6, 6, 4, 7], [3, 4, 1, 0, 0, 7, 7, 1], [6, 0, 6, 4, 3, 1, 2, 0], [5, 1, 4, 5, 7, 0, 6, 2]], "potions": 15, "treasures": 12, "enemies": 23, "solution_length": 0, "enemies_loc": [[1, 0], [3, 0], [0, 1], [7, 1], [2, 2], [4, 2], [4, 3], [0, 4], [2, 4], [3, 4], [5, 4], [1, 5], [3, 5], [6, 6], [4, 8], [5, 8], [7, 8], [5, 9], [6, 9], [0, 10], [2, 10], [4, 11], [6, 11]]}, "quality": 0.2901461988101808, "diversity": 0.44372458270769843, "controlability": 0.0}