{"content": [[2, 5, 2, 6, 5, 6, 0, 2], [0, 5, 4, 7, 4, 7, 3, 1], [6, 0, 4, 3, 6, 6, 1, 2], [6, 6, 4, 0, 3, 7, 4, 5], [0, 3, 3, 3, 6, 6, 2, 7], [1, 6, 7, 1, 2, 7, 0, 1], [3, 1, 5, 3, 1, 1, 6, 7], [0, 3, 1, 5, 2, 3, 0, 1], [0, 5, 6, 5, 6, 5, 2, 1], [7, 4, 4, 2, 6, 5, 5, 0], [2, 5, 3, 1, 6, 1, 3, 0], [7, 3, 4, 0, 5, 7, 7, 3]], "control": {"col_treasures": 10, "solution_length": 33}, "info": {"regions": 1, "players": 10, "exits": 14, "layout": 25, "heuristic": -1, "solution": [], "content": [[2, 5, 2, 6, 5, 6, 0, 2], [0, 5, 4, 7, 4, 7, 3, 1], [6, 0, 4, 3, 6, 6, 1, 2], [6, 6, 4, 0, 3, 7, 4, 5], [0, 3, 3, 3, 6, 6, 2, 7], [1, 6, 7, 1, 2, 7, 0, 1], [3, 1, 5, 3, 1, 1, 6, 7], [0, 3, 1, 5, 2, 3, 0, 1], [0, 5, 6, 5, 6, 5, 2, 1], [7, 4, 4, 2, 6, 5, 5, 0], [2, 5, 3, 1, 6, 1, 3, 0], [7, 3, 4, 0, 5, 7, 7, 3]], "potions": 8, "treasures": 13, "enemies": 26, "solution_length": 0, "enemies_loc": [[3, 0], [5, 0], [3, 1], [5, 1], [0, 2], [4, 2], [5, 2], [0, 3], [1, 3], [5, 3], [4, 4], [5, 4], [7, 4], [1, 5], [2, 5], [5, 5], [6, 6], [7, 6], [2, 8], [4, 8], [0, 9], [4, 9], [4, 10], [0, 11], [5, 11], [6, 11]]}, "quality": 0.285950292378017, "diversity": 0.455377241543497, "controlability": 0.0}