{"content": [[5, 7, 5, 7, 7, 5, 3, 1], [0, 4, 7, 5, 3, 0, 2, 1], [6, 3, 1, 1, 4, 5, 2, 5], [1, 2, 1, 3, 5, 0, 0, 2], [3, 3, 1, 1, 5, 7, 4, 3], [2, 6, 1, 6, 7, 4, 1, 2], [3, 2, 7, 7, 5, 3, 0, 1], [4, 6, 3, 6, 6, 4, 6, 3], [3, 0, 6, 3, 4, 0, 2, 2], [2, 5, 4, 6, 3, 4, 3, 6], [4, 4, 6, 6, 0, 1, 4, 7], [6, 0, 3, 0, 0, 5, 1, 2]], "control": {"col_treasures": 6, "solution_length": 25}, "info": {"regions": 1, "players": 11, "exits": 16, "layout": 24, "heuristic": -1, "solution": [], "content": [[5, 7, 5, 7, 7, 5, 3, 1], [0, 4, 7, 5, 3, 0, 2, 1], [6, 3, 1, 1, 4, 5, 2, 5], [1, 2, 1, 3, 5, 0, 0, 2], [3, 3, 1, 1, 5, 7, 4, 3], [2, 6, 1, 6, 7, 4, 1, 2], [3, 2, 7, 7, 5, 3, 0, 1], [4, 6, 3, 6, 6, 4, 6, 3], [3, 0, 6, 3, 4, 0, 2, 2], [2, 5, 4, 6, 3, 4, 3, 6], [4, 4, 6, 6, 0, 1, 4, 7], [6, 0, 3, 0, 0, 5, 1, 2]], "potions": 12, "treasures": 11, "enemies": 22, "solution_length": 0, "enemies_loc": [[1, 0], [3, 0], [4, 0], [2, 1], [0, 2], [5, 4], [1, 5], [3, 5], [4, 5], [2, 6], [3, 6], [1, 7], [3, 7], [4, 7], [6, 7], [2, 8], [3, 9], [7, 9], [2, 10], [3, 10], [7, 10], [0, 11]]}, "quality": 0.2824561403317444, "diversity": 0.5624999909375001, "controlability": 0.0}