{"content": [[6, 5, 6, 4, 1, 7, 6, 5], [2, 4, 0, 5, 1, 6, 4, 0], [7, 5, 4, 5, 0, 0, 5, 1], [6, 4, 4, 3, 1, 4, 4, 4], [0, 5, 6, 0, 2, 7, 7, 2], [5, 3, 0, 1, 4, 1, 0, 0], [7, 7, 4, 6, 1, 0, 2, 6], [5, 0, 7, 7, 1, 0, 0, 4], [2, 1, 2, 4, 2, 4, 1, 1], [5, 4, 7, 0, 2, 4, 3, 5], [2, 0, 6, 5, 5, 7, 0, 7], [6, 0, 2, 6, 1, 4, 6, 6]], "control": {"col_treasures": 5, "solution_length": 24}, "info": {"regions": 1, "players": 10, "exits": 3, "layout": 29, "heuristic": -1, "solution": [], "content": [[6, 5, 6, 4, 1, 7, 6, 5], [2, 4, 0, 5, 1, 6, 4, 0], [7, 5, 4, 5, 0, 0, 5, 1], [6, 4, 4, 3, 1, 4, 4, 4], [0, 5, 6, 0, 2, 7, 7, 2], [5, 3, 0, 1, 4, 1, 0, 0], [7, 7, 4, 6, 1, 0, 2, 6], [5, 0, 7, 7, 1, 0, 0, 4], [2, 1, 2, 4, 2, 4, 1, 1], [5, 4, 7, 0, 2, 4, 3, 5], [2, 0, 6, 5, 5, 7, 0, 7], [6, 0, 2, 6, 1, 4, 6, 6]], "potions": 17, "treasures": 13, "enemies": 24, "solution_length": 0, "enemies_loc": [[0, 0], [2, 0], [5, 0], [6, 0], [5, 1], [0, 2], [0, 3], [2, 4], [5, 4], [6, 4], [0, 6], [1, 6], [3, 6], [7, 6], [2, 7], [3, 7], [2, 9], [2, 10], [5, 10], [7, 10], [0, 11], [3, 11], [6, 11], [7, 11]]}, "quality": 0.2992251461772167, "diversity": 0.44484873351348486, "controlability": 0.0}