{"content": [[4, 5, 1, 6, 6, 4, 6, 3], [3, 0, 7, 5, 1, 2, 0, 2], [5, 3, 4, 4, 5, 0, 4, 2], [1, 1, 2, 4, 2, 1, 6, 7], [2, 7, 0, 6, 7, 0, 3, 0], [3, 2, 0, 1, 2, 2, 3, 4], [2, 7, 0, 4, 2, 4, 7, 1], [2, 7, 5, 7, 3, 4, 1, 1], [6, 1, 1, 1, 1, 2, 6, 6], [1, 7, 2, 6, 6, 5, 5, 3], [1, 6, 5, 4, 0, 1, 5, 2], [1, 7, 7, 3, 7, 7, 2, 7]], "control": {"col_treasures": 10, "solution_length": 32}, "info": {"regions": 1, "players": 16, "exits": 9, "layout": 26, "heuristic": -1, "solution": [], "content": [[4, 5, 1, 6, 6, 4, 6, 3], [3, 0, 7, 5, 1, 2, 0, 2], [5, 3, 4, 4, 5, 0, 4, 2], [1, 1, 2, 4, 2, 1, 6, 7], [2, 7, 0, 6, 7, 0, 3, 0], [3, 2, 0, 1, 2, 2, 3, 4], [2, 7, 0, 4, 2, 4, 7, 1], [2, 7, 5, 7, 3, 4, 1, 1], [6, 1, 1, 1, 1, 2, 6, 6], [1, 7, 2, 6, 6, 5, 5, 3], [1, 6, 5, 4, 0, 1, 5, 2], [1, 7, 7, 3, 7, 7, 2, 7]], "potions": 11, "treasures": 9, "enemies": 25, "solution_length": 0, "enemies_loc": [[3, 0], [4, 0], [6, 0], [2, 1], [6, 3], [7, 3], [1, 4], [3, 4], [4, 4], [1, 6], [6, 6], [1, 7], [3, 7], [0, 8], [6, 8], [7, 8], [1, 9], [3, 9], [4, 9], [1, 10], [1, 11], [2, 11], [4, 11], [5, 11], [7, 11]]}, "quality": 0.2866374268807255, "diversity": 0.4462064568796644, "controlability": 0.0}