{"content": {"layout": [13, 15, 5, 15, 0, 1, 13, 5, 15, 15, 0, 13, 10, 3, 0, 0], "start": 8, "boss": 13, "shop": 5, "treasure": 11}, "control": {"map_size": 14}, "info": {"map_size": 12, "num_regions": 1, "connect_regions": 5, "loose_connections": 20, "locations": 4, "player_boss_distance": 2, "flat": [0, 0, 0, 0, 2, 0, 0, 0, 0, 0, 2, 0, 2, 1, 2, 2, 1, 2, 2, 1, 2, 2, 1, 2, 0, 2, 0, 0, 2, 0, 0, 0, 0, 0, 2, 0, 0, 0, 0, 0, 0, 0, 0, 0, 0, 0, 0, 0, 0, 0, 0, 2, 1, 0, 2, 1, 2, 2, 1, 2, 0, 0, 0, 0, 0, 0, 0, 2, 0, 0, 0, 0, 0, 2, 0, 0, 2, 0, 0, 0, 0, 0, 0, 0, 2, 1, 2, 2, 1, 2, 0, 0, 0, 2, 1, 2, 0, 2, 0, 0, 2, 0, 0, 0, 0, 0, 2, 0, 0, 2, 0, 0, 2, 0, 0, 0, 0, 0, 0, 0, 0, 1, 0, 2, 1, 0, 0, 0, 0, 0, 0, 0, 0, 2, 0, 0, 0, 0, 0, 0, 0, 0, 0, 0], "dead_end": 1}, "quality": 0.5599999999266667, "diversity": 0.7036732343564398, "controlability": 0.18749999970703118}