{"content": [[1, 1, 1, 0, 1, 1, 1, 1, 0, 1, 0], [1, 5, 1, 1, 0, 1, 1, 0, 0, 1, 0], [1, 1, 1, 1, 0, 0, 1, 5, 1, 1, 0], [0, 1, 0, 0, 1, 1, 0, 1, 0, 1, 0], [2, 5, 5, 1, 1, 1, 1, 1, 1, 1, 1], [3, 0, 1, 2, 4, 0, 1, 1, 5, 1, 1], [1, 0, 0, 0, 1, 1, 0, 0, 1, 3, 1]], "control": {"player_key": 17, "key_door": 17}, "info": {"regions": 1, "players": 2, "keys": 2, "doors": 1, "enemies": 5, "player_key": 1, "key_door": 6, "pk_path": [[0, 4], [0, 5]], "kd_path": []}, "quality": 0.4974990987496578, "diversity": 0.8888888759259264, "controlability": 0.23333333317777777}