{"content": [[1, 1, 1, 0, 1, 1, 1, 0, 2, 1, 0], [1, 5, 1, 1, 0, 1, 1, 0, 0, 1, 0], [1, 1, 1, 1, 0, 0, 1, 4, 1, 1, 0], [5, 1, 0, 0, 1, 1, 0, 1, 0, 1, 0], [1, 5, 5, 1, 1, 1, 1, 1, 1, 1, 1], [1, 0, 1, 1, 1, 0, 1, 1, 5, 1, 1], [1, 2, 0, 0, 1, 1, 0, 0, 4, 3, 1]], "control": {"player_key": 17, "key_door": 17}, "info": {"regions": 1, "players": 2, "keys": 1, "doors": 2, "enemies": 5, "player_key": 7, "key_door": 6, "pk_path": [[8, 0], [9, 0], [9, 1], [9, 2], [9, 3], [9, 4], [9, 5], [9, 6]], "kd_path": []}, "quality": 0.4974990987496578, "diversity": 1.0, "controlability": 0.43333333304444444}