{"content": {"layout": [13, 11, 5, 5, 0, 14, 15, 5, 12, 11, 3, 13, 14, 3, 5, 0], "start": 0, "boss": 13, "shop": 8, "treasure": 11}, "control": {"map_size": 14}, "info": {"map_size": 14, "num_regions": 1, "connect_regions": 4, "loose_connections": 14, "locations": 4, "player_boss_distance": 4, "flat": [0, 0, 0, 0, 2, 0, 0, 0, 0, 0, 0, 0, 2, 1, 2, 2, 1, 0, 2, 1, 2, 2, 1, 2, 0, 2, 0, 0, 2, 0, 0, 0, 0, 0, 0, 0, 0, 0, 0, 0, 2, 0, 0, 2, 0, 0, 0, 0, 0, 0, 0, 0, 1, 2, 2, 1, 2, 2, 1, 2, 0, 0, 0, 0, 2, 0, 0, 2, 0, 0, 0, 0, 0, 0, 0, 0, 2, 0, 0, 2, 0, 0, 0, 0, 0, 1, 2, 2, 1, 0, 2, 1, 0, 2, 1, 2, 0, 2, 0, 0, 2, 0, 0, 0, 0, 0, 2, 0, 0, 2, 0, 0, 2, 0, 0, 0, 0, 0, 0, 0, 0, 1, 2, 2, 1, 0, 2, 1, 2, 0, 0, 0, 0, 2, 0, 0, 0, 0, 0, 0, 0, 0, 0, 0], "dead_end": 0}, "quality": 0.56999999992, "diversity": 0.8161458209499785, "controlability": 0.49999999921875}