{"content": {"layout": [15, 3, 12, 9, 6, 15, 9, 5, 6, 11, 3, 10, 3, 0, 4, 13], "start": 12, "boss": 12, "shop": 12, "treasure": 12}, "control": {"map_size": 13}, "info": {"map_size": 15, "num_regions": 1, "connect_regions": 6, "loose_connections": 17, "locations": 1, "player_boss_distance": -1, "flat": [0, 2, 0, 0, 2, 0, 0, 0, 0, 0, 0, 0, 2, 1, 2, 2, 1, 0, 0, 1, 2, 2, 1, 0, 0, 2, 0, 0, 0, 0, 0, 2, 0, 0, 2, 0, 0, 2, 0, 0, 2, 0, 0, 0, 0, 0, 0, 0, 0, 1, 2, 2, 1, 2, 2, 1, 0, 2, 1, 2, 0, 0, 0, 0, 2, 0, 0, 2, 0, 0, 0, 0, 0, 2, 0, 0, 2, 0, 0, 2, 0, 0, 2, 0, 0, 1, 2, 2, 1, 0, 2, 1, 0, 0, 1, 0, 0, 0, 0, 0, 2, 0, 0, 0, 0, 0, 2, 0, 0, 2, 0, 0, 0, 0, 0, 0, 0, 0, 0, 0, 2, 1, 0, 0, 0, 0, 0, 1, 2, 2, 1, 2, 0, 0, 0, 0, 0, 0, 0, 0, 0, 0, 2, 0], "dead_end": 0}, "quality": 0.5499999999333333, "diversity": 0.04537760359815801, "controlability": 0.8124999987304689}