{"content": [[1, 1, 1, 0, 2, 1, 1, 0, 0, 1, 0], [1, 1, 1, 1, 0, 1, 1, 0, 0, 1, 0], [1, 1, 1, 1, 0, 0, 1, 5, 1, 1, 0], [0, 1, 0, 0, 0, 1, 0, 1, 0, 1, 0], [1, 5, 5, 1, 1, 1, 1, 1, 1, 4, 1], [1, 0, 1, 1, 1, 0, 1, 1, 5, 1, 1], [1, 2, 0, 0, 1, 1, 0, 0, 4, 3, 1]], "control": {"player_key": 17, "key_door": 17}, "info": {"regions": 1, "players": 2, "keys": 1, "doors": 2, "enemies": 4, "player_key": 11, "key_door": 2, "pk_path": [[4, 0], [5, 0], [5, 1], [6, 1], [6, 2], [7, 2], [7, 3], [7, 4], [7, 5], [8, 5], [9, 5], [9, 6]], "kd_path": []}, "quality": 0.4983552631416638, "diversity": 0.5625902597460961, "controlability": 0.4333333330444444}