{"content": [[1, 1, 5, 0, 1, 1, 0, 0, 0, 0, 0], [1, 5, 1, 0, 0, 1, 1, 0, 0, 1, 2], [1, 1, 1, 1, 0, 0, 1, 1, 1, 1, 0], [0, 1, 0, 0, 1, 1, 0, 1, 0, 3, 5], [1, 5, 1, 1, 1, 1, 1, 1, 1, 1, 1], [1, 0, 0, 1, 4, 0, 1, 1, 5, 1, 1], [1, 0, 0, 0, 1, 0, 0, 0, 1, 1, 1]], "control": {"player_key": 17, "key_door": 17}, "info": {"regions": 1, "players": 1, "keys": 1, "doors": 1, "enemies": 5, "player_key": 3, "key_door": 7, "pk_path": [[10, 1], [9, 1], [9, 2], [9, 3]], "kd_path": []}, "quality": 0.8880327244197224, "diversity": 1.0, "controlability": 0.33333333311111113}