{"content": [[2, 2, 7, 5, 2, 7, 3, 3], [5, 0, 0, 5, 1, 1, 2, 0], [7, 0, 1, 5, 2, 3, 5, 1], [4, 0, 4, 7, 0, 3, 0, 5], [6, 1, 1, 6, 2, 6, 6, 4], [3, 5, 0, 1, 4, 4, 0, 7], [0, 7, 0, 5, 1, 1, 0, 0], [4, 5, 7, 0, 1, 0, 1, 1], [7, 7, 0, 0, 6, 3, 0, 1], [5, 5, 1, 0, 0, 6, 1, 7], [2, 0, 6, 5, 7, 7, 0, 6], [1, 0, 6, 7, 0, 0, 5, 4]], "control": {"col_treasures": 8, "solution_length": 30}, "info": {"regions": 1, "players": 7, "exits": 6, "layout": 41, "heuristic": -1, "solution": [], "content": [[2, 2, 7, 5, 2, 7, 3, 3], [5, 0, 0, 5, 1, 1, 2, 0], [7, 0, 1, 5, 2, 3, 5, 1], [4, 0, 4, 7, 0, 3, 0, 5], [6, 1, 1, 6, 2, 6, 6, 4], [3, 5, 0, 1, 4, 4, 0, 7], [0, 7, 0, 5, 1, 1, 0, 0], [4, 5, 7, 0, 1, 0, 1, 1], [7, 7, 0, 0, 6, 3, 0, 1], [5, 5, 1, 0, 0, 6, 1, 7], [2, 0, 6, 5, 7, 7, 0, 6], [1, 0, 6, 7, 0, 0, 5, 4]], "potions": 7, "treasures": 13, "enemies": 22, "solution_length": 0, "enemies_loc": [[2, 0], [5, 0], [0, 2], [3, 3], [0, 4], [3, 4], [5, 4], [6, 4], [7, 5], [1, 6], [2, 7], [0, 8], [1, 8], [4, 8], [5, 9], [7, 9], [2, 10], [4, 10], [5, 10], [7, 10], [2, 11], [3, 11]]}, "quality": 0.3158918128404112, "diversity": 0.41113280378417993, "controlability": 0.0}