{"content": [[2, 3, 3, 4, 6, 1, 4, 2], [5, 4, 5, 6, 1, 7, 1, 1], [6, 5, 2, 4, 7, 3, 5, 7], [7, 3, 7, 0, 0, 2, 5, 5], [0, 5, 4, 1, 1, 6, 6, 0], [0, 6, 1, 1, 1, 1, 0, 4], [7, 5, 4, 6, 1, 5, 5, 5], [4, 5, 7, 1, 1, 2, 0, 1], [0, 7, 6, 2, 2, 1, 1, 1], [1, 6, 0, 4, 0, 1, 1, 7], [2, 5, 6, 3, 4, 4, 6, 0], [6, 6, 3, 2, 1, 3, 4, 1]], "control": {"col_treasures": 8, "solution_length": 30}, "info": {"regions": 1, "players": 9, "exits": 7, "layout": 33, "heuristic": -1, "solution": [], "content": [[2, 3, 3, 4, 6, 1, 4, 2], [5, 4, 5, 6, 1, 7, 1, 1], [6, 5, 2, 4, 7, 3, 5, 7], [7, 3, 7, 0, 0, 2, 5, 5], [0, 5, 4, 1, 1, 6, 6, 0], [0, 6, 1, 1, 1, 1, 0, 4], [7, 5, 4, 6, 1, 5, 5, 5], [4, 5, 7, 1, 1, 2, 0, 1], [0, 7, 6, 2, 2, 1, 1, 1], [1, 6, 0, 4, 0, 1, 1, 7], [2, 5, 6, 3, 4, 4, 6, 0], [6, 6, 3, 2, 1, 3, 4, 1]], "potions": 12, "treasures": 13, "enemies": 22, "solution_length": 0, "enemies_loc": [[4, 0], [3, 1], [5, 1], [0, 2], [4, 2], [7, 2], [0, 3], [2, 3], [5, 4], [6, 4], [1, 5], [0, 6], [3, 6], [2, 7], [1, 8], [2, 8], [1, 9], [7, 9], [2, 10], [6, 10], [0, 11], [1, 11]]}, "quality": 0.3026754385739417, "diversity": 0.3951388798437504, "controlability": 0.0}