{"content": [[6, 3, 3, 1, 7, 1, 6, 6], [2, 5, 7, 0, 1, 6, 3, 6], [6, 3, 1, 1, 3, 2, 7, 1], [3, 4, 5, 6, 3, 4, 1, 4], [6, 5, 6, 0, 6, 6, 6, 2], [4, 2, 1, 1, 1, 7, 6, 0], [1, 2, 7, 0, 1, 6, 2, 5], [4, 0, 7, 5, 7, 0, 3, 6], [2, 1, 2, 4, 1, 4, 1, 1], [1, 0, 1, 0, 0, 1, 3, 7], [2, 0, 2, 1, 5, 0, 0, 1], [6, 6, 6, 3, 1, 5, 4, 6]], "control": {"col_treasures": 18, "solution_length": 45}, "info": {"regions": 1, "players": 10, "exits": 10, "layout": 34, "heuristic": -1, "solution": [], "content": [[6, 3, 3, 1, 7, 1, 6, 6], [2, 5, 7, 0, 1, 6, 3, 6], [6, 3, 1, 1, 3, 2, 7, 1], [3, 4, 5, 6, 3, 4, 1, 4], [6, 5, 6, 0, 6, 6, 6, 2], [4, 2, 1, 1, 1, 7, 6, 0], [1, 2, 7, 0, 1, 6, 2, 5], [4, 0, 7, 5, 7, 0, 3, 6], [2, 1, 2, 4, 1, 4, 1, 1], [1, 0, 1, 0, 0, 1, 3, 7], [2, 0, 2, 1, 5, 0, 0, 1], [6, 6, 6, 3, 1, 5, 4, 6]], "potions": 8, "treasures": 7, "enemies": 27, "solution_length": 0, "enemies_loc": [[0, 0], [4, 0], [6, 0], [7, 0], [2, 1], [5, 1], [7, 1], [0, 2], [6, 2], [3, 3], [0, 4], [2, 4], [4, 4], [5, 4], [6, 4], [5, 5], [6, 5], [2, 6], [5, 6], [2, 7], [4, 7], [7, 7], [7, 9], [0, 11], [1, 11], [2, 11], [7, 11]]}, "quality": 0.3012573099189771, "diversity": 0.3473704184498859, "controlability": 0.0}