{"content": [[7, 1, 7, 4, 2, 4, 5, 7], [5, 0, 5, 0, 1, 5, 0, 1], [2, 3, 1, 4, 3, 0, 5, 1], [0, 2, 1, 4, 0, 1, 0, 0], [3, 1, 1, 3, 7, 7, 2, 6], [1, 6, 1, 7, 1, 7, 0, 0], [7, 5, 0, 0, 0, 1, 0, 7], [4, 0, 7, 7, 1, 3, 0, 1], [2, 7, 4, 5, 0, 4, 1, 1], [4, 7, 6, 0, 1, 0, 7, 0], [2, 5, 1, 1, 7, 6, 0, 0], [6, 6, 7, 2, 7, 5, 4, 6]], "control": {"col_treasures": 4, "solution_length": 23}, "info": {"regions": 1, "players": 7, "exits": 5, "layout": 42, "heuristic": -1, "solution": [], "content": [[7, 1, 7, 4, 2, 4, 5, 7], [5, 0, 5, 0, 1, 5, 0, 1], [2, 3, 1, 4, 3, 0, 5, 1], [0, 2, 1, 4, 0, 1, 0, 0], [3, 1, 1, 3, 7, 7, 2, 6], [1, 6, 1, 7, 1, 7, 0, 0], [7, 5, 0, 0, 0, 1, 0, 7], [4, 0, 7, 7, 1, 3, 0, 1], [2, 7, 4, 5, 0, 4, 1, 1], [4, 7, 6, 0, 1, 0, 7, 0], [2, 5, 1, 1, 7, 6, 0, 0], [6, 6, 7, 2, 7, 5, 4, 6]], "potions": 9, "treasures": 9, "enemies": 24, "solution_length": 0, "enemies_loc": [[0, 0], [2, 0], [7, 0], [4, 4], [5, 4], [7, 4], [1, 5], [3, 5], [5, 5], [0, 6], [7, 6], [2, 7], [3, 7], [1, 8], [1, 9], [2, 9], [6, 9], [4, 10], [5, 10], [0, 11], [1, 11], [2, 11], [4, 11], [7, 11]]}, "quality": 0.31798245611490167, "diversity": 0.3419117565257356, "controlability": 0.0}