{"content": [[0, 1, 6, 2, 2, 1, 2, 1], [2, 0, 7, 3, 2, 7, 3, 1], [7, 5, 7, 1, 3, 1, 5, 0], [5, 2, 7, 0, 0, 4, 1, 0], [1, 0, 3, 1, 1, 1, 5, 2], [3, 6, 7, 5, 5, 1, 6, 4], [0, 2, 7, 1, 1, 0, 5, 5], [4, 0, 3, 4, 5, 2, 4, 1], [2, 1, 1, 5, 1, 1, 5, 5], [5, 7, 0, 6, 7, 3, 5, 7], [2, 0, 6, 1, 4, 6, 0, 0], [5, 3, 3, 6, 0, 6, 7, 1]], "control": {"col_treasures": 8, "solution_length": 30}, "info": {"regions": 1, "players": 11, "exits": 9, "layout": 36, "heuristic": -1, "solution": [], "content": [[0, 1, 6, 2, 2, 1, 2, 1], [2, 0, 7, 3, 2, 7, 3, 1], [7, 5, 7, 1, 3, 1, 5, 0], [5, 2, 7, 0, 0, 4, 1, 0], [1, 0, 3, 1, 1, 1, 5, 2], [3, 6, 7, 5, 5, 1, 6, 4], [0, 2, 7, 1, 1, 0, 5, 5], [4, 0, 3, 4, 5, 2, 4, 1], [2, 1, 1, 5, 1, 1, 5, 5], [5, 7, 0, 6, 7, 3, 5, 7], [2, 0, 6, 1, 4, 6, 0, 0], [5, 3, 3, 6, 0, 6, 7, 1]], "potions": 6, "treasures": 15, "enemies": 19, "solution_length": 0, "enemies_loc": [[2, 0], [2, 1], [5, 1], [0, 2], [2, 2], [2, 3], [1, 5], [2, 5], [6, 5], [2, 6], [1, 9], [3, 9], [4, 9], [7, 9], [2, 10], [5, 10], [3, 11], [5, 11], [6, 11]]}, "quality": 0.30403508769617615, "diversity": 0.4006944352604169, "controlability": 0.0}