{"content": [[2, 3, 7, 4, 2, 5, 5, 6], [2, 0, 5, 0, 5, 6, 4, 1], [6, 3, 7, 4, 0, 1, 2, 1], [3, 2, 1, 6, 0, 7, 1, 5], [6, 5, 3, 1, 6, 1, 2, 6], [1, 6, 1, 7, 3, 3, 6, 0], [7, 0, 4, 7, 0, 0, 1, 7], [4, 0, 4, 7, 6, 2, 0, 6], [2, 0, 1, 3, 2, 1, 1, 1], [1, 0, 0, 0, 0, 0, 6, 0], [2, 7, 6, 1, 4, 6, 0, 0], [0, 0, 6, 0, 6, 1, 6, 1]], "control": {"col_treasures": 18, "solution_length": 45}, "info": {"regions": 1, "players": 10, "exits": 7, "layout": 40, "heuristic": -1, "solution": [], "content": [[2, 3, 7, 4, 2, 5, 5, 6], [2, 0, 5, 0, 5, 6, 4, 1], [6, 3, 7, 4, 0, 1, 2, 1], [3, 2, 1, 6, 0, 7, 1, 5], [6, 5, 3, 1, 6, 1, 2, 6], [1, 6, 1, 7, 3, 3, 6, 0], [7, 0, 4, 7, 0, 0, 1, 7], [4, 0, 4, 7, 6, 2, 0, 6], [2, 0, 1, 3, 2, 1, 1, 1], [1, 0, 0, 0, 0, 0, 6, 0], [2, 7, 6, 1, 4, 6, 0, 0], [0, 0, 6, 0, 6, 1, 6, 1]], "potions": 7, "treasures": 6, "enemies": 26, "solution_length": 0, "enemies_loc": [[2, 0], [7, 0], [5, 1], [0, 2], [2, 2], [3, 3], [5, 3], [0, 4], [4, 4], [7, 4], [1, 5], [3, 5], [6, 5], [0, 6], [3, 6], [7, 6], [3, 7], [4, 7], [7, 7], [6, 9], [1, 10], [2, 10], [5, 10], [2, 11], [4, 11], [6, 11]]}, "quality": 0.3116959064082474, "diversity": 0.4484953619357641, "controlability": 0.0}