{"content": [[4, 3, 6, 1, 7, 3, 6, 1], [5, 7, 5, 6, 1, 6, 2, 0], [7, 3, 1, 1, 3, 1, 5, 1], [3, 1, 1, 3, 0, 4, 1, 4], [1, 0, 6, 0, 1, 6, 6, 2], [1, 6, 1, 1, 6, 1, 0, 4], [1, 1, 4, 0, 4, 0, 2, 4], [4, 0, 0, 7, 1, 4, 0, 1], [6, 1, 1, 4, 2, 4, 1, 1], [1, 2, 0, 0, 0, 0, 3, 5], [6, 0, 1, 5, 5, 0, 0, 1], [6, 6, 2, 3, 1, 4, 0, 6]], "control": {"col_treasures": 18, "solution_length": 45}, "info": {"regions": 1, "players": 6, "exits": 8, "layout": 46, "heuristic": -1, "solution": [], "content": [[4, 3, 6, 1, 7, 3, 6, 1], [5, 7, 5, 6, 1, 6, 2, 0], [7, 3, 1, 1, 3, 1, 5, 1], [3, 1, 1, 3, 0, 4, 1, 4], [1, 0, 6, 0, 1, 6, 6, 2], [1, 6, 1, 1, 6, 1, 0, 4], [1, 1, 4, 0, 4, 0, 2, 4], [4, 0, 0, 7, 1, 4, 0, 1], [6, 1, 1, 4, 2, 4, 1, 1], [1, 2, 0, 0, 0, 0, 3, 5], [6, 0, 1, 5, 5, 0, 0, 1], [6, 6, 2, 3, 1, 4, 0, 6]], "potions": 12, "treasures": 6, "enemies": 18, "solution_length": 0, "enemies_loc": [[2, 0], [4, 0], [6, 0], [1, 1], [3, 1], [5, 1], [0, 2], [2, 4], [5, 4], [6, 4], [1, 5], [4, 5], [3, 7], [0, 8], [0, 10], [0, 11], [1, 11], [7, 11]]}, "quality": 0.32213450289751777, "diversity": 0.34526208854586704, "controlability": 0.0}