{"content": [[2, 6, 3, 4, 7, 2, 6, 5], [6, 4, 5, 6, 1, 6, 4, 0], [6, 3, 4, 0, 0, 1, 5, 1], [3, 4, 1, 3, 0, 4, 1, 4], [0, 5, 6, 0, 4, 6, 1, 2], [1, 6, 1, 1, 6, 6, 0, 0], [7, 1, 4, 0, 5, 6, 3, 5], [5, 0, 0, 7, 0, 6, 0, 1], [2, 4, 4, 4, 2, 4, 1, 1], [1, 0, 0, 0, 6, 0, 3, 4], [3, 0, 1, 6, 5, 0, 0, 1], [6, 6, 2, 3, 1, 4, 4, 6]], "control": {"col_treasures": 18, "solution_length": 45}, "info": {"regions": 1, "players": 6, "exits": 8, "layout": 37, "heuristic": -1, "solution": [], "content": [[2, 6, 3, 4, 7, 2, 6, 5], [6, 4, 5, 6, 1, 6, 4, 0], [6, 3, 4, 0, 0, 1, 5, 1], [3, 4, 1, 3, 0, 4, 1, 4], [0, 5, 6, 0, 4, 6, 1, 2], [1, 6, 1, 1, 6, 6, 0, 0], [7, 1, 4, 0, 5, 6, 3, 5], [5, 0, 0, 7, 0, 6, 0, 1], [2, 4, 4, 4, 2, 4, 1, 1], [1, 0, 0, 0, 6, 0, 3, 4], [3, 0, 1, 6, 5, 0, 0, 1], [6, 6, 2, 3, 1, 4, 4, 6]], "potions": 16, "treasures": 8, "enemies": 21, "solution_length": 0, "enemies_loc": [[1, 0], [4, 0], [6, 0], [0, 1], [3, 1], [5, 1], [0, 2], [2, 4], [5, 4], [1, 5], [4, 5], [5, 5], [0, 6], [5, 6], [3, 7], [5, 7], [4, 9], [3, 10], [0, 11], [1, 11], [7, 11]]}, "quality": 0.3096345029001219, "diversity": 0.34235073808302263, "controlability": 0.0}