{"content": [[2, 3, 7, 1, 2, 5, 4, 6], [5, 0, 7, 0, 5, 7, 7, 1], [6, 0, 7, 4, 0, 1, 2, 1], [5, 2, 1, 6, 0, 7, 1, 5], [6, 5, 3, 1, 6, 1, 6, 4], [3, 6, 1, 0, 3, 7, 6, 4], [0, 0, 4, 7, 5, 7, 0, 7], [4, 0, 7, 0, 6, 2, 1, 6], [5, 0, 1, 5, 5, 1, 5, 5], [1, 6, 7, 6, 0, 4, 1, 0], [6, 5, 6, 1, 4, 6, 0, 0], [0, 3, 6, 0, 6, 1, 4, 1]], "control": {"col_treasures": 4, "solution_length": 23}, "info": {"regions": 1, "players": 5, "exits": 5, "layout": 35, "heuristic": -1, "solution": [], "content": [[2, 3, 7, 1, 2, 5, 4, 6], [5, 0, 7, 0, 5, 7, 7, 1], [6, 0, 7, 4, 0, 1, 2, 1], [5, 2, 1, 6, 0, 7, 1, 5], [6, 5, 3, 1, 6, 1, 6, 4], [3, 6, 1, 0, 3, 7, 6, 4], [0, 0, 4, 7, 5, 7, 0, 7], [4, 0, 7, 0, 6, 2, 1, 6], [5, 0, 1, 5, 5, 1, 5, 5], [1, 6, 7, 6, 0, 4, 1, 0], [6, 5, 6, 1, 4, 6, 0, 0], [0, 3, 6, 0, 6, 1, 4, 1]], "potions": 9, "treasures": 13, "enemies": 29, "solution_length": 0, "enemies_loc": [[2, 0], [7, 0], [2, 1], [5, 1], [6, 1], [0, 2], [2, 2], [3, 3], [5, 3], [0, 4], [4, 4], [6, 4], [1, 5], [5, 5], [6, 5], [3, 6], [5, 6], [7, 6], [2, 7], [4, 7], [7, 7], [1, 9], [2, 9], [3, 9], [0, 10], [2, 10], [5, 10], [2, 11], [4, 11]]}, "quality": 0.309663742666487, "diversity": 0.3366413207506337, "controlability": 0.0}