{"content": [[6, 1, 7, 1, 5, 5, 1, 2], [4, 1, 5, 5, 2, 2, 1, 1], [7, 5, 1, 6, 3, 1, 4, 0], [7, 3, 7, 0, 1, 7, 1, 0], [6, 6, 5, 1, 4, 6, 5, 6], [0, 0, 1, 1, 1, 4, 0, 4], [1, 2, 0, 1, 1, 4, 1, 5], [7, 5, 3, 4, 1, 2, 4, 0], [4, 1, 1, 5, 1, 6, 6, 1], [0, 0, 1, 6, 0, 6, 1, 7], [0, 5, 6, 2, 7, 7, 6, 0], [1, 7, 5, 6, 6, 1, 1, 7]], "control": {"col_treasures": 4, "solution_length": 23}, "info": {"regions": 1, "players": 6, "exits": 3, "layout": 41, "heuristic": -1, "solution": [], "content": [[6, 1, 7, 1, 5, 5, 1, 2], [4, 1, 5, 5, 2, 2, 1, 1], [7, 5, 1, 6, 3, 1, 4, 0], [7, 3, 7, 0, 1, 7, 1, 0], [6, 6, 5, 1, 4, 6, 5, 6], [0, 0, 1, 1, 1, 4, 0, 4], [1, 2, 0, 1, 1, 4, 1, 5], [7, 5, 3, 4, 1, 2, 4, 0], [4, 1, 1, 5, 1, 6, 6, 1], [0, 0, 1, 6, 0, 6, 1, 7], [0, 5, 6, 2, 7, 7, 6, 0], [1, 7, 5, 6, 6, 1, 1, 7]], "potions": 9, "treasures": 12, "enemies": 25, "solution_length": 0, "enemies_loc": [[0, 0], [2, 0], [0, 2], [3, 2], [0, 3], [2, 3], [5, 3], [0, 4], [1, 4], [5, 4], [7, 4], [0, 7], [5, 8], [6, 8], [3, 9], [5, 9], [7, 9], [2, 10], [4, 10], [5, 10], [6, 10], [1, 11], [3, 11], [4, 11], [7, 11]]}, "quality": 0.3186988303839753, "diversity": 0.34987206771518664, "controlability": 0.0}