{"content": [[2, 0, 6, 4, 2, 1, 5, 4], [3, 4, 5, 2, 1, 4, 2, 7], [0, 0, 1, 0, 4, 1, 5, 1], [7, 4, 1, 6, 2, 4, 1, 6], [7, 5, 4, 0, 1, 4, 4, 2], [4, 7, 1, 1, 6, 7, 7, 1], [7, 1, 4, 0, 5, 0, 3, 5], [5, 5, 7, 7, 4, 6, 0, 0], [6, 1, 4, 4, 4, 0, 4, 1], [6, 0, 6, 0, 7, 5, 3, 5], [2, 0, 7, 6, 5, 0, 0, 6], [6, 6, 2, 1, 3, 7, 2, 0]], "control": {"col_treasures": 18, "solution_length": 45}, "info": {"regions": 1, "players": 9, "exits": 4, "layout": 31, "heuristic": -1, "solution": [], "content": [[2, 0, 6, 4, 2, 1, 5, 4], [3, 4, 5, 2, 1, 4, 2, 7], [0, 0, 1, 0, 4, 1, 5, 1], [7, 4, 1, 6, 2, 4, 1, 6], [7, 5, 4, 0, 1, 4, 4, 2], [4, 7, 1, 1, 6, 7, 7, 1], [7, 1, 4, 0, 5, 0, 3, 5], [5, 5, 7, 7, 4, 6, 0, 0], [6, 1, 4, 4, 4, 0, 4, 1], [6, 0, 6, 0, 7, 5, 3, 5], [2, 0, 7, 6, 5, 0, 0, 6], [6, 6, 2, 1, 3, 7, 2, 0]], "potions": 17, "treasures": 11, "enemies": 24, "solution_length": 0, "enemies_loc": [[2, 0], [7, 1], [0, 3], [3, 3], [7, 3], [0, 4], [1, 5], [4, 5], [5, 5], [6, 5], [0, 6], [2, 7], [3, 7], [5, 7], [0, 8], [0, 9], [2, 9], [4, 9], [2, 10], [3, 10], [7, 10], [0, 11], [1, 11], [5, 11]]}, "quality": 0.3020029239544158, "diversity": 0.3366529222613325, "controlability": 0.0}