{"content": [[3, 1, 7, 4, 2, 4, 6, 5], [2, 0, 1, 0, 2, 6, 4, 0], [0, 0, 4, 3, 3, 0, 5, 1], [3, 7, 1, 0, 0, 1, 6, 1], [0, 5, 1, 1, 1, 7, 2, 2], [6, 6, 2, 1, 5, 3, 0, 0], [7, 1, 4, 0, 0, 1, 0, 7], [4, 0, 1, 0, 1, 2, 4, 1], [2, 0, 4, 3, 2, 0, 1, 1], [5, 0, 0, 3, 0, 3, 2, 5], [2, 0, 1, 5, 4, 6, 0, 2], [0, 6, 6, 0, 1, 4, 4, 6]], "control": {"col_treasures": 18, "solution_length": 45}, "info": {"regions": 1, "players": 12, "exits": 8, "layout": 44, "heuristic": -1, "solution": [], "content": [[3, 1, 7, 4, 2, 4, 6, 5], [2, 0, 1, 0, 2, 6, 4, 0], [0, 0, 4, 3, 3, 0, 5, 1], [3, 7, 1, 0, 0, 1, 6, 1], [0, 5, 1, 1, 1, 7, 2, 2], [6, 6, 2, 1, 5, 3, 0, 0], [7, 1, 4, 0, 0, 1, 0, 7], [4, 0, 1, 0, 1, 2, 4, 1], [2, 0, 4, 3, 2, 0, 1, 1], [5, 0, 0, 3, 0, 3, 2, 5], [2, 0, 1, 5, 4, 6, 0, 2], [0, 6, 6, 0, 1, 4, 4, 6]], "potions": 11, "treasures": 7, "enemies": 14, "solution_length": 0, "enemies_loc": [[2, 0], [6, 0], [5, 1], [1, 3], [6, 3], [5, 4], [0, 5], [1, 5], [0, 6], [7, 6], [5, 10], [1, 11], [2, 11], [7, 11]]}, "quality": 0.31514619880497247, "diversity": 0.3211436092586438, "controlability": 0.0}