{"content": [[6, 1, 6, 4, 2, 4, 5, 7], [5, 0, 5, 7, 1, 6, 3, 0], [7, 3, 1, 4, 3, 0, 5, 1], [5, 4, 7, 0, 6, 4, 1, 0], [1, 0, 1, 3, 1, 6, 6, 2], [1, 6, 0, 7, 1, 3, 0, 0], [1, 1, 7, 0, 1, 1, 2, 5], [4, 1, 7, 4, 4, 3, 0, 1], [2, 0, 1, 5, 0, 4, 1, 1], [1, 0, 0, 0, 1, 0, 7, 2], [4, 0, 1, 5, 2, 3, 0, 2], [6, 6, 7, 3, 1, 5, 4, 6]], "control": {"col_treasures": 4, "solution_length": 23}, "info": {"regions": 1, "players": 7, "exits": 8, "layout": 42, "heuristic": -1, "solution": [], "content": [[6, 1, 6, 4, 2, 4, 5, 7], [5, 0, 5, 7, 1, 6, 3, 0], [7, 3, 1, 4, 3, 0, 5, 1], [5, 4, 7, 0, 6, 4, 1, 0], [1, 0, 1, 3, 1, 6, 6, 2], [1, 6, 0, 7, 1, 3, 0, 0], [1, 1, 7, 0, 1, 1, 2, 5], [4, 1, 7, 4, 4, 3, 0, 1], [2, 0, 1, 5, 0, 4, 1, 1], [1, 0, 0, 0, 1, 0, 7, 2], [4, 0, 1, 5, 2, 3, 0, 2], [6, 6, 7, 3, 1, 5, 4, 6]], "potions": 11, "treasures": 9, "enemies": 19, "solution_length": 0, "enemies_loc": [[0, 0], [2, 0], [7, 0], [3, 1], [5, 1], [0, 2], [2, 3], [4, 3], [5, 4], [6, 4], [1, 5], [3, 5], [2, 6], [2, 7], [6, 9], [0, 11], [1, 11], [2, 11], [7, 11]]}, "quality": 0.31587719295722855, "diversity": 0.361150559721236, "controlability": 0.0}