{"content": [[1, 1, 1, 6, 7, 1, 5, 0], [6, 0, 0, 5, 1, 0, 7, 5], [0, 0, 4, 1, 0, 1, 5, 6], [0, 5, 7, 0, 7, 1, 6, 5], [6, 0, 1, 1, 3, 6, 7, 0], [1, 7, 0, 7, 1, 6, 5, 5], [1, 5, 6, 7, 5, 7, 3, 5], [5, 0, 6, 0, 7, 1, 7, 4], [5, 0, 5, 5, 5, 0, 6, 1], [5, 0, 7, 7, 0, 6, 7, 1], [5, 0, 1, 1, 5, 6, 0, 1], [0, 6, 2, 7, 0, 7, 1, 1]], "control": {"col_treasures": 18, "solution_length": 45}, "info": {"regions": 1, "players": 1, "exits": 2, "layout": 43, "heuristic": -1, "solution": [], "content": [[1, 1, 1, 6, 7, 1, 5, 0], [6, 0, 0, 5, 1, 0, 7, 5], [0, 0, 4, 1, 0, 1, 5, 6], [0, 5, 7, 0, 7, 1, 6, 5], [6, 0, 1, 1, 3, 6, 7, 0], [1, 7, 0, 7, 1, 6, 5, 5], [1, 5, 6, 7, 5, 7, 3, 5], [5, 0, 6, 0, 7, 1, 7, 4], [5, 0, 5, 5, 5, 0, 6, 1], [5, 0, 7, 7, 0, 6, 7, 1], [5, 0, 1, 1, 5, 6, 0, 1], [0, 6, 2, 7, 0, 7, 1, 1]], "potions": 2, "treasures": 19, "enemies": 29, "solution_length": 0, "enemies_loc": [[3, 0], [4, 0], [0, 1], [6, 1], [7, 2], [2, 3], [4, 3], [6, 3], [0, 4], [5, 4], [6, 4], [1, 5], [3, 5], [5, 5], [2, 6], [3, 6], [5, 6], [2, 7], [4, 7], [6, 7], [6, 8], [2, 9], [3, 9], [5, 9], [6, 9], [5, 10], [1, 11], [3, 11], [5, 11]]}, "quality": 0.3256871344835382, "diversity": 0.2964409655056425, "controlability": 0.0}