{"content": [[1, 1, 1, 1, 7, 4, 7, 1], [0, 2, 0, 6, 0, 7, 1, 0], [0, 0, 0, 4, 1, 6, 6, 1], [0, 5, 1, 0, 4, 7, 6, 0], [6, 7, 1, 6, 6, 1, 6, 6], [1, 5, 0, 1, 5, 0, 0, 2], [0, 0, 6, 1, 1, 7, 0, 5], [7, 0, 0, 0, 5, 0, 1, 1], [4, 7, 1, 1, 0, 4, 0, 1], [1, 0, 1, 7, 6, 4, 1, 6], [6, 3, 2, 1, 7, 0, 0, 1], [4, 0, 1, 6, 7, 1, 0, 4]], "control": {"col_treasures": 8, "solution_length": 30}, "info": {"regions": 1, "players": 3, "exits": 1, "layout": 54, "heuristic": -1, "solution": [], "content": [[1, 1, 1, 1, 7, 4, 7, 1], [0, 2, 0, 6, 0, 7, 1, 0], [0, 0, 0, 4, 1, 6, 6, 1], [0, 5, 1, 0, 4, 7, 6, 0], [6, 7, 1, 6, 6, 1, 6, 6], [1, 5, 0, 1, 5, 0, 0, 2], [0, 0, 6, 1, 1, 7, 0, 5], [7, 0, 0, 0, 5, 0, 1, 1], [4, 7, 1, 1, 0, 4, 0, 1], [1, 0, 1, 7, 6, 4, 1, 6], [6, 3, 2, 1, 7, 0, 0, 1], [4, 0, 1, 6, 7, 1, 0, 4]], "potions": 8, "treasures": 5, "enemies": 25, "solution_length": 0, "enemies_loc": [[4, 0], [6, 0], [3, 1], [5, 1], [5, 2], [6, 2], [5, 3], [6, 3], [0, 4], [1, 4], [3, 4], [4, 4], [6, 4], [7, 4], [2, 6], [5, 6], [0, 7], [1, 8], [3, 9], [4, 9], [7, 9], [0, 10], [4, 10], [3, 11], [4, 11]]}, "quality": 0.3319298245545337, "diversity": 0.8893594547305289, "controlability": 0.0}