{"content": [[1, 5, 5, 5, 7, 1, 4, 4], [3, 0, 4, 0, 1, 7, 5, 6], [0, 0, 6, 1, 4, 7, 7, 1], [0, 3, 7, 5, 0, 7, 6, 7], [1, 7, 6, 6, 6, 0, 7, 7], [1, 7, 0, 5, 7, 7, 1, 5], [6, 5, 4, 7, 0, 0, 6, 1], [7, 0, 1, 0, 7, 0, 0, 1], [6, 7, 4, 4, 7, 4, 4, 6], [4, 1, 1, 5, 6, 0, 1, 3], [4, 7, 6, 4, 4, 6, 0, 4], [5, 5, 2, 6, 6, 0, 4, 7]], "control": {"col_treasures": 18, "solution_length": 45}, "info": {"regions": 1, "players": 1, "exits": 3, "layout": 31, "heuristic": -1, "solution": [], "content": [[1, 5, 5, 5, 7, 1, 4, 4], [3, 0, 4, 0, 1, 7, 5, 6], [0, 0, 6, 1, 4, 7, 7, 1], [0, 3, 7, 5, 0, 7, 6, 7], [1, 7, 6, 6, 6, 0, 7, 7], [1, 7, 0, 5, 7, 7, 1, 5], [6, 5, 4, 7, 0, 0, 6, 1], [7, 0, 1, 0, 7, 0, 0, 1], [6, 7, 4, 4, 7, 4, 4, 6], [4, 1, 1, 5, 6, 0, 1, 3], [4, 7, 6, 4, 4, 6, 0, 4], [5, 5, 2, 6, 6, 0, 4, 7]], "potions": 15, "treasures": 11, "enemies": 35, "solution_length": 0, "enemies_loc": [[4, 0], [5, 1], [7, 1], [2, 2], [5, 2], [6, 2], [2, 3], [5, 3], [6, 3], [7, 3], [1, 4], [2, 4], [3, 4], [4, 4], [6, 4], [7, 4], [1, 5], [4, 5], [5, 5], [0, 6], [3, 6], [6, 6], [0, 7], [4, 7], [0, 8], [1, 8], [4, 8], [7, 8], [4, 9], [1, 10], [2, 10], [5, 10], [3, 11], [4, 11], [7, 11]]}, "quality": 0.3083187134344527, "diversity": 0.379261356427557, "controlability": 0.0}