{"content": [[1, 1, 4, 0, 0, 1, 5, 5], [1, 0, 5, 5, 1, 1, 4, 1], [0, 0, 5, 4, 5, 1, 6, 7], [0, 5, 5, 0, 0, 1, 1, 5], [1, 4, 1, 0, 6, 1, 7, 0], [1, 7, 5, 0, 1, 7, 1, 4], [0, 1, 4, 0, 0, 0, 0, 5], [0, 0, 1, 0, 7, 0, 0, 3], [4, 0, 1, 5, 5, 4, 1, 4], [1, 1, 1, 7, 0, 4, 7, 6], [5, 4, 1, 1, 5, 1, 4, 4], [0, 0, 2, 0, 3, 7, 4, 1]], "control": {"col_treasures": 18, "solution_length": 45}, "info": {"regions": 1, "players": 1, "exits": 2, "layout": 53, "heuristic": -1, "solution": [], "content": [[1, 1, 4, 0, 0, 1, 5, 5], [1, 0, 5, 5, 1, 1, 4, 1], [0, 0, 5, 4, 5, 1, 6, 7], [0, 5, 5, 0, 0, 1, 1, 5], [1, 4, 1, 0, 6, 1, 7, 0], [1, 7, 5, 0, 1, 7, 1, 4], [0, 1, 4, 0, 0, 0, 0, 5], [0, 0, 1, 0, 7, 0, 0, 3], [4, 0, 1, 5, 5, 4, 1, 4], [1, 1, 1, 7, 0, 4, 7, 6], [5, 4, 1, 1, 5, 1, 4, 4], [0, 0, 2, 0, 3, 7, 4, 1]], "potions": 14, "treasures": 15, "enemies": 11, "solution_length": 0, "enemies_loc": [[6, 2], [7, 2], [4, 4], [6, 4], [1, 5], [5, 5], [4, 7], [3, 9], [6, 9], [7, 9], [5, 11]]}, "quality": 0.3326315789404248, "diversity": 0.2801010963062962, "controlability": 0.0}