{"content": {"layout": [15, 9, 10, 8, 13, 15, 15, 15, 12, 12, 14, 15, 2, 14, 5, 5], "start": 3, "boss": 12, "shop": 12, "treasure": 15}, "control": {"map_size": 11}, "info": {"map_size": 16, "num_regions": 1, "connect_regions": 3, "loose_connections": 15, "locations": 3, "player_boss_distance": 10, "flat": [0, 2, 0, 0, 0, 0, 0, 2, 0, 0, 0, 0, 2, 1, 2, 2, 1, 0, 0, 1, 0, 0, 1, 0, 0, 2, 0, 0, 2, 0, 0, 2, 0, 0, 2, 0, 0, 0, 0, 0, 2, 0, 0, 2, 0, 0, 2, 0, 2, 1, 2, 2, 1, 2, 2, 1, 2, 2, 1, 2, 0, 2, 0, 0, 2, 0, 0, 2, 0, 0, 2, 0, 0, 0, 0, 0, 0, 0, 0, 2, 0, 0, 2, 0, 0, 1, 2, 0, 1, 2, 0, 1, 2, 2, 1, 2, 0, 2, 0, 0, 2, 0, 0, 2, 0, 0, 2, 0, 0, 2, 0, 0, 2, 0, 0, 0, 0, 0, 0, 0, 0, 1, 0, 0, 1, 2, 2, 1, 2, 2, 1, 2, 0, 0, 0, 0, 2, 0, 0, 0, 0, 0, 0, 0], "dead_end": 2}, "quality": 0.5799999999133333, "diversity": 0.1308210771864149, "controlability": 1.0}