{"content": {"layout": [15, 9, 15, 5, 13, 15, 15, 0, 13, 15, 13, 3, 2, 14, 5, 5], "start": 3, "boss": 12, "shop": 6, "treasure": 0}, "control": {"map_size": 11}, "info": {"map_size": 15, "num_regions": 1, "connect_regions": 1, "loose_connections": 15, "locations": 4, "player_boss_distance": 10, "flat": [0, 2, 0, 0, 0, 0, 0, 2, 0, 0, 0, 0, 2, 1, 2, 2, 1, 0, 2, 1, 2, 2, 1, 2, 0, 2, 0, 0, 2, 0, 0, 2, 0, 0, 0, 0, 0, 0, 0, 0, 2, 0, 0, 2, 0, 0, 0, 0, 2, 1, 2, 2, 1, 2, 2, 1, 2, 0, 0, 0, 0, 2, 0, 0, 2, 0, 0, 2, 0, 0, 0, 0, 0, 0, 0, 0, 2, 0, 0, 0, 0, 0, 2, 0, 2, 1, 2, 2, 1, 2, 2, 1, 2, 2, 1, 0, 0, 2, 0, 0, 2, 0, 0, 2, 0, 0, 0, 0, 0, 2, 0, 0, 2, 0, 0, 0, 0, 0, 0, 0, 0, 1, 0, 0, 1, 2, 2, 1, 2, 2, 1, 2, 0, 0, 0, 0, 2, 0, 0, 0, 0, 0, 0, 0], "dead_end": 1}, "quality": 0.9062499999960938, "diversity": 0.4024003561124794, "controlability": 1.0}