{"content": {"layout": [12, 15, 5, 14, 1, 4, 15, 5, 12, 11, 3, 13, 10, 14, 0, 0], "start": 3, "boss": 0, "shop": 8, "treasure": 13}, "control": {"map_size": 14}, "info": {"map_size": 14, "num_regions": 1, "connect_regions": 6, "loose_connections": 18, "locations": 4, "player_boss_distance": -1, "flat": [0, 0, 0, 0, 2, 0, 0, 0, 0, 0, 2, 0, 0, 1, 2, 2, 1, 2, 2, 1, 2, 0, 1, 2, 0, 2, 0, 0, 2, 0, 0, 0, 0, 0, 2, 0, 0, 0, 0, 0, 0, 0, 0, 2, 0, 0, 0, 0, 2, 1, 0, 0, 1, 2, 2, 1, 2, 2, 1, 2, 0, 0, 0, 0, 0, 0, 0, 2, 0, 0, 0, 0, 0, 0, 0, 0, 2, 0, 0, 2, 0, 0, 0, 0, 0, 1, 2, 2, 1, 0, 2, 1, 0, 2, 1, 2, 0, 2, 0, 0, 2, 0, 0, 0, 0, 0, 2, 0, 0, 2, 0, 0, 2, 0, 0, 0, 0, 0, 0, 0, 0, 1, 0, 0, 1, 2, 0, 0, 0, 0, 0, 0, 0, 2, 0, 0, 2, 0, 0, 0, 0, 0, 0, 0], "dead_end": 0}, "quality": 0.5499999999333333, "diversity": 0.9947916581108942, "controlability": 0.49999999921875}