{"content": [[1, 1, 0, 0, 1, 1, 1, 1, 0, 1, 1, 0, 0, 1], [0, 1, 0, 0, 1, 0, 1, 0, 0, 0, 1, 1, 1, 1], [1, 1, 1, 1, 1, 0, 1, 1, 1, 1, 0, 1, 1, 0], [0, 1, 1, 1, 1, 0, 0, 0, 0, 0, 0, 1, 0, 1], [0, 0, 1, 0, 1, 0, 1, 0, 1, 1, 1, 1, 0, 0], [0, 1, 1, 1, 0, 1, 1, 1, 1, 1, 1, 1, 1, 0], [1, 1, 0, 1, 1, 1, 0, 0, 0, 1, 0, 0, 0, 0], [1, 1, 0, 1, 0, 1, 1, 0, 1, 0, 1, 1, 1, 0], [1, 1, 1, 0, 0, 1, 0, 0, 1, 1, 1, 0, 1, 0], [1, 0, 1, 0, 0, 1, 1, 1, 0, 0, 1, 0, 1, 1], [0, 0, 1, 1, 1, 1, 1, 0, 1, 0, 1, 1, 1, 1], [0, 1, 1, 0, 0, 0, 1, 1, 1, 1, 1, 0, 1, 1], [1, 1, 1, 0, 1, 1, 0, 1, 1, 1, 1, 1, 0, 0], [0, 0, 1, 0, 1, 1, 1, 1, 0, 0, 1, 1, 0, 1]], "control": {"path": 92}, "info": {"path": 34, "regions": 3, "flat": [1, 1, 0, 0, 1, 1, 1, 1, 0, 1, 1, 0, 0, 1, 0, 1, 0, 0, 1, 0, 1, 0, 0, 0, 1, 1, 1, 1, 1, 1, 1, 1, 1, 0, 1, 1, 1, 1, 0, 1, 1, 0, 0, 1, 1, 1, 1, 0, 0, 0, 0, 0, 0, 1, 0, 1, 0, 0, 1, 0, 1, 0, 1, 0, 1, 1, 1, 1, 0, 0, 0, 1, 1, 1, 0, 1, 1, 1, 1, 1, 1, 1, 1, 0, 1, 1, 0, 1, 1, 1, 0, 0, 0, 1, 0, 0, 0, 0, 1, 1, 0, 1, 0, 1, 1, 0, 1, 0, 1, 1, 1, 0, 1, 1, 1, 0, 0, 1, 0, 0, 1, 1, 1, 0, 1, 0, 1, 0, 1, 0, 0, 1, 1, 1, 0, 0, 1, 0, 1, 1, 0, 0, 1, 1, 1, 1, 1, 0, 1, 0, 1, 1, 1, 1, 0, 1, 1, 0, 0, 0, 1, 1, 1, 1, 1, 0, 1, 1, 1, 1, 1, 0, 1, 1, 0, 1, 1, 1, 1, 1, 0, 0, 0, 0, 1, 0, 1, 1, 1, 1, 0, 0, 1, 1, 0, 1]}, "quality": 0.9462365588998728, "diversity": 0.9547193876652144, "controlability": 0.3999999999529412}