{"content": [[0, 1, 1, 0, 0, 1, 0, 1, 1, 0, 0, 0, 1, 1], [0, 1, 0, 1, 1, 0, 0, 1, 1, 1, 1, 1, 0, 1], [1, 1, 0, 1, 0, 1, 1, 0, 1, 0, 0, 0, 1, 1], [0, 1, 1, 1, 0, 1, 1, 1, 1, 0, 1, 0, 1, 1], [0, 0, 1, 1, 0, 1, 1, 1, 1, 1, 1, 0, 1, 0], [1, 1, 1, 1, 0, 1, 1, 1, 0, 0, 1, 0, 1, 0], [0, 1, 0, 1, 1, 1, 1, 1, 0, 0, 1, 1, 1, 1], [0, 0, 1, 1, 0, 0, 1, 0, 0, 0, 1, 1, 1, 1], [1, 0, 0, 0, 0, 1, 0, 1, 1, 1, 0, 0, 1, 0], [1, 1, 1, 1, 1, 1, 1, 1, 1, 1, 1, 0, 1, 0], [1, 0, 0, 0, 1, 1, 1, 0, 1, 0, 0, 0, 1, 0], [0, 0, 0, 0, 1, 1, 1, 0, 0, 1, 0, 0, 1, 0], [0, 0, 1, 1, 0, 0, 1, 1, 0, 1, 0, 1, 1, 0], [0, 0, 0, 0, 0, 1, 1, 1, 1, 1, 1, 1, 0, 0]], "control": {"path": 62}, "info": {"path": 46, "regions": 3, "flat": [0, 1, 1, 0, 0, 1, 0, 1, 1, 0, 0, 0, 1, 1, 0, 1, 0, 1, 1, 0, 0, 1, 1, 1, 1, 1, 0, 1, 1, 1, 0, 1, 0, 1, 1, 0, 1, 0, 0, 0, 1, 1, 0, 1, 1, 1, 0, 1, 1, 1, 1, 0, 1, 0, 1, 1, 0, 0, 1, 1, 0, 1, 1, 1, 1, 1, 1, 0, 1, 0, 1, 1, 1, 1, 0, 1, 1, 1, 0, 0, 1, 0, 1, 0, 0, 1, 0, 1, 1, 1, 1, 1, 0, 0, 1, 1, 1, 1, 0, 0, 1, 1, 0, 0, 1, 0, 0, 0, 1, 1, 1, 1, 1, 0, 0, 0, 0, 1, 0, 1, 1, 1, 0, 0, 1, 0, 1, 1, 1, 1, 1, 1, 1, 1, 1, 1, 1, 0, 1, 0, 1, 0, 0, 0, 1, 1, 1, 0, 1, 0, 0, 0, 1, 0, 0, 0, 0, 0, 1, 1, 1, 0, 0, 1, 0, 0, 1, 0, 0, 0, 1, 1, 0, 0, 1, 1, 0, 1, 0, 1, 1, 0, 0, 0, 0, 0, 0, 1, 1, 1, 1, 1, 1, 1, 0, 0]}, "quality": 0.9462365588998728, "diversity": 0.8391326529567433, "controlability": 0.8363636362115703}