{"content": [[1, 1, 0, 0, 0, 1, 1, 1, 0, 0, 0, 0, 1, 1], [0, 1, 1, 1, 1, 0, 0, 1, 1, 1, 1, 1, 1, 1], [1, 0, 1, 1, 0, 0, 1, 1, 1, 1, 1, 1, 0, 1], [0, 1, 1, 1, 1, 0, 1, 1, 1, 1, 0, 0, 0, 0], [1, 1, 1, 1, 1, 1, 1, 0, 1, 0, 0, 0, 1, 0], [1, 1, 1, 1, 1, 1, 1, 1, 1, 1, 0, 1, 1, 0], [0, 1, 1, 1, 0, 1, 0, 0, 1, 0, 0, 0, 0, 0], [1, 0, 1, 1, 0, 1, 1, 0, 1, 0, 1, 1, 1, 1], [0, 0, 1, 0, 0, 1, 1, 1, 0, 1, 0, 0, 1, 0], [1, 1, 1, 0, 1, 1, 1, 1, 1, 0, 1, 1, 1, 1], [1, 1, 1, 1, 1, 1, 0, 0, 1, 1, 1, 0, 0, 0], [0, 1, 0, 1, 1, 0, 1, 0, 0, 1, 0, 1, 1, 1], [1, 1, 1, 0, 1, 0, 0, 1, 1, 1, 1, 1, 1, 1], [1, 0, 0, 1, 1, 1, 1, 1, 0, 0, 1, 1, 0, 0]], "control": {"path": 62}, "info": {"path": 30, "regions": 6, "flat": [1, 1, 0, 0, 0, 1, 1, 1, 0, 0, 0, 0, 1, 1, 0, 1, 1, 1, 1, 0, 0, 1, 1, 1, 1, 1, 1, 1, 1, 0, 1, 1, 0, 0, 1, 1, 1, 1, 1, 1, 0, 1, 0, 1, 1, 1, 1, 0, 1, 1, 1, 1, 0, 0, 0, 0, 1, 1, 1, 1, 1, 1, 1, 0, 1, 0, 0, 0, 1, 0, 1, 1, 1, 1, 1, 1, 1, 1, 1, 1, 0, 1, 1, 0, 0, 1, 1, 1, 0, 1, 0, 0, 1, 0, 0, 0, 0, 0, 1, 0, 1, 1, 0, 1, 1, 0, 1, 0, 1, 1, 1, 1, 0, 0, 1, 0, 0, 1, 1, 1, 0, 1, 0, 0, 1, 0, 1, 1, 1, 0, 1, 1, 1, 1, 1, 0, 1, 1, 1, 1, 1, 1, 1, 1, 1, 1, 0, 0, 1, 1, 1, 0, 0, 0, 0, 1, 0, 1, 1, 0, 1, 0, 0, 1, 0, 1, 1, 1, 1, 1, 1, 0, 1, 0, 0, 1, 1, 1, 1, 1, 1, 1, 1, 0, 0, 1, 1, 1, 1, 1, 0, 0, 1, 1, 0, 0]}, "quality": 0.8655913976529078, "diversity": 1.0, "controlability": 0.5454545453553719}