{"content": [[1, 1, 1, 0, 1, 1, 1, 1, 0, 0, 0, 0, 1, 1], [0, 1, 1, 1, 1, 0, 0, 1, 1, 1, 1, 1, 0, 1], [1, 0, 1, 1, 0, 0, 1, 1, 1, 1, 1, 0, 1, 1], [1, 1, 0, 1, 1, 0, 0, 1, 0, 0, 0, 1, 0, 1], [1, 0, 0, 1, 0, 1, 1, 1, 1, 0, 0, 1, 1, 1], [1, 1, 1, 1, 0, 1, 1, 1, 1, 1, 1, 1, 0, 0], [0, 1, 1, 1, 1, 1, 1, 0, 1, 0, 0, 0, 1, 1], [1, 1, 0, 1, 0, 1, 1, 0, 1, 0, 1, 1, 1, 1], [1, 1, 1, 0, 0, 1, 1, 0, 1, 1, 0, 0, 1, 0], [1, 0, 1, 1, 0, 1, 1, 1, 1, 0, 1, 1, 1, 1], [0, 1, 1, 1, 1, 1, 1, 0, 1, 1, 1, 0, 0, 0], [0, 1, 0, 0, 1, 0, 1, 0, 0, 0, 1, 1, 1, 0], [1, 1, 1, 0, 1, 0, 1, 1, 1, 1, 1, 1, 0, 1], [1, 0, 0, 0, 1, 1, 1, 0, 0, 0, 1, 1, 0, 1]], "control": {"path": 93}, "info": {"path": 27, "regions": 2, "flat": [1, 1, 1, 0, 1, 1, 1, 1, 0, 0, 0, 0, 1, 1, 0, 1, 1, 1, 1, 0, 0, 1, 1, 1, 1, 1, 0, 1, 1, 0, 1, 1, 0, 0, 1, 1, 1, 1, 1, 0, 1, 1, 1, 1, 0, 1, 1, 0, 0, 1, 0, 0, 0, 1, 0, 1, 1, 0, 0, 1, 0, 1, 1, 1, 1, 0, 0, 1, 1, 1, 1, 1, 1, 1, 0, 1, 1, 1, 1, 1, 1, 1, 0, 0, 0, 1, 1, 1, 1, 1, 1, 0, 1, 0, 0, 0, 1, 1, 1, 1, 0, 1, 0, 1, 1, 0, 1, 0, 1, 1, 1, 1, 1, 1, 1, 0, 0, 1, 1, 0, 1, 1, 0, 0, 1, 0, 1, 0, 1, 1, 0, 1, 1, 1, 1, 0, 1, 1, 1, 1, 0, 1, 1, 1, 1, 1, 1, 0, 1, 1, 1, 0, 0, 0, 0, 1, 0, 0, 1, 0, 1, 0, 0, 0, 1, 1, 1, 0, 1, 1, 1, 0, 1, 0, 1, 1, 1, 1, 1, 1, 0, 1, 1, 0, 0, 0, 1, 1, 1, 0, 0, 0, 1, 1, 0, 1]}, "quality": 0.955261136286191, "diversity": 0.7309344789637862, "controlability": 0.31395348833558684}