{"content": [[1, 1, 1, 0, 1, 1, 0, 1, 0, 1, 0, 0, 0, 1], [0, 1, 0, 1, 1, 0, 0, 0, 1, 1, 1, 1, 1, 1], [1, 1, 1, 1, 1, 0, 1, 0, 1, 1, 0, 1, 1, 1], [0, 1, 1, 0, 0, 0, 1, 1, 0, 0, 1, 1, 1, 1], [1, 1, 1, 0, 1, 1, 1, 0, 1, 1, 0, 0, 0, 1], [1, 1, 1, 1, 1, 1, 1, 1, 1, 1, 1, 1, 1, 0], [0, 1, 0, 1, 1, 1, 0, 0, 1, 0, 0, 0, 1, 0], [0, 1, 1, 1, 0, 1, 1, 0, 1, 1, 0, 1, 1, 1], [1, 0, 1, 0, 0, 1, 1, 0, 1, 1, 1, 0, 1, 0], [1, 1, 1, 0, 1, 1, 1, 1, 0, 0, 1, 0, 1, 1], [0, 0, 1, 0, 1, 1, 1, 0, 0, 1, 0, 0, 1, 0], [0, 1, 0, 0, 1, 1, 1, 0, 0, 1, 1, 0, 1, 1], [0, 1, 1, 0, 0, 1, 0, 1, 1, 1, 0, 1, 0, 1], [0, 0, 1, 0, 1, 1, 1, 1, 0, 1, 1, 1, 0, 0]], "control": {"path": 62}, "info": {"path": 32, "regions": 4, "flat": [1, 1, 1, 0, 1, 1, 0, 1, 0, 1, 0, 0, 0, 1, 0, 1, 0, 1, 1, 0, 0, 0, 1, 1, 1, 1, 1, 1, 1, 1, 1, 1, 1, 0, 1, 0, 1, 1, 0, 1, 1, 1, 0, 1, 1, 0, 0, 0, 1, 1, 0, 0, 1, 1, 1, 1, 1, 1, 1, 0, 1, 1, 1, 0, 1, 1, 0, 0, 0, 1, 1, 1, 1, 1, 1, 1, 1, 1, 1, 1, 1, 1, 1, 0, 0, 1, 0, 1, 1, 1, 0, 0, 1, 0, 0, 0, 1, 0, 0, 1, 1, 1, 0, 1, 1, 0, 1, 1, 0, 1, 1, 1, 1, 0, 1, 0, 0, 1, 1, 0, 1, 1, 1, 0, 1, 0, 1, 1, 1, 0, 1, 1, 1, 1, 0, 0, 1, 0, 1, 1, 0, 0, 1, 0, 1, 1, 1, 0, 0, 1, 0, 0, 1, 0, 0, 1, 0, 0, 1, 1, 1, 0, 0, 1, 1, 0, 1, 1, 0, 1, 1, 0, 0, 1, 0, 1, 1, 1, 0, 1, 0, 1, 0, 0, 1, 0, 1, 1, 1, 1, 0, 1, 1, 1, 0, 0]}, "quality": 0.9193548384842178, "diversity": 0.7531705538416145, "controlability": 0.5818181817123966}