{"content": [[0, 1, 0, 0, 0, 1, 1, 1, 1, 0, 0, 0, 1, 1], [0, 0, 0, 1, 1, 0, 0, 1, 1, 1, 1, 1, 0, 1], [1, 0, 1, 1, 0, 0, 1, 1, 1, 1, 0, 0, 0, 1], [0, 1, 1, 1, 1, 0, 1, 1, 1, 0, 0, 0, 1, 0], [0, 0, 1, 1, 0, 1, 1, 0, 1, 0, 0, 1, 1, 0], [1, 1, 1, 1, 0, 1, 1, 1, 1, 1, 0, 1, 0, 0], [0, 1, 1, 1, 1, 1, 1, 0, 0, 0, 1, 0, 1, 1], [1, 0, 1, 1, 0, 0, 1, 0, 0, 0, 1, 1, 1, 1], [1, 0, 1, 0, 0, 1, 0, 1, 1, 1, 0, 0, 1, 0], [1, 1, 1, 1, 1, 1, 1, 1, 1, 0, 1, 1, 1, 1], [0, 1, 1, 0, 1, 1, 0, 0, 1, 1, 1, 0, 0, 0], [0, 1, 0, 0, 0, 1, 1, 0, 0, 0, 1, 1, 1, 0], [1, 1, 1, 1, 1, 0, 0, 1, 1, 1, 1, 1, 1, 1], [1, 0, 0, 0, 1, 1, 1, 0, 0, 0, 1, 1, 0, 1]], "control": {"path": 62}, "info": {"path": 34, "regions": 5, "flat": [0, 1, 0, 0, 0, 1, 1, 1, 1, 0, 0, 0, 1, 1, 0, 0, 0, 1, 1, 0, 0, 1, 1, 1, 1, 1, 0, 1, 1, 0, 1, 1, 0, 0, 1, 1, 1, 1, 0, 0, 0, 1, 0, 1, 1, 1, 1, 0, 1, 1, 1, 0, 0, 0, 1, 0, 0, 0, 1, 1, 0, 1, 1, 0, 1, 0, 0, 1, 1, 0, 1, 1, 1, 1, 0, 1, 1, 1, 1, 1, 0, 1, 0, 0, 0, 1, 1, 1, 1, 1, 1, 0, 0, 0, 1, 0, 1, 1, 1, 0, 1, 1, 0, 0, 1, 0, 0, 0, 1, 1, 1, 1, 1, 0, 1, 0, 0, 1, 0, 1, 1, 1, 0, 0, 1, 0, 1, 1, 1, 1, 1, 1, 1, 1, 1, 0, 1, 1, 1, 1, 0, 1, 1, 0, 1, 1, 0, 0, 1, 1, 1, 0, 0, 0, 0, 1, 0, 0, 0, 1, 1, 0, 0, 0, 1, 1, 1, 0, 1, 1, 1, 1, 1, 0, 0, 1, 1, 1, 1, 1, 1, 1, 1, 0, 0, 0, 1, 1, 1, 0, 0, 0, 1, 1, 0, 1]}, "quality": 0.8924731180685628, "diversity": 0.8105442175879408, "controlability": 0.6181818180694215}