{"content": [[0, 1, 0, 1, 0, 1, 0, 1, 1, 1, 0, 0, 1, 1], [0, 1, 0, 1, 1, 0, 0, 1, 1, 1, 1, 1, 0, 1], [1, 0, 0, 1, 0, 1, 1, 0, 0, 1, 0, 0, 1, 1], [0, 1, 1, 1, 0, 0, 1, 1, 1, 0, 1, 1, 1, 1], [0, 0, 1, 0, 0, 1, 1, 1, 1, 0, 1, 1, 0, 0], [1, 1, 1, 1, 0, 0, 1, 1, 1, 0, 1, 0, 1, 0], [0, 1, 0, 1, 1, 1, 1, 1, 0, 1, 1, 0, 1, 0], [0, 1, 1, 1, 1, 0, 1, 0, 0, 1, 1, 1, 1, 1], [1, 0, 0, 0, 0, 0, 0, 1, 1, 1, 0, 0, 1, 0], [1, 0, 1, 0, 0, 1, 1, 1, 1, 0, 0, 0, 1, 1], [0, 0, 0, 0, 0, 1, 0, 0, 0, 1, 1, 0, 0, 0], [0, 0, 0, 0, 1, 1, 1, 0, 0, 1, 0, 1, 1, 0], [0, 0, 1, 1, 0, 1, 1, 0, 0, 1, 1, 1, 1, 0], [0, 0, 1, 1, 1, 1, 1, 1, 1, 1, 0, 1, 0, 1]], "control": {"path": 92}, "info": {"path": 31, "regions": 9, "flat": [0, 1, 0, 1, 0, 1, 0, 1, 1, 1, 0, 0, 1, 1, 0, 1, 0, 1, 1, 0, 0, 1, 1, 1, 1, 1, 0, 1, 1, 0, 0, 1, 0, 1, 1, 0, 0, 1, 0, 0, 1, 1, 0, 1, 1, 1, 0, 0, 1, 1, 1, 0, 1, 1, 1, 1, 0, 0, 1, 0, 0, 1, 1, 1, 1, 0, 1, 1, 0, 0, 1, 1, 1, 1, 0, 0, 1, 1, 1, 0, 1, 0, 1, 0, 0, 1, 0, 1, 1, 1, 1, 1, 0, 1, 1, 0, 1, 0, 0, 1, 1, 1, 1, 0, 1, 0, 0, 1, 1, 1, 1, 1, 1, 0, 0, 0, 0, 0, 0, 1, 1, 1, 0, 0, 1, 0, 1, 0, 1, 0, 0, 1, 1, 1, 1, 0, 0, 0, 1, 1, 0, 0, 0, 0, 0, 1, 0, 0, 0, 1, 1, 0, 0, 0, 0, 0, 0, 0, 1, 1, 1, 0, 0, 1, 0, 1, 1, 0, 0, 0, 1, 1, 0, 1, 1, 0, 0, 1, 1, 1, 1, 0, 0, 0, 1, 1, 1, 1, 1, 1, 1, 1, 0, 1, 0, 1]}, "quality": 0.784946236405943, "diversity": 0.9205994896944389, "controlability": 0.36470588231003465}