{"content": [[6, 1, 1, 5, 0, 5, 5, 5], [5, 0, 0, 5, 1, 7, 6, 7], [0, 6, 1, 1, 5, 1, 2, 7], [7, 5, 1, 0, 0, 7, 7, 4], [1, 0, 1, 0, 3, 4, 7, 0], [1, 6, 5, 0, 1, 7, 0, 4], [1, 5, 4, 1, 0, 7, 1, 5], [5, 0, 4, 0, 7, 0, 6, 1], [5, 0, 1, 5, 5, 4, 6, 1], [1, 0, 6, 7, 0, 4, 7, 0], [5, 0, 1, 1, 7, 1, 0, 1], [5, 5, 2, 0, 0, 7, 1, 1]], "control": {"col_treasures": 18, "solution_length": 45}, "info": {"regions": 1, "players": 2, "exits": 1, "layout": 47, "heuristic": -1, "solution": [], "content": [[6, 1, 1, 5, 0, 5, 5, 5], [5, 0, 0, 5, 1, 7, 6, 7], [0, 6, 1, 1, 5, 1, 2, 7], [7, 5, 1, 0, 0, 7, 7, 4], [1, 0, 1, 0, 3, 4, 7, 0], [1, 6, 5, 0, 1, 7, 0, 4], [1, 5, 4, 1, 0, 7, 1, 5], [5, 0, 4, 0, 7, 0, 6, 1], [5, 0, 1, 5, 5, 4, 6, 1], [1, 0, 6, 7, 0, 4, 7, 0], [5, 0, 1, 1, 7, 1, 0, 1], [5, 5, 2, 0, 0, 7, 1, 1]], "potions": 7, "treasures": 18, "enemies": 21, "solution_length": 0, "enemies_loc": [[0, 0], [5, 1], [6, 1], [7, 1], [1, 2], [7, 2], [0, 3], [5, 3], [6, 3], [6, 4], [1, 5], [5, 5], [5, 6], [4, 7], [6, 7], [6, 8], [2, 9], [3, 9], [6, 9], [4, 10], [5, 11]]}, "quality": 0.3312426900379363, "diversity": 0.2987268449392363, "controlability": 0.0}