{"content": [[1, 1, 7, 1, 0, 1, 5, 6], [5, 5, 5, 1, 1, 7, 0, 0], [6, 0, 6, 3, 4, 6, 0, 1], [0, 5, 7, 5, 0, 7, 4, 7], [1, 7, 7, 1, 1, 1, 7, 6], [1, 4, 0, 0, 0, 0, 1, 7], [0, 4, 5, 1, 0, 1, 6, 1], [6, 0, 1, 0, 7, 0, 0, 1], [6, 6, 4, 5, 4, 4, 4, 1], [5, 5, 1, 5, 1, 4, 1, 1], [0, 5, 6, 1, 4, 0, 0, 4], [5, 5, 2, 4, 4, 0, 1, 1]], "control": {"col_treasures": 18, "solution_length": 45}, "info": {"regions": 1, "players": 1, "exits": 1, "layout": 47, "heuristic": 134, "solution": [], "content": [[1, 1, 7, 1, 0, 1, 5, 6], [5, 5, 5, 1, 1, 7, 0, 0], [6, 0, 6, 3, 4, 6, 0, 1], [0, 5, 7, 5, 0, 7, 4, 7], [1, 7, 7, 1, 1, 1, 7, 6], [1, 4, 0, 0, 0, 0, 1, 7], [0, 4, 5, 1, 0, 1, 6, 1], [6, 0, 1, 0, 7, 0, 0, 1], [6, 6, 4, 5, 4, 4, 4, 1], [5, 5, 1, 5, 1, 4, 1, 1], [0, 5, 6, 1, 4, 0, 0, 4], [5, 5, 2, 4, 4, 0, 1, 1]], "potions": 13, "treasures": 14, "enemies": 20, "solution_length": 0, "enemies_loc": [[2, 0], [7, 0], [5, 1], [0, 2], [2, 2], [5, 2], [2, 3], [5, 3], [7, 3], [1, 4], [2, 4], [6, 4], [7, 4], [7, 5], [6, 6], [0, 7], [4, 7], [0, 8], [1, 8], [2, 10]], "status": "running", "health": 5, "col_treasures": 6, "col_potions": 0, "col_enemies": 0}, "quality": 0.4961877893380741, "diversity": 1.0, "controlability": 0.21428571413265304}