{"content": [[1, 1, 1, 5, 0, 1, 5, 5], [5, 0, 5, 5, 1, 7, 6, 1], [0, 1, 4, 1, 5, 1, 6, 1], [0, 5, 1, 1, 0, 7, 1, 0], [1, 0, 1, 0, 3, 1, 7, 0], [1, 7, 5, 0, 1, 5, 1, 4], [1, 5, 4, 1, 0, 0, 1, 5], [5, 0, 0, 0, 7, 0, 0, 1], [5, 0, 1, 5, 5, 4, 1, 4], [4, 0, 1, 7, 0, 4, 7, 6], [5, 0, 1, 1, 7, 6, 2, 1], [0, 4, 2, 0, 2, 7, 0, 5]], "control": {"col_treasures": 18, "solution_length": 45}, "info": {"regions": 1, "players": 3, "exits": 1, "layout": 53, "heuristic": -1, "solution": [], "content": [[1, 1, 1, 5, 0, 1, 5, 5], [5, 0, 5, 5, 1, 7, 6, 1], [0, 1, 4, 1, 5, 1, 6, 1], [0, 5, 1, 1, 0, 7, 1, 0], [1, 0, 1, 0, 3, 1, 7, 0], [1, 7, 5, 0, 1, 5, 1, 4], [1, 5, 4, 1, 0, 0, 1, 5], [5, 0, 0, 0, 7, 0, 0, 1], [5, 0, 1, 5, 5, 4, 1, 4], [4, 0, 1, 7, 0, 4, 7, 6], [5, 0, 1, 1, 7, 6, 2, 1], [0, 4, 2, 0, 2, 7, 0, 5]], "potions": 8, "treasures": 18, "enemies": 13, "solution_length": 0, "enemies_loc": [[5, 1], [6, 1], [6, 2], [5, 3], [6, 4], [1, 5], [4, 7], [3, 9], [6, 9], [7, 9], [4, 10], [5, 10], [5, 11]]}, "quality": 0.3319298245545337, "diversity": 0.3088400830447636, "controlability": 0.0}