{"content": [[1, 1, 7, 1, 6, 5, 5, 7], [5, 2, 0, 5, 1, 7, 6, 1], [0, 5, 5, 4, 0, 6, 5, 1], [7, 5, 7, 6, 0, 7, 1, 0], [1, 7, 6, 0, 1, 3, 7, 2], [1, 1, 1, 1, 1, 7, 7, 0], [1, 5, 5, 7, 0, 1, 0, 5], [4, 0, 7, 0, 7, 0, 4, 1], [5, 0, 1, 5, 5, 4, 0, 2], [1, 0, 7, 0, 0, 1, 1, 0], [2, 0, 6, 1, 7, 6, 0, 1], [3, 5, 6, 0, 7, 1, 1, 1]], "control": {"col_treasures": 18, "solution_length": 45}, "info": {"regions": 2, "players": 4, "exits": 2, "layout": 47, "heuristic": -1, "solution": [], "content": [[1, 1, 7, 1, 6, 5, 5, 7], [5, 2, 0, 5, 1, 7, 6, 1], [0, 5, 5, 4, 0, 6, 5, 1], [7, 5, 7, 6, 0, 7, 1, 0], [1, 7, 6, 0, 1, 3, 7, 2], [1, 1, 1, 1, 1, 7, 7, 0], [1, 5, 5, 7, 0, 1, 0, 5], [4, 0, 7, 0, 7, 0, 4, 1], [5, 0, 1, 5, 5, 4, 0, 2], [1, 0, 7, 0, 0, 1, 1, 0], [2, 0, 6, 1, 7, 6, 0, 1], [3, 5, 6, 0, 7, 1, 1, 1]], "potions": 4, "treasures": 15, "enemies": 24, "solution_length": 0, "enemies_loc": [[2, 0], [4, 0], [7, 0], [5, 1], [6, 1], [5, 2], [0, 3], [2, 3], [3, 3], [5, 3], [1, 4], [2, 4], [6, 4], [5, 5], [6, 5], [3, 6], [2, 7], [4, 7], [2, 9], [2, 10], [4, 10], [5, 10], [2, 11], [4, 11]]}, "quality": 0.32138548882024404, "diversity": 0.3735532327907988, "controlability": 0.0}