{"content": [[1, 1, 1, 1, 6, 5, 5, 7], [5, 0, 5, 5, 6, 1, 4, 0], [0, 6, 4, 4, 4, 1, 2, 1], [0, 5, 1, 6, 0, 1, 0, 5], [6, 5, 1, 6, 6, 1, 7, 5], [1, 3, 4, 0, 1, 7, 0, 3], [0, 0, 1, 4, 0, 7, 1, 6], [4, 0, 4, 0, 7, 4, 5, 1], [4, 0, 1, 0, 5, 4, 1, 1], [6, 0, 7, 5, 4, 4, 1, 0], [6, 0, 4, 1, 4, 6, 0, 0], [0, 0, 6, 6, 2, 1, 1, 1]], "control": {"col_treasures": 8, "solution_length": 30}, "info": {"regions": 2, "players": 2, "exits": 2, "layout": 46, "heuristic": -1, "solution": [], "content": [[1, 1, 1, 1, 6, 5, 5, 7], [5, 0, 5, 5, 6, 1, 4, 0], [0, 6, 4, 4, 4, 1, 2, 1], [0, 5, 1, 6, 0, 1, 0, 5], [6, 5, 1, 6, 6, 1, 7, 5], [1, 3, 4, 0, 1, 7, 0, 3], [0, 0, 1, 4, 0, 7, 1, 6], [4, 0, 4, 0, 7, 4, 5, 1], [4, 0, 1, 0, 5, 4, 1, 1], [6, 0, 7, 5, 4, 4, 1, 0], [6, 0, 4, 1, 4, 6, 0, 0], [0, 0, 6, 6, 2, 1, 1, 1]], "potions": 15, "treasures": 12, "enemies": 19, "solution_length": 0, "enemies_loc": [[4, 0], [7, 0], [4, 1], [1, 2], [3, 3], [0, 4], [3, 4], [4, 4], [6, 4], [5, 5], [5, 6], [7, 6], [4, 7], [0, 9], [2, 9], [0, 10], [5, 10], [2, 11], [3, 11]]}, "quality": 0.32140010870342656, "diversity": 0.3834134538762022, "controlability": 0.0}