{"content": [[1, 1, 1, 1, 0, 5, 5, 2], [5, 0, 5, 5, 1, 1, 4, 5], [0, 5, 4, 4, 4, 1, 2, 1], [0, 2, 1, 0, 0, 1, 0, 0], [6, 0, 1, 6, 6, 1, 7, 0], [1, 6, 4, 2, 1, 7, 1, 3], [0, 0, 3, 4, 0, 7, 1, 6], [4, 0, 4, 0, 7, 4, 1, 1], [5, 0, 1, 0, 5, 4, 1, 1], [1, 7, 1, 5, 0, 4, 1, 0], [2, 0, 4, 1, 4, 1, 0, 0], [0, 0, 7, 6, 7, 1, 1, 1]], "control": {"col_treasures": 18, "solution_length": 45}, "info": {"regions": 1, "players": 5, "exits": 2, "layout": 53, "heuristic": -1, "solution": [], "content": [[1, 1, 1, 1, 0, 5, 5, 2], [5, 0, 5, 5, 1, 1, 4, 5], [0, 5, 4, 4, 4, 1, 2, 1], [0, 2, 1, 0, 0, 1, 0, 0], [6, 0, 1, 6, 6, 1, 7, 0], [1, 6, 4, 2, 1, 7, 1, 3], [0, 0, 3, 4, 0, 7, 1, 6], [4, 0, 4, 0, 7, 4, 1, 1], [5, 0, 1, 0, 5, 4, 1, 1], [1, 7, 1, 5, 0, 4, 1, 0], [2, 0, 4, 1, 4, 1, 0, 0], [0, 0, 7, 6, 7, 1, 1, 1]], "potions": 13, "treasures": 10, "enemies": 13, "solution_length": 0, "enemies_loc": [[0, 4], [3, 4], [4, 4], [6, 4], [1, 5], [5, 5], [5, 6], [7, 6], [4, 7], [1, 9], [2, 11], [3, 11], [4, 11]]}, "quality": 0.329824561389843, "diversity": 0.29257245672554366, "controlability": 0.0}