{"content": [[1, 0, 7, 2, 6, 4, 0, 0], [7, 2, 7, 0, 0, 6, 7, 1], [6, 5, 7, 4, 4, 0, 5, 1], [0, 4, 1, 6, 0, 7, 1, 4], [6, 1, 1, 0, 3, 1, 6, 4], [1, 6, 1, 7, 5, 4, 6, 4], [6, 7, 4, 3, 0, 1, 0, 1], [4, 0, 7, 7, 7, 4, 1, 4], [6, 0, 0, 5, 5, 1, 1, 5], [5, 5, 7, 6, 1, 0, 1, 0], [2, 5, 1, 1, 1, 6, 6, 5], [6, 3, 6, 2, 5, 5, 4, 6]], "control": {"col_treasures": 4, "solution_length": 23}, "info": {"regions": 1, "players": 4, "exits": 3, "layout": 36, "heuristic": -1, "solution": [], "content": [[1, 0, 7, 2, 6, 4, 0, 0], [7, 2, 7, 0, 0, 6, 7, 1], [6, 5, 7, 4, 4, 0, 5, 1], [0, 4, 1, 6, 0, 7, 1, 4], [6, 1, 1, 0, 3, 1, 6, 4], [1, 6, 1, 7, 5, 4, 6, 4], [6, 7, 4, 3, 0, 1, 0, 1], [4, 0, 7, 7, 7, 4, 1, 4], [6, 0, 0, 5, 5, 1, 1, 5], [5, 5, 7, 6, 1, 0, 1, 0], [2, 5, 1, 1, 1, 6, 6, 5], [6, 3, 6, 2, 5, 5, 4, 6]], "potions": 13, "treasures": 12, "enemies": 28, "solution_length": 0, "enemies_loc": [[2, 0], [4, 0], [0, 1], [2, 1], [5, 1], [6, 1], [0, 2], [2, 2], [3, 3], [5, 3], [0, 4], [6, 4], [1, 5], [3, 5], [6, 5], [0, 6], [1, 6], [2, 7], [3, 7], [4, 7], [0, 8], [2, 9], [3, 9], [5, 10], [6, 10], [0, 11], [2, 11], [7, 11]]}, "quality": 0.31315789471275973, "diversity": 0.5218749919531251, "controlability": 0.0}