{"content": [[1, 1, 1, 1, 7, 5, 4, 7], [5, 0, 0, 7, 6, 7, 6, 1], [0, 5, 7, 1, 4, 6, 2, 1], [0, 5, 6, 0, 0, 7, 3, 0], [1, 7, 1, 1, 1, 1, 0, 0], [1, 7, 2, 1, 1, 1, 7, 0], [1, 5, 7, 0, 2, 0, 1, 1], [5, 0, 0, 0, 7, 0, 0, 1], [5, 0, 1, 4, 5, 4, 0, 2], [1, 1, 0, 7, 0, 0, 1, 0], [5, 0, 7, 4, 7, 1, 0, 1], [5, 6, 2, 7, 0, 1, 5, 1]], "control": {"col_treasures": 18, "solution_length": 45}, "info": {"regions": 2, "players": 5, "exits": 1, "layout": 54, "heuristic": -1, "solution": [], "content": [[1, 1, 1, 1, 7, 5, 4, 7], [5, 0, 0, 7, 6, 7, 6, 1], [0, 5, 7, 1, 4, 6, 2, 1], [0, 5, 6, 0, 0, 7, 3, 0], [1, 7, 1, 1, 1, 1, 0, 0], [1, 7, 2, 1, 1, 1, 7, 0], [1, 5, 7, 0, 2, 0, 1, 1], [5, 0, 0, 0, 7, 0, 0, 1], [5, 0, 1, 4, 5, 4, 0, 2], [1, 1, 0, 7, 0, 0, 1, 0], [5, 0, 7, 4, 7, 1, 0, 1], [5, 6, 2, 7, 0, 1, 5, 1]], "potions": 5, "treasures": 11, "enemies": 20, "solution_length": 0, "enemies_loc": [[4, 0], [7, 0], [3, 1], [4, 1], [5, 1], [6, 1], [2, 2], [5, 2], [2, 3], [5, 3], [1, 4], [1, 5], [6, 5], [2, 6], [4, 7], [3, 9], [2, 10], [4, 10], [1, 11], [3, 11]]}, "quality": 0.32277437772975, "diversity": 0.32000968250363393, "controlability": 0.0}