{"content": [[1, 4, 1, 1, 0, 1, 5, 2], [2, 0, 5, 5, 1, 1, 6, 0], [0, 0, 1, 4, 4, 1, 2, 1], [0, 2, 1, 0, 0, 4, 1, 4], [1, 2, 6, 0, 6, 3, 4, 0], [1, 6, 0, 3, 1, 0, 1, 4], [1, 2, 4, 4, 5, 6, 2, 5], [5, 0, 4, 0, 7, 4, 1, 1], [5, 0, 1, 5, 5, 4, 0, 1], [6, 0, 1, 5, 4, 0, 1, 3], [5, 0, 4, 1, 5, 1, 0, 1], [0, 6, 2, 2, 1, 1, 6, 1]], "control": {"col_treasures": 18, "solution_length": 45}, "info": {"regions": 1, "players": 9, "exits": 3, "layout": 49, "heuristic": -1, "solution": [], "content": [[1, 4, 1, 1, 0, 1, 5, 2], [2, 0, 5, 5, 1, 1, 6, 0], [0, 0, 1, 4, 4, 1, 2, 1], [0, 2, 1, 0, 0, 4, 1, 4], [1, 2, 6, 0, 6, 3, 4, 0], [1, 6, 0, 3, 1, 0, 1, 4], [1, 2, 4, 4, 5, 6, 2, 5], [5, 0, 4, 0, 7, 4, 1, 1], [5, 0, 1, 5, 5, 4, 0, 1], [6, 0, 1, 5, 4, 0, 1, 3], [5, 0, 4, 1, 5, 1, 0, 1], [0, 6, 2, 2, 1, 1, 6, 1]], "potions": 14, "treasures": 12, "enemies": 9, "solution_length": 0, "enemies_loc": [[6, 1], [2, 4], [4, 4], [1, 5], [5, 6], [4, 7], [0, 9], [1, 11], [6, 11]]}, "quality": 0.3263157894603878, "diversity": 0.4895833260937501, "controlability": 0.0}