{"content": [[6, 1, 1, 1, 7, 5, 4, 7], [5, 0, 0, 5, 1, 7, 6, 0], [0, 0, 1, 1, 4, 6, 2, 1], [0, 5, 7, 0, 0, 7, 1, 0], [1, 7, 1, 1, 1, 3, 7, 2], [1, 6, 0, 1, 1, 7, 7, 4], [0, 1, 5, 0, 0, 1, 0, 5], [4, 0, 7, 0, 7, 0, 4, 1], [5, 0, 1, 5, 5, 4, 0, 2], [1, 1, 1, 5, 0, 4, 1, 0], [5, 0, 6, 1, 7, 1, 0, 1], [5, 5, 7, 7, 7, 1, 1, 1]], "control": {"col_treasures": 18, "solution_length": 45}, "info": {"regions": 1, "players": 3, "exits": 1, "layout": 52, "heuristic": -1, "solution": [], "content": [[6, 1, 1, 1, 7, 5, 4, 7], [5, 0, 0, 5, 1, 7, 6, 0], [0, 0, 1, 1, 4, 6, 2, 1], [0, 5, 7, 0, 0, 7, 1, 0], [1, 7, 1, 1, 1, 3, 7, 2], [1, 6, 0, 1, 1, 7, 7, 4], [0, 1, 5, 0, 0, 1, 0, 5], [4, 0, 7, 0, 7, 0, 4, 1], [5, 0, 1, 5, 5, 4, 0, 2], [1, 1, 1, 5, 0, 4, 1, 0], [5, 0, 6, 1, 7, 1, 0, 1], [5, 5, 7, 7, 7, 1, 1, 1]], "potions": 7, "treasures": 13, "enemies": 20, "solution_length": 0, "enemies_loc": [[0, 0], [4, 0], [7, 0], [5, 1], [6, 1], [5, 2], [2, 3], [5, 3], [1, 4], [6, 4], [1, 5], [5, 5], [6, 5], [2, 7], [4, 7], [2, 10], [4, 10], [2, 11], [3, 11], [4, 11]]}, "quality": 0.3319298245545337, "diversity": 0.2876041597265627, "controlability": 0.0}