{"content": [[1, 1, 1, 6, 7, 5, 5, 0], [0, 6, 0, 4, 1, 7, 7, 1], [0, 0, 4, 7, 5, 1, 6, 4], [7, 1, 1, 0, 0, 0, 5, 4], [1, 0, 1, 1, 6, 1, 7, 0], [1, 6, 5, 7, 1, 1, 7, 4], [1, 1, 4, 0, 0, 0, 1, 5], [5, 0, 0, 0, 1, 4, 0, 1], [2, 0, 4, 4, 4, 4, 1, 4], [4, 6, 0, 5, 6, 4, 1, 3], [5, 3, 6, 1, 5, 6, 0, 1], [5, 0, 2, 0, 6, 2, 1, 4]], "control": {"col_treasures": 18, "solution_length": 45}, "info": {"regions": 1, "players": 3, "exits": 2, "layout": 47, "heuristic": -1, "solution": [], "content": [[1, 1, 1, 6, 7, 5, 5, 0], [0, 6, 0, 4, 1, 7, 7, 1], [0, 0, 4, 7, 5, 1, 6, 4], [7, 1, 1, 0, 0, 0, 5, 4], [1, 0, 1, 1, 6, 1, 7, 0], [1, 6, 5, 7, 1, 1, 7, 4], [1, 1, 4, 0, 0, 0, 1, 5], [5, 0, 0, 0, 1, 4, 0, 1], [2, 0, 4, 4, 4, 4, 1, 4], [4, 6, 0, 5, 6, 4, 1, 3], [5, 3, 6, 1, 5, 6, 0, 1], [5, 0, 2, 0, 6, 2, 1, 4]], "potions": 15, "treasures": 11, "enemies": 18, "solution_length": 0, "enemies_loc": [[3, 0], [4, 0], [1, 1], [5, 1], [6, 1], [3, 2], [6, 2], [0, 3], [4, 4], [6, 4], [1, 5], [3, 5], [6, 5], [1, 9], [4, 9], [2, 10], [5, 10], [4, 11]]}, "quality": 0.32983918125913675, "diversity": 0.2789215619485297, "controlability": 0.0}