{"content": [[1, 4, 1, 2, 0, 5, 5, 0], [0, 0, 1, 5, 1, 7, 7, 1], [0, 5, 1, 1, 2, 3, 5, 7], [7, 1, 1, 0, 0, 7, 5, 6], [1, 7, 4, 0, 6, 1, 7, 0], [1, 6, 2, 1, 1, 7, 0, 1], [1, 0, 7, 0, 5, 7, 2, 5], [4, 0, 0, 7, 5, 0, 4, 1], [2, 1, 4, 5, 2, 4, 1, 1], [1, 6, 1, 5, 0, 4, 1, 5], [5, 3, 6, 1, 7, 1, 0, 1], [5, 5, 7, 2, 5, 1, 1, 4]], "control": {"col_treasures": 18, "solution_length": 45}, "info": {"regions": 1, "players": 7, "exits": 2, "layout": 45, "heuristic": -1, "solution": [], "content": [[1, 4, 1, 2, 0, 5, 5, 0], [0, 0, 1, 5, 1, 7, 7, 1], [0, 5, 1, 1, 2, 3, 5, 7], [7, 1, 1, 0, 0, 7, 5, 6], [1, 7, 4, 0, 6, 1, 7, 0], [1, 6, 2, 1, 1, 7, 0, 1], [1, 0, 7, 0, 5, 7, 2, 5], [4, 0, 0, 7, 5, 0, 4, 1], [2, 1, 4, 5, 2, 4, 1, 1], [1, 6, 1, 5, 0, 4, 1, 5], [5, 3, 6, 1, 7, 1, 0, 1], [5, 5, 7, 2, 5, 1, 1, 4]], "potions": 8, "treasures": 16, "enemies": 18, "solution_length": 0, "enemies_loc": [[5, 1], [6, 1], [7, 2], [0, 3], [5, 3], [7, 3], [1, 4], [4, 4], [6, 4], [1, 5], [5, 5], [2, 6], [5, 6], [3, 7], [1, 9], [2, 10], [4, 10], [2, 11]]}, "quality": 0.32425438593837347, "diversity": 0.37534721450520847, "controlability": 0.0}