{"content": [[1, 3, 3, 1, 0, 5, 6, 0], [0, 7, 5, 0, 1, 7, 3, 1], [7, 5, 7, 1, 0, 1, 5, 1], [0, 1, 1, 4, 0, 0, 1, 0], [1, 5, 1, 1, 1, 1, 4, 0], [1, 6, 2, 0, 1, 0, 0, 0], [5, 0, 4, 0, 0, 7, 1, 1], [4, 6, 0, 0, 1, 4, 1, 7], [5, 0, 1, 5, 4, 4, 1, 1], [5, 6, 7, 5, 1, 4, 1, 3], [5, 0, 1, 1, 5, 6, 0, 1], [0, 3, 2, 0, 1, 4, 5, 4]], "control": {"col_treasures": 18, "solution_length": 45}, "info": {"regions": 1, "players": 2, "exits": 5, "layout": 54, "heuristic": -1, "solution": [], "content": [[1, 3, 3, 1, 0, 5, 6, 0], [0, 7, 5, 0, 1, 7, 3, 1], [7, 5, 7, 1, 0, 1, 5, 1], [0, 1, 1, 4, 0, 0, 1, 0], [1, 5, 1, 1, 1, 1, 4, 0], [1, 6, 2, 0, 1, 0, 0, 0], [5, 0, 4, 0, 0, 7, 1, 1], [4, 6, 0, 0, 1, 4, 1, 7], [5, 0, 1, 5, 4, 4, 1, 1], [5, 6, 7, 5, 1, 4, 1, 3], [5, 0, 1, 1, 5, 6, 0, 1], [0, 3, 2, 0, 1, 4, 5, 4]], "potions": 10, "treasures": 13, "enemies": 12, "solution_length": 0, "enemies_loc": [[6, 0], [1, 1], [5, 1], [0, 2], [2, 2], [1, 5], [5, 6], [1, 7], [7, 7], [1, 9], [2, 9], [5, 10]]}, "quality": 0.329824561389843, "diversity": 0.36718749195667644, "controlability": 0.0}