{"content": [[6, 1, 1, 1, 0, 5, 5, 5], [6, 7, 0, 5, 1, 7, 6, 0], [0, 0, 7, 1, 4, 6, 2, 1], [0, 5, 7, 0, 0, 7, 1, 0], [6, 7, 1, 1, 1, 3, 7, 2], [3, 6, 0, 0, 1, 7, 1, 4], [1, 5, 7, 0, 0, 0, 0, 5], [4, 0, 7, 0, 7, 4, 0, 7], [5, 0, 1, 5, 5, 4, 0, 4], [1, 6, 0, 5, 0, 3, 1, 7], [5, 0, 1, 4, 7, 6, 0, 1], [5, 0, 6, 0, 7, 1, 4, 1]], "control": {"col_treasures": 18, "solution_length": 45}, "info": {"regions": 1, "players": 2, "exits": 3, "layout": 46, "heuristic": -1, "solution": [], "content": [[6, 1, 1, 1, 0, 5, 5, 5], [6, 7, 0, 5, 1, 7, 6, 0], [0, 0, 7, 1, 4, 6, 2, 1], [0, 5, 7, 0, 0, 7, 1, 0], [6, 7, 1, 1, 1, 3, 7, 2], [3, 6, 0, 0, 1, 7, 1, 4], [1, 5, 7, 0, 0, 0, 0, 5], [4, 0, 7, 0, 7, 4, 0, 7], [5, 0, 1, 5, 5, 4, 0, 4], [1, 6, 0, 5, 0, 3, 1, 7], [5, 0, 1, 4, 7, 6, 0, 1], [5, 0, 6, 0, 7, 1, 4, 1]], "potions": 8, "treasures": 13, "enemies": 24, "solution_length": 0, "enemies_loc": [[0, 0], [0, 1], [1, 1], [5, 1], [6, 1], [2, 2], [5, 2], [2, 3], [5, 3], [0, 4], [1, 4], [6, 4], [1, 5], [5, 5], [2, 6], [2, 7], [4, 7], [7, 7], [1, 9], [7, 9], [4, 10], [5, 10], [2, 11], [4, 11]]}, "quality": 0.3284502923705372, "diversity": 0.3113766266927085, "controlability": 0.0}