{"content": [[1, 1, 1, 6, 0, 1, 4, 0], [5, 0, 5, 4, 1, 7, 5, 2], [0, 5, 7, 4, 5, 6, 5, 1], [0, 1, 1, 0, 0, 7, 1, 0], [1, 0, 1, 0, 6, 0, 5, 0], [1, 6, 0, 1, 1, 0, 5, 1], [6, 5, 4, 0, 0, 7, 1, 5], [5, 0, 4, 0, 7, 4, 1, 1], [5, 0, 1, 5, 5, 4, 0, 1], [5, 0, 1, 5, 0, 5, 1, 3], [5, 0, 1, 4, 7, 0, 0, 1], [0, 3, 2, 7, 6, 2, 1, 1]], "control": {"col_treasures": 18, "solution_length": 45}, "info": {"regions": 2, "players": 3, "exits": 2, "layout": 52, "heuristic": -1, "solution": [], "content": [[1, 1, 1, 6, 0, 1, 4, 0], [5, 0, 5, 4, 1, 7, 5, 2], [0, 5, 7, 4, 5, 6, 5, 1], [0, 1, 1, 0, 0, 7, 1, 0], [1, 0, 1, 0, 6, 0, 5, 0], [1, 6, 0, 1, 1, 0, 5, 1], [6, 5, 4, 0, 0, 7, 1, 5], [5, 0, 4, 0, 7, 4, 1, 1], [5, 0, 1, 5, 5, 4, 0, 1], [5, 0, 1, 5, 0, 5, 1, 3], [5, 0, 1, 4, 7, 0, 0, 1], [0, 3, 2, 7, 6, 2, 1, 1]], "potions": 8, "treasures": 18, "enemies": 13, "solution_length": 0, "enemies_loc": [[3, 0], [5, 1], [2, 2], [5, 2], [5, 3], [4, 4], [1, 5], [0, 6], [5, 6], [4, 7], [4, 10], [3, 11], [4, 11]]}, "quality": 0.3234761321086235, "diversity": 0.3256578872532898, "controlability": 0.0}