{"content": [[1, 3, 7, 1, 6, 4, 4, 7], [5, 1, 0, 4, 4, 7, 4, 0], [0, 0, 1, 4, 0, 6, 3, 1], [0, 5, 1, 0, 0, 7, 0, 0], [1, 5, 1, 1, 1, 3, 7, 2], [3, 6, 0, 1, 1, 7, 7, 4], [1, 5, 5, 6, 0, 7, 1, 5], [4, 0, 7, 0, 7, 0, 1, 2], [5, 0, 1, 2, 5, 1, 0, 1], [5, 0, 7, 4, 0, 4, 6, 3], [4, 0, 6, 7, 4, 5, 0, 0], [5, 5, 7, 7, 6, 1, 4, 1]], "control": {"col_treasures": 18, "solution_length": 45}, "info": {"regions": 1, "players": 3, "exits": 5, "layout": 42, "heuristic": -1, "solution": [], "content": [[1, 3, 7, 1, 6, 4, 4, 7], [5, 1, 0, 4, 4, 7, 4, 0], [0, 0, 1, 4, 0, 6, 3, 1], [0, 5, 1, 0, 0, 7, 0, 0], [1, 5, 1, 1, 1, 3, 7, 2], [3, 6, 0, 1, 1, 7, 7, 4], [1, 5, 5, 6, 0, 7, 1, 5], [4, 0, 7, 0, 7, 0, 1, 2], [5, 0, 1, 2, 5, 1, 0, 1], [5, 0, 7, 4, 0, 4, 6, 3], [4, 0, 6, 7, 4, 5, 0, 0], [5, 5, 7, 7, 6, 1, 4, 1]], "potions": 13, "treasures": 12, "enemies": 21, "solution_length": 0, "enemies_loc": [[2, 0], [4, 0], [7, 0], [5, 1], [5, 2], [5, 3], [6, 4], [1, 5], [5, 5], [6, 5], [3, 6], [5, 6], [2, 7], [4, 7], [2, 9], [6, 9], [2, 10], [3, 10], [2, 11], [3, 11], [4, 11]]}, "quality": 0.3207894736584659, "diversity": 0.29804001480777165, "controlability": 0.0}