{"content": [[1, 1, 1, 6, 7, 1, 5, 0], [0, 0, 5, 4, 1, 1, 5, 2], [0, 0, 4, 7, 5, 6, 2, 1], [0, 2, 1, 0, 0, 1, 1, 4], [1, 0, 1, 0, 1, 1, 1, 0], [1, 6, 0, 1, 1, 7, 7, 4], [0, 0, 4, 0, 0, 7, 0, 6], [5, 0, 7, 0, 7, 4, 1, 1], [5, 0, 1, 0, 5, 4, 1, 0], [1, 7, 1, 5, 4, 4, 1, 3], [2, 0, 6, 4, 7, 0, 0, 1], [0, 3, 7, 6, 6, 2, 1, 1]], "control": {"col_treasures": 18, "solution_length": 45}, "info": {"regions": 2, "players": 5, "exits": 2, "layout": 54, "heuristic": -1, "solution": [], "content": [[1, 1, 1, 6, 7, 1, 5, 0], [0, 0, 5, 4, 1, 1, 5, 2], [0, 0, 4, 7, 5, 6, 2, 1], [0, 2, 1, 0, 0, 1, 1, 4], [1, 0, 1, 0, 1, 1, 1, 0], [1, 6, 0, 1, 1, 7, 7, 4], [0, 0, 4, 0, 0, 7, 0, 6], [5, 0, 7, 0, 7, 4, 1, 1], [5, 0, 1, 0, 5, 4, 1, 0], [1, 7, 1, 5, 4, 4, 1, 3], [2, 0, 6, 4, 7, 0, 0, 1], [0, 3, 7, 6, 6, 2, 1, 1]], "potions": 10, "treasures": 8, "enemies": 17, "solution_length": 0, "enemies_loc": [[3, 0], [4, 0], [3, 2], [5, 2], [1, 5], [5, 5], [6, 5], [5, 6], [7, 6], [2, 7], [4, 7], [1, 9], [2, 10], [4, 10], [2, 11], [3, 11], [4, 11]]}, "quality": 0.3220726233368414, "diversity": 0.3572916589843751, "controlability": 0.0}