{"content": [[0, 1, 1, 0, 1, 1, 1, 1, 1, 0, 1, 0, 1, 1], [1, 1, 0, 1, 0, 1, 1, 1, 1, 1, 1, 1, 0, 1], [1, 1, 1, 1, 0, 0, 1, 1, 1, 1, 1, 1, 1, 1], [0, 0, 1, 1, 1, 1, 1, 1, 1, 1, 0, 0, 1, 1], [0, 0, 0, 1, 0, 1, 1, 1, 1, 0, 0, 1, 1, 0], [1, 1, 1, 1, 0, 1, 1, 1, 1, 1, 1, 1, 0, 0], [0, 1, 1, 1, 1, 1, 1, 0, 1, 0, 0, 1, 1, 0], [1, 0, 1, 1, 0, 0, 0, 1, 0, 1, 0, 1, 1, 1], [1, 1, 1, 1, 0, 1, 0, 1, 1, 1, 0, 1, 1, 0], [1, 0, 1, 1, 1, 1, 1, 1, 0, 1, 1, 1, 1, 1], [1, 1, 0, 0, 0, 1, 1, 0, 1, 1, 1, 1, 1, 0], [1, 1, 0, 0, 0, 1, 1, 1, 0, 0, 1, 0, 1, 0], [0, 1, 1, 1, 1, 0, 1, 1, 1, 1, 1, 0, 1, 1], [0, 0, 1, 1, 1, 1, 1, 1, 1, 0, 1, 0, 0, 1]], "control": {"path": 62}, "info": {"path": 26, "regions": 1, "flat": [0, 1, 1, 0, 1, 1, 1, 1, 1, 0, 1, 0, 1, 1, 1, 1, 0, 1, 0, 1, 1, 1, 1, 1, 1, 1, 0, 1, 1, 1, 1, 1, 0, 0, 1, 1, 1, 1, 1, 1, 1, 1, 0, 0, 1, 1, 1, 1, 1, 1, 1, 1, 0, 0, 1, 1, 0, 0, 0, 1, 0, 1, 1, 1, 1, 0, 0, 1, 1, 0, 1, 1, 1, 1, 0, 1, 1, 1, 1, 1, 1, 1, 0, 0, 0, 1, 1, 1, 1, 1, 1, 0, 1, 0, 0, 1, 1, 0, 1, 0, 1, 1, 0, 0, 0, 1, 0, 1, 0, 1, 1, 1, 1, 1, 1, 1, 0, 1, 0, 1, 1, 1, 0, 1, 1, 0, 1, 0, 1, 1, 1, 1, 1, 1, 0, 1, 1, 1, 1, 1, 1, 1, 0, 0, 0, 1, 1, 0, 1, 1, 1, 1, 1, 0, 1, 1, 0, 0, 0, 1, 1, 1, 0, 0, 1, 0, 1, 0, 0, 1, 1, 1, 1, 0, 1, 1, 1, 1, 1, 0, 1, 1, 0, 0, 1, 1, 1, 1, 1, 1, 1, 0, 1, 0, 0, 1]}, "quality": 0.9642857141198979, "diversity": 0.4827097505068981, "controlability": 0.4727272726413223}