{"content": [[0, 1, 0, 1, 0, 1, 1, 0, 1, 1, 0, 0, 1, 0], [1, 1, 1, 1, 0, 0, 1, 0, 1, 1, 1, 0, 1, 1], [0, 1, 1, 0, 1, 0, 1, 1, 1, 0, 1, 1, 1, 0], [0, 1, 0, 0, 1, 0, 1, 1, 1, 1, 1, 0, 0, 0], [1, 1, 1, 0, 1, 1, 1, 0, 0, 0, 0, 0, 1, 0], [1, 1, 1, 0, 0, 1, 1, 0, 1, 1, 1, 0, 0, 0], [1, 1, 1, 1, 1, 0, 1, 1, 1, 0, 0, 0, 1, 0], [1, 0, 0, 0, 1, 0, 1, 0, 1, 1, 0, 0, 0, 0], [0, 1, 1, 1, 0, 0, 0, 0, 1, 0, 0, 1, 0, 1], [0, 0, 0, 1, 1, 0, 1, 0, 0, 1, 1, 1, 1, 0], [0, 1, 0, 0, 0, 0, 0, 0, 0, 1, 0, 0, 1, 0], [1, 1, 1, 0, 0, 0, 1, 0, 0, 1, 0, 0, 1, 1], [1, 0, 0, 1, 1, 0, 1, 0, 1, 1, 0, 0, 1, 0], [1, 0, 1, 1, 0, 1, 0, 1, 1, 1, 1, 0, 0, 0]], "control": {"path": 45}, "info": {"path": 17, "regions": 12, "flat": [0, 1, 0, 1, 0, 1, 1, 0, 1, 1, 0, 0, 1, 0, 1, 1, 1, 1, 0, 0, 1, 0, 1, 1, 1, 0, 1, 1, 0, 1, 1, 0, 1, 0, 1, 1, 1, 0, 1, 1, 1, 0, 0, 1, 0, 0, 1, 0, 1, 1, 1, 1, 1, 0, 0, 0, 1, 1, 1, 0, 1, 1, 1, 0, 0, 0, 0, 0, 1, 0, 1, 1, 1, 0, 0, 1, 1, 0, 1, 1, 1, 0, 0, 0, 1, 1, 1, 1, 1, 0, 1, 1, 1, 0, 0, 0, 1, 0, 1, 0, 0, 0, 1, 0, 1, 0, 1, 1, 0, 0, 0, 0, 0, 1, 1, 1, 0, 0, 0, 0, 1, 0, 0, 1, 0, 1, 0, 0, 0, 1, 1, 0, 1, 0, 0, 1, 1, 1, 1, 0, 0, 1, 0, 0, 0, 0, 0, 0, 0, 1, 0, 0, 1, 0, 1, 1, 1, 0, 0, 0, 1, 0, 0, 1, 0, 0, 1, 1, 1, 0, 0, 1, 1, 0, 1, 0, 1, 1, 0, 0, 1, 0, 1, 0, 1, 1, 0, 1, 0, 1, 1, 1, 1, 0, 0, 0]}, "quality": 0.5078725036219882, "diversity": 0.7587463556065739, "controlability": 0.44736842093490303}