{"content": [[1, 1, 1, 1, 0, 1, 5, 5], [2, 0, 5, 0, 1, 1, 3, 5], [0, 0, 7, 1, 5, 1, 5, 1], [0, 5, 6, 0, 0, 1, 0, 0], [6, 0, 1, 6, 0, 1, 7, 0], [1, 4, 4, 4, 1, 2, 1, 4], [1, 0, 7, 0, 5, 7, 1, 0], [5, 0, 4, 0, 7, 4, 0, 1], [5, 4, 1, 0, 5, 4, 1, 1], [1, 0, 1, 5, 5, 3, 1, 0], [5, 0, 1, 1, 5, 1, 0, 0], [5, 0, 2, 0, 6, 7, 1, 1]], "control": {"col_treasures": 18, "solution_length": 45}, "info": {"regions": 1, "players": 3, "exits": 2, "layout": 57, "heuristic": -1, "solution": [], "content": [[1, 1, 1, 1, 0, 1, 5, 5], [2, 0, 5, 0, 1, 1, 3, 5], [0, 0, 7, 1, 5, 1, 5, 1], [0, 5, 6, 0, 0, 1, 0, 0], [6, 0, 1, 6, 0, 1, 7, 0], [1, 4, 4, 4, 1, 2, 1, 4], [1, 0, 7, 0, 5, 7, 1, 0], [5, 0, 4, 0, 7, 4, 0, 1], [5, 4, 1, 0, 5, 4, 1, 1], [1, 0, 1, 5, 5, 3, 1, 0], [5, 0, 1, 1, 5, 1, 0, 0], [5, 0, 2, 0, 6, 7, 1, 1]], "potions": 8, "treasures": 16, "enemies": 10, "solution_length": 0, "enemies_loc": [[2, 2], [2, 3], [0, 4], [3, 4], [6, 4], [2, 6], [5, 6], [4, 7], [4, 11], [5, 11]]}, "quality": 0.33122807016162514, "diversity": 0.3287499927812503, "controlability": 0.0}