{"content": [[1, 1, 1, 7, 7, 7, 7, 1], [0, 2, 0, 4, 4, 7, 7, 0], [0, 4, 4, 4, 7, 6, 6, 6], [7, 0, 1, 0, 4, 7, 4, 1], [6, 7, 1, 6, 6, 1, 6, 6], [0, 6, 0, 7, 7, 6, 0, 4], [0, 0, 6, 1, 1, 3, 6, 6], [1, 0, 0, 0, 1, 0, 1, 1], [4, 0, 4, 0, 0, 4, 1, 1], [7, 7, 7, 7, 6, 4, 1, 6], [6, 3, 6, 1, 7, 0, 0, 1], [4, 0, 1, 0, 7, 1, 1, 6]], "control": {"col_treasures": 8, "solution_length": 30}, "info": {"regions": 1, "players": 1, "exits": 2, "layout": 44, "heuristic": -1, "solution": [], "content": [[1, 1, 1, 7, 7, 7, 7, 1], [0, 2, 0, 4, 4, 7, 7, 0], [0, 4, 4, 4, 7, 6, 6, 6], [7, 0, 1, 0, 4, 7, 4, 1], [6, 7, 1, 6, 6, 1, 6, 6], [0, 6, 0, 7, 7, 6, 0, 4], [0, 0, 6, 1, 1, 3, 6, 6], [1, 0, 0, 0, 1, 0, 1, 1], [4, 0, 4, 0, 0, 4, 1, 1], [7, 7, 7, 7, 6, 4, 1, 6], [6, 3, 6, 1, 7, 0, 0, 1], [4, 0, 1, 0, 7, 1, 1, 6]], "potions": 13, "treasures": 0, "enemies": 36, "solution_length": 0, "enemies_loc": [[3, 0], [4, 0], [5, 0], [6, 0], [5, 1], [6, 1], [4, 2], [5, 2], [6, 2], [7, 2], [0, 3], [5, 3], [0, 4], [1, 4], [3, 4], [4, 4], [6, 4], [7, 4], [1, 5], [3, 5], [4, 5], [5, 5], [2, 6], [6, 6], [7, 6], [0, 9], [1, 9], [2, 9], [3, 9], [4, 9], [7, 9], [0, 10], [2, 10], [4, 10], [4, 11], [7, 11]]}, "quality": 0.3270760233721377, "diversity": 0.9724596231481485, "controlability": 0.0}