{"content": [[1, 4, 1, 1, 4, 5, 7, 1], [1, 2, 0, 6, 4, 5, 1, 0], [4, 4, 1, 4, 7, 4, 6, 1], [0, 5, 1, 4, 0, 7, 4, 0], [1, 7, 1, 6, 6, 1, 6, 6], [1, 1, 0, 0, 5, 6, 0, 4], [0, 0, 0, 1, 1, 2, 0, 5], [1, 0, 0, 0, 1, 0, 1, 1], [4, 0, 4, 1, 2, 0, 0, 1], [4, 0, 7, 7, 4, 4, 1, 6], [6, 0, 6, 1, 7, 6, 0, 1], [4, 0, 1, 0, 7, 1, 0, 1]], "control": {"col_treasures": 8, "solution_length": 30}, "info": {"regions": 2, "players": 3, "exits": 0, "layout": 53, "heuristic": -1, "solution": [], "content": [[1, 4, 1, 1, 4, 5, 7, 1], [1, 2, 0, 6, 4, 5, 1, 0], [4, 4, 1, 4, 7, 4, 6, 1], [0, 5, 1, 4, 0, 7, 4, 0], [1, 7, 1, 6, 6, 1, 6, 6], [1, 1, 0, 0, 5, 6, 0, 4], [0, 0, 0, 1, 1, 2, 0, 5], [1, 0, 0, 0, 1, 0, 1, 1], [4, 0, 4, 1, 2, 0, 0, 1], [4, 0, 7, 7, 4, 4, 1, 6], [6, 0, 6, 1, 7, 6, 0, 1], [4, 0, 1, 0, 7, 1, 0, 1]], "potions": 16, "treasures": 5, "enemies": 19, "solution_length": 0, "enemies_loc": [[6, 0], [3, 1], [4, 2], [6, 2], [5, 3], [1, 4], [3, 4], [4, 4], [6, 4], [7, 4], [5, 5], [2, 9], [3, 9], [7, 9], [0, 10], [2, 10], [4, 10], [5, 10], [4, 11]]}, "quality": 0.2575112198348654, "diversity": 0.2575035250595872, "controlability": 0.0}