{"content": [[1, 1, 7, 1, 7, 7, 1, 6], [1, 2, 5, 0, 2, 7, 4, 1], [2, 3, 0, 7, 0, 1, 2, 1], [0, 1, 1, 6, 0, 7, 1, 4], [0, 0, 1, 6, 6, 1, 5, 0], [1, 6, 3, 1, 0, 1, 7, 4], [3, 1, 5, 7, 1, 1, 1, 5], [4, 0, 7, 0, 7, 4, 4, 0], [5, 0, 1, 5, 5, 1, 1, 7], [2, 1, 1, 1, 0, 1, 4, 0], [2, 0, 6, 5, 2, 1, 6, 3], [0, 0, 1, 0, 2, 1, 6, 1]], "control": {"col_treasures": 18, "solution_length": 45}, "info": {"regions": 1, "players": 8, "exits": 4, "layout": 50, "heuristic": -1, "solution": [], "content": [[1, 1, 7, 1, 7, 7, 1, 6], [1, 2, 5, 0, 2, 7, 4, 1], [2, 3, 0, 7, 0, 1, 2, 1], [0, 1, 1, 6, 0, 7, 1, 4], [0, 0, 1, 6, 6, 1, 5, 0], [1, 6, 3, 1, 0, 1, 7, 4], [3, 1, 5, 7, 1, 1, 1, 5], [4, 0, 7, 0, 7, 4, 4, 0], [5, 0, 1, 5, 5, 1, 1, 7], [2, 1, 1, 1, 0, 1, 4, 0], [2, 0, 6, 5, 2, 1, 6, 3], [0, 0, 1, 0, 2, 1, 6, 1]], "potions": 7, "treasures": 8, "enemies": 19, "solution_length": 0, "enemies_loc": [[2, 0], [4, 0], [5, 0], [7, 0], [5, 1], [3, 2], [3, 3], [5, 3], [3, 4], [4, 4], [1, 5], [6, 5], [3, 6], [2, 7], [4, 7], [7, 8], [2, 10], [6, 10], [6, 11]]}, "quality": 0.3263157894603878, "diversity": 0.2813059968203967, "controlability": 0.0}