{"content": [[1, 1, 3, 5, 7, 5, 5, 7], [0, 0, 0, 5, 1, 7, 6, 0], [0, 0, 4, 1, 5, 1, 1, 4], [7, 1, 1, 0, 0, 0, 5, 4], [1, 7, 1, 0, 6, 1, 7, 0], [1, 6, 0, 1, 1, 1, 0, 4], [2, 1, 4, 7, 6, 6, 1, 5], [4, 0, 0, 0, 7, 0, 0, 1], [5, 0, 4, 4, 0, 4, 1, 1], [4, 0, 1, 6, 6, 4, 4, 6], [5, 0, 6, 1, 7, 1, 0, 1], [5, 0, 5, 2, 2, 1, 4, 2]], "control": {"col_treasures": 18, "solution_length": 45}, "info": {"regions": 1, "players": 4, "exits": 1, "layout": 49, "heuristic": -1, "solution": [], "content": [[1, 1, 3, 5, 7, 5, 5, 7], [0, 0, 0, 5, 1, 7, 6, 0], [0, 0, 4, 1, 5, 1, 1, 4], [7, 1, 1, 0, 0, 0, 5, 4], [1, 7, 1, 0, 6, 1, 7, 0], [1, 6, 0, 1, 1, 1, 0, 4], [2, 1, 4, 7, 6, 6, 1, 5], [4, 0, 0, 0, 7, 0, 0, 1], [5, 0, 4, 4, 0, 4, 1, 1], [4, 0, 1, 6, 6, 4, 4, 6], [5, 0, 6, 1, 7, 1, 0, 1], [5, 0, 5, 2, 2, 1, 4, 2]], "potions": 13, "treasures": 11, "enemies": 18, "solution_length": 0, "enemies_loc": [[4, 0], [7, 0], [5, 1], [6, 1], [0, 3], [1, 4], [4, 4], [6, 4], [1, 5], [3, 6], [4, 6], [5, 6], [4, 7], [3, 9], [4, 9], [7, 9], [2, 10], [4, 10]]}, "quality": 0.3312280701686427, "diversity": 0.2973484777394483, "controlability": 0.0}