{"content": [[1, 1, 1, 1, 7, 1, 4, 7], [6, 2, 0, 0, 2, 7, 6, 1], [0, 0, 1, 4, 0, 3, 5, 1], [0, 5, 7, 0, 0, 7, 1, 4], [0, 7, 1, 1, 3, 3, 7, 2], [1, 6, 0, 1, 1, 7, 7, 4], [6, 1, 5, 0, 1, 3, 0, 7], [4, 1, 7, 0, 7, 1, 4, 4], [5, 0, 1, 5, 0, 4, 0, 7], [5, 1, 6, 5, 0, 3, 1, 0], [2, 0, 1, 1, 1, 1, 0, 1], [5, 5, 7, 7, 6, 1, 1, 4]], "control": {"col_treasures": 8, "solution_length": 30}, "info": {"regions": 1, "players": 4, "exits": 5, "layout": 48, "heuristic": -1, "solution": [], "content": [[1, 1, 1, 1, 7, 1, 4, 7], [6, 2, 0, 0, 2, 7, 6, 1], [0, 0, 1, 4, 0, 3, 5, 1], [0, 5, 7, 0, 0, 7, 1, 4], [0, 7, 1, 1, 3, 3, 7, 2], [1, 6, 0, 1, 1, 7, 7, 4], [6, 1, 5, 0, 1, 3, 0, 7], [4, 1, 7, 0, 7, 1, 4, 4], [5, 0, 1, 5, 0, 4, 0, 7], [5, 1, 6, 5, 0, 3, 1, 0], [2, 0, 1, 1, 1, 1, 0, 1], [5, 5, 7, 7, 6, 1, 1, 4]], "potions": 9, "treasures": 9, "enemies": 21, "solution_length": 0, "enemies_loc": [[4, 0], [7, 0], [0, 1], [5, 1], [6, 1], [2, 3], [5, 3], [1, 4], [6, 4], [1, 5], [5, 5], [6, 5], [0, 6], [7, 6], [2, 7], [4, 7], [7, 8], [2, 9], [2, 11], [3, 11], [4, 11]]}, "quality": 0.3284210526180609, "diversity": 0.33767360350260445, "controlability": 0.0}