{"content": [[1, 3, 7, 1, 0, 5, 5, 0], [0, 1, 0, 0, 1, 3, 4, 0], [0, 2, 1, 0, 0, 6, 3, 1], [0, 5, 1, 4, 0, 7, 2, 0], [1, 1, 1, 1, 1, 1, 7, 0], [1, 6, 0, 6, 1, 7, 7, 4], [1, 4, 7, 6, 0, 7, 1, 5], [4, 4, 4, 0, 5, 0, 1, 2], [5, 1, 1, 5, 5, 1, 0, 1], [1, 0, 1, 6, 1, 4, 1, 0], [2, 0, 2, 7, 0, 5, 0, 1], [0, 5, 7, 7, 6, 1, 1, 2]], "control": {"col_treasures": 18, "solution_length": 45}, "info": {"regions": 1, "players": 6, "exits": 3, "layout": 53, "heuristic": -1, "solution": [], "content": [[1, 3, 7, 1, 0, 5, 5, 0], [0, 1, 0, 0, 1, 3, 4, 0], [0, 2, 1, 0, 0, 6, 3, 1], [0, 5, 1, 4, 0, 7, 2, 0], [1, 1, 1, 1, 1, 1, 7, 0], [1, 6, 0, 6, 1, 7, 7, 4], [1, 4, 7, 6, 0, 7, 1, 5], [4, 4, 4, 0, 5, 0, 1, 2], [5, 1, 1, 5, 5, 1, 0, 1], [1, 0, 1, 6, 1, 4, 1, 0], [2, 0, 2, 7, 0, 5, 0, 1], [0, 5, 7, 7, 6, 1, 1, 2]], "potions": 8, "treasures": 10, "enemies": 16, "solution_length": 0, "enemies_loc": [[2, 0], [5, 2], [5, 3], [6, 4], [1, 5], [3, 5], [5, 5], [6, 5], [2, 6], [3, 6], [5, 6], [3, 9], [3, 10], [2, 11], [3, 11], [4, 11]]}, "quality": 0.3284210526180609, "diversity": 0.38822114606370206, "controlability": 0.0}