{"content": [[1, 1, 1, 1, 7, 5, 4, 7], [1, 0, 5, 5, 1, 7, 6, 0], [2, 0, 4, 4, 0, 6, 2, 1], [0, 2, 1, 0, 0, 4, 1, 4], [1, 0, 1, 1, 1, 3, 5, 0], [1, 6, 0, 1, 1, 0, 7, 4], [1, 1, 4, 6, 0, 7, 1, 5], [5, 0, 7, 0, 7, 0, 1, 2], [5, 0, 1, 2, 5, 4, 0, 0], [5, 1, 7, 4, 0, 4, 6, 0], [6, 0, 1, 7, 7, 1, 0, 0], [5, 5, 7, 7, 6, 1, 4, 2]], "control": {"col_treasures": 18, "solution_length": 45}, "info": {"regions": 1, "players": 6, "exits": 1, "layout": 48, "heuristic": -1, "solution": [], "content": [[1, 1, 1, 1, 7, 5, 4, 7], [1, 0, 5, 5, 1, 7, 6, 0], [2, 0, 4, 4, 0, 6, 2, 1], [0, 2, 1, 0, 0, 4, 1, 4], [1, 0, 1, 1, 1, 3, 5, 0], [1, 6, 0, 1, 1, 0, 7, 4], [1, 1, 4, 6, 0, 7, 1, 5], [5, 0, 7, 0, 7, 0, 1, 2], [5, 0, 1, 2, 5, 4, 0, 0], [5, 1, 7, 4, 0, 4, 6, 0], [6, 0, 1, 7, 7, 1, 0, 0], [5, 5, 7, 7, 6, 1, 4, 2]], "potions": 11, "treasures": 11, "enemies": 19, "solution_length": 0, "enemies_loc": [[4, 0], [7, 0], [5, 1], [6, 1], [5, 2], [1, 5], [6, 5], [3, 6], [5, 6], [2, 7], [4, 7], [2, 9], [6, 9], [0, 10], [3, 10], [4, 10], [2, 11], [3, 11], [4, 11]]}, "quality": 0.3298245613968606, "diversity": 0.30152529037853437, "controlability": 0.0}