{"content": [[1, 1, 4, 1, 0, 5, 4, 0], [5, 0, 5, 5, 7, 3, 1, 0], [0, 0, 1, 1, 4, 3, 5, 1], [5, 2, 7, 0, 0, 7, 1, 4], [0, 7, 4, 1, 1, 5, 7, 2], [1, 6, 0, 1, 1, 4, 6, 6], [1, 1, 7, 0, 0, 1, 1, 5], [4, 0, 2, 1, 0, 2, 0, 1], [5, 0, 1, 5, 5, 4, 0, 4], [1, 6, 1, 0, 6, 1, 7, 0], [5, 3, 6, 4, 4, 1, 0, 1], [0, 5, 5, 1, 3, 7, 4, 1]], "control": {"col_treasures": 8, "solution_length": 30}, "info": {"regions": 1, "players": 4, "exits": 4, "layout": 48, "heuristic": -1, "solution": [], "content": [[1, 1, 4, 1, 0, 5, 4, 0], [5, 0, 5, 5, 7, 3, 1, 0], [0, 0, 1, 1, 4, 3, 5, 1], [5, 2, 7, 0, 0, 7, 1, 4], [0, 7, 4, 1, 1, 5, 7, 2], [1, 6, 0, 1, 1, 4, 6, 6], [1, 1, 7, 0, 0, 1, 1, 5], [4, 0, 2, 1, 0, 2, 0, 1], [5, 0, 1, 5, 5, 4, 0, 4], [1, 6, 1, 0, 6, 1, 7, 0], [5, 3, 6, 4, 4, 1, 0, 1], [0, 5, 5, 1, 3, 7, 4, 1]], "potions": 12, "treasures": 14, "enemies": 14, "solution_length": 0, "enemies_loc": [[4, 1], [2, 3], [5, 3], [1, 4], [6, 4], [1, 5], [6, 5], [7, 5], [2, 6], [1, 9], [4, 9], [6, 9], [2, 10], [5, 11]]}, "quality": 0.32912280700395197, "diversity": 0.32065971462239606, "controlability": 0.0}