{"content": [[1, 1, 7, 6, 0, 7, 5, 4], [5, 0, 5, 4, 1, 1, 4, 2], [0, 5, 7, 4, 0, 4, 5, 1], [0, 5, 1, 6, 0, 7, 1, 0], [0, 5, 6, 6, 6, 1, 5, 0], [1, 6, 0, 0, 1, 0, 1, 3], [0, 3, 4, 4, 0, 7, 1, 5], [4, 0, 4, 0, 7, 4, 1, 1], [5, 0, 1, 5, 5, 1, 1, 1], [1, 6, 1, 6, 0, 0, 1, 3], [2, 0, 4, 4, 4, 6, 0, 0], [0, 6, 2, 0, 1, 1, 1, 1]], "control": {"col_treasures": 8, "solution_length": 30}, "info": {"regions": 1, "players": 3, "exits": 3, "layout": 49, "heuristic": -1, "solution": [], "content": [[1, 1, 7, 6, 0, 7, 5, 4], [5, 0, 5, 4, 1, 1, 4, 2], [0, 5, 7, 4, 0, 4, 5, 1], [0, 5, 1, 6, 0, 7, 1, 0], [0, 5, 6, 6, 6, 1, 5, 0], [1, 6, 0, 0, 1, 0, 1, 3], [0, 3, 4, 4, 0, 7, 1, 5], [4, 0, 4, 0, 7, 4, 1, 1], [5, 0, 1, 5, 5, 1, 1, 1], [1, 6, 1, 6, 0, 0, 1, 3], [2, 0, 4, 4, 4, 6, 0, 0], [0, 6, 2, 0, 1, 1, 1, 1]], "potions": 13, "treasures": 12, "enemies": 16, "solution_length": 0, "enemies_loc": [[2, 0], [3, 0], [5, 0], [2, 2], [3, 3], [5, 3], [2, 4], [3, 4], [4, 4], [1, 5], [5, 6], [4, 7], [1, 9], [3, 9], [5, 10], [1, 11]]}, "quality": 0.3305263157757341, "diversity": 0.3172200445434572, "controlability": 0.0}