{"content": [[4, 3, 7, 1, 7, 5, 6, 5], [0, 7, 5, 0, 5, 7, 4, 0], [0, 0, 7, 4, 0, 1, 2, 1], [0, 2, 1, 1, 0, 7, 1, 5], [1, 1, 6, 4, 6, 4, 4, 1], [1, 6, 0, 7, 5, 1, 0, 0], [0, 0, 5, 0, 0, 7, 2, 1], [4, 0, 3, 7, 1, 4, 1, 1], [2, 1, 1, 4, 0, 4, 5, 1], [1, 0, 0, 4, 0, 4, 6, 5], [2, 0, 6, 7, 4, 1, 0, 0], [0, 3, 7, 1, 6, 4, 4, 4]], "control": {"col_treasures": 4, "solution_length": 23}, "info": {"regions": 1, "players": 5, "exits": 3, "layout": 45, "heuristic": -1, "solution": [], "content": [[4, 3, 7, 1, 7, 5, 6, 5], [0, 7, 5, 0, 5, 7, 4, 0], [0, 0, 7, 4, 0, 1, 2, 1], [0, 2, 1, 1, 0, 7, 1, 5], [1, 1, 6, 4, 6, 4, 4, 1], [1, 6, 0, 7, 5, 1, 0, 0], [0, 0, 5, 0, 0, 7, 2, 1], [4, 0, 3, 7, 1, 4, 1, 1], [2, 1, 1, 4, 0, 4, 5, 1], [1, 0, 0, 4, 0, 4, 6, 5], [2, 0, 6, 7, 4, 1, 0, 0], [0, 3, 7, 1, 6, 4, 4, 4]], "potions": 16, "treasures": 9, "enemies": 18, "solution_length": 0, "enemies_loc": [[2, 0], [4, 0], [6, 0], [1, 1], [5, 1], [2, 2], [5, 3], [2, 4], [4, 4], [1, 5], [3, 5], [5, 6], [3, 7], [6, 9], [2, 10], [3, 10], [2, 11], [4, 11]]}, "quality": 0.3249561403242645, "diversity": 0.35585170752527595, "controlability": 0.0}