{"content": [[1, 1, 1, 1, 7, 5, 7, 1], [0, 2, 0, 0, 0, 7, 1, 0], [0, 0, 5, 5, 7, 6, 6, 1], [7, 0, 1, 0, 1, 0, 4, 1], [1, 7, 1, 6, 6, 0, 6, 6], [7, 4, 0, 1, 7, 0, 0, 4], [0, 7, 6, 1, 1, 0, 0, 5], [5, 0, 0, 0, 1, 0, 1, 4], [4, 0, 4, 1, 0, 4, 0, 1], [4, 0, 1, 1, 4, 4, 1, 6], [6, 3, 6, 1, 7, 6, 1, 1], [4, 0, 1, 0, 7, 1, 0, 1]], "control": {"col_treasures": 8, "solution_length": 30}, "info": {"regions": 1, "players": 1, "exits": 1, "layout": 56, "heuristic": 149, "solution": [], "content": [[1, 1, 1, 1, 7, 5, 7, 1], [0, 2, 0, 0, 0, 7, 1, 0], [0, 0, 5, 5, 7, 6, 6, 1], [7, 0, 1, 0, 1, 0, 4, 1], [1, 7, 1, 6, 6, 0, 6, 6], [7, 4, 0, 1, 7, 0, 0, 4], [0, 7, 6, 1, 1, 0, 0, 5], [5, 0, 0, 0, 1, 0, 1, 4], [4, 0, 4, 1, 0, 4, 0, 1], [4, 0, 1, 1, 4, 4, 1, 6], [6, 3, 6, 1, 7, 6, 1, 1], [4, 0, 1, 0, 7, 1, 0, 1]], "potions": 11, "treasures": 5, "enemies": 22, "solution_length": 0, "enemies_loc": [[4, 0], [6, 0], [5, 1], [4, 2], [5, 2], [6, 2], [0, 3], [1, 4], [3, 4], [4, 4], [6, 4], [7, 4], [0, 5], [4, 5], [1, 6], [2, 6], [7, 9], [0, 10], [2, 10], [4, 10], [5, 10], [4, 11]], "status": "running", "health": 5, "col_treasures": 0, "col_potions": 0, "col_enemies": 0}, "quality": 0.4973054108794517, "diversity": 0.25751201327373796, "controlability": 0.0}