{"content": [[1, 1, 1, 1, 7, 1, 7, 6], [0, 0, 0, 1, 1, 7, 5, 5], [0, 6, 6, 1, 4, 6, 5, 1], [0, 7, 1, 0, 4, 1, 6, 0], [6, 7, 1, 6, 6, 0, 0, 6], [1, 7, 0, 1, 1, 0, 1, 5], [1, 0, 6, 1, 7, 5, 1, 5], [7, 0, 6, 0, 7, 0, 7, 6], [6, 0, 4, 1, 2, 4, 1, 1], [7, 0, 7, 7, 2, 4, 1, 6], [6, 5, 6, 1, 7, 0, 0, 1], [0, 6, 1, 0, 6, 7, 0, 1]], "control": {"col_treasures": 8, "solution_length": 30}, "info": {"regions": 1, "players": 2, "exits": 0, "layout": 49, "heuristic": -1, "solution": [], "content": [[1, 1, 1, 1, 7, 1, 7, 6], [0, 0, 0, 1, 1, 7, 5, 5], [0, 6, 6, 1, 4, 6, 5, 1], [0, 7, 1, 0, 4, 1, 6, 0], [6, 7, 1, 6, 6, 0, 0, 6], [1, 7, 0, 1, 1, 0, 1, 5], [1, 0, 6, 1, 7, 5, 1, 5], [7, 0, 6, 0, 7, 0, 7, 6], [6, 0, 4, 1, 2, 4, 1, 1], [7, 0, 7, 7, 2, 4, 1, 6], [6, 5, 6, 1, 7, 0, 0, 1], [0, 6, 1, 0, 6, 7, 0, 1]], "potions": 5, "treasures": 7, "enemies": 33, "solution_length": 0, "enemies_loc": [[4, 0], [6, 0], [7, 0], [5, 1], [1, 2], [2, 2], [5, 2], [1, 3], [6, 3], [0, 4], [1, 4], [3, 4], [4, 4], [7, 4], [1, 5], [2, 6], [4, 6], [0, 7], [2, 7], [4, 7], [6, 7], [7, 7], [0, 8], [0, 9], [2, 9], [3, 9], [7, 9], [0, 10], [2, 10], [4, 10], [1, 11], [4, 11], [5, 11]]}, "quality": 0.2659649122737581, "diversity": 0.33167612920809664, "controlability": 0.0}