{"content": [[1, 1, 1, 0, 1, 1, 1, 1, 1, 1, 0], [1, 1, 1, 1, 0, 1, 1, 0, 0, 1, 0], [1, 0, 1, 1, 1, 1, 1, 0, 1, 1, 0], [5, 1, 0, 0, 1, 1, 0, 1, 0, 1, 0], [1, 2, 1, 0, 1, 2, 0, 2, 1, 1, 1], [1, 0, 1, 1, 4, 0, 1, 1, 5, 1, 1], [1, 0, 0, 0, 1, 1, 5, 0, 1, 3, 1]], "control": {"player_key": 17, "key_door": 17}, "info": {"regions": 1, "players": 3, "keys": 1, "doors": 1, "enemies": 3, "player_key": 22, "key_door": 8, "pk_path": [[1, 4], [1, 3], [0, 3], [0, 2], [0, 1], [1, 1], [2, 1], [2, 2], [3, 2], [4, 2], [5, 2], [5, 1], [5, 0], [6, 0], [7, 0], [8, 0], [9, 0], [9, 1], [9, 2], [9, 3], [9, 4], [9, 5], [9, 6]], "kd_path": []}, "quality": 0.4983552631498875, "diversity": 1.0, "controlability": 0.26666666648888887}