{"content": [[1, 5, 1, 0, 5, 3, 1, 0, 0, 5, 0], [1, 5, 4, 1, 0, 1, 1, 0, 0, 1, 0], [1, 1, 1, 1, 0, 0, 1, 1, 1, 1, 0], [0, 1, 0, 0, 5, 1, 0, 1, 0, 1, 1], [1, 5, 5, 1, 1, 1, 1, 1, 1, 1, 1], [1, 0, 1, 1, 4, 0, 1, 1, 4, 1, 1], [1, 0, 0, 0, 1, 1, 0, 0, 2, 3, 1]], "control": {"player_key": 17, "key_door": 17}, "info": {"regions": 1, "players": 1, "keys": 2, "doors": 3, "enemies": 7, "player_key": 11, "key_door": 16, "pk_path": [[8, 6], [9, 6], [9, 5], [9, 4], [9, 3], [9, 2], [8, 2], [7, 2], [6, 2], [6, 1], [6, 0], [5, 0]], "kd_path": []}, "quality": 0.49496440156182464, "diversity": 1.0, "controlability": 0.8666666664222222}