{"content": [[1, 3, 5, 1, 0, 5, 5, 5], [1, 3, 5, 0, 2, 7, 3, 1], [0, 5, 7, 1, 0, 1, 2, 1], [0, 5, 0, 0, 0, 7, 0, 0], [1, 5, 6, 6, 6, 1, 0, 0], [4, 6, 2, 0, 5, 1, 1, 0], [0, 1, 7, 7, 1, 0, 1, 1], [4, 0, 7, 0, 1, 2, 0, 7], [2, 1, 1, 5, 5, 5, 0, 0], [1, 6, 1, 7, 0, 0, 1, 0], [5, 0, 1, 1, 5, 6, 0, 1], [5, 6, 6, 0, 6, 7, 6, 5]], "control": {"col_treasures": 8, "solution_length": 30}, "info": {"regions": 2, "players": 5, "exits": 3, "layout": 51, "heuristic": -1, "solution": [], "content": [[1, 3, 5, 1, 0, 5, 5, 5], [1, 3, 5, 0, 2, 7, 3, 1], [0, 5, 7, 1, 0, 1, 2, 1], [0, 5, 0, 0, 0, 7, 0, 0], [1, 5, 6, 6, 6, 1, 0, 0], [4, 6, 2, 0, 5, 1, 1, 0], [0, 1, 7, 7, 1, 0, 1, 1], [4, 0, 7, 0, 1, 2, 0, 7], [2, 1, 1, 5, 5, 5, 0, 0], [1, 6, 1, 7, 0, 0, 1, 0], [5, 0, 1, 1, 5, 6, 0, 1], [5, 6, 6, 0, 6, 7, 6, 5]], "potions": 2, "treasures": 16, "enemies": 19, "solution_length": 0, "enemies_loc": [[5, 1], [2, 2], [5, 3], [2, 4], [3, 4], [4, 4], [1, 5], [2, 6], [3, 6], [2, 7], [7, 7], [1, 9], [3, 9], [5, 10], [1, 11], [2, 11], [4, 11], [5, 11], [6, 11]]}, "quality": 0.32137086895095035, "diversity": 0.2983010841099333, "controlability": 0.0}