{"content": [[1, 1, 1, 1, 0, 1, 7, 4], [0, 0, 0, 5, 1, 7, 6, 5], [0, 4, 6, 1, 7, 6, 6, 6], [6, 5, 1, 0, 0, 7, 6, 1], [1, 0, 1, 6, 6, 1, 7, 0], [1, 7, 0, 7, 1, 3, 7, 4], [1, 7, 6, 1, 4, 0, 1, 5], [0, 0, 0, 0, 1, 1, 7, 6], [4, 0, 1, 1, 0, 4, 0, 6], [4, 0, 7, 7, 0, 4, 7, 1], [6, 7, 6, 2, 6, 6, 0, 1], [5, 6, 2, 7, 0, 7, 0, 1]], "control": {"col_treasures": 8, "solution_length": 30}, "info": {"regions": 1, "players": 2, "exits": 1, "layout": 47, "heuristic": -1, "solution": [], "content": [[1, 1, 1, 1, 0, 1, 7, 4], [0, 0, 0, 5, 1, 7, 6, 5], [0, 4, 6, 1, 7, 6, 6, 6], [6, 5, 1, 0, 0, 7, 6, 1], [1, 0, 1, 6, 6, 1, 7, 0], [1, 7, 0, 7, 1, 3, 7, 4], [1, 7, 6, 1, 4, 0, 1, 5], [0, 0, 0, 0, 1, 1, 7, 6], [4, 0, 1, 1, 0, 4, 0, 6], [4, 0, 7, 7, 0, 4, 7, 1], [6, 7, 6, 2, 6, 6, 0, 1], [5, 6, 2, 7, 0, 7, 0, 1]], "potions": 8, "treasures": 5, "enemies": 33, "solution_length": 0, "enemies_loc": [[6, 0], [5, 1], [6, 1], [2, 2], [4, 2], [5, 2], [6, 2], [7, 2], [0, 3], [5, 3], [6, 3], [3, 4], [4, 4], [6, 4], [1, 5], [3, 5], [6, 5], [1, 6], [2, 6], [6, 7], [7, 7], [7, 8], [2, 9], [3, 9], [6, 9], [0, 10], [1, 10], [2, 10], [4, 10], [5, 10], [1, 11], [3, 11], [5, 11]]}, "quality": 0.3312426900379363, "diversity": 0.40162036310763904, "controlability": 0.0}