{"content": [[1, 1, 1, 1, 7, 7, 7, 1], [0, 2, 0, 4, 4, 7, 1, 0], [0, 4, 4, 4, 7, 4, 6, 1], [0, 0, 1, 0, 1, 7, 4, 1], [6, 7, 1, 6, 6, 0, 6, 6], [7, 6, 0, 7, 7, 0, 0, 4], [0, 0, 6, 1, 1, 1, 6, 5], [1, 4, 0, 0, 1, 0, 1, 1], [4, 0, 4, 7, 0, 4, 0, 1], [7, 0, 7, 7, 6, 4, 4, 6], [6, 3, 6, 0, 7, 0, 0, 1], [4, 0, 1, 0, 7, 1, 0, 1]], "control": {"col_treasures": 8, "solution_length": 30}, "info": {"regions": 1, "players": 1, "exits": 1, "layout": 49, "heuristic": 147, "solution": [], "content": [[1, 1, 1, 1, 7, 7, 7, 1], [0, 2, 0, 4, 4, 7, 1, 0], [0, 4, 4, 4, 7, 4, 6, 1], [0, 0, 1, 0, 1, 7, 4, 1], [6, 7, 1, 6, 6, 0, 6, 6], [7, 6, 0, 7, 7, 0, 0, 4], [0, 0, 6, 1, 1, 1, 6, 5], [1, 4, 0, 0, 1, 0, 1, 1], [4, 0, 4, 7, 0, 4, 0, 1], [7, 0, 7, 7, 6, 4, 4, 6], [6, 3, 6, 0, 7, 0, 0, 1], [4, 0, 1, 0, 7, 1, 0, 1]], "potions": 15, "treasures": 1, "enemies": 29, "solution_length": 0, "enemies_loc": [[4, 0], [5, 0], [6, 0], [5, 1], [4, 2], [6, 2], [5, 3], [0, 4], [1, 4], [3, 4], [4, 4], [6, 4], [7, 4], [0, 5], [1, 5], [3, 5], [4, 5], [2, 6], [6, 6], [3, 8], [0, 9], [2, 9], [3, 9], [4, 9], [7, 9], [0, 10], [2, 10], [4, 10], [4, 11]], "status": "running", "health": 5, "col_treasures": 0, "col_potions": 2, "col_enemies": 0}, "quality": 0.49734157986093314, "diversity": 0.28344297602796065, "controlability": 0.0}