{"content": [[2, 1, 3, 6, 5, 3, 4, 7], [6, 4, 5, 7, 6, 6, 1, 3], [4, 2, 0, 5, 6, 7, 3, 1], [4, 0, 6, 7, 7, 0, 4, 7], [2, 4, 6, 5, 3, 6, 4, 5], [5, 0, 0, 3, 0, 6, 3, 0], [2, 5, 0, 5, 1, 3, 6, 7], [2, 7, 5, 7, 3, 2, 7, 2], [2, 6, 6, 7, 4, 5, 5, 0], [6, 3, 0, 3, 3, 6, 7, 0], [3, 2, 3, 5, 5, 4, 2, 5], [4, 5, 2, 6, 0, 3, 7, 4]], "control": {"col_treasures": 18, "solution_length": 45}, "info": {"regions": 1, "players": 11, "exits": 15, "layout": 16, "heuristic": -1, "solution": [], "content": [[2, 1, 3, 6, 5, 3, 4, 7], [6, 4, 5, 7, 6, 6, 1, 3], [4, 2, 0, 5, 6, 7, 3, 1], [4, 0, 6, 7, 7, 0, 4, 7], [2, 4, 6, 5, 3, 6, 4, 5], [5, 0, 0, 3, 0, 6, 3, 0], [2, 5, 0, 5, 1, 3, 6, 7], [2, 7, 5, 7, 3, 2, 7, 2], [2, 6, 6, 7, 4, 5, 5, 0], [6, 3, 0, 3, 3, 6, 7, 0], [3, 2, 3, 5, 5, 4, 2, 5], [4, 5, 2, 6, 0, 3, 7, 4]], "potions": 11, "treasures": 15, "enemies": 28, "solution_length": 0, "enemies_loc": [[3, 0], [7, 0], [0, 1], [3, 1], [4, 1], [5, 1], [4, 2], [5, 2], [2, 3], [3, 3], [4, 3], [7, 3], [2, 4], [5, 4], [5, 5], [6, 6], [7, 6], [1, 7], [3, 7], [6, 7], [1, 8], [2, 8], [3, 8], [0, 9], [5, 9], [6, 9], [3, 11], [6, 11]]}, "quality": 0.2720467836088391, "diversity": 0.44363838206380235, "controlability": 0.0}