{"content": [[2, 3, 5, 1, 6, 3, 2, 5], [4, 4, 5, 7, 5, 7, 3, 6], [3, 3, 1, 3, 3, 7, 3, 1], [3, 3, 6, 7, 0, 0, 1, 6], [1, 0, 0, 7, 1, 6, 6, 0], [0, 6, 1, 6, 1, 3, 7, 1], [7, 0, 7, 0, 7, 6, 3, 5], [1, 7, 2, 1, 5, 5, 6, 2], [4, 4, 2, 2, 2, 3, 5, 0], [1, 0, 5, 1, 0, 2, 1, 4], [5, 5, 6, 6, 1, 6, 0, 0], [0, 7, 3, 3, 0, 1, 0, 5]], "control": {"col_treasures": 18, "solution_length": 45}, "info": {"regions": 2, "players": 8, "exits": 15, "layout": 32, "heuristic": -1, "solution": [], "content": [[2, 3, 5, 1, 6, 3, 2, 5], [4, 4, 5, 7, 5, 7, 3, 6], [3, 3, 1, 3, 3, 7, 3, 1], [3, 3, 6, 7, 0, 0, 1, 6], [1, 0, 0, 7, 1, 6, 6, 0], [0, 6, 1, 6, 1, 3, 7, 1], [7, 0, 7, 0, 7, 6, 3, 5], [1, 7, 2, 1, 5, 5, 6, 2], [4, 4, 2, 2, 2, 3, 5, 0], [1, 0, 5, 1, 0, 2, 1, 4], [5, 5, 6, 6, 1, 6, 0, 0], [0, 7, 3, 3, 0, 1, 0, 5]], "potions": 5, "treasures": 12, "enemies": 24, "solution_length": 0, "enemies_loc": [[4, 0], [3, 1], [5, 1], [7, 1], [5, 2], [2, 3], [3, 3], [7, 3], [3, 4], [5, 4], [6, 4], [1, 5], [3, 5], [6, 5], [0, 6], [2, 6], [4, 6], [5, 6], [1, 7], [6, 7], [2, 10], [3, 10], [5, 10], [1, 11]]}, "quality": 0.28862233093110323, "diversity": 0.4189532421684453, "controlability": 0.0}