{"content": [[0, 3, 3, 1, 4, 4, 3, 3], [0, 1, 2, 4, 6, 1, 4, 6], [0, 7, 6, 3, 0, 1, 7, 5], [4, 4, 1, 0, 4, 4, 6, 1], [1, 3, 1, 5, 3, 2, 5, 5], [3, 1, 3, 3, 7, 5, 4, 4], [0, 4, 0, 7, 2, 2, 4, 6], [5, 1, 4, 7, 2, 3, 1, 7], [3, 0, 3, 1, 0, 4, 3, 1], [0, 3, 0, 0, 4, 5, 0, 4], [1, 7, 3, 6, 2, 7, 2, 5], [2, 1, 4, 6, 6, 1, 0, 0]], "control": {"col_treasures": 18, "solution_length": 45}, "info": {"regions": 1, "players": 8, "exits": 16, "layout": 31, "heuristic": -1, "solution": [], "content": [[0, 3, 3, 1, 4, 4, 3, 3], [0, 1, 2, 4, 6, 1, 4, 6], [0, 7, 6, 3, 0, 1, 7, 5], [4, 4, 1, 0, 4, 4, 6, 1], [1, 3, 1, 5, 3, 2, 5, 5], [3, 1, 3, 3, 7, 5, 4, 4], [0, 4, 0, 7, 2, 2, 4, 6], [5, 1, 4, 7, 2, 3, 1, 7], [3, 0, 3, 1, 0, 4, 3, 1], [0, 3, 0, 0, 4, 5, 0, 4], [1, 7, 3, 6, 2, 7, 2, 5], [2, 1, 4, 6, 6, 1, 0, 0]], "potions": 17, "treasures": 8, "enemies": 16, "solution_length": 0, "enemies_loc": [[4, 1], [7, 1], [1, 2], [2, 2], [6, 2], [6, 3], [4, 5], [3, 6], [7, 6], [3, 7], [7, 7], [1, 10], [3, 10], [5, 10], [3, 11], [4, 11]]}, "quality": 0.29428362570961425, "diversity": 0.410199165843922, "controlability": 0.0}