{"content": [[0, 4, 1, 6, 7, 3, 3, 7], [1, 4, 5, 4, 6, 5, 0, 0], [2, 4, 2, 0, 3, 7, 5, 0], [1, 7, 3, 4, 0, 2, 6, 5], [1, 7, 1, 6, 3, 4, 2, 7], [6, 5, 6, 0, 4, 7, 7, 1], [0, 0, 0, 0, 7, 1, 0, 6], [7, 1, 1, 3, 0, 5, 6, 7], [6, 1, 6, 1, 0, 5, 0, 1], [0, 7, 6, 3, 1, 3, 7, 3], [6, 0, 4, 0, 7, 0, 0, 2], [7, 5, 2, 0, 7, 4, 1, 2]], "control": {"col_treasures": 17, "solution_length": 43}, "info": {"regions": 1, "players": 7, "exits": 9, "layout": 35, "heuristic": -1, "solution": [], "content": [[0, 4, 1, 6, 7, 3, 3, 7], [1, 4, 5, 4, 6, 5, 0, 0], [2, 4, 2, 0, 3, 7, 5, 0], [1, 7, 3, 4, 0, 2, 6, 5], [1, 7, 1, 6, 3, 4, 2, 7], [6, 5, 6, 0, 4, 7, 7, 1], [0, 0, 0, 0, 7, 1, 0, 6], [7, 1, 1, 3, 0, 5, 6, 7], [6, 1, 6, 1, 0, 5, 0, 1], [0, 7, 6, 3, 1, 3, 7, 3], [6, 0, 4, 0, 7, 0, 0, 2], [7, 5, 2, 0, 7, 4, 1, 2]], "potions": 9, "treasures": 8, "enemies": 28, "solution_length": 0, "enemies_loc": [[3, 0], [4, 0], [7, 0], [4, 1], [5, 2], [1, 3], [6, 3], [1, 4], [3, 4], [7, 4], [0, 5], [2, 5], [5, 5], [6, 5], [4, 6], [7, 6], [0, 7], [6, 7], [7, 7], [0, 8], [2, 8], [1, 9], [2, 9], [6, 9], [0, 10], [4, 10], [0, 11], [4, 11]]}, "quality": 0.30545321635114075, "diversity": 0.3988597876636405, "controlability": 0.0}