{"content": [[2, 3, 5, 2, 6, 3, 2, 1], [4, 4, 5, 7, 3, 7, 2, 3], [6, 5, 2, 0, 3, 1, 3, 1], [3, 3, 3, 3, 0, 2, 1, 0], [6, 0, 0, 1, 4, 6, 6, 4], [6, 6, 6, 6, 1, 7, 5, 6], [7, 4, 7, 0, 4, 3, 6, 2], [1, 5, 3, 1, 5, 5, 6, 1], [7, 1, 6, 6, 0, 3, 5, 0], [1, 0, 6, 3, 2, 2, 7, 1], [6, 3, 6, 0, 1, 6, 0, 1], [1, 7, 3, 0, 0, 1, 1, 5]], "control": {"col_treasures": 17, "solution_length": 43}, "info": {"regions": 1, "players": 9, "exits": 16, "layout": 30, "heuristic": -1, "solution": [], "content": [[2, 3, 5, 2, 6, 3, 2, 1], [4, 4, 5, 7, 3, 7, 2, 3], [6, 5, 2, 0, 3, 1, 3, 1], [3, 3, 3, 3, 0, 2, 1, 0], [6, 0, 0, 1, 4, 6, 6, 4], [6, 6, 6, 6, 1, 7, 5, 6], [7, 4, 7, 0, 4, 3, 6, 2], [1, 5, 3, 1, 5, 5, 6, 1], [7, 1, 6, 6, 0, 3, 5, 0], [1, 0, 6, 3, 2, 2, 7, 1], [6, 3, 6, 0, 1, 6, 0, 1], [1, 7, 3, 0, 0, 1, 1, 5]], "potions": 6, "treasures": 9, "enemies": 26, "solution_length": 0, "enemies_loc": [[4, 0], [3, 1], [5, 1], [0, 2], [0, 4], [5, 4], [6, 4], [0, 5], [1, 5], [2, 5], [3, 5], [5, 5], [7, 5], [0, 6], [2, 6], [6, 6], [6, 7], [0, 8], [2, 8], [3, 8], [2, 9], [6, 9], [0, 10], [2, 10], [5, 10], [1, 11]]}, "quality": 0.2921929824351237, "diversity": 0.39329267339939045, "controlability": 0.0}