{"content": [[0, 0, 1, 2, 0, 1, 5, 3], [3, 5, 5, 2, 6, 4, 2, 2], [2, 4, 1, 0, 4, 1, 5, 4], [1, 7, 3, 6, 2, 1, 1, 6], [3, 3, 1, 5, 3, 4, 4, 1], [4, 7, 1, 6, 4, 7, 7, 1], [6, 1, 0, 0, 7, 0, 0, 0], [7, 1, 7, 1, 4, 5, 1, 0], [1, 1, 6, 1, 4, 5, 0, 6], [6, 7, 6, 3, 1, 1, 2, 2], [5, 0, 5, 0, 5, 2, 3, 0], [7, 5, 4, 1, 7, 5, 2, 0]], "control": {"col_treasures": 11, "solution_length": 35}, "info": {"regions": 1, "players": 10, "exits": 8, "layout": 36, "heuristic": -1, "solution": [], "content": [[0, 0, 1, 2, 0, 1, 5, 3], [3, 5, 5, 2, 6, 4, 2, 2], [2, 4, 1, 0, 4, 1, 5, 4], [1, 7, 3, 6, 2, 1, 1, 6], [3, 3, 1, 5, 3, 4, 4, 1], [4, 7, 1, 6, 4, 7, 7, 1], [6, 1, 0, 0, 7, 0, 0, 0], [7, 1, 7, 1, 4, 5, 1, 0], [1, 1, 6, 1, 4, 5, 0, 6], [6, 7, 6, 3, 1, 1, 2, 2], [5, 0, 5, 0, 5, 2, 3, 0], [7, 5, 4, 1, 7, 5, 2, 0]], "potions": 11, "treasures": 12, "enemies": 19, "solution_length": 0, "enemies_loc": [[4, 1], [1, 3], [3, 3], [7, 3], [1, 5], [3, 5], [5, 5], [6, 5], [0, 6], [4, 6], [0, 7], [2, 7], [2, 8], [7, 8], [0, 9], [1, 9], [2, 9], [0, 11], [4, 11]]}, "quality": 0.30543859646795823, "diversity": 0.45442707353515654, "controlability": 0.0}