{"content": [[1, 1, 2, 6, 7, 0, 6, 2], [7, 7, 1, 0, 1, 1, 7, 6], [4, 3, 4, 7, 1, 0, 1, 2], [7, 2, 3, 4, 2, 0, 7, 0], [7, 6, 0, 1, 6, 2, 2, 4], [7, 3, 0, 0, 2, 4, 2, 2], [7, 1, 6, 3, 1, 6, 7, 6], [1, 5, 4, 7, 1, 4, 6, 0], [6, 3, 2, 2, 6, 7, 2, 2], [3, 6, 3, 3, 6, 6, 4, 6], [1, 5, 0, 1, 4, 1, 3, 1], [7, 5, 5, 4, 1, 7, 5, 5]], "control": {"col_treasures": 13, "solution_length": 37}, "info": {"regions": 1, "players": 14, "exits": 9, "layout": 27, "heuristic": -1, "solution": [], "content": [[1, 1, 2, 6, 7, 0, 6, 2], [7, 7, 1, 0, 1, 1, 7, 6], [4, 3, 4, 7, 1, 0, 1, 2], [7, 2, 3, 4, 2, 0, 7, 0], [7, 6, 0, 1, 6, 2, 2, 4], [7, 3, 0, 0, 2, 4, 2, 2], [7, 1, 6, 3, 1, 6, 7, 6], [1, 5, 4, 7, 1, 4, 6, 0], [6, 3, 2, 2, 6, 7, 2, 2], [3, 6, 3, 3, 6, 6, 4, 6], [1, 5, 0, 1, 4, 1, 3, 1], [7, 5, 5, 4, 1, 7, 5, 5]], "potions": 10, "treasures": 6, "enemies": 30, "solution_length": 0, "enemies_loc": [[3, 0], [4, 0], [6, 0], [0, 1], [1, 1], [6, 1], [7, 1], [3, 2], [0, 3], [6, 3], [0, 4], [1, 4], [4, 4], [0, 5], [0, 6], [2, 6], [5, 6], [6, 6], [7, 6], [3, 7], [6, 7], [0, 8], [4, 8], [5, 8], [1, 9], [4, 9], [5, 9], [7, 9], [0, 11], [5, 11]]}, "quality": 0.28942982454110716, "diversity": 0.4447494261560392, "controlability": 0.0}