{"content": [[6, 1, 0, 3, 0, 4, 1, 3], [2, 5, 1, 6, 7, 2, 5, 4], [5, 0, 2, 6, 3, 1, 3, 6], [6, 0, 0, 1, 7, 3, 6, 0], [1, 7, 0, 1, 6, 3, 7, 0], [1, 5, 0, 5, 3, 2, 7, 2], [6, 1, 0, 2, 5, 5, 4, 7], [4, 1, 3, 3, 7, 0, 1, 0], [1, 5, 1, 1, 5, 4, 5, 0], [1, 6, 7, 4, 7, 7, 0, 1], [2, 7, 6, 0, 3, 6, 2, 6], [7, 5, 7, 5, 7, 2, 6, 3]], "control": {"col_treasures": 2, "solution_length": 20}, "info": {"regions": 1, "players": 9, "exits": 11, "layout": 31, "heuristic": -1, "solution": [], "content": [[6, 1, 0, 3, 0, 4, 1, 3], [2, 5, 1, 6, 7, 2, 5, 4], [5, 0, 2, 6, 3, 1, 3, 6], [6, 0, 0, 1, 7, 3, 6, 0], [1, 7, 0, 1, 6, 3, 7, 0], [1, 5, 0, 5, 3, 2, 7, 2], [6, 1, 0, 2, 5, 5, 4, 7], [4, 1, 3, 3, 7, 0, 1, 0], [1, 5, 1, 1, 5, 4, 5, 0], [1, 6, 7, 4, 7, 7, 0, 1], [2, 7, 6, 0, 3, 6, 2, 6], [7, 5, 7, 5, 7, 2, 6, 3]], "potions": 6, "treasures": 12, "enemies": 27, "solution_length": 0, "enemies_loc": [[0, 0], [3, 1], [4, 1], [3, 2], [7, 2], [0, 3], [4, 3], [6, 3], [1, 4], [4, 4], [6, 4], [6, 5], [0, 6], [7, 6], [4, 7], [1, 9], [2, 9], [4, 9], [5, 9], [1, 10], [2, 10], [5, 10], [7, 10], [0, 11], [2, 11], [4, 11], [6, 11]]}, "quality": 0.29709064325317847, "diversity": 0.3918172595820786, "controlability": 0.0}