{"content": [[7, 5, 1, 1, 4, 4, 3, 3], [6, 7, 2, 4, 3, 6, 4, 2], [4, 7, 1, 7, 2, 1, 5, 1], [4, 1, 1, 0, 4, 4, 2, 1], [4, 3, 1, 2, 1, 4, 3, 4], [3, 7, 5, 1, 7, 5, 4, 4], [0, 1, 0, 2, 2, 5, 0, 0], [4, 1, 4, 2, 2, 0, 5, 7], [2, 0, 0, 1, 0, 4, 3, 1], [7, 2, 0, 0, 1, 2, 2, 3], [1, 7, 3, 0, 2, 2, 0, 0], [2, 1, 4, 6, 2, 1, 1, 6]], "control": {"col_treasures": 18, "solution_length": 46}, "info": {"regions": 1, "players": 17, "exits": 9, "layout": 34, "heuristic": -1, "solution": [], "content": [[7, 5, 1, 1, 4, 4, 3, 3], [6, 7, 2, 4, 3, 6, 4, 2], [4, 7, 1, 7, 2, 1, 5, 1], [4, 1, 1, 0, 4, 4, 2, 1], [4, 3, 1, 2, 1, 4, 3, 4], [3, 7, 5, 1, 7, 5, 4, 4], [0, 1, 0, 2, 2, 5, 0, 0], [4, 1, 4, 2, 2, 0, 5, 7], [2, 0, 0, 1, 0, 4, 3, 1], [7, 2, 0, 0, 1, 2, 2, 3], [1, 7, 3, 0, 2, 2, 0, 0], [2, 1, 4, 6, 2, 1, 1, 6]], "potions": 17, "treasures": 6, "enemies": 13, "solution_length": 0, "enemies_loc": [[0, 0], [0, 1], [1, 1], [5, 1], [1, 2], [3, 2], [1, 5], [4, 5], [7, 7], [0, 9], [1, 10], [3, 11], [7, 11]]}, "quality": 0.2970467836036308, "diversity": 0.426256603497024, "controlability": 0.0}