{"content": [[2, 5, 4, 1, 2, 5, 2, 3], [6, 1, 5, 4, 6, 6, 2, 5], [6, 4, 1, 0, 2, 6, 5, 1], [1, 3, 7, 4, 0, 2, 1, 5], [1, 0, 1, 7, 3, 1, 6, 0], [3, 6, 1, 0, 4, 7, 7, 1], [0, 7, 0, 0, 7, 5, 0, 0], [7, 5, 7, 4, 6, 5, 1, 1], [7, 1, 0, 2, 0, 3, 0, 0], [5, 7, 6, 3, 1, 2, 2, 3], [2, 0, 4, 2, 2, 2, 0, 0], [0, 5, 3, 0, 0, 1, 1, 1]], "control": {"col_treasures": 8, "solution_length": 30}, "info": {"regions": 1, "players": 13, "exits": 8, "layout": 38, "heuristic": -1, "solution": [], "content": [[2, 5, 4, 1, 2, 5, 2, 3], [6, 1, 5, 4, 6, 6, 2, 5], [6, 4, 1, 0, 2, 6, 5, 1], [1, 3, 7, 4, 0, 2, 1, 5], [1, 0, 1, 7, 3, 1, 6, 0], [3, 6, 1, 0, 4, 7, 7, 1], [0, 7, 0, 0, 7, 5, 0, 0], [7, 5, 7, 4, 6, 5, 1, 1], [7, 1, 0, 2, 0, 3, 0, 0], [5, 7, 6, 3, 1, 2, 2, 3], [2, 0, 4, 2, 2, 2, 0, 0], [0, 5, 3, 0, 0, 1, 1, 1]], "potions": 7, "treasures": 11, "enemies": 19, "solution_length": 0, "enemies_loc": [[0, 1], [4, 1], [5, 1], [0, 2], [5, 2], [2, 3], [3, 4], [6, 4], [1, 5], [5, 5], [6, 5], [1, 6], [4, 6], [0, 7], [2, 7], [4, 7], [0, 8], [1, 9], [2, 9]]}, "quality": 0.3061111110874842, "diversity": 0.582031241699219, "controlability": 0.0}