{"content": [[2, 3, 3, 4, 7, 3, 6, 5], [5, 4, 5, 6, 1, 6, 4, 0], [6, 3, 1, 1, 0, 1, 5, 1], [3, 4, 1, 3, 0, 4, 1, 4], [0, 5, 6, 0, 1, 6, 6, 2], [1, 6, 1, 1, 1, 2, 0, 0], [7, 1, 4, 0, 4, 6, 3, 5], [5, 0, 7, 7, 1, 0, 0, 1], [2, 4, 4, 4, 2, 4, 1, 1], [1, 0, 0, 0, 0, 0, 3, 5], [2, 0, 6, 6, 5, 0, 0, 1], [6, 6, 2, 3, 1, 4, 0, 6]], "control": {"col_treasures": 18, "solution_length": 45}, "info": {"regions": 1, "players": 7, "exits": 9, "layout": 40, "heuristic": -1, "solution": [], "content": [[2, 3, 3, 4, 7, 3, 6, 5], [5, 4, 5, 6, 1, 6, 4, 0], [6, 3, 1, 1, 0, 1, 5, 1], [3, 4, 1, 3, 0, 4, 1, 4], [0, 5, 6, 0, 1, 6, 6, 2], [1, 6, 1, 1, 1, 2, 0, 0], [7, 1, 4, 0, 4, 6, 3, 5], [5, 0, 7, 7, 1, 0, 0, 1], [2, 4, 4, 4, 2, 4, 1, 1], [1, 0, 0, 0, 0, 0, 3, 5], [2, 0, 6, 6, 5, 0, 0, 1], [6, 6, 2, 3, 1, 4, 0, 6]], "potions": 13, "treasures": 9, "enemies": 18, "solution_length": 0, "enemies_loc": [[4, 0], [6, 0], [3, 1], [5, 1], [0, 2], [2, 4], [5, 4], [6, 4], [1, 5], [0, 6], [5, 6], [2, 7], [3, 7], [2, 10], [3, 10], [0, 11], [1, 11], [7, 11]]}, "quality": 0.31239766079413844, "diversity": 0.38829022046515826, "controlability": 0.0}