{"content": [[6, 5, 1, 1, 4, 7, 3, 3], [6, 7, 2, 4, 1, 3, 3, 2], [7, 5, 2, 5, 3, 1, 3, 1], [7, 4, 5, 3, 1, 3, 4, 4], [0, 3, 6, 1, 4, 3, 6, 4], [1, 3, 0, 1, 6, 1, 4, 0], [6, 1, 0, 6, 2, 5, 0, 7], [1, 0, 3, 7, 1, 0, 1, 4], [1, 1, 3, 4, 2, 7, 3, 0], [1, 4, 7, 4, 2, 2, 0, 3], [2, 0, 6, 0, 5, 0, 0, 0], [2, 1, 2, 5, 2, 1, 1, 2]], "control": {"col_treasures": 18, "solution_length": 46}, "info": {"regions": 2, "players": 12, "exits": 15, "layout": 34, "heuristic": -1, "solution": [], "content": [[6, 5, 1, 1, 4, 7, 3, 3], [6, 7, 2, 4, 1, 3, 3, 2], [7, 5, 2, 5, 3, 1, 3, 1], [7, 4, 5, 3, 1, 3, 4, 4], [0, 3, 6, 1, 4, 3, 6, 4], [1, 3, 0, 1, 6, 1, 4, 0], [6, 1, 0, 6, 2, 5, 0, 7], [1, 0, 3, 7, 1, 0, 1, 4], [1, 1, 3, 4, 2, 7, 3, 0], [1, 4, 7, 4, 2, 2, 0, 3], [2, 0, 6, 0, 5, 0, 0, 0], [2, 1, 2, 5, 2, 1, 1, 2]], "potions": 12, "treasures": 7, "enemies": 16, "solution_length": 0, "enemies_loc": [[0, 0], [5, 0], [0, 1], [1, 1], [0, 2], [0, 3], [2, 4], [6, 4], [4, 5], [0, 6], [3, 6], [7, 6], [3, 7], [5, 8], [2, 9], [2, 10]]}, "quality": 0.28859309116473814, "diversity": 0.434799372771991, "controlability": 0.0}