{"content": [[0, 1, 6, 1, 3, 1, 3, 3], [6, 7, 5, 4, 1, 7, 2, 2], [7, 0, 4, 1, 4, 1, 5, 1], [7, 5, 2, 0, 1, 4, 2, 4], [0, 1, 1, 0, 1, 7, 4, 1], [0, 0, 2, 1, 5, 3, 7, 0], [1, 1, 7, 0, 5, 0, 2, 7], [4, 1, 7, 4, 4, 4, 5, 4], [2, 1, 6, 1, 3, 4, 1, 1], [5, 2, 0, 0, 2, 1, 2, 7], [5, 0, 3, 5, 2, 0, 0, 1], [2, 6, 6, 1, 1, 1, 2, 6]], "control": {"col_treasures": 5, "solution_length": 24}, "info": {"regions": 1, "players": 13, "exits": 6, "layout": 40, "heuristic": -1, "solution": [], "content": [[0, 1, 6, 1, 3, 1, 3, 3], [6, 7, 5, 4, 1, 7, 2, 2], [7, 0, 4, 1, 4, 1, 5, 1], [7, 5, 2, 0, 1, 4, 2, 4], [0, 1, 1, 0, 1, 7, 4, 1], [0, 0, 2, 1, 5, 3, 7, 0], [1, 1, 7, 0, 5, 0, 2, 7], [4, 1, 7, 4, 4, 4, 5, 4], [2, 1, 6, 1, 3, 4, 1, 1], [5, 2, 0, 0, 2, 1, 2, 7], [5, 0, 3, 5, 2, 0, 0, 1], [2, 6, 6, 1, 1, 1, 2, 6]], "potions": 12, "treasures": 9, "enemies": 16, "solution_length": 0, "enemies_loc": [[2, 0], [0, 1], [1, 1], [5, 1], [0, 2], [0, 3], [5, 4], [6, 5], [2, 6], [7, 6], [2, 7], [2, 8], [7, 9], [1, 11], [2, 11], [7, 11]]}, "quality": 0.3102923976364654, "diversity": 0.5355902685546878, "controlability": 0.0}