{"content": [[2, 7, 6, 5, 1, 5, 5, 6], [4, 1, 5, 4, 5, 7, 7, 5], [3, 4, 4, 4, 3, 6, 1, 1], [7, 3, 6, 0, 0, 1, 1, 6], [0, 5, 4, 1, 4, 4, 7, 0], [0, 6, 1, 2, 5, 3, 7, 7], [5, 0, 0, 0, 4, 3, 4, 5], [5, 3, 2, 4, 2, 0, 6, 2], [0, 0, 2, 5, 2, 3, 5, 0], [1, 7, 5, 1, 0, 2, 1, 4], [2, 5, 4, 0, 1, 6, 0, 0], [0, 3, 6, 0, 0, 1, 4, 1]], "control": {"col_treasures": 10, "solution_length": 33}, "info": {"regions": 1, "players": 9, "exits": 8, "layout": 33, "heuristic": -1, "solution": [], "content": [[2, 7, 6, 5, 1, 5, 5, 6], [4, 1, 5, 4, 5, 7, 7, 5], [3, 4, 4, 4, 3, 6, 1, 1], [7, 3, 6, 0, 0, 1, 1, 6], [0, 5, 4, 1, 4, 4, 7, 0], [0, 6, 1, 2, 5, 3, 7, 7], [5, 0, 0, 0, 4, 3, 4, 5], [5, 3, 2, 4, 2, 0, 6, 2], [0, 0, 2, 5, 2, 3, 5, 0], [1, 7, 5, 1, 0, 2, 1, 4], [2, 5, 4, 0, 1, 6, 0, 0], [0, 3, 6, 0, 0, 1, 4, 1]], "potions": 14, "treasures": 15, "enemies": 17, "solution_length": 0, "enemies_loc": [[1, 0], [2, 0], [7, 0], [5, 1], [6, 1], [5, 2], [0, 3], [2, 3], [7, 3], [6, 4], [1, 5], [6, 5], [7, 5], [6, 7], [1, 9], [5, 10], [2, 11]]}, "quality": 0.30197368418805065, "diversity": 0.37411346609042573, "controlability": 0.0}