{"content": [[2, 3, 2, 1, 1, 5, 4, 1], [0, 2, 4, 2, 2, 7, 7, 1], [0, 3, 0, 3, 3, 6, 1, 5], [0, 2, 7, 0, 4, 0, 1, 2], [0, 5, 4, 6, 1, 0, 5, 0], [0, 6, 3, 7, 3, 1, 6, 4], [1, 3, 4, 7, 0, 4, 4, 6], [4, 7, 4, 4, 2, 3, 3, 1], [2, 1, 7, 0, 2, 7, 5, 2], [1, 6, 0, 0, 4, 6, 1, 4], [7, 7, 1, 3, 4, 7, 2, 1], [5, 3, 6, 6, 6, 1, 4, 1]], "control": {"col_treasures": 5, "solution_length": 24}, "info": {"regions": 1, "players": 12, "exits": 11, "layout": 31, "heuristic": -1, "solution": [], "content": [[2, 3, 2, 1, 1, 5, 4, 1], [0, 2, 4, 2, 2, 7, 7, 1], [0, 3, 0, 3, 3, 6, 1, 5], [0, 2, 7, 0, 4, 0, 1, 2], [0, 5, 4, 6, 1, 0, 5, 0], [0, 6, 3, 7, 3, 1, 6, 4], [1, 3, 4, 7, 0, 4, 4, 6], [4, 7, 4, 4, 2, 3, 3, 1], [2, 1, 7, 0, 2, 7, 5, 2], [1, 6, 0, 0, 4, 6, 1, 4], [7, 7, 1, 3, 4, 7, 2, 1], [5, 3, 6, 6, 6, 1, 4, 1]], "potions": 15, "treasures": 6, "enemies": 21, "solution_length": 0, "enemies_loc": [[5, 1], [6, 1], [5, 2], [2, 3], [3, 4], [1, 5], [3, 5], [6, 5], [3, 6], [7, 6], [1, 7], [2, 8], [5, 8], [1, 9], [5, 9], [0, 10], [1, 10], [5, 10], [2, 11], [3, 11], [4, 11]]}, "quality": 0.2949853800955053, "diversity": 0.42470237104910735, "controlability": 0.0}