{"content": [[0, 1, 3, 2, 3, 1, 1, 2], [2, 4, 3, 5, 5, 7, 3, 6], [5, 3, 3, 1, 3, 2, 7, 3], [0, 4, 7, 0, 7, 0, 7, 5], [0, 1, 1, 3, 1, 0, 5, 2], [0, 0, 2, 0, 1, 3, 1, 0], [1, 5, 4, 1, 0, 4, 4, 7], [4, 5, 4, 4, 6, 3, 3, 1], [2, 1, 0, 3, 1, 7, 4, 2], [0, 3, 1, 0, 3, 1, 1, 7], [7, 5, 5, 4, 2, 2, 1, 1], [5, 6, 5, 2, 3, 6, 4, 1]], "control": {"col_treasures": 5, "solution_length": 24}, "info": {"regions": 1, "players": 11, "exits": 16, "layout": 34, "heuristic": -1, "solution": [], "content": [[0, 1, 3, 2, 3, 1, 1, 2], [2, 4, 3, 5, 5, 7, 3, 6], [5, 3, 3, 1, 3, 2, 7, 3], [0, 4, 7, 0, 7, 0, 7, 5], [0, 1, 1, 3, 1, 0, 5, 2], [0, 0, 2, 0, 1, 3, 1, 0], [1, 5, 4, 1, 0, 4, 4, 7], [4, 5, 4, 4, 6, 3, 3, 1], [2, 1, 0, 3, 1, 7, 4, 2], [0, 3, 1, 0, 3, 1, 1, 7], [7, 5, 5, 4, 2, 2, 1, 1], [5, 6, 5, 2, 3, 6, 4, 1]], "potions": 11, "treasures": 11, "enemies": 13, "solution_length": 0, "enemies_loc": [[5, 1], [7, 1], [6, 2], [2, 3], [4, 3], [6, 3], [7, 6], [4, 7], [5, 8], [7, 9], [0, 10], [1, 11], [5, 11]]}, "quality": 0.29634502921773975, "diversity": 0.41204794614534224, "controlability": 0.0}