{"content": [[0, 1, 3, 2, 0, 1, 1, 2], [2, 4, 5, 5, 5, 7, 2, 6], [5, 3, 3, 1, 3, 2, 5, 3], [0, 4, 7, 6, 2, 0, 7, 5], [0, 0, 4, 3, 1, 4, 5, 1], [0, 0, 1, 0, 1, 2, 7, 1], [6, 1, 4, 0, 5, 0, 5, 7], [1, 5, 4, 4, 4, 3, 0, 0], [2, 1, 6, 1, 4, 0, 4, 2], [0, 3, 5, 7, 2, 1, 1, 7], [5, 1, 5, 4, 2, 4, 1, 6], [0, 6, 5, 2, 3, 5, 4, 1]], "control": {"col_treasures": 5, "solution_length": 24}, "info": {"regions": 1, "players": 12, "exits": 9, "layout": 34, "heuristic": -1, "solution": [], "content": [[0, 1, 3, 2, 0, 1, 1, 2], [2, 4, 5, 5, 5, 7, 2, 6], [5, 3, 3, 1, 3, 2, 5, 3], [0, 4, 7, 6, 2, 0, 7, 5], [0, 0, 4, 3, 1, 4, 5, 1], [0, 0, 1, 0, 1, 2, 7, 1], [6, 1, 4, 0, 5, 0, 5, 7], [1, 5, 4, 4, 4, 3, 0, 0], [2, 1, 6, 1, 4, 0, 4, 2], [0, 3, 5, 7, 2, 1, 1, 7], [5, 1, 5, 4, 2, 4, 1, 6], [0, 6, 5, 2, 3, 5, 4, 1]], "potions": 13, "treasures": 15, "enemies": 13, "solution_length": 0, "enemies_loc": [[5, 1], [7, 1], [2, 3], [3, 3], [6, 3], [6, 5], [0, 6], [7, 6], [2, 8], [3, 9], [7, 9], [7, 10], [1, 11]]}, "quality": 0.30055555553308605, "diversity": 0.4309640420036768, "controlability": 0.0}