{"content": [[0, 7, 1, 2, 0, 3, 5, 2], [2, 5, 3, 0, 0, 5, 7, 4], [7, 1, 0, 1, 7, 4, 2, 4], [2, 4, 4, 2, 6, 2, 7, 0], [6, 4, 6, 4, 1, 7, 1, 3], [1, 7, 4, 7, 0, 5, 4, 5], [0, 7, 2, 1, 4, 5, 1, 1], [5, 3, 3, 4, 1, 2, 5, 5], [5, 2, 0, 4, 0, 5, 7, 1], [0, 6, 1, 6, 0, 7, 7, 2], [3, 0, 1, 0, 2, 4, 2, 0], [2, 1, 4, 5, 7, 0, 6, 2]], "control": {"col_treasures": 3, "solution_length": 21}, "info": {"regions": 1, "players": 15, "exits": 6, "layout": 30, "heuristic": -1, "solution": [], "content": [[0, 7, 1, 2, 0, 3, 5, 2], [2, 5, 3, 0, 0, 5, 7, 4], [7, 1, 0, 1, 7, 4, 2, 4], [2, 4, 4, 2, 6, 2, 7, 0], [6, 4, 6, 4, 1, 7, 1, 3], [1, 7, 4, 7, 0, 5, 4, 5], [0, 7, 2, 1, 4, 5, 1, 1], [5, 3, 3, 4, 1, 2, 5, 5], [5, 2, 0, 4, 0, 5, 7, 1], [0, 6, 1, 6, 0, 7, 7, 2], [3, 0, 1, 0, 2, 4, 2, 0], [2, 1, 4, 5, 7, 0, 6, 2]], "potions": 14, "treasures": 12, "enemies": 19, "solution_length": 0, "enemies_loc": [[1, 0], [6, 1], [0, 2], [4, 2], [4, 3], [6, 3], [0, 4], [2, 4], [5, 4], [1, 5], [3, 5], [1, 6], [6, 8], [1, 9], [3, 9], [5, 9], [6, 9], [4, 11], [6, 11]]}, "quality": 0.2949999999786879, "diversity": 0.40195445756282244, "controlability": 0.0}