{"content": [[2, 3, 6, 2, 3, 1, 2, 1], [2, 4, 3, 7, 2, 7, 3, 6], [7, 5, 2, 1, 3, 6, 5, 1], [5, 5, 7, 0, 0, 2, 1, 0], [1, 0, 0, 1, 1, 1, 5, 0], [0, 6, 2, 0, 1, 1, 1, 4], [1, 5, 7, 1, 1, 0, 5, 5], [4, 0, 3, 4, 5, 2, 0, 1], [2, 1, 1, 3, 1, 4, 5, 1], [5, 7, 0, 6, 7, 0, 1, 7], [6, 0, 1, 2, 2, 0, 0, 1], [5, 6, 3, 6, 0, 6, 7, 6]], "control": {"col_treasures": 8, "solution_length": 30}, "info": {"regions": 1, "players": 12, "exits": 8, "layout": 40, "heuristic": -1, "solution": [], "content": [[2, 3, 6, 2, 3, 1, 2, 1], [2, 4, 3, 7, 2, 7, 3, 6], [7, 5, 2, 1, 3, 6, 5, 1], [5, 5, 7, 0, 0, 2, 1, 0], [1, 0, 0, 1, 1, 1, 5, 0], [0, 6, 2, 0, 1, 1, 1, 4], [1, 5, 7, 1, 1, 0, 5, 5], [4, 0, 3, 4, 5, 2, 0, 1], [2, 1, 1, 3, 1, 4, 5, 1], [5, 7, 0, 6, 7, 0, 1, 7], [6, 0, 1, 2, 2, 0, 0, 1], [5, 6, 3, 6, 0, 6, 7, 6]], "potions": 5, "treasures": 12, "enemies": 19, "solution_length": 0, "enemies_loc": [[2, 0], [3, 1], [5, 1], [7, 1], [0, 2], [5, 2], [2, 3], [1, 5], [2, 6], [1, 9], [3, 9], [4, 9], [7, 9], [0, 10], [1, 11], [3, 11], [5, 11], [6, 11], [7, 11]]}, "quality": 0.30959064325057434, "diversity": 0.3946614487792971, "controlability": 0.0}