{"content": [[0, 1, 6, 2, 2, 1, 6, 0], [2, 4, 5, 5, 1, 7, 7, 1], [7, 3, 4, 4, 3, 6, 5, 1], [5, 4, 7, 0, 1, 4, 1, 4], [1, 5, 1, 1, 4, 7, 5, 2], [0, 6, 2, 7, 1, 3, 6, 0], [0, 3, 7, 1, 1, 0, 1, 5], [4, 7, 7, 7, 2, 2, 3, 1], [2, 1, 1, 5, 1, 4, 1, 0], [1, 7, 0, 6, 4, 1, 1, 0], [2, 0, 6, 5, 2, 6, 0, 0], [5, 6, 6, 6, 1, 6, 7, 6]], "control": {"col_treasures": 8, "solution_length": 30}, "info": {"regions": 1, "players": 10, "exits": 5, "layout": 36, "heuristic": -1, "solution": [], "content": [[0, 1, 6, 2, 2, 1, 6, 0], [2, 4, 5, 5, 1, 7, 7, 1], [7, 3, 4, 4, 3, 6, 5, 1], [5, 4, 7, 0, 1, 4, 1, 4], [1, 5, 1, 1, 4, 7, 5, 2], [0, 6, 2, 7, 1, 3, 6, 0], [0, 3, 7, 1, 1, 0, 1, 5], [4, 7, 7, 7, 2, 2, 3, 1], [2, 1, 1, 5, 1, 4, 1, 0], [1, 7, 0, 6, 4, 1, 1, 0], [2, 0, 6, 5, 2, 6, 0, 0], [5, 6, 6, 6, 1, 6, 7, 6]], "potions": 10, "treasures": 10, "enemies": 25, "solution_length": 0, "enemies_loc": [[2, 0], [6, 0], [5, 1], [6, 1], [0, 2], [5, 2], [2, 3], [5, 4], [1, 5], [3, 5], [6, 5], [2, 6], [1, 7], [2, 7], [3, 7], [1, 9], [3, 9], [2, 10], [5, 10], [1, 11], [2, 11], [3, 11], [5, 11], [6, 11], [7, 11]]}, "quality": 0.3075438596256314, "diversity": 0.4192708234468009, "controlability": 0.0}