{"content": [[6, 5, 1, 1, 4, 4, 3, 3], [6, 7, 2, 4, 7, 3, 4, 2], [5, 7, 2, 6, 3, 1, 3, 6], [7, 1, 5, 1, 7, 3, 6, 1], [4, 3, 1, 1, 6, 3, 3, 4], [1, 5, 0, 5, 3, 2, 4, 4], [6, 1, 0, 2, 2, 5, 0, 7], [4, 1, 3, 2, 2, 0, 1, 0], [1, 5, 1, 1, 0, 7, 3, 0], [1, 2, 0, 4, 1, 2, 6, 3], [1, 7, 6, 0, 3, 6, 0, 0], [2, 1, 7, 5, 2, 1, 1, 2]], "control": {"col_treasures": 18, "solution_length": 46}, "info": {"regions": 1, "players": 13, "exits": 14, "layout": 32, "heuristic": -1, "solution": [], "content": [[6, 5, 1, 1, 4, 4, 3, 3], [6, 7, 2, 4, 7, 3, 4, 2], [5, 7, 2, 6, 3, 1, 3, 6], [7, 1, 5, 1, 7, 3, 6, 1], [4, 3, 1, 1, 6, 3, 3, 4], [1, 5, 0, 5, 3, 2, 4, 4], [6, 1, 0, 2, 2, 5, 0, 7], [4, 1, 3, 2, 2, 0, 1, 0], [1, 5, 1, 1, 0, 7, 3, 0], [1, 2, 0, 4, 1, 2, 6, 3], [1, 7, 6, 0, 3, 6, 0, 0], [2, 1, 7, 5, 2, 1, 1, 2]], "potions": 10, "treasures": 8, "enemies": 19, "solution_length": 0, "enemies_loc": [[0, 0], [0, 1], [1, 1], [4, 1], [1, 2], [3, 2], [7, 2], [0, 3], [4, 3], [6, 3], [4, 4], [0, 6], [7, 6], [5, 8], [6, 9], [1, 10], [2, 10], [5, 10], [2, 11]]}, "quality": 0.2935672514405407, "diversity": 0.43675594205729185, "controlability": 0.0}