{"content": [[7, 5, 1, 1, 7, 4, 3, 3], [6, 7, 5, 4, 1, 4, 2, 2], [0, 0, 1, 0, 4, 1, 5, 1], [7, 1, 2, 0, 2, 4, 2, 1], [7, 3, 1, 0, 1, 4, 4, 1], [4, 7, 5, 1, 5, 2, 7, 1], [0, 1, 0, 0, 5, 0, 5, 0], [4, 1, 7, 4, 4, 0, 1, 7], [2, 1, 6, 1, 0, 4, 3, 1], [7, 2, 0, 0, 2, 5, 2, 3], [5, 7, 3, 4, 2, 2, 3, 0], [2, 1, 4, 1, 2, 1, 2, 6]], "control": {"col_treasures": 11, "solution_length": 35}, "info": {"regions": 1, "players": 15, "exits": 7, "layout": 37, "heuristic": -1, "solution": [], "content": [[7, 5, 1, 1, 7, 4, 3, 3], [6, 7, 5, 4, 1, 4, 2, 2], [0, 0, 1, 0, 4, 1, 5, 1], [7, 1, 2, 0, 2, 4, 2, 1], [7, 3, 1, 0, 1, 4, 4, 1], [4, 7, 5, 1, 5, 2, 7, 1], [0, 1, 0, 0, 5, 0, 5, 0], [4, 1, 7, 4, 4, 0, 1, 7], [2, 1, 6, 1, 0, 4, 3, 1], [7, 2, 0, 0, 2, 5, 2, 3], [5, 7, 3, 4, 2, 2, 3, 0], [2, 1, 4, 1, 2, 1, 2, 6]], "potions": 14, "treasures": 9, "enemies": 14, "solution_length": 0, "enemies_loc": [[0, 0], [4, 0], [0, 1], [1, 1], [0, 3], [0, 4], [1, 5], [6, 5], [2, 7], [7, 7], [2, 8], [0, 9], [1, 10], [7, 11]]}, "quality": 0.3040204678129936, "diversity": 0.4130148367052805, "controlability": 0.0}