{"content": [[2, 3, 7, 1, 2, 5, 4, 6], [4, 1, 5, 3, 2, 7, 7, 1], [6, 4, 4, 4, 3, 6, 4, 5], [0, 6, 4, 0, 3, 1, 1, 5], [1, 2, 4, 5, 1, 1, 6, 5], [3, 1, 5, 3, 3, 4, 6, 4], [2, 6, 0, 7, 0, 5, 5, 6], [7, 7, 7, 1, 2, 3, 5, 6], [7, 7, 1, 5, 1, 1, 5, 0], [0, 5, 1, 6, 4, 6, 1, 0], [1, 5, 0, 5, 4, 7, 0, 5], [6, 3, 1, 0, 7, 1, 4, 1]], "control": {"col_treasures": 8, "solution_length": 30}, "info": {"regions": 1, "players": 6, "exits": 9, "layout": 29, "heuristic": -1, "solution": [], "content": [[2, 3, 7, 1, 2, 5, 4, 6], [4, 1, 5, 3, 2, 7, 7, 1], [6, 4, 4, 4, 3, 6, 4, 5], [0, 6, 4, 0, 3, 1, 1, 5], [1, 2, 4, 5, 1, 1, 6, 5], [3, 1, 5, 3, 3, 4, 6, 4], [2, 6, 0, 7, 0, 5, 5, 6], [7, 7, 7, 1, 2, 3, 5, 6], [7, 7, 1, 5, 1, 1, 5, 0], [0, 5, 1, 6, 4, 6, 1, 0], [1, 5, 0, 5, 4, 7, 0, 5], [6, 3, 1, 0, 7, 1, 4, 1]], "potions": 13, "treasures": 16, "enemies": 23, "solution_length": 0, "enemies_loc": [[2, 0], [7, 0], [5, 1], [6, 1], [0, 2], [5, 2], [1, 3], [6, 4], [6, 5], [1, 6], [3, 6], [7, 6], [0, 7], [1, 7], [2, 7], [7, 7], [0, 8], [1, 8], [3, 9], [5, 9], [5, 10], [0, 11], [4, 11]]}, "quality": 0.2978216374054346, "diversity": 0.4699519132512022, "controlability": 0.0}