{"content": [[1, 0, 1, 0, 1, 1, 1, 0, 0, 3, 0], [1, 1, 4, 4, 0, 1, 1, 0, 0, 1, 0], [1, 1, 1, 1, 2, 0, 3, 1, 0, 1, 0], [0, 1, 0, 0, 1, 1, 0, 1, 0, 1, 0], [1, 5, 5, 1, 1, 1, 1, 2, 1, 1, 1], [1, 0, 1, 1, 1, 0, 1, 1, 5, 1, 1], [1, 0, 0, 1, 1, 1, 0, 0, 1, 3, 1]], "control": {"player_key": 17, "key_door": 17}, "info": {"regions": 1, "players": 2, "keys": 3, "doors": 2, "enemies": 3, "player_key": 11, "key_door": 14, "pk_path": [[4, 2], [4, 3], [4, 4], [5, 4], [6, 4], [7, 4], [8, 4], [9, 4], [9, 3], [9, 2], [9, 1], [9, 0]], "kd_path": []}, "quality": 0.49671052629155127, "diversity": 1.0, "controlability": 0.8333333327777777}