{"content": [[1, 1, 1, 0, 1, 1, 1, 4, 1, 1, 0], [1, 5, 1, 1, 0, 1, 1, 0, 5, 1, 0], [1, 1, 1, 1, 0, 4, 1, 1, 1, 1, 0], [0, 1, 0, 0, 1, 1, 0, 1, 0, 1, 0], [1, 5, 5, 1, 1, 1, 1, 1, 1, 1, 1], [1, 0, 2, 1, 4, 0, 1, 2, 4, 1, 1], [1, 0, 0, 0, 1, 1, 0, 0, 2, 3, 1]], "control": {"player_key": 17, "key_door": 17}, "info": {"regions": 1, "players": 3, "keys": 1, "doors": 4, "enemies": 4, "player_key": 10, "key_door": 8, "pk_path": [[2, 5], [2, 4], [3, 4], [4, 4], [5, 4], [6, 4], [7, 4], [8, 4], [9, 4], [9, 5], [9, 6]], "kd_path": []}, "quality": 0.4958881578788305, "diversity": 0.7121211994949499, "controlability": 0.5999999996}