{"content": [[1, 1, 4, 1, 7, 5, 5, 7], [6, 0, 5, 5, 1, 7, 5, 2], [2, 0, 4, 7, 4, 1, 5, 1], [0, 2, 1, 0, 0, 4, 1, 4], [1, 0, 1, 0, 6, 3, 7, 0], [2, 6, 0, 1, 1, 7, 7, 4], [2, 5, 4, 7, 0, 1, 0, 5], [5, 0, 7, 0, 7, 2, 4, 5], [5, 0, 1, 5, 5, 4, 0, 4], [4, 1, 6, 1, 0, 4, 4, 0], [5, 0, 6, 1, 7, 1, 4, 1], [0, 5, 5, 1, 2, 1, 4, 2]], "control": {"col_treasures": 18, "solution_length": 45}, "info": {"regions": 1, "players": 8, "exits": 1, "layout": 40, "heuristic": -1, "solution": [], "content": [[1, 1, 4, 1, 7, 5, 5, 7], [6, 0, 5, 5, 1, 7, 5, 2], [2, 0, 4, 7, 4, 1, 5, 1], [0, 2, 1, 0, 0, 4, 1, 4], [1, 0, 1, 0, 6, 3, 7, 0], [2, 6, 0, 1, 1, 7, 7, 4], [2, 5, 4, 7, 0, 1, 0, 5], [5, 0, 7, 0, 7, 2, 4, 5], [5, 0, 1, 5, 5, 4, 0, 4], [4, 1, 6, 1, 0, 4, 4, 0], [5, 0, 6, 1, 7, 1, 4, 1], [0, 5, 5, 1, 2, 1, 4, 2]], "potions": 15, "treasures": 16, "enemies": 16, "solution_length": 0, "enemies_loc": [[4, 0], [7, 0], [0, 1], [5, 1], [3, 2], [4, 4], [6, 4], [1, 5], [5, 5], [6, 5], [3, 6], [2, 7], [4, 7], [2, 9], [2, 10], [4, 10]]}, "quality": 0.31730994150239333, "diversity": 0.4642857062500002, "controlability": 0.0}