{"content": [[2, 1, 1, 1, 4, 4, 5, 2], [7, 0, 5, 0, 1, 6, 4, 0], [6, 5, 1, 1, 3, 0, 2, 1], [3, 2, 1, 5, 0, 4, 0, 1], [0, 1, 6, 3, 2, 4, 2, 7], [0, 6, 1, 1, 1, 2, 0, 0], [0, 2, 4, 1, 0, 0, 0, 0], [4, 5, 7, 2, 7, 2, 4, 1], [2, 0, 1, 3, 2, 4, 3, 1], [5, 0, 0, 0, 0, 0, 1, 5], [1, 0, 1, 5, 4, 4, 0, 5], [1, 6, 5, 3, 1, 5, 4, 6]], "control": {"col_treasures": 18, "solution_length": 45}, "info": {"regions": 1, "players": 12, "exits": 6, "layout": 45, "heuristic": -1, "solution": [], "content": [[2, 1, 1, 1, 4, 4, 5, 2], [7, 0, 5, 0, 1, 6, 4, 0], [6, 5, 1, 1, 3, 0, 2, 1], [3, 2, 1, 5, 0, 4, 0, 1], [0, 1, 6, 3, 2, 4, 2, 7], [0, 6, 1, 1, 1, 2, 0, 0], [0, 2, 4, 1, 0, 0, 0, 0], [4, 5, 7, 2, 7, 2, 4, 1], [2, 0, 1, 3, 2, 4, 3, 1], [5, 0, 0, 0, 0, 0, 1, 5], [1, 0, 1, 5, 4, 4, 0, 5], [1, 6, 5, 3, 1, 5, 4, 6]], "potions": 12, "treasures": 11, "enemies": 10, "solution_length": 0, "enemies_loc": [[0, 1], [5, 1], [0, 2], [2, 4], [7, 4], [1, 5], [2, 7], [4, 7], [1, 11], [7, 11]]}, "quality": 0.3179385964653541, "diversity": 0.3396420106404051, "controlability": 0.0}