{"content": [[1, 1, 1, 1, 7, 5, 4, 7], [5, 0, 5, 3, 1, 6, 5, 0], [3, 0, 1, 1, 4, 1, 5, 1], [0, 7, 5, 4, 0, 4, 1, 4], [1, 7, 1, 0, 1, 3, 7, 2], [1, 6, 0, 1, 1, 7, 0, 4], [7, 1, 4, 0, 4, 4, 0, 5], [5, 0, 2, 0, 2, 2, 4, 7], [5, 0, 4, 5, 5, 4, 0, 1], [1, 7, 1, 3, 0, 4, 3, 0], [5, 0, 6, 4, 7, 1, 0, 1], [0, 5, 5, 1, 2, 1, 1, 2]], "control": {"col_treasures": 18, "solution_length": 45}, "info": {"regions": 1, "players": 6, "exits": 5, "layout": 44, "heuristic": -1, "solution": [], "content": [[1, 1, 1, 1, 7, 5, 4, 7], [5, 0, 5, 3, 1, 6, 5, 0], [3, 0, 1, 1, 4, 1, 5, 1], [0, 7, 5, 4, 0, 4, 1, 4], [1, 7, 1, 0, 1, 3, 7, 2], [1, 6, 0, 1, 1, 7, 0, 4], [7, 1, 4, 0, 4, 4, 0, 5], [5, 0, 2, 0, 2, 2, 4, 7], [5, 0, 4, 5, 5, 4, 0, 1], [1, 7, 1, 3, 0, 4, 3, 0], [5, 0, 6, 4, 7, 1, 0, 1], [0, 5, 5, 1, 2, 1, 1, 2]], "potions": 14, "treasures": 14, "enemies": 13, "solution_length": 0, "enemies_loc": [[4, 0], [7, 0], [5, 1], [1, 3], [1, 4], [6, 4], [1, 5], [5, 5], [0, 6], [7, 7], [1, 9], [2, 10], [4, 10]]}, "quality": 0.32146198827799183, "diversity": 0.3467881861914066, "controlability": 0.0}