{"content": [[5, 3, 7, 1, 2, 6, 0, 6], [0, 1, 5, 0, 7, 7, 4, 1], [6, 1, 7, 4, 3, 1, 2, 1], [0, 2, 1, 6, 0, 4, 1, 4], [6, 5, 6, 1, 6, 4, 6, 7], [0, 0, 1, 7, 0, 7, 6, 4], [0, 0, 4, 7, 3, 0, 0, 7], [1, 7, 7, 0, 6, 4, 1, 1], [2, 0, 1, 4, 5, 1, 5, 6], [1, 6, 7, 6, 1, 0, 3, 0], [0, 5, 6, 1, 4, 6, 0, 0], [0, 3, 6, 0, 6, 1, 4, 1]], "control": {"col_treasures": 4, "solution_length": 23}, "info": {"regions": 1, "players": 4, "exits": 5, "layout": 41, "heuristic": -1, "solution": [], "content": [[5, 3, 7, 1, 2, 6, 0, 6], [0, 1, 5, 0, 7, 7, 4, 1], [6, 1, 7, 4, 3, 1, 2, 1], [0, 2, 1, 6, 0, 4, 1, 4], [6, 5, 6, 1, 6, 4, 6, 7], [0, 0, 1, 7, 0, 7, 6, 4], [0, 0, 4, 7, 3, 0, 0, 7], [1, 7, 7, 0, 6, 4, 1, 1], [2, 0, 1, 4, 5, 1, 5, 6], [1, 6, 7, 6, 1, 0, 3, 0], [0, 5, 6, 1, 4, 6, 0, 0], [0, 3, 6, 0, 6, 1, 4, 1]], "potions": 11, "treasures": 6, "enemies": 29, "solution_length": 0, "enemies_loc": [[2, 0], [5, 0], [7, 0], [4, 1], [5, 1], [0, 2], [2, 2], [3, 3], [0, 4], [2, 4], [4, 4], [6, 4], [7, 4], [3, 5], [5, 5], [6, 5], [3, 6], [7, 6], [1, 7], [2, 7], [4, 7], [7, 8], [1, 9], [2, 9], [3, 9], [2, 10], [5, 10], [2, 11], [4, 11]]}, "quality": 0.3186988303839753, "diversity": 0.34827897716259093, "controlability": 0.0}