{"content": [[1, 1, 1, 1, 6, 5, 5, 0], [0, 0, 5, 7, 6, 3, 5, 0], [0, 0, 7, 1, 4, 6, 2, 1], [5, 2, 7, 4, 0, 7, 0, 0], [3, 1, 1, 1, 1, 1, 7, 2], [1, 6, 0, 1, 1, 2, 1, 4], [0, 1, 7, 0, 5, 7, 1, 5], [4, 0, 2, 0, 7, 2, 1, 7], [2, 0, 1, 5, 5, 4, 1, 4], [1, 0, 1, 0, 0, 4, 6, 1], [5, 0, 1, 7, 4, 1, 0, 1], [5, 6, 2, 1, 2, 1, 4, 1]], "control": {"col_treasures": 8, "solution_length": 30}, "info": {"regions": 1, "players": 9, "exits": 2, "layout": 49, "heuristic": -1, "solution": [], "content": [[1, 1, 1, 1, 6, 5, 5, 0], [0, 0, 5, 7, 6, 3, 5, 0], [0, 0, 7, 1, 4, 6, 2, 1], [5, 2, 7, 4, 0, 7, 0, 0], [3, 1, 1, 1, 1, 1, 7, 2], [1, 6, 0, 1, 1, 2, 1, 4], [0, 1, 7, 0, 5, 7, 1, 5], [4, 0, 2, 0, 7, 2, 1, 7], [2, 0, 1, 5, 5, 4, 1, 4], [1, 0, 1, 0, 0, 4, 6, 1], [5, 0, 1, 7, 4, 1, 0, 1], [5, 6, 2, 1, 2, 1, 4, 1]], "potions": 9, "treasures": 11, "enemies": 16, "solution_length": 0, "enemies_loc": [[4, 0], [3, 1], [4, 1], [2, 2], [5, 2], [2, 3], [5, 3], [6, 4], [1, 5], [2, 6], [5, 6], [4, 7], [7, 7], [6, 9], [3, 10], [1, 11]]}, "quality": 0.32701754384627885, "diversity": 0.3233612727086511, "controlability": 0.0}