{"content": [[1, 3, 1, 1, 0, 1, 5, 0], [2, 0, 5, 7, 5, 7, 3, 0], [0, 5, 7, 1, 3, 6, 5, 1], [3, 5, 6, 4, 0, 7, 1, 0], [1, 7, 1, 1, 1, 1, 0, 0], [7, 6, 2, 0, 1, 0, 1, 4], [1, 5, 7, 4, 5, 6, 1, 5], [5, 0, 3, 0, 5, 4, 4, 7], [2, 0, 1, 5, 1, 7, 0, 1], [5, 7, 7, 7, 0, 0, 1, 3], [5, 0, 1, 4, 0, 6, 0, 1], [5, 6, 2, 6, 2, 1, 1, 1]], "control": {"col_treasures": 8, "solution_length": 30}, "info": {"regions": 1, "players": 5, "exits": 6, "layout": 45, "heuristic": -1, "solution": [], "content": [[1, 3, 1, 1, 0, 1, 5, 0], [2, 0, 5, 7, 5, 7, 3, 0], [0, 5, 7, 1, 3, 6, 5, 1], [3, 5, 6, 4, 0, 7, 1, 0], [1, 7, 1, 1, 1, 1, 0, 0], [7, 6, 2, 0, 1, 0, 1, 4], [1, 5, 7, 4, 5, 6, 1, 5], [5, 0, 3, 0, 5, 4, 4, 7], [2, 0, 1, 5, 1, 7, 0, 1], [5, 7, 7, 7, 0, 0, 1, 3], [5, 0, 1, 4, 0, 6, 0, 1], [5, 6, 2, 6, 2, 1, 1, 1]], "potions": 6, "treasures": 15, "enemies": 19, "solution_length": 0, "enemies_loc": [[3, 1], [5, 1], [2, 2], [5, 2], [2, 3], [5, 3], [1, 4], [0, 5], [1, 5], [2, 6], [5, 6], [7, 7], [5, 8], [1, 9], [2, 9], [3, 9], [5, 10], [1, 11], [3, 11]]}, "quality": 0.3228508771665914, "diversity": 0.36644344411272356, "controlability": 0.0}