{"content": [[1, 3, 5, 1, 2, 5, 5, 0], [0, 2, 0, 0, 1, 6, 4, 0], [0, 5, 7, 4, 0, 6, 2, 1], [4, 2, 1, 6, 0, 7, 0, 5], [3, 5, 6, 1, 1, 1, 2, 6], [1, 6, 1, 1, 1, 7, 6, 0], [0, 5, 4, 1, 0, 7, 1, 7], [5, 0, 7, 0, 7, 4, 1, 1], [5, 1, 1, 5, 4, 4, 1, 1], [5, 0, 7, 5, 1, 4, 6, 5], [2, 0, 6, 1, 4, 6, 0, 1], [5, 3, 6, 0, 6, 1, 4, 1]], "control": {"col_treasures": 18, "solution_length": 45}, "info": {"regions": 1, "players": 6, "exits": 3, "layout": 43, "heuristic": -1, "solution": [], "content": [[1, 3, 5, 1, 2, 5, 5, 0], [0, 2, 0, 0, 1, 6, 4, 0], [0, 5, 7, 4, 0, 6, 2, 1], [4, 2, 1, 6, 0, 7, 0, 5], [3, 5, 6, 1, 1, 1, 2, 6], [1, 6, 1, 1, 1, 7, 6, 0], [0, 5, 4, 1, 0, 7, 1, 7], [5, 0, 7, 0, 7, 4, 1, 1], [5, 1, 1, 5, 4, 4, 1, 1], [5, 0, 7, 5, 1, 4, 6, 5], [2, 0, 6, 1, 4, 6, 0, 1], [5, 3, 6, 0, 6, 1, 4, 1]], "potions": 10, "treasures": 14, "enemies": 20, "solution_length": 0, "enemies_loc": [[5, 1], [2, 2], [5, 2], [3, 3], [5, 3], [2, 4], [7, 4], [1, 5], [5, 5], [6, 5], [5, 6], [7, 6], [2, 7], [4, 7], [2, 9], [6, 9], [2, 10], [5, 10], [2, 11], [4, 11]]}, "quality": 0.32147660816117435, "diversity": 0.33948292354103926, "controlability": 0.0}