{"content": [[4, 3, 1, 1, 7, 3, 6, 1], [5, 0, 5, 6, 1, 6, 5, 0], [2, 3, 1, 1, 3, 1, 5, 1], [3, 1, 6, 4, 0, 4, 1, 4], [1, 7, 1, 0, 1, 6, 6, 2], [1, 6, 0, 1, 6, 1, 0, 4], [1, 1, 4, 0, 3, 0, 0, 4], [5, 0, 0, 7, 1, 4, 4, 7], [5, 0, 1, 4, 2, 4, 0, 1], [1, 2, 0, 0, 0, 4, 3, 5], [6, 0, 1, 4, 5, 0, 0, 1], [6, 6, 2, 1, 2, 1, 0, 6]], "control": {"col_treasures": 18, "solution_length": 45}, "info": {"regions": 1, "players": 6, "exits": 7, "layout": 46, "heuristic": -1, "solution": [], "content": [[4, 3, 1, 1, 7, 3, 6, 1], [5, 0, 5, 6, 1, 6, 5, 0], [2, 3, 1, 1, 3, 1, 5, 1], [3, 1, 6, 4, 0, 4, 1, 4], [1, 7, 1, 0, 1, 6, 6, 2], [1, 6, 0, 1, 6, 1, 0, 4], [1, 1, 4, 0, 3, 0, 0, 4], [5, 0, 0, 7, 1, 4, 4, 7], [5, 0, 1, 4, 2, 4, 0, 1], [1, 2, 0, 0, 0, 4, 3, 5], [6, 0, 1, 4, 5, 0, 0, 1], [6, 6, 2, 1, 2, 1, 0, 6]], "potions": 13, "treasures": 8, "enemies": 16, "solution_length": 0, "enemies_loc": [[4, 0], [6, 0], [3, 1], [5, 1], [2, 3], [1, 4], [5, 4], [6, 4], [1, 5], [4, 5], [3, 7], [7, 7], [0, 10], [0, 11], [1, 11], [7, 11]]}, "quality": 0.32283625728340887, "diversity": 0.3416666585795459, "controlability": 0.0}