{"content": [[1, 3, 7, 1, 2, 5, 0, 6], [0, 1, 5, 0, 0, 7, 4, 1], [6, 1, 7, 4, 7, 1, 5, 1], [0, 7, 1, 3, 0, 7, 1, 4], [6, 5, 6, 1, 2, 4, 6, 0], [0, 6, 1, 7, 5, 7, 6, 4], [0, 0, 7, 0, 3, 7, 0, 7], [4, 0, 7, 0, 6, 4, 1, 6], [5, 4, 1, 4, 4, 1, 5, 5], [5, 0, 7, 6, 0, 4, 1, 0], [7, 7, 6, 1, 4, 6, 0, 0], [0, 6, 2, 2, 5, 1, 4, 1]], "control": {"col_treasures": 4, "solution_length": 23}, "info": {"regions": 1, "players": 4, "exits": 3, "layout": 38, "heuristic": -1, "solution": [], "content": [[1, 3, 7, 1, 2, 5, 0, 6], [0, 1, 5, 0, 0, 7, 4, 1], [6, 1, 7, 4, 7, 1, 5, 1], [0, 7, 1, 3, 0, 7, 1, 4], [6, 5, 6, 1, 2, 4, 6, 0], [0, 6, 1, 7, 5, 7, 6, 4], [0, 0, 7, 0, 3, 7, 0, 7], [4, 0, 7, 0, 6, 4, 1, 6], [5, 4, 1, 4, 4, 1, 5, 5], [5, 0, 7, 6, 0, 4, 1, 0], [7, 7, 6, 1, 4, 6, 0, 0], [0, 6, 2, 2, 5, 1, 4, 1]], "potions": 13, "treasures": 10, "enemies": 28, "solution_length": 0, "enemies_loc": [[2, 0], [7, 0], [5, 1], [0, 2], [2, 2], [4, 2], [1, 3], [5, 3], [0, 4], [2, 4], [6, 4], [1, 5], [3, 5], [5, 5], [6, 5], [2, 6], [5, 6], [7, 6], [2, 7], [4, 7], [7, 7], [2, 9], [3, 9], [0, 10], [1, 10], [2, 10], [5, 10], [1, 11]]}, "quality": 0.31593567248995874, "diversity": 0.31877509273343396, "controlability": 0.0}