{"content": [[1, 1, 7, 1, 7, 7, 5, 6], [0, 2, 0, 0, 2, 7, 4, 0], [0, 0, 1, 1, 4, 6, 2, 1], [0, 2, 1, 6, 0, 7, 0, 0], [0, 5, 6, 6, 6, 3, 6, 2], [4, 6, 1, 4, 1, 2, 1, 4], [0, 1, 5, 4, 1, 7, 1, 5], [4, 0, 4, 0, 7, 4, 0, 0], [2, 0, 1, 5, 5, 1, 1, 7], [1, 6, 1, 5, 4, 4, 1, 0], [2, 0, 6, 7, 4, 6, 0, 1], [5, 6, 6, 0, 6, 1, 6, 1]], "control": {"col_treasures": 8, "solution_length": 30}, "info": {"regions": 1, "players": 8, "exits": 1, "layout": 43, "heuristic": -1, "solution": [], "content": [[1, 1, 7, 1, 7, 7, 5, 6], [0, 2, 0, 0, 2, 7, 4, 0], [0, 0, 1, 1, 4, 6, 2, 1], [0, 2, 1, 6, 0, 7, 0, 0], [0, 5, 6, 6, 6, 3, 6, 2], [4, 6, 1, 4, 1, 2, 1, 4], [0, 1, 5, 4, 1, 7, 1, 5], [4, 0, 4, 0, 7, 4, 0, 0], [2, 0, 1, 5, 5, 1, 1, 7], [1, 6, 1, 5, 4, 4, 1, 0], [2, 0, 6, 7, 4, 6, 0, 1], [5, 6, 6, 0, 6, 1, 6, 1]], "potions": 12, "treasures": 8, "enemies": 24, "solution_length": 0, "enemies_loc": [[2, 0], [4, 0], [5, 0], [7, 0], [5, 1], [5, 2], [3, 3], [5, 3], [2, 4], [3, 4], [4, 4], [6, 4], [1, 5], [5, 6], [4, 7], [7, 8], [1, 9], [2, 10], [3, 10], [5, 10], [1, 11], [2, 11], [4, 11], [6, 11]]}, "quality": 0.3214766081681919, "diversity": 0.32888888100000013, "controlability": 0.0}