{"content": [[2, 3, 3, 2, 7, 1, 6, 2], [7, 4, 5, 6, 1, 7, 4, 1], [1, 1, 3, 1, 3, 1, 5, 1], [0, 6, 1, 3, 0, 4, 1, 4], [0, 0, 6, 3, 1, 6, 6, 2], [0, 6, 0, 1, 1, 1, 0, 0], [7, 1, 4, 0, 3, 0, 3, 5], [1, 0, 4, 7, 1, 3, 0, 1], [2, 4, 6, 4, 4, 4, 1, 1], [1, 3, 5, 0, 0, 1, 3, 7], [2, 0, 4, 6, 2, 1, 1, 6], [6, 6, 5, 1, 1, 4, 0, 1]], "control": {"col_treasures": 5, "solution_length": 24}, "info": {"regions": 1, "players": 7, "exits": 11, "layout": 43, "heuristic": -1, "solution": [], "content": [[2, 3, 3, 2, 7, 1, 6, 2], [7, 4, 5, 6, 1, 7, 4, 1], [1, 1, 3, 1, 3, 1, 5, 1], [0, 6, 1, 3, 0, 4, 1, 4], [0, 0, 6, 3, 1, 6, 6, 2], [0, 6, 0, 1, 1, 1, 0, 0], [7, 1, 4, 0, 3, 0, 3, 5], [1, 0, 4, 7, 1, 3, 0, 1], [2, 4, 6, 4, 4, 4, 1, 1], [1, 3, 5, 0, 0, 1, 3, 7], [2, 0, 4, 6, 2, 1, 1, 6], [6, 6, 5, 1, 1, 4, 0, 1]], "potions": 12, "treasures": 5, "enemies": 18, "solution_length": 0, "enemies_loc": [[4, 0], [6, 0], [0, 1], [3, 1], [5, 1], [1, 3], [2, 4], [5, 4], [6, 4], [1, 5], [0, 6], [3, 7], [2, 8], [7, 9], [3, 10], [7, 10], [0, 11], [1, 11]]}, "quality": 0.315160818688155, "diversity": 0.3351388808437502, "controlability": 0.0}