{"content": [[1, 1, 1, 1, 0, 5, 5, 0], [5, 0, 5, 0, 3, 6, 5, 2], [3, 5, 0, 1, 2, 6, 2, 1], [5, 7, 5, 4, 0, 7, 1, 4], [1, 7, 1, 0, 1, 3, 7, 0], [1, 6, 0, 1, 1, 7, 1, 4], [0, 1, 4, 0, 4, 6, 1, 5], [5, 0, 3, 4, 2, 2, 4, 7], [2, 0, 4, 5, 5, 4, 0, 1], [1, 7, 1, 1, 0, 4, 1, 5], [5, 0, 6, 4, 7, 6, 0, 1], [0, 5, 2, 1, 2, 1, 1, 2]], "control": {"col_treasures": 8, "solution_length": 30}, "info": {"regions": 1, "players": 9, "exits": 4, "layout": 43, "heuristic": -1, "solution": [], "content": [[1, 1, 1, 1, 0, 5, 5, 0], [5, 0, 5, 0, 3, 6, 5, 2], [3, 5, 0, 1, 2, 6, 2, 1], [5, 7, 5, 4, 0, 7, 1, 4], [1, 7, 1, 0, 1, 3, 7, 0], [1, 6, 0, 1, 1, 7, 1, 4], [0, 1, 4, 0, 4, 6, 1, 5], [5, 0, 3, 4, 2, 2, 4, 7], [2, 0, 4, 5, 5, 4, 0, 1], [1, 7, 1, 1, 0, 4, 1, 5], [5, 0, 6, 4, 7, 6, 0, 1], [0, 5, 2, 1, 2, 1, 1, 2]], "potions": 11, "treasures": 15, "enemies": 14, "solution_length": 0, "enemies_loc": [[5, 1], [5, 2], [1, 3], [5, 3], [1, 4], [6, 4], [1, 5], [5, 5], [5, 6], [7, 7], [1, 9], [2, 10], [4, 10], [5, 10]]}, "quality": 0.3186695906176102, "diversity": 0.3486111029513891, "controlability": 0.0}