{"content": [[1, 0, 1, 1, 7, 4, 5, 7], [5, 0, 5, 0, 3, 6, 1, 0], [2, 2, 1, 1, 0, 4, 2, 1], [0, 7, 1, 4, 0, 4, 1, 4], [1, 7, 1, 0, 1, 1, 7, 2], [1, 5, 1, 7, 1, 7, 0, 4], [0, 1, 4, 1, 5, 7, 0, 1], [5, 0, 7, 0, 7, 4, 2, 6], [7, 3, 4, 4, 0, 4, 0, 4], [1, 6, 1, 6, 0, 4, 7, 2], [5, 5, 6, 4, 4, 1, 6, 1], [0, 5, 2, 2, 7, 1, 1, 1]], "control": {"col_treasures": 4, "solution_length": 23}, "info": {"regions": 1, "players": 8, "exits": 2, "layout": 43, "heuristic": -1, "solution": [], "content": [[1, 0, 1, 1, 7, 4, 5, 7], [5, 0, 5, 0, 3, 6, 1, 0], [2, 2, 1, 1, 0, 4, 2, 1], [0, 7, 1, 4, 0, 4, 1, 4], [1, 7, 1, 0, 1, 1, 7, 2], [1, 5, 1, 7, 1, 7, 0, 4], [0, 1, 4, 1, 5, 7, 0, 1], [5, 0, 7, 0, 7, 4, 2, 6], [7, 3, 4, 4, 0, 4, 0, 4], [1, 6, 1, 6, 0, 4, 7, 2], [5, 5, 6, 4, 4, 1, 6, 1], [0, 5, 2, 2, 7, 1, 1, 1]], "potions": 15, "treasures": 9, "enemies": 19, "solution_length": 0, "enemies_loc": [[4, 0], [7, 0], [5, 1], [1, 3], [1, 4], [6, 4], [3, 5], [5, 5], [5, 6], [2, 7], [4, 7], [7, 7], [0, 8], [1, 9], [3, 9], [6, 9], [2, 10], [6, 10], [4, 11]]}, "quality": 0.3207748537752833, "diversity": 0.32465276999479187, "controlability": 0.0}