{"content": [[1, 1, 7, 1, 2, 1, 1, 7], [5, 0, 5, 0, 6, 6, 4, 1], [6, 1, 7, 1, 3, 1, 5, 1], [0, 2, 1, 4, 0, 4, 1, 4], [6, 5, 0, 0, 6, 3, 7, 2], [1, 6, 0, 4, 0, 5, 0, 4], [1, 1, 4, 0, 2, 4, 4, 7], [1, 0, 7, 0, 0, 0, 1, 1], [4, 0, 1, 5, 3, 4, 1, 4], [1, 5, 7, 3, 0, 4, 2, 3], [0, 5, 6, 1, 4, 0, 0, 0], [0, 6, 1, 3, 4, 1, 4, 1]], "control": {"col_treasures": 18, "solution_length": 45}, "info": {"regions": 2, "players": 5, "exits": 6, "layout": 46, "heuristic": -1, "solution": [], "content": [[1, 1, 7, 1, 2, 1, 1, 7], [5, 0, 5, 0, 6, 6, 4, 1], [6, 1, 7, 1, 3, 1, 5, 1], [0, 2, 1, 4, 0, 4, 1, 4], [6, 5, 0, 0, 6, 3, 7, 2], [1, 6, 0, 4, 0, 5, 0, 4], [1, 1, 4, 0, 2, 4, 4, 7], [1, 0, 7, 0, 0, 0, 1, 1], [4, 0, 1, 5, 3, 4, 1, 4], [1, 5, 7, 3, 0, 4, 2, 3], [0, 5, 6, 1, 4, 0, 0, 0], [0, 6, 1, 3, 4, 1, 4, 1]], "potions": 16, "treasures": 8, "enemies": 15, "solution_length": 0, "enemies_loc": [[2, 0], [7, 0], [4, 1], [5, 1], [0, 2], [2, 2], [0, 4], [4, 4], [6, 4], [1, 5], [7, 6], [2, 7], [2, 9], [2, 10], [1, 11]]}, "quality": 0.3164878280021893, "diversity": 0.37376643868215487, "controlability": 0.0}