{"content": [[1, 1, 4, 1, 7, 5, 5, 7], [5, 0, 5, 5, 1, 7, 5, 2], [2, 0, 4, 7, 4, 1, 5, 1], [0, 2, 1, 0, 0, 4, 1, 4], [1, 0, 4, 0, 6, 3, 7, 0], [1, 6, 0, 1, 1, 7, 6, 4], [2, 1, 4, 7, 0, 1, 0, 5], [5, 0, 7, 0, 7, 2, 4, 5], [2, 0, 1, 5, 5, 0, 0, 4], [4, 1, 1, 1, 6, 1, 7, 0], [5, 0, 0, 1, 7, 1, 0, 1], [0, 5, 5, 1, 2, 1, 4, 2]], "control": {"col_treasures": 18, "solution_length": 45}, "info": {"regions": 1, "players": 8, "exits": 1, "layout": 45, "heuristic": -1, "solution": [], "content": [[1, 1, 4, 1, 7, 5, 5, 7], [5, 0, 5, 5, 1, 7, 5, 2], [2, 0, 4, 7, 4, 1, 5, 1], [0, 2, 1, 0, 0, 4, 1, 4], [1, 0, 4, 0, 6, 3, 7, 0], [1, 6, 0, 1, 1, 7, 6, 4], [2, 1, 4, 7, 0, 1, 0, 5], [5, 0, 7, 0, 7, 2, 4, 5], [2, 0, 1, 5, 5, 0, 0, 4], [4, 1, 1, 1, 6, 1, 7, 0], [5, 0, 0, 1, 7, 1, 0, 1], [0, 5, 5, 1, 2, 1, 4, 2]], "potions": 12, "treasures": 15, "enemies": 15, "solution_length": 0, "enemies_loc": [[4, 0], [7, 0], [5, 1], [3, 2], [4, 4], [6, 4], [1, 5], [5, 5], [6, 5], [3, 6], [2, 7], [4, 7], [4, 9], [6, 9], [4, 10]]}, "quality": 0.324254385945391, "diversity": 0.3584821346093753, "controlability": 0.0}