{"content": [[1, 1, 4, 1, 4, 5, 6, 5], [5, 0, 5, 0, 1, 6, 1, 2], [2, 0, 4, 3, 4, 1, 5, 1], [5, 2, 1, 0, 4, 4, 1, 4], [0, 0, 2, 0, 6, 7, 2, 2], [1, 6, 1, 1, 1, 7, 0, 4], [7, 1, 4, 7, 0, 1, 3, 5], [5, 5, 7, 0, 0, 2, 4, 6], [5, 0, 1, 5, 5, 7, 1, 1], [1, 1, 1, 1, 0, 4, 2, 0], [2, 0, 6, 1, 1, 6, 0, 1], [5, 6, 1, 1, 1, 1, 0, 2]], "control": {"col_treasures": 18, "solution_length": 45}, "info": {"regions": 2, "players": 10, "exits": 2, "layout": 46, "heuristic": -1, "solution": [], "content": [[1, 1, 4, 1, 4, 5, 6, 5], [5, 0, 5, 0, 1, 6, 1, 2], [2, 0, 4, 3, 4, 1, 5, 1], [5, 2, 1, 0, 4, 4, 1, 4], [0, 0, 2, 0, 6, 7, 2, 2], [1, 6, 1, 1, 1, 7, 0, 4], [7, 1, 4, 7, 0, 1, 3, 5], [5, 5, 7, 0, 0, 2, 4, 6], [5, 0, 1, 5, 5, 7, 1, 1], [1, 1, 1, 1, 0, 4, 2, 0], [2, 0, 6, 1, 1, 6, 0, 1], [5, 6, 1, 1, 1, 1, 0, 2]], "potions": 11, "treasures": 13, "enemies": 14, "solution_length": 0, "enemies_loc": [[6, 0], [5, 1], [4, 4], [5, 4], [1, 5], [5, 5], [0, 6], [3, 6], [2, 7], [7, 7], [5, 8], [2, 10], [5, 10], [1, 11]]}, "quality": 0.31578607361629824, "diversity": 0.3581495015854782, "controlability": 0.0}