{"content": [[1, 1, 5, 1, 7, 5, 4, 7], [4, 0, 5, 0, 1, 5, 0, 1], [2, 3, 1, 1, 0, 0, 5, 1], [4, 7, 1, 5, 0, 4, 1, 4], [3, 7, 7, 0, 1, 3, 2, 6], [4, 7, 1, 7, 1, 7, 0, 4], [7, 1, 0, 2, 4, 1, 0, 7], [5, 0, 2, 7, 7, 3, 0, 7], [2, 0, 4, 5, 0, 4, 0, 4], [4, 7, 1, 0, 0, 4, 1, 0], [2, 0, 6, 1, 7, 1, 0, 0], [6, 6, 7, 2, 2, 1, 1, 6]], "control": {"col_treasures": 4, "solution_length": 23}, "info": {"regions": 1, "players": 8, "exits": 4, "layout": 42, "heuristic": -1, "solution": [], "content": [[1, 1, 5, 1, 7, 5, 4, 7], [4, 0, 5, 0, 1, 5, 0, 1], [2, 3, 1, 1, 0, 0, 5, 1], [4, 7, 1, 5, 0, 4, 1, 4], [3, 7, 7, 0, 1, 3, 2, 6], [4, 7, 1, 7, 1, 7, 0, 4], [7, 1, 0, 2, 4, 1, 0, 7], [5, 0, 2, 7, 7, 3, 0, 7], [2, 0, 4, 5, 0, 4, 0, 4], [4, 7, 1, 0, 0, 4, 1, 0], [2, 0, 6, 1, 7, 1, 0, 0], [6, 6, 7, 2, 2, 1, 1, 6]], "potions": 13, "treasures": 8, "enemies": 21, "solution_length": 0, "enemies_loc": [[4, 0], [7, 0], [1, 3], [1, 4], [2, 4], [7, 4], [1, 5], [3, 5], [5, 5], [0, 6], [7, 6], [3, 7], [4, 7], [7, 7], [1, 9], [2, 10], [4, 10], [0, 11], [1, 11], [2, 11], [7, 11]]}, "quality": 0.31798245611490167, "diversity": 0.35567433387129965, "controlability": 0.0}