{"content": [[1, 3, 3, 1, 2, 3, 1, 5], [0, 2, 7, 0, 6, 7, 6, 1], [6, 5, 7, 4, 0, 1, 5, 1], [0, 7, 1, 0, 0, 7, 1, 0], [1, 5, 6, 1, 6, 1, 6, 0], [3, 6, 4, 7, 5, 7, 6, 0], [1, 1, 0, 7, 0, 1, 0, 0], [4, 0, 1, 0, 7, 2, 4, 7], [2, 0, 1, 5, 0, 4, 5, 1], [1, 1, 7, 3, 0, 4, 7, 0], [2, 0, 6, 5, 7, 6, 0, 2], [0, 6, 6, 0, 1, 4, 3, 4]], "control": {"col_treasures": 4, "solution_length": 23}, "info": {"regions": 1, "players": 6, "exits": 6, "layout": 43, "heuristic": -1, "solution": [], "content": [[1, 3, 3, 1, 2, 3, 1, 5], [0, 2, 7, 0, 6, 7, 6, 1], [6, 5, 7, 4, 0, 1, 5, 1], [0, 7, 1, 0, 0, 7, 1, 0], [1, 5, 6, 1, 6, 1, 6, 0], [3, 6, 4, 7, 5, 7, 6, 0], [1, 1, 0, 7, 0, 1, 0, 0], [4, 0, 1, 0, 7, 2, 4, 7], [2, 0, 1, 5, 0, 4, 5, 1], [1, 1, 7, 3, 0, 4, 7, 0], [2, 0, 6, 5, 7, 6, 0, 2], [0, 6, 6, 0, 1, 4, 3, 4]], "potions": 8, "treasures": 8, "enemies": 25, "solution_length": 0, "enemies_loc": [[2, 1], [4, 1], [5, 1], [6, 1], [0, 2], [2, 2], [1, 3], [5, 3], [2, 4], [4, 4], [6, 4], [1, 5], [3, 5], [5, 5], [6, 5], [3, 6], [4, 7], [7, 7], [2, 9], [6, 9], [2, 10], [4, 10], [5, 10], [1, 11], [2, 11]]}, "quality": 0.31937134500350123, "diversity": 0.38404604434621736, "controlability": 0.0}