{"content": [[1, 1, 1, 1, 7, 5, 5, 0], [0, 0, 0, 0, 6, 7, 5, 0], [0, 0, 1, 4, 4, 6, 6, 1], [0, 5, 4, 0, 4, 7, 4, 0], [4, 7, 3, 0, 6, 1, 6, 6], [1, 3, 0, 1, 1, 7, 0, 4], [0, 5, 6, 0, 1, 7, 5, 5], [5, 0, 1, 0, 7, 0, 4, 1], [4, 4, 4, 5, 1, 4, 0, 4], [4, 0, 1, 7, 4, 4, 1, 6], [6, 2, 6, 6, 4, 6, 4, 1], [4, 0, 6, 5, 2, 1, 1, 1]], "control": {"col_treasures": 8, "solution_length": 30}, "info": {"regions": 1, "players": 2, "exits": 2, "layout": 42, "heuristic": -1, "solution": [], "content": [[1, 1, 1, 1, 7, 5, 5, 0], [0, 0, 0, 0, 6, 7, 5, 0], [0, 0, 1, 4, 4, 6, 6, 1], [0, 5, 4, 0, 4, 7, 4, 0], [4, 7, 3, 0, 6, 1, 6, 6], [1, 3, 0, 1, 1, 7, 0, 4], [0, 5, 6, 0, 1, 7, 5, 5], [5, 0, 1, 0, 7, 0, 4, 1], [4, 4, 4, 5, 1, 4, 0, 4], [4, 0, 1, 7, 4, 4, 1, 6], [6, 2, 6, 6, 4, 6, 4, 1], [4, 0, 6, 5, 2, 1, 1, 1]], "potions": 19, "treasures": 10, "enemies": 21, "solution_length": 0, "enemies_loc": [[4, 0], [4, 1], [5, 1], [5, 2], [6, 2], [5, 3], [1, 4], [4, 4], [6, 4], [7, 4], [5, 5], [2, 6], [5, 6], [4, 7], [3, 9], [7, 9], [0, 10], [2, 10], [3, 10], [5, 10], [2, 11]]}, "quality": 0.3235964912020301, "diversity": 0.3760416597656252, "controlability": 0.0}