{"content": [[1, 1, 1, 1, 7, 5, 7, 4], [0, 2, 0, 0, 4, 7, 1, 0], [0, 6, 0, 4, 7, 6, 6, 1], [0, 5, 1, 0, 0, 7, 4, 2], [6, 7, 1, 6, 6, 1, 6, 6], [7, 6, 0, 7, 5, 0, 0, 4], [0, 0, 6, 1, 2, 7, 0, 5], [7, 0, 0, 0, 1, 0, 7, 1], [4, 7, 4, 1, 7, 4, 0, 1], [7, 4, 7, 7, 4, 4, 7, 6], [6, 3, 6, 1, 6, 6, 0, 1], [4, 0, 1, 6, 6, 6, 5, 6]], "control": {"col_treasures": 8, "solution_length": 30}, "info": {"regions": 1, "players": 3, "exits": 1, "layout": 39, "heuristic": -1, "solution": [], "content": [[1, 1, 1, 1, 7, 5, 7, 4], [0, 2, 0, 0, 4, 7, 1, 0], [0, 6, 0, 4, 7, 6, 6, 1], [0, 5, 1, 0, 0, 7, 4, 2], [6, 7, 1, 6, 6, 1, 6, 6], [7, 6, 0, 7, 5, 0, 0, 4], [0, 0, 6, 1, 2, 7, 0, 5], [7, 0, 0, 0, 1, 0, 7, 1], [4, 7, 4, 1, 7, 4, 0, 1], [7, 4, 7, 7, 4, 4, 7, 6], [6, 3, 6, 1, 6, 6, 0, 1], [4, 0, 1, 6, 6, 6, 5, 6]], "potions": 12, "treasures": 5, "enemies": 36, "solution_length": 0, "enemies_loc": [[4, 0], [6, 0], [5, 1], [1, 2], [4, 2], [5, 2], [6, 2], [5, 3], [0, 4], [1, 4], [3, 4], [4, 4], [6, 4], [7, 4], [0, 5], [1, 5], [3, 5], [2, 6], [5, 6], [0, 7], [6, 7], [1, 8], [4, 8], [0, 9], [2, 9], [3, 9], [6, 9], [7, 9], [0, 10], [2, 10], [4, 10], [5, 10], [3, 11], [4, 11], [5, 11], [7, 11]]}, "quality": 0.319429824543249, "diversity": 0.22706778076609158, "controlability": 0.0}