{"content": {"layout": [4, 5, 5, 9, 4, 13, 5, 3, 12, 11, 0, 0, 2, 6, 5, 1], "start": 3, "boss": 0, "shop": 4, "treasure": 12}, "control": {"map_size": 11}, "info": {"map_size": 14, "num_regions": 1, "connect_regions": 1, "loose_connections": 0, "locations": 4, "player_boss_distance": -1, "flat": [0, 0, 0, 0, 0, 0, 0, 0, 0, 0, 0, 0, 0, 1, 2, 2, 1, 2, 2, 1, 2, 2, 1, 0, 0, 0, 0, 0, 0, 0, 0, 0, 0, 0, 2, 0, 0, 0, 0, 0, 0, 0, 0, 0, 0, 0, 2, 0, 0, 1, 2, 2, 1, 2, 2, 1, 2, 2, 1, 0, 0, 0, 0, 0, 2, 0, 0, 0, 0, 0, 0, 0, 0, 0, 0, 0, 2, 0, 0, 0, 0, 0, 0, 0, 0, 1, 2, 2, 1, 0, 0, 0, 0, 0, 0, 0, 0, 2, 0, 0, 2, 0, 0, 0, 0, 0, 0, 0, 0, 2, 0, 0, 2, 0, 0, 0, 0, 0, 0, 0, 0, 1, 0, 0, 1, 2, 2, 1, 2, 2, 1, 0, 0, 0, 0, 0, 0, 0, 0, 0, 0, 0, 0, 0], "dead_end": 3}, "quality": 0.75, "diversity": 0.5763686917850781, "controlability": 0.9687499984863283}