{"content": {"layout": [4, 13, 5, 1, 4, 15, 0, 0, 12, 11, 0, 0, 0, 6, 5, 1], "start": 3, "boss": 1, "shop": 1, "treasure": 8}, "control": {"map_size": 11}, "info": {"map_size": 11, "num_regions": 1, "connect_regions": 1, "loose_connections": 2, "locations": 3, "player_boss_distance": 4, "flat": [0, 0, 0, 0, 0, 0, 0, 0, 0, 0, 0, 0, 0, 1, 2, 2, 1, 2, 2, 1, 2, 2, 1, 0, 0, 0, 0, 0, 2, 0, 0, 0, 0, 0, 0, 0, 0, 0, 0, 0, 2, 0, 0, 0, 0, 0, 0, 0, 0, 1, 2, 2, 1, 2, 0, 0, 0, 0, 0, 0, 0, 0, 0, 0, 2, 0, 0, 0, 0, 0, 0, 0, 0, 0, 0, 0, 2, 0, 0, 0, 0, 0, 0, 0, 0, 1, 2, 2, 1, 0, 0, 0, 0, 0, 0, 0, 0, 2, 0, 0, 2, 0, 0, 0, 0, 0, 0, 0, 0, 0, 0, 0, 2, 0, 0, 0, 0, 0, 0, 0, 0, 0, 0, 0, 1, 2, 2, 1, 2, 2, 1, 0, 0, 0, 0, 0, 0, 0, 0, 0, 0, 0, 0, 0], "dead_end": 0}, "quality": 0.7874999996250001, "diversity": 0.3391296987158554, "controlability": 0.4999999992187501}