{"content": [[1, 1, 1, 5, 0, 5, 5, 5], [5, 0, 0, 5, 1, 7, 5, 1], [0, 0, 1, 1, 5, 1, 5, 1], [0, 5, 7, 0, 3, 3, 1, 0], [1, 0, 1, 0, 1, 5, 7, 2], [1, 7, 5, 0, 1, 6, 1, 4], [3, 4, 4, 0, 0, 0, 1, 7], [5, 0, 7, 0, 7, 0, 1, 1], [6, 0, 1, 5, 5, 4, 4, 1], [5, 1, 1, 5, 5, 4, 7, 1], [5, 0, 6, 1, 5, 1, 0, 1], [0, 5, 0, 0, 6, 7, 6, 1]], "control": {"col_treasures": 18, "solution_length": 45}, "info": {"regions": 2, "players": 1, "exits": 3, "layout": 51, "heuristic": -1, "solution": [], "content": [[1, 1, 1, 5, 0, 5, 5, 5], [5, 0, 0, 5, 1, 7, 5, 1], [0, 0, 1, 1, 5, 1, 5, 1], [0, 5, 7, 0, 3, 3, 1, 0], [1, 0, 1, 0, 1, 5, 7, 2], [1, 7, 5, 0, 1, 6, 1, 4], [3, 4, 4, 0, 0, 0, 1, 7], [5, 0, 7, 0, 7, 0, 1, 1], [6, 0, 1, 5, 5, 4, 4, 1], [5, 1, 1, 5, 5, 4, 7, 1], [5, 0, 6, 1, 5, 1, 0, 1], [0, 5, 0, 0, 6, 7, 6, 1]], "potions": 6, "treasures": 21, "enemies": 14, "solution_length": 0, "enemies_loc": [[5, 1], [2, 3], [6, 4], [1, 5], [5, 5], [7, 6], [2, 7], [4, 7], [0, 8], [6, 9], [2, 10], [4, 11], [5, 11], [6, 11]]}, "quality": 0.3241778865015321, "diversity": 0.391203696701389, "controlability": 0.0}