{"content": [[1, 5, 1, 1, 7, 5, 7, 0], [5, 2, 0, 4, 4, 7, 5, 7], [0, 5, 4, 6, 4, 6, 6, 1], [5, 5, 1, 0, 0, 7, 0, 7], [7, 7, 1, 7, 6, 7, 7, 6], [4, 6, 3, 4, 0, 6, 7, 4], [0, 0, 4, 1, 0, 0, 7, 5], [5, 0, 1, 0, 7, 0, 1, 4], [4, 1, 4, 1, 5, 4, 0, 1], [5, 7, 1, 7, 4, 4, 1, 6], [6, 7, 2, 0, 4, 6, 0, 1], [4, 4, 1, 0, 7, 7, 0, 7]], "control": {"col_treasures": 18, "solution_length": 45}, "info": {"regions": 1, "players": 2, "exits": 1, "layout": 35, "heuristic": -1, "solution": [], "content": [[1, 5, 1, 1, 7, 5, 7, 0], [5, 2, 0, 4, 4, 7, 5, 7], [0, 5, 4, 6, 4, 6, 6, 1], [5, 5, 1, 0, 0, 7, 0, 7], [7, 7, 1, 7, 6, 7, 7, 6], [4, 6, 3, 4, 0, 6, 7, 4], [0, 0, 4, 1, 0, 0, 7, 5], [5, 0, 1, 0, 7, 0, 1, 4], [4, 1, 4, 1, 5, 4, 0, 1], [5, 7, 1, 7, 4, 4, 1, 6], [6, 7, 2, 0, 4, 6, 0, 1], [4, 4, 1, 0, 7, 7, 0, 7]], "potions": 17, "treasures": 11, "enemies": 30, "solution_length": 0, "enemies_loc": [[4, 0], [6, 0], [5, 1], [7, 1], [3, 2], [5, 2], [6, 2], [5, 3], [7, 3], [0, 4], [1, 4], [3, 4], [4, 4], [5, 4], [6, 4], [7, 4], [1, 5], [5, 5], [6, 5], [6, 6], [4, 7], [1, 9], [3, 9], [7, 9], [0, 10], [1, 10], [5, 10], [4, 11], [5, 11], [7, 11]]}, "quality": 0.3145760233747419, "diversity": 0.3007812430013024, "controlability": 0.0}