{"content": {"layout": [13, 15, 13, 5, 0, 14, 5, 10, 6, 11, 0, 2, 10, 3, 0, 0], "start": 0, "boss": 0, "shop": 8, "treasure": 0}, "control": {"map_size": 14}, "info": {"map_size": 12, "num_regions": 1, "connect_regions": 3, "loose_connections": 11, "locations": 2, "player_boss_distance": -1, "flat": [0, 0, 0, 0, 2, 0, 0, 0, 0, 0, 0, 0, 2, 1, 2, 2, 1, 2, 2, 1, 2, 2, 1, 2, 0, 2, 0, 0, 2, 0, 0, 2, 0, 0, 0, 0, 0, 0, 0, 0, 2, 0, 0, 0, 0, 0, 2, 0, 0, 0, 0, 0, 1, 2, 2, 1, 2, 0, 1, 0, 0, 0, 0, 0, 2, 0, 0, 0, 0, 0, 2, 0, 0, 2, 0, 0, 2, 0, 0, 0, 0, 0, 2, 0, 0, 1, 2, 2, 1, 0, 0, 0, 0, 0, 1, 0, 0, 0, 0, 0, 2, 0, 0, 0, 0, 0, 0, 0, 0, 2, 0, 0, 2, 0, 0, 0, 0, 0, 0, 0, 0, 1, 0, 2, 1, 0, 0, 0, 0, 0, 0, 0, 0, 2, 0, 0, 0, 0, 0, 0, 0, 0, 0, 0], "dead_end": 0}, "quality": 0.5799999999133333, "diversity": 0.5096153771334135, "controlability": 0.18749999970703118}