{"content": {"layout": [15, 1, 15, 9, 4, 10, 9, 3, 6, 11, 3, 10, 3, 0, 5, 11], "start": 15, "boss": 12, "shop": 8, "treasure": 8}, "control": {"map_size": 13}, "info": {"map_size": 15, "num_regions": 1, "connect_regions": 7, "loose_connections": 18, "locations": 3, "player_boss_distance": -1, "flat": [0, 2, 0, 0, 0, 0, 0, 2, 0, 0, 0, 0, 2, 1, 2, 2, 1, 0, 2, 1, 2, 2, 1, 0, 0, 2, 0, 0, 0, 0, 0, 2, 0, 0, 2, 0, 0, 0, 0, 0, 2, 0, 0, 0, 0, 0, 2, 0, 0, 1, 2, 0, 1, 0, 2, 1, 0, 2, 1, 0, 0, 0, 0, 0, 2, 0, 0, 2, 0, 0, 0, 0, 0, 2, 0, 0, 2, 0, 0, 2, 0, 0, 2, 0, 0, 1, 2, 2, 1, 0, 2, 1, 0, 0, 1, 0, 0, 0, 0, 0, 2, 0, 0, 0, 0, 0, 2, 0, 0, 2, 0, 0, 0, 0, 0, 0, 0, 0, 2, 0, 2, 1, 0, 0, 0, 0, 2, 1, 2, 2, 1, 0, 0, 0, 0, 0, 0, 0, 0, 0, 0, 0, 2, 0], "dead_end": 0}, "quality": 0.53999999994, "diversity": 0.08531745911665012, "controlability": 0.8124999987304689}