{"content": {"layout": [13, 15, 5, 15, 0, 5, 5, 5, 13, 11, 0, 13, 10, 15, 5, 11], "start": 13, "boss": 13, "shop": 8, "treasure": 8}, "control": {"map_size": 11}, "info": {"map_size": 14, "num_regions": 1, "connect_regions": 3, "loose_connections": 17, "locations": 2, "player_boss_distance": -1, "flat": [0, 0, 0, 0, 2, 0, 0, 0, 0, 0, 2, 0, 2, 1, 2, 2, 1, 2, 2, 1, 2, 2, 1, 2, 0, 2, 0, 0, 2, 0, 0, 0, 0, 0, 2, 0, 0, 0, 0, 0, 0, 0, 0, 0, 0, 0, 0, 0, 0, 0, 0, 2, 1, 2, 2, 1, 2, 2, 1, 2, 0, 0, 0, 0, 0, 0, 0, 0, 0, 0, 0, 0, 0, 0, 0, 0, 2, 0, 0, 0, 0, 0, 0, 0, 2, 1, 2, 2, 1, 0, 0, 0, 0, 2, 1, 2, 0, 2, 0, 0, 2, 0, 0, 0, 0, 0, 2, 0, 0, 2, 0, 0, 2, 0, 0, 0, 0, 0, 2, 0, 0, 1, 0, 2, 1, 2, 2, 1, 2, 2, 1, 0, 0, 2, 0, 0, 2, 0, 0, 0, 0, 0, 2, 0], "dead_end": 0}, "quality": 0.5799999999133333, "diversity": 0.09432870228608059, "controlability": 0.9687499984863283}