{"content": {"layout": [15, 14, 0, 15, 0, 14, 5, 4, 15, 15, 13, 11, 6, 14, 0, 11], "start": 11, "boss": 8, "shop": 3, "treasure": 8}, "control": {"map_size": 11}, "info": {"map_size": 13, "num_regions": 1, "connect_regions": 4, "loose_connections": 21, "locations": 3, "player_boss_distance": -1, "flat": [0, 2, 0, 0, 2, 0, 0, 0, 0, 0, 2, 0, 2, 1, 2, 0, 1, 2, 0, 0, 0, 2, 1, 2, 0, 2, 0, 0, 2, 0, 0, 0, 0, 0, 2, 0, 0, 0, 0, 0, 2, 0, 0, 0, 0, 0, 0, 0, 0, 0, 0, 0, 1, 2, 2, 1, 2, 0, 1, 2, 0, 0, 0, 0, 2, 0, 0, 0, 0, 0, 0, 0, 0, 2, 0, 0, 2, 0, 0, 0, 0, 0, 2, 0, 2, 1, 2, 2, 1, 2, 2, 1, 2, 2, 1, 0, 0, 2, 0, 0, 2, 0, 0, 2, 0, 0, 2, 0, 0, 2, 0, 0, 2, 0, 0, 0, 0, 0, 2, 0, 0, 1, 2, 0, 1, 2, 0, 0, 0, 2, 1, 0, 0, 0, 0, 0, 2, 0, 0, 0, 0, 0, 2, 0], "dead_end": 0}, "quality": 0.56999999992, "diversity": 0.05563186735991876, "controlability": 0.8124999987304689}