{"content": {"layout": [3, 15, 13, 7, 0, 14, 9, 10, 6, 10, 0, 2, 10, 3, 0, 0], "start": 0, "boss": 0, "shop": 13, "treasure": 0}, "control": {"map_size": 6}, "info": {"map_size": 12, "num_regions": 1, "connect_regions": 5, "loose_connections": 14, "locations": 2, "player_boss_distance": -1, "flat": [0, 2, 0, 0, 2, 0, 0, 0, 0, 0, 2, 0, 2, 1, 0, 2, 1, 2, 2, 1, 2, 2, 1, 2, 0, 0, 0, 0, 2, 0, 0, 2, 0, 0, 0, 0, 0, 0, 0, 0, 2, 0, 0, 0, 0, 0, 2, 0, 0, 0, 0, 0, 1, 2, 2, 1, 0, 0, 1, 0, 0, 0, 0, 0, 2, 0, 0, 2, 0, 0, 2, 0, 0, 2, 0, 0, 2, 0, 0, 0, 0, 0, 2, 0, 0, 1, 2, 0, 1, 0, 0, 0, 0, 0, 1, 0, 0, 0, 0, 0, 2, 0, 0, 0, 0, 0, 0, 0, 0, 2, 0, 0, 2, 0, 0, 0, 0, 0, 0, 0, 0, 1, 0, 2, 1, 0, 0, 0, 0, 0, 0, 0, 0, 2, 0, 0, 0, 0, 0, 0, 0, 0, 0, 0], "dead_end": 0}, "quality": 0.5599999999266667, "diversity": 0.07380444967787014, "controlability": 1.0}