{"content": {"layout": [6, 0, 1, 13, 12, 9, 11, 7, 14, 0, 1, 0, 14, 0, 7, 5], "start": 10, "boss": 10, "shop": 10, "treasure": 10}, "control": {"map_size": 12}, "info": {"map_size": 12, "num_regions": 1, "connect_regions": 7, "loose_connections": 18, "locations": 1, "player_boss_distance": -1, "flat": [0, 2, 0, 0, 0, 0, 0, 0, 0, 0, 0, 0, 0, 1, 2, 0, 0, 0, 2, 1, 0, 2, 1, 2, 0, 0, 0, 0, 0, 0, 0, 0, 0, 0, 2, 0, 0, 0, 0, 0, 0, 0, 0, 2, 0, 0, 2, 0, 0, 1, 2, 2, 1, 0, 2, 1, 0, 2, 1, 2, 0, 2, 0, 0, 2, 0, 0, 2, 0, 0, 0, 0, 0, 2, 0, 0, 0, 0, 0, 0, 0, 0, 0, 0, 0, 1, 2, 0, 0, 0, 2, 1, 0, 0, 0, 0, 0, 2, 0, 0, 0, 0, 0, 0, 0, 0, 0, 0, 0, 2, 0, 0, 0, 0, 0, 2, 0, 0, 0, 0, 0, 1, 2, 0, 0, 0, 2, 1, 2, 2, 1, 2, 0, 2, 0, 0, 0, 0, 0, 0, 0, 0, 0, 0], "dead_end": 3}, "quality": 0.53999999994, "diversity": 0.09539098032256299, "controlability": 0.49999999921875}