{"content": [[1, 1, 1, 0, 1, 1, 1, 1, 0, 1, 0], [1, 1, 1, 5, 0, 0, 1, 0, 0, 1, 0], [1, 1, 1, 1, 1, 5, 1, 5, 1, 1, 0], [0, 1, 0, 0, 0, 1, 0, 3, 0, 1, 0], [1, 1, 1, 1, 1, 1, 0, 1, 0, 1, 1], [1, 0, 0, 1, 4, 0, 1, 1, 0, 0, 1], [1, 0, 0, 0, 1, 1, 0, 0, 0, 2, 1]], "control": {"player_key": 17, "key_door": 17}, "info": {"regions": 1, "players": 1, "keys": 1, "doors": 1, "enemies": 3, "player_key": 9, "key_door": 7, "pk_path": [[9, 6], [10, 6], [10, 5], [10, 4], [9, 4], [9, 3], [9, 2], [8, 2], [7, 2], [7, 3]], "kd_path": []}, "quality": 0.9722222220987654, "diversity": 0.9558404350902191, "controlability": 0.5333333329777777}