{"content": [[6, 1, 1, 5, 0, 5, 5, 5], [6, 7, 5, 5, 1, 5, 3, 1], [0, 0, 7, 1, 5, 6, 6, 1], [0, 5, 7, 0, 6, 7, 0, 0], [6, 7, 5, 1, 1, 1, 7, 0], [3, 6, 0, 0, 1, 7, 7, 4], [1, 5, 7, 1, 0, 7, 0, 5], [4, 0, 0, 0, 7, 0, 0, 7], [5, 0, 4, 4, 5, 4, 1, 4], [1, 6, 1, 7, 0, 3, 7, 7], [4, 0, 5, 6, 5, 0, 4, 1], [5, 0, 2, 0, 7, 5, 4, 1]], "control": {"col_treasures": 18, "solution_length": 45}, "info": {"regions": 1, "players": 1, "exits": 3, "layout": 40, "heuristic": -1, "solution": [], "content": [[6, 1, 1, 5, 0, 5, 5, 5], [6, 7, 5, 5, 1, 5, 3, 1], [0, 0, 7, 1, 5, 6, 6, 1], [0, 5, 7, 0, 6, 7, 0, 0], [6, 7, 5, 1, 1, 1, 7, 0], [3, 6, 0, 0, 1, 7, 7, 4], [1, 5, 7, 1, 0, 7, 0, 5], [4, 0, 0, 0, 7, 0, 0, 7], [5, 0, 4, 4, 5, 4, 1, 4], [1, 6, 1, 7, 0, 3, 7, 7], [4, 0, 5, 6, 5, 0, 4, 1], [5, 0, 2, 0, 7, 5, 4, 1]], "potions": 9, "treasures": 18, "enemies": 25, "solution_length": 0, "enemies_loc": [[0, 0], [0, 1], [1, 1], [2, 2], [5, 2], [6, 2], [2, 3], [4, 3], [5, 3], [0, 4], [1, 4], [6, 4], [1, 5], [5, 5], [6, 5], [2, 6], [5, 6], [4, 7], [7, 7], [1, 9], [3, 9], [6, 9], [7, 9], [3, 10], [4, 11]]}, "quality": 0.32081871343184853, "diversity": 0.3263290156923495, "controlability": 0.0}