{"content": [[6, 1, 1, 1, 7, 5, 5, 0], [7, 0, 0, 0, 6, 7, 5, 5], [0, 6, 1, 1, 5, 1, 5, 7], [0, 5, 6, 0, 0, 4, 1, 4], [1, 0, 1, 0, 0, 3, 7, 0], [1, 6, 5, 3, 1, 7, 7, 4], [0, 5, 6, 1, 3, 7, 5, 5], [5, 0, 3, 0, 1, 0, 1, 1], [7, 0, 4, 5, 5, 3, 1, 1], [1, 5, 1, 5, 0, 4, 1, 6], [6, 0, 7, 1, 7, 1, 4, 1], [5, 5, 6, 0, 7, 7, 2, 1]], "control": {"col_treasures": 8, "solution_length": 30}, "info": {"regions": 1, "players": 1, "exits": 5, "layout": 44, "heuristic": -1, "solution": [], "content": [[6, 1, 1, 1, 7, 5, 5, 0], [7, 0, 0, 0, 6, 7, 5, 5], [0, 6, 1, 1, 5, 1, 5, 7], [0, 5, 6, 0, 0, 4, 1, 4], [1, 0, 1, 0, 0, 3, 7, 0], [1, 6, 5, 3, 1, 7, 7, 4], [0, 5, 6, 1, 3, 7, 5, 5], [5, 0, 3, 0, 1, 0, 1, 1], [7, 0, 4, 5, 5, 3, 1, 1], [1, 5, 1, 5, 0, 4, 1, 6], [6, 0, 7, 1, 7, 1, 4, 1], [5, 5, 6, 0, 7, 7, 2, 1]], "potions": 6, "treasures": 18, "enemies": 22, "solution_length": 0, "enemies_loc": [[0, 0], [4, 0], [0, 1], [4, 1], [5, 1], [1, 2], [7, 2], [2, 3], [6, 4], [1, 5], [5, 5], [6, 5], [2, 6], [5, 6], [0, 8], [7, 9], [0, 10], [2, 10], [4, 10], [2, 11], [4, 11], [5, 11]]}, "quality": 0.32497076021446464, "diversity": 0.27220394089226996, "controlability": 0.0}