{"content": [[1, 1, 3, 6, 7, 5, 5, 5], [7, 0, 0, 5, 6, 7, 7, 0], [0, 0, 1, 1, 4, 6, 5, 1], [0, 5, 1, 0, 0, 7, 0, 0], [1, 0, 5, 0, 5, 6, 6, 6], [1, 6, 3, 1, 7, 1, 0, 4], [1, 6, 4, 0, 1, 7, 1, 5], [4, 0, 0, 0, 7, 0, 0, 1], [5, 0, 4, 5, 4, 4, 1, 4], [4, 0, 1, 7, 4, 4, 7, 6], [5, 7, 1, 1, 4, 6, 2, 4], [5, 0, 2, 5, 2, 1, 4, 4]], "control": {"col_treasures": 18, "solution_length": 45}, "info": {"regions": 1, "players": 3, "exits": 2, "layout": 41, "heuristic": -1, "solution": [], "content": [[1, 1, 3, 6, 7, 5, 5, 5], [7, 0, 0, 5, 6, 7, 7, 0], [0, 0, 1, 1, 4, 6, 5, 1], [0, 5, 1, 0, 0, 7, 0, 0], [1, 0, 5, 0, 5, 6, 6, 6], [1, 6, 3, 1, 7, 1, 0, 4], [1, 6, 4, 0, 1, 7, 1, 5], [4, 0, 0, 0, 7, 0, 0, 1], [5, 0, 4, 5, 4, 4, 1, 4], [4, 0, 1, 7, 4, 4, 7, 6], [5, 7, 1, 1, 4, 6, 2, 4], [5, 0, 2, 5, 2, 1, 4, 4]], "potions": 15, "treasures": 14, "enemies": 21, "solution_length": 0, "enemies_loc": [[3, 0], [4, 0], [0, 1], [4, 1], [5, 1], [6, 1], [5, 2], [5, 3], [5, 4], [6, 4], [7, 4], [1, 5], [4, 5], [1, 6], [5, 6], [4, 7], [3, 9], [6, 9], [7, 9], [1, 10], [5, 10]]}, "quality": 0.3215058479275395, "diversity": 0.278755861927817, "controlability": 0.0}