{"content": [[1, 1, 6, 7, 6, 5, 5, 7], [5, 0, 5, 6, 1, 1, 3, 1], [6, 0, 2, 5, 5, 6, 1, 4], [7, 1, 1, 0, 0, 7, 5, 5], [0, 5, 1, 0, 1, 1, 7, 3], [1, 3, 1, 1, 1, 0, 7, 0], [1, 5, 5, 1, 0, 7, 1, 6], [5, 0, 2, 0, 7, 0, 0, 1], [4, 0, 1, 4, 1, 6, 1, 0], [5, 0, 1, 5, 2, 7, 7, 1], [5, 0, 6, 1, 7, 6, 7, 1], [6, 0, 7, 6, 6, 7, 4, 2]], "control": {"col_treasures": 18, "solution_length": 45}, "info": {"regions": 1, "players": 4, "exits": 3, "layout": 44, "heuristic": -1, "solution": [], "content": [[1, 1, 6, 7, 6, 5, 5, 7], [5, 0, 5, 6, 1, 1, 3, 1], [6, 0, 2, 5, 5, 6, 1, 4], [7, 1, 1, 0, 0, 7, 5, 5], [0, 5, 1, 0, 1, 1, 7, 3], [1, 3, 1, 1, 1, 0, 7, 0], [1, 5, 5, 1, 0, 7, 1, 6], [5, 0, 2, 0, 7, 0, 0, 1], [4, 0, 1, 4, 1, 6, 1, 0], [5, 0, 1, 5, 2, 7, 7, 1], [5, 0, 6, 1, 7, 6, 7, 1], [6, 0, 7, 6, 6, 7, 4, 2]], "potions": 4, "treasures": 15, "enemies": 26, "solution_length": 0, "enemies_loc": [[2, 0], [3, 0], [4, 0], [7, 0], [3, 1], [0, 2], [5, 2], [0, 3], [5, 3], [6, 4], [6, 5], [5, 6], [7, 6], [4, 7], [5, 8], [5, 9], [6, 9], [2, 10], [4, 10], [5, 10], [6, 10], [0, 11], [2, 11], [3, 11], [4, 11], [5, 11]]}, "quality": 0.324269005821556, "diversity": 0.32747395118815126, "controlability": 0.0}