{"content": [[1, 1, 1, 1, 0, 5, 5, 1], [0, 0, 5, 5, 6, 7, 3, 0], [0, 0, 4, 1, 5, 6, 6, 1], [7, 5, 7, 0, 0, 7, 0, 0], [7, 0, 1, 6, 1, 1, 6, 6], [4, 3, 0, 6, 1, 1, 7, 4], [7, 5, 6, 0, 1, 7, 0, 5], [5, 0, 0, 0, 1, 0, 0, 1], [5, 0, 4, 5, 5, 4, 0, 4], [4, 6, 1, 5, 4, 4, 1, 6], [6, 0, 6, 1, 5, 1, 0, 1], [5, 0, 7, 6, 2, 1, 0, 1]], "control": {"col_treasures": 8, "solution_length": 30}, "info": {"regions": 1, "players": 1, "exits": 2, "layout": 47, "heuristic": -1, "solution": [], "content": [[1, 1, 1, 1, 0, 5, 5, 1], [0, 0, 5, 5, 6, 7, 3, 0], [0, 0, 4, 1, 5, 6, 6, 1], [7, 5, 7, 0, 0, 7, 0, 0], [7, 0, 1, 6, 1, 1, 6, 6], [4, 3, 0, 6, 1, 1, 7, 4], [7, 5, 6, 0, 1, 7, 0, 5], [5, 0, 0, 0, 1, 0, 0, 1], [5, 0, 4, 5, 5, 4, 0, 4], [4, 6, 1, 5, 4, 4, 1, 6], [6, 0, 6, 1, 5, 1, 0, 1], [5, 0, 7, 6, 2, 1, 0, 1]], "potions": 9, "treasures": 15, "enemies": 22, "solution_length": 0, "enemies_loc": [[4, 1], [5, 1], [5, 2], [6, 2], [0, 3], [2, 3], [5, 3], [0, 4], [3, 4], [6, 4], [7, 4], [3, 5], [6, 5], [0, 6], [2, 6], [5, 6], [1, 9], [7, 9], [0, 10], [2, 10], [2, 11], [3, 11]]}, "quality": 0.3312426900379363, "diversity": 0.34440103461914084, "controlability": 0.0}