{"content": [[1, 1, 7, 1, 0, 5, 4, 7], [5, 0, 5, 5, 1, 7, 5, 0], [0, 5, 4, 4, 4, 6, 5, 1], [0, 2, 1, 0, 0, 7, 0, 0], [1, 0, 1, 6, 6, 1, 7, 0], [1, 6, 4, 2, 1, 0, 1, 4], [0, 4, 3, 4, 0, 7, 1, 6], [4, 0, 4, 0, 7, 0, 1, 1], [5, 0, 1, 5, 5, 6, 1, 1], [5, 7, 1, 5, 0, 0, 1, 1], [5, 0, 4, 1, 4, 0, 7, 0], [5, 5, 4, 5, 7, 1, 1, 1]], "control": {"col_treasures": 18, "solution_length": 45}, "info": {"regions": 1, "players": 2, "exits": 1, "layout": 48, "heuristic": -1, "solution": [], "content": [[1, 1, 7, 1, 0, 5, 4, 7], [5, 0, 5, 5, 1, 7, 5, 0], [0, 5, 4, 4, 4, 6, 5, 1], [0, 2, 1, 0, 0, 7, 0, 0], [1, 0, 1, 6, 6, 1, 7, 0], [1, 6, 4, 2, 1, 0, 1, 4], [0, 4, 3, 4, 0, 7, 1, 6], [4, 0, 4, 0, 7, 0, 1, 1], [5, 0, 1, 5, 5, 6, 1, 1], [5, 7, 1, 5, 0, 0, 1, 1], [5, 0, 4, 1, 4, 0, 7, 0], [5, 5, 4, 5, 7, 1, 1, 1]], "potions": 13, "treasures": 16, "enemies": 16, "solution_length": 0, "enemies_loc": [[2, 0], [7, 0], [5, 1], [5, 2], [5, 3], [3, 4], [4, 4], [6, 4], [1, 5], [5, 6], [7, 6], [4, 7], [5, 8], [1, 9], [6, 10], [4, 11]]}, "quality": 0.3326315789404248, "diversity": 0.3136904690625002, "controlability": 0.0}