{"content": [[0, 1, 0, 1, 0, 1, 1, 1, 1, 1, 1, 0, 0, 0], [1, 1, 1, 1, 0, 1, 1, 0, 0, 1, 1, 0, 1, 1], [0, 1, 1, 1, 0, 0, 0, 0, 0, 1, 1, 0, 0, 1], [1, 1, 1, 0, 1, 0, 1, 1, 1, 1, 1, 0, 1, 1], [1, 1, 0, 0, 1, 1, 1, 1, 0, 0, 0, 0, 1, 0], [1, 1, 1, 0, 0, 1, 1, 1, 1, 1, 0, 0, 1, 0], [1, 0, 0, 1, 1, 0, 1, 0, 1, 0, 0, 0, 1, 0], [1, 0, 0, 1, 1, 1, 1, 0, 1, 0, 1, 0, 0, 1], [0, 0, 1, 1, 0, 0, 0, 0, 1, 1, 0, 1, 0, 1], [1, 0, 0, 1, 0, 0, 0, 0, 0, 0, 1, 1, 1, 0], [0, 1, 0, 1, 0, 0, 0, 0, 0, 1, 0, 0, 1, 0], [1, 1, 1, 1, 0, 0, 1, 0, 1, 1, 0, 0, 1, 1], [0, 0, 0, 1, 1, 0, 1, 1, 1, 0, 0, 1, 1, 0], [1, 1, 1, 1, 0, 0, 0, 1, 1, 1, 0, 1, 0, 0]], "control": {"path": 45}, "info": {"path": 27, "regions": 8, "flat": [0, 1, 0, 1, 0, 1, 1, 1, 1, 1, 1, 0, 0, 0, 1, 1, 1, 1, 0, 1, 1, 0, 0, 1, 1, 0, 1, 1, 0, 1, 1, 1, 0, 0, 0, 0, 0, 1, 1, 0, 0, 1, 1, 1, 1, 0, 1, 0, 1, 1, 1, 1, 1, 0, 1, 1, 1, 1, 0, 0, 1, 1, 1, 1, 0, 0, 0, 0, 1, 0, 1, 1, 1, 0, 0, 1, 1, 1, 1, 1, 0, 0, 1, 0, 1, 0, 0, 1, 1, 0, 1, 0, 1, 0, 0, 0, 1, 0, 1, 0, 0, 1, 1, 1, 1, 0, 1, 0, 1, 0, 0, 1, 0, 0, 1, 1, 0, 0, 0, 0, 1, 1, 0, 1, 0, 1, 1, 0, 0, 1, 0, 0, 0, 0, 0, 0, 1, 1, 1, 0, 0, 1, 0, 1, 0, 0, 0, 0, 0, 1, 0, 0, 1, 0, 1, 1, 1, 1, 0, 0, 1, 0, 1, 1, 0, 0, 1, 1, 0, 0, 0, 1, 1, 0, 1, 1, 1, 0, 0, 1, 1, 0, 1, 1, 1, 1, 0, 0, 0, 1, 1, 1, 0, 1, 0, 0]}, "quality": 0.7939708137922611, "diversity": 0.6771978021163307, "controlability": 0.710526315602493}