{"content": [[4, 1, 1, 1, 7, 5, 7, 1], [1, 2, 0, 6, 4, 7, 4, 0], [4, 4, 1, 4, 7, 6, 6, 1], [0, 6, 1, 0, 0, 4, 4, 0], [6, 4, 1, 6, 6, 1, 6, 6], [1, 1, 0, 1, 5, 0, 0, 4], [0, 0, 6, 1, 4, 7, 4, 5], [1, 0, 0, 0, 1, 0, 1, 1], [4, 0, 4, 1, 0, 4, 0, 1], [7, 0, 7, 7, 4, 7, 1, 6], [6, 3, 6, 4, 6, 6, 0, 1], [4, 0, 1, 6, 7, 1, 0, 1]], "control": {"col_treasures": 8, "solution_length": 30}, "info": {"regions": 1, "players": 1, "exits": 1, "layout": 47, "heuristic": 144, "solution": [], "content": [[4, 1, 1, 1, 7, 5, 7, 1], [1, 2, 0, 6, 4, 7, 4, 0], [4, 4, 1, 4, 7, 6, 6, 1], [0, 6, 1, 0, 0, 4, 4, 0], [6, 4, 1, 6, 6, 1, 6, 6], [1, 1, 0, 1, 5, 0, 0, 4], [0, 0, 6, 1, 4, 7, 4, 5], [1, 0, 0, 0, 1, 0, 1, 1], [4, 0, 4, 1, 0, 4, 0, 1], [7, 0, 7, 7, 4, 7, 1, 6], [6, 3, 6, 4, 6, 6, 0, 1], [4, 0, 1, 6, 7, 1, 0, 1]], "potions": 18, "treasures": 3, "enemies": 26, "solution_length": 0, "enemies_loc": [[4, 0], [6, 0], [3, 1], [5, 1], [4, 2], [5, 2], [6, 2], [1, 3], [0, 4], [3, 4], [4, 4], [6, 4], [7, 4], [2, 6], [5, 6], [0, 9], [2, 9], [3, 9], [5, 9], [7, 9], [0, 10], [2, 10], [4, 10], [5, 10], [3, 11], [4, 11]], "status": "running", "health": 5, "col_treasures": 1, "col_potions": 2, "col_enemies": 2}, "quality": 0.4960069444306669, "diversity": 0.3796874930078127, "controlability": 0.1249999996875}