{"content": [[0, 0, 1, 1, 1, 1, 1, 1, 1, 1, 0, 0, 1, 1], [0, 1, 1, 1, 0, 1, 0, 1, 0, 1, 1, 0, 0, 1], [0, 1, 1, 1, 0, 0, 0, 0, 1, 1, 0, 1, 0, 1], [0, 0, 1, 0, 1, 1, 1, 0, 0, 1, 0, 0, 1, 0], [0, 0, 1, 0, 1, 0, 1, 0, 0, 0, 1, 1, 1, 0], [0, 1, 1, 1, 0, 1, 1, 0, 1, 1, 1, 0, 0, 0], [0, 1, 1, 1, 1, 0, 1, 1, 0, 0, 1, 1, 1, 1], [0, 0, 0, 1, 0, 0, 0, 0, 0, 0, 0, 1, 1, 1], [0, 0, 0, 0, 0, 1, 0, 1, 1, 1, 0, 0, 1, 0], [1, 1, 1, 1, 1, 1, 1, 1, 1, 0, 1, 1, 1, 1], [1, 1, 0, 0, 1, 1, 1, 0, 1, 0, 0, 0, 1, 0], [0, 1, 0, 0, 0, 1, 1, 0, 0, 0, 0, 1, 1, 0], [0, 1, 1, 1, 0, 0, 1, 1, 1, 1, 1, 1, 0, 0], [0, 0, 1, 0, 0, 0, 1, 0, 0, 0, 1, 1, 1, 0]], "control": {"path": 62}, "info": {"path": 32, "regions": 5, "flat": [0, 0, 1, 1, 1, 1, 1, 1, 1, 1, 0, 0, 1, 1, 0, 1, 1, 1, 0, 1, 0, 1, 0, 1, 1, 0, 0, 1, 0, 1, 1, 1, 0, 0, 0, 0, 1, 1, 0, 1, 0, 1, 0, 0, 1, 0, 1, 1, 1, 0, 0, 1, 0, 0, 1, 0, 0, 0, 1, 0, 1, 0, 1, 0, 0, 0, 1, 1, 1, 0, 0, 1, 1, 1, 0, 1, 1, 0, 1, 1, 1, 0, 0, 0, 0, 1, 1, 1, 1, 0, 1, 1, 0, 0, 1, 1, 1, 1, 0, 0, 0, 1, 0, 0, 0, 0, 0, 0, 0, 1, 1, 1, 0, 0, 0, 0, 0, 1, 0, 1, 1, 1, 0, 0, 1, 0, 1, 1, 1, 1, 1, 1, 1, 1, 1, 0, 1, 1, 1, 1, 1, 1, 0, 0, 1, 1, 1, 0, 1, 0, 0, 0, 1, 0, 0, 1, 0, 0, 0, 1, 1, 0, 0, 0, 0, 1, 1, 0, 0, 1, 1, 1, 0, 0, 1, 1, 1, 1, 1, 1, 0, 0, 0, 0, 1, 0, 0, 0, 1, 0, 0, 0, 1, 1, 1, 0]}, "quality": 0.8924731180685628, "diversity": 0.5347082494305757, "controlability": 0.5818181817123966}