{"content": {"layout": [15, 15, 15, 13, 11, 13, 0, 3, 8, 7, 15, 15, 6, 2, 5, 11], "start": 0, "boss": 8, "shop": 8, "treasure": 0}, "control": {"map_size": 14}, "info": {"map_size": 15, "num_regions": 1, "connect_regions": 4, "loose_connections": 21, "locations": 2, "player_boss_distance": 2, "flat": [0, 2, 0, 0, 2, 0, 0, 2, 0, 0, 0, 0, 2, 1, 2, 2, 1, 2, 2, 1, 2, 2, 1, 2, 0, 2, 0, 0, 2, 0, 0, 2, 0, 0, 2, 0, 0, 2, 0, 0, 0, 0, 0, 0, 0, 0, 2, 0, 2, 1, 0, 2, 1, 2, 0, 0, 0, 2, 1, 0, 0, 2, 0, 0, 2, 0, 0, 0, 0, 0, 0, 0, 0, 0, 0, 0, 2, 0, 0, 2, 0, 0, 2, 0, 0, 1, 0, 2, 1, 2, 2, 1, 2, 2, 1, 2, 0, 2, 0, 0, 0, 0, 0, 2, 0, 0, 2, 0, 0, 2, 0, 0, 2, 0, 0, 0, 0, 0, 2, 0, 0, 1, 2, 0, 1, 0, 2, 1, 2, 2, 1, 0, 0, 0, 0, 0, 0, 0, 0, 0, 0, 0, 2, 0], "dead_end": 2}, "quality": 0.56999999992, "diversity": 0.6471354097995334, "controlability": 0.6562499989746094}