{"content": [[7, 1, 7, 2, 7, 1, 7, 0], [7, 2, 0, 0, 1, 0, 5, 0], [0, 7, 1, 7, 0, 1, 6, 6], [1, 5, 1, 0, 0, 7, 0, 5], [1, 7, 1, 1, 3, 1, 7, 6], [1, 7, 5, 1, 0, 6, 0, 1], [1, 1, 6, 1, 0, 7, 1, 5], [6, 0, 7, 0, 7, 0, 1, 6], [7, 0, 1, 5, 1, 4, 0, 1], [5, 0, 1, 5, 0, 4, 7, 6], [5, 7, 7, 6, 7, 6, 0, 1], [5, 6, 2, 7, 7, 7, 6, 1]], "control": {"col_treasures": 18, "solution_length": 45}, "info": {"regions": 1, "players": 3, "exits": 1, "layout": 46, "heuristic": -1, "solution": [], "content": [[7, 1, 7, 2, 7, 1, 7, 0], [7, 2, 0, 0, 1, 0, 5, 0], [0, 7, 1, 7, 0, 1, 6, 6], [1, 5, 1, 0, 0, 7, 0, 5], [1, 7, 1, 1, 3, 1, 7, 6], [1, 7, 5, 1, 0, 6, 0, 1], [1, 1, 6, 1, 0, 7, 1, 5], [6, 0, 7, 0, 7, 0, 1, 6], [7, 0, 1, 5, 1, 4, 0, 1], [5, 0, 1, 5, 0, 4, 7, 6], [5, 7, 7, 6, 7, 6, 0, 1], [5, 6, 2, 7, 7, 7, 6, 1]], "potions": 2, "treasures": 10, "enemies": 34, "solution_length": 0, "enemies_loc": [[0, 0], [2, 0], [4, 0], [6, 0], [0, 1], [1, 2], [3, 2], [6, 2], [7, 2], [5, 3], [1, 4], [6, 4], [7, 4], [1, 5], [5, 5], [2, 6], [5, 6], [0, 7], [2, 7], [4, 7], [7, 7], [0, 8], [6, 9], [7, 9], [1, 10], [2, 10], [3, 10], [4, 10], [5, 10], [1, 11], [3, 11], [4, 11], [5, 11], [6, 11]]}, "quality": 0.3291520467634457, "diversity": 0.23144072226562518, "controlability": 0.0}