{"content": [[0, 1, 0, 0, 0, 1, 1, 0, 1, 1, 1, 0, 0, 0], [0, 1, 1, 1, 0, 1, 1, 0, 0, 1, 1, 0, 1, 1], [1, 1, 1, 1, 0, 0, 1, 0, 0, 1, 1, 0, 0, 1], [1, 1, 1, 0, 0, 0, 1, 1, 1, 1, 1, 0, 1, 0], [1, 1, 0, 0, 1, 1, 1, 1, 0, 0, 0, 0, 1, 0], [0, 1, 1, 0, 0, 1, 1, 1, 1, 1, 0, 0, 1, 0], [1, 0, 0, 0, 1, 0, 1, 0, 1, 0, 0, 0, 1, 0], [1, 1, 0, 1, 1, 1, 1, 0, 1, 0, 1, 0, 0, 1], [0, 1, 1, 1, 0, 0, 0, 0, 1, 1, 1, 1, 0, 1], [0, 0, 0, 1, 0, 0, 0, 0, 1, 1, 1, 1, 1, 1], [0, 1, 0, 1, 0, 0, 0, 0, 0, 1, 0, 0, 1, 0], [1, 1, 1, 1, 0, 0, 1, 1, 0, 1, 0, 0, 1, 1], [0, 0, 0, 1, 1, 0, 1, 1, 1, 0, 0, 1, 0, 0], [1, 1, 1, 0, 0, 0, 0, 1, 1, 1, 0, 1, 0, 1]], "control": {"path": 45}, "info": {"path": 25, "regions": 8, "flat": [0, 1, 0, 0, 0, 1, 1, 0, 1, 1, 1, 0, 0, 0, 0, 1, 1, 1, 0, 1, 1, 0, 0, 1, 1, 0, 1, 1, 1, 1, 1, 1, 0, 0, 1, 0, 0, 1, 1, 0, 0, 1, 1, 1, 1, 0, 0, 0, 1, 1, 1, 1, 1, 0, 1, 0, 1, 1, 0, 0, 1, 1, 1, 1, 0, 0, 0, 0, 1, 0, 0, 1, 1, 0, 0, 1, 1, 1, 1, 1, 0, 0, 1, 0, 1, 0, 0, 0, 1, 0, 1, 0, 1, 0, 0, 0, 1, 0, 1, 1, 0, 1, 1, 1, 1, 0, 1, 0, 1, 0, 0, 1, 0, 1, 1, 1, 0, 0, 0, 0, 1, 1, 1, 1, 0, 1, 0, 0, 0, 1, 0, 0, 0, 0, 1, 1, 1, 1, 1, 1, 0, 1, 0, 1, 0, 0, 0, 0, 0, 1, 0, 0, 1, 0, 1, 1, 1, 1, 0, 0, 1, 1, 0, 1, 0, 0, 1, 1, 0, 0, 0, 1, 1, 0, 1, 1, 1, 0, 0, 1, 0, 0, 1, 1, 1, 0, 0, 0, 0, 1, 1, 1, 0, 1, 0, 1]}, "quality": 0.7582565280907305, "diversity": 0.6992630384737335, "controlability": 0.657894736668975}