{"content": [[1, 1, 7, 6, 7, 6, 7, 1], [1, 2, 0, 3, 4, 5, 4, 0], [4, 4, 1, 4, 7, 6, 6, 1], [0, 5, 1, 0, 0, 7, 4, 5], [6, 4, 1, 6, 6, 1, 7, 6], [1, 1, 0, 0, 5, 6, 0, 4], [0, 5, 6, 1, 4, 7, 4, 0], [1, 0, 0, 0, 1, 0, 1, 1], [4, 0, 4, 1, 0, 4, 2, 1], [7, 0, 7, 7, 4, 4, 1, 6], [0, 3, 6, 4, 6, 6, 0, 1], [4, 4, 1, 0, 7, 1, 0, 1]], "control": {"col_treasures": 8, "solution_length": 30}, "info": {"regions": 2, "players": 2, "exits": 2, "layout": 44, "heuristic": -1, "solution": [], "content": [[1, 1, 7, 6, 7, 6, 7, 1], [1, 2, 0, 3, 4, 5, 4, 0], [4, 4, 1, 4, 7, 6, 6, 1], [0, 5, 1, 0, 0, 7, 4, 5], [6, 4, 1, 6, 6, 1, 7, 6], [1, 1, 0, 0, 5, 6, 0, 4], [0, 5, 6, 1, 4, 7, 4, 0], [1, 0, 0, 0, 1, 0, 1, 1], [4, 0, 4, 1, 0, 4, 2, 1], [7, 0, 7, 7, 4, 4, 1, 6], [0, 3, 6, 4, 6, 6, 0, 1], [4, 4, 1, 0, 7, 1, 0, 1]], "potions": 18, "treasures": 5, "enemies": 25, "solution_length": 0, "enemies_loc": [[2, 0], [3, 0], [4, 0], [5, 0], [6, 0], [4, 2], [5, 2], [6, 2], [5, 3], [0, 4], [3, 4], [4, 4], [6, 4], [7, 4], [5, 5], [2, 6], [5, 6], [0, 9], [2, 9], [3, 9], [7, 9], [2, 10], [4, 10], [5, 10], [4, 11]]}, "quality": 0.3186223309262275, "diversity": 0.3088037565272179, "controlability": 0.0}