{"content": {"layout": [13, 8, 11, 15, 6, 7, 2, 0, 8, 0, 9, 4, 14, 8, 2, 8], "start": 15, "boss": 15, "shop": 15, "treasure": 15}, "control": {"map_size": 15}, "info": {"map_size": 14, "num_regions": 1, "connect_regions": 8, "loose_connections": 15, "locations": 1, "player_boss_distance": -1, "flat": [0, 0, 0, 0, 0, 0, 0, 2, 0, 0, 2, 0, 2, 1, 2, 0, 1, 0, 2, 1, 0, 2, 1, 2, 0, 2, 0, 0, 2, 0, 0, 2, 0, 0, 2, 0, 0, 2, 0, 0, 2, 0, 0, 2, 0, 0, 0, 0, 0, 1, 2, 2, 1, 2, 0, 1, 0, 0, 0, 0, 0, 0, 0, 0, 0, 0, 0, 0, 0, 0, 0, 0, 0, 0, 0, 0, 0, 0, 0, 0, 0, 0, 0, 0, 0, 1, 0, 0, 0, 0, 2, 1, 0, 0, 1, 2, 0, 2, 0, 0, 0, 0, 0, 2, 0, 0, 0, 0, 0, 2, 0, 0, 0, 0, 0, 2, 0, 0, 0, 0, 0, 1, 2, 0, 1, 0, 0, 1, 0, 0, 1, 0, 0, 2, 0, 0, 2, 0, 0, 0, 0, 0, 2, 0], "dead_end": 3}, "quality": 0.5299999999466667, "diversity": 0.12860576767202525, "controlability": 0.3437499994628906}