{"content": {"layout": [15, 15, 15, 13, 11, 13, 15, 2, 15, 7, 15, 15, 6, 14, 15, 11], "start": 0, "boss": 8, "shop": 7, "treasure": 0}, "control": {"map_size": 14}, "info": {"map_size": 16, "num_regions": 1, "connect_regions": 1, "loose_connections": 17, "locations": 3, "player_boss_distance": 2, "flat": [0, 2, 0, 0, 2, 0, 0, 2, 0, 0, 0, 0, 2, 1, 2, 2, 1, 2, 2, 1, 2, 2, 1, 2, 0, 2, 0, 0, 2, 0, 0, 2, 0, 0, 2, 0, 0, 2, 0, 0, 0, 0, 0, 2, 0, 0, 2, 0, 2, 1, 0, 2, 1, 2, 2, 1, 2, 0, 1, 0, 0, 2, 0, 0, 2, 0, 0, 2, 0, 0, 0, 0, 0, 2, 0, 0, 2, 0, 0, 2, 0, 0, 2, 0, 2, 1, 2, 2, 1, 2, 2, 1, 2, 2, 1, 2, 0, 2, 0, 0, 0, 0, 0, 2, 0, 0, 2, 0, 0, 2, 0, 0, 2, 0, 0, 2, 0, 0, 2, 0, 0, 1, 2, 0, 1, 2, 2, 1, 2, 2, 1, 0, 0, 0, 0, 0, 2, 0, 0, 2, 0, 0, 2, 0], "dead_end": 1}, "quality": 0.749999999671875, "diversity": 0.35937499440336673, "controlability": 0.0}