{"content": {"layout": [4, 13, 5, 9, 4, 15, 5, 5, 12, 11, 0, 0, 2, 6, 5, 1], "start": 3, "boss": 11, "shop": 11, "treasure": 0}, "control": {"map_size": 11}, "info": {"map_size": 14, "num_regions": 1, "connect_regions": 1, "loose_connections": 2, "locations": 2, "player_boss_distance": 2, "flat": [0, 0, 0, 0, 0, 0, 0, 0, 0, 0, 0, 0, 0, 1, 2, 2, 1, 2, 2, 1, 2, 2, 1, 0, 0, 0, 0, 0, 2, 0, 0, 0, 0, 0, 2, 0, 0, 0, 0, 0, 2, 0, 0, 0, 0, 0, 0, 0, 0, 1, 2, 2, 1, 2, 2, 1, 2, 2, 1, 2, 0, 0, 0, 0, 2, 0, 0, 0, 0, 0, 0, 0, 0, 0, 0, 0, 2, 0, 0, 0, 0, 0, 0, 0, 0, 1, 2, 2, 1, 0, 0, 0, 0, 0, 0, 0, 0, 2, 0, 0, 2, 0, 0, 0, 0, 0, 0, 0, 0, 2, 0, 0, 2, 0, 0, 0, 0, 0, 0, 0, 0, 1, 0, 0, 1, 2, 2, 1, 2, 2, 1, 0, 0, 0, 0, 0, 0, 0, 0, 0, 0, 0, 0, 0], "dead_end": 1}, "quality": 0.7124999997656251, "diversity": 0.7005208215960665, "controlability": 0.9687499984863283}