{"content": [[1, 1, 1, 0, 1, 2, 1, 1, 0, 3, 5], [1, 1, 1, 4, 0, 1, 1, 0, 0, 2, 0], [1, 1, 1, 1, 1, 0, 1, 1, 0, 1, 0], [0, 1, 0, 0, 1, 1, 0, 1, 0, 1, 2], [1, 5, 5, 0, 1, 1, 1, 1, 1, 1, 1], [1, 0, 1, 1, 1, 0, 1, 1, 5, 1, 1], [1, 0, 0, 0, 1, 1, 0, 0, 1, 0, 1]], "control": {"player_key": 17, "key_door": 17}, "info": {"regions": 1, "players": 3, "keys": 1, "doors": 1, "enemies": 4, "player_key": 12, "key_door": 13, "pk_path": [[5, 0], [5, 1], [6, 1], [6, 2], [7, 2], [7, 3], [7, 4], [8, 4], [9, 4], [9, 3], [9, 2], [9, 1], [9, 0]], "kd_path": []}, "quality": 0.4983552631498875, "diversity": 0.9669776772439511, "controlability": 0.8333333327777778}