{"content": [[1, 1, 1, 0, 1, 1, 1, 1, 0, 1, 0], [1, 1, 2, 1, 0, 1, 1, 5, 1, 1, 0], [1, 1, 1, 1, 1, 1, 1, 5, 1, 1, 0], [2, 1, 1, 0, 0, 1, 0, 1, 0, 1, 0], [1, 5, 1, 1, 1, 1, 0, 1, 1, 1, 1], [1, 0, 1, 1, 4, 0, 1, 1, 5, 0, 1], [1, 0, 0, 0, 1, 0, 0, 0, 1, 3, 1]], "control": {"player_key": 17, "key_door": 17}, "info": {"regions": 1, "players": 2, "keys": 1, "doors": 1, "enemies": 4, "player_key": 12, "key_door": 12, "pk_path": [[2, 1], [2, 2], [3, 2], [4, 2], [5, 2], [6, 2], [7, 2], [7, 3], [7, 4], [7, 5], [8, 5], [8, 6], [9, 6]], "kd_path": []}, "quality": 0.4991776315708319, "diversity": 0.8703703580246918, "controlability": 0.7999999994666667}