{"content": [[4, 1, 1, 1, 1, 1, 4, 7], [0, 0, 0, 0, 1, 7, 5, 0], [0, 0, 4, 1, 4, 6, 6, 1], [0, 2, 7, 0, 0, 7, 0, 0], [5, 0, 1, 0, 0, 1, 7, 4], [1, 6, 0, 5, 1, 7, 1, 4], [0, 4, 6, 5, 0, 1, 0, 6], [5, 0, 6, 5, 7, 1, 0, 6], [5, 1, 1, 4, 5, 4, 1, 1], [1, 0, 1, 7, 5, 4, 1, 3], [0, 1, 5, 1, 4, 0, 0, 1], [5, 6, 7, 0, 0, 3, 4, 1]], "control": {"col_treasures": 18, "solution_length": 45}, "info": {"regions": 1, "players": 1, "exits": 2, "layout": 53, "heuristic": -1, "solution": [], "content": [[4, 1, 1, 1, 1, 1, 4, 7], [0, 0, 0, 0, 1, 7, 5, 0], [0, 0, 4, 1, 4, 6, 6, 1], [0, 2, 7, 0, 0, 7, 0, 0], [5, 0, 1, 0, 0, 1, 7, 4], [1, 6, 0, 5, 1, 7, 1, 4], [0, 4, 6, 5, 0, 1, 0, 6], [5, 0, 6, 5, 7, 1, 0, 6], [5, 1, 1, 4, 5, 4, 1, 1], [1, 0, 1, 7, 5, 4, 1, 3], [0, 1, 5, 1, 4, 0, 0, 1], [5, 6, 7, 0, 0, 3, 4, 1]], "potions": 12, "treasures": 11, "enemies": 17, "solution_length": 0, "enemies_loc": [[7, 0], [5, 1], [5, 2], [6, 2], [2, 3], [5, 3], [6, 4], [1, 5], [5, 5], [2, 6], [7, 6], [2, 7], [4, 7], [7, 7], [3, 9], [1, 11], [2, 11]]}, "quality": 0.3326315789404248, "diversity": 0.4181547550223216, "controlability": 0.0}