{"content": [[1, 1, 1, 1, 7, 0, 7, 1], [0, 2, 0, 0, 1, 7, 1, 0], [0, 0, 0, 4, 7, 6, 6, 1], [0, 5, 1, 0, 0, 0, 4, 1], [1, 7, 5, 0, 6, 1, 6, 6], [6, 7, 0, 1, 3, 1, 0, 4], [0, 7, 4, 1, 1, 0, 0, 7], [1, 0, 0, 0, 1, 0, 1, 6], [1, 0, 4, 1, 0, 4, 0, 1], [4, 0, 1, 0, 1, 4, 1, 6], [6, 3, 6, 1, 7, 6, 1, 1], [4, 0, 1, 0, 7, 1, 0, 1]], "control": {"col_treasures": 8, "solution_length": 30}, "info": {"regions": 1, "players": 1, "exits": 2, "layout": 61, "heuristic": -1, "solution": [], "content": [[1, 1, 1, 1, 7, 0, 7, 1], [0, 2, 0, 0, 1, 7, 1, 0], [0, 0, 0, 4, 7, 6, 6, 1], [0, 5, 1, 0, 0, 0, 4, 1], [1, 7, 5, 0, 6, 1, 6, 6], [6, 7, 0, 1, 3, 1, 0, 4], [0, 7, 4, 1, 1, 0, 0, 7], [1, 0, 0, 0, 1, 0, 1, 6], [1, 0, 4, 1, 0, 4, 0, 1], [4, 0, 1, 0, 1, 4, 1, 6], [6, 3, 6, 1, 7, 6, 1, 1], [4, 0, 1, 0, 7, 1, 0, 1]], "potions": 9, "treasures": 2, "enemies": 21, "solution_length": 0, "enemies_loc": [[4, 0], [6, 0], [5, 1], [4, 2], [5, 2], [6, 2], [1, 4], [4, 4], [6, 4], [7, 4], [0, 5], [1, 5], [1, 6], [7, 6], [7, 7], [7, 9], [0, 10], [2, 10], [4, 10], [5, 10], [4, 11]]}, "quality": 0.3326315789404248, "diversity": 0.286458326886161, "controlability": 0.0}