{"content": [[1, 1, 1, 5, 6, 5, 5, 0], [5, 0, 5, 4, 3, 3, 2, 5], [0, 0, 4, 1, 5, 6, 2, 1], [0, 2, 1, 0, 0, 7, 5, 0], [1, 0, 1, 1, 6, 1, 7, 2], [1, 6, 2, 0, 1, 1, 7, 4], [1, 6, 5, 0, 0, 1, 1, 5], [4, 0, 0, 0, 0, 4, 1, 1], [5, 0, 1, 4, 5, 4, 0, 4], [1, 5, 1, 5, 0, 6, 1, 0], [5, 3, 5, 4, 5, 1, 0, 1], [0, 5, 1, 6, 7, 1, 1, 1]], "control": {"col_treasures": 18, "solution_length": 45}, "info": {"regions": 1, "players": 5, "exits": 3, "layout": 50, "heuristic": -1, "solution": [], "content": [[1, 1, 1, 5, 6, 5, 5, 0], [5, 0, 5, 4, 3, 3, 2, 5], [0, 0, 4, 1, 5, 6, 2, 1], [0, 2, 1, 0, 0, 7, 5, 0], [1, 0, 1, 1, 6, 1, 7, 2], [1, 6, 2, 0, 1, 1, 7, 4], [1, 6, 5, 0, 0, 1, 1, 5], [4, 0, 0, 0, 0, 4, 1, 1], [5, 0, 1, 4, 5, 4, 0, 4], [1, 5, 1, 5, 0, 6, 1, 0], [5, 3, 5, 4, 5, 1, 0, 1], [0, 5, 1, 6, 7, 1, 1, 1]], "potions": 9, "treasures": 18, "enemies": 11, "solution_length": 0, "enemies_loc": [[4, 0], [5, 2], [5, 3], [4, 4], [6, 4], [1, 5], [6, 5], [1, 6], [5, 9], [3, 11], [4, 11]]}, "quality": 0.32912280700395197, "diversity": 0.27380951726190506, "controlability": 0.0}