{"content": [[6, 1, 1, 0, 7, 1, 5, 0], [5, 2, 0, 0, 1, 7, 5, 0], [0, 3, 0, 4, 4, 0, 6, 7], [0, 5, 1, 7, 4, 7, 0, 5], [6, 7, 5, 6, 6, 6, 6, 0], [0, 6, 5, 7, 5, 6, 1, 4], [6, 5, 5, 1, 1, 7, 0, 5], [4, 0, 7, 0, 6, 0, 1, 1], [5, 5, 4, 5, 0, 5, 6, 1], [5, 6, 7, 7, 6, 4, 1, 5], [5, 0, 6, 1, 7, 6, 4, 6], [0, 5, 1, 6, 4, 1, 0, 6]], "control": {"col_treasures": 18, "solution_length": 45}, "info": {"regions": 1, "players": 1, "exits": 1, "layout": 35, "heuristic": 0, "solution": [{"x": 2, "y": 2, "action": {"x": 0, "y": 1}}, {"x": 2, "y": 3, "action": {"x": 0, "y": 0}}], "content": [[6, 1, 1, 0, 7, 1, 5, 0], [5, 2, 0, 0, 1, 7, 5, 0], [0, 3, 0, 4, 4, 0, 6, 7], [0, 5, 1, 7, 4, 7, 0, 5], [6, 7, 5, 6, 6, 6, 6, 0], [0, 6, 5, 7, 5, 6, 1, 4], [6, 5, 5, 1, 1, 7, 0, 5], [4, 0, 7, 0, 6, 0, 1, 1], [5, 5, 4, 5, 0, 5, 6, 1], [5, 6, 7, 7, 6, 4, 1, 5], [5, 0, 6, 1, 7, 6, 4, 6], [0, 5, 1, 6, 4, 1, 0, 6]], "potions": 9, "treasures": 19, "enemies": 31, "solution_length": 2, "enemies_loc": [[0, 0], [4, 0], [5, 1], [6, 2], [7, 2], [3, 3], [5, 3], [0, 4], [1, 4], [3, 4], [4, 4], [5, 4], [6, 4], [1, 5], [3, 5], [5, 5], [0, 6], [5, 6], [2, 7], [4, 7], [6, 8], [1, 9], [2, 9], [3, 9], [4, 9], [2, 10], [4, 10], [5, 10], [7, 10], [3, 11], [7, 11]], "status": "win", "health": 5, "col_treasures": 0, "col_potions": 0, "col_enemies": 0}, "quality": 0.7965277777167391, "diversity": 0.34402411552220413, "controlability": 0.024390243896490183}