{"content": [[1, 1, 1, 1, 0, 1, 5, 1], [2, 7, 5, 5, 1, 3, 3, 0], [0, 0, 4, 1, 5, 3, 6, 1], [0, 1, 1, 0, 0, 7, 5, 0], [7, 1, 1, 1, 1, 1, 7, 0], [1, 6, 5, 1, 1, 1, 7, 4], [0, 1, 4, 0, 6, 7, 1, 5], [5, 0, 0, 0, 1, 0, 0, 1], [5, 1, 1, 5, 4, 0, 0, 1], [1, 6, 0, 5, 0, 4, 1, 5], [6, 0, 6, 1, 5, 1, 0, 1], [5, 0, 7, 6, 7, 7, 0, 1]], "control": {"col_treasures": 8, "solution_length": 30}, "info": {"regions": 1, "players": 1, "exits": 3, "layout": 57, "heuristic": -1, "solution": [], "content": [[1, 1, 1, 1, 0, 1, 5, 1], [2, 7, 5, 5, 1, 3, 3, 0], [0, 0, 4, 1, 5, 3, 6, 1], [0, 1, 1, 0, 0, 7, 5, 0], [7, 1, 1, 1, 1, 1, 7, 0], [1, 6, 5, 1, 1, 1, 7, 4], [0, 1, 4, 0, 6, 7, 1, 5], [5, 0, 0, 0, 1, 0, 0, 1], [5, 1, 1, 5, 4, 0, 0, 1], [1, 6, 0, 5, 0, 4, 1, 5], [6, 0, 6, 1, 5, 1, 0, 1], [5, 0, 7, 6, 7, 7, 0, 1]], "potions": 5, "treasures": 14, "enemies": 16, "solution_length": 0, "enemies_loc": [[1, 1], [6, 2], [5, 3], [0, 4], [6, 4], [1, 5], [6, 5], [4, 6], [5, 6], [1, 9], [0, 10], [2, 10], [2, 11], [3, 11], [4, 11], [5, 11]]}, "quality": 0.3319298245545337, "diversity": 0.9387400642299112, "controlability": 0.0}