{"content": [[1, 1, 1, 0, 1, 0, 0, 1, 0, 0, 0, 1, 0, 1], [1, 1, 1, 0, 1, 0, 1, 0, 0, 0, 0, 1, 0, 0], [1, 1, 0, 0, 0, 1, 0, 0, 0, 0, 1, 0, 0, 1], [0, 1, 1, 0, 1, 0, 0, 1, 0, 1, 1, 1, 0, 0], [1, 1, 0, 0, 0, 0, 0, 1, 0, 1, 1, 1, 0, 1], [0, 0, 0, 0, 0, 0, 0, 1, 0, 0, 1, 1, 0, 0], [0, 0, 0, 1, 0, 0, 1, 1, 1, 1, 0, 1, 0, 1], [0, 0, 0, 1, 1, 0, 1, 1, 1, 1, 0, 1, 0, 1], [1, 1, 0, 1, 1, 1, 1, 1, 1, 1, 0, 1, 0, 1], [0, 0, 1, 0, 1, 0, 0, 0, 0, 0, 0, 0, 0, 1], [0, 1, 0, 0, 1, 0, 0, 1, 0, 1, 0, 0, 0, 0], [1, 1, 1, 0, 1, 1, 1, 1, 0, 0, 0, 1, 1, 0], [0, 0, 1, 1, 0, 1, 0, 1, 1, 1, 0, 1, 0, 1], [1, 0, 0, 0, 1, 1, 1, 0, 0, 0, 1, 1, 0, 1]], "control": {"path": 54}, "info": {"path": 17, "regions": 20, "flat": [1, 1, 1, 0, 1, 0, 0, 1, 0, 0, 0, 1, 0, 1, 1, 1, 1, 0, 1, 0, 1, 0, 0, 0, 0, 1, 0, 0, 1, 1, 0, 0, 0, 1, 0, 0, 0, 0, 1, 0, 0, 1, 0, 1, 1, 0, 1, 0, 0, 1, 0, 1, 1, 1, 0, 0, 1, 1, 0, 0, 0, 0, 0, 1, 0, 1, 1, 1, 0, 1, 0, 0, 0, 0, 0, 0, 0, 1, 0, 0, 1, 1, 0, 0, 0, 0, 0, 1, 0, 0, 1, 1, 1, 1, 0, 1, 0, 1, 0, 0, 0, 1, 1, 0, 1, 1, 1, 1, 0, 1, 0, 1, 1, 1, 0, 1, 1, 1, 1, 1, 1, 1, 0, 1, 0, 1, 0, 0, 1, 0, 1, 0, 0, 0, 0, 0, 0, 0, 0, 1, 0, 1, 0, 0, 1, 0, 0, 1, 0, 1, 0, 0, 0, 0, 1, 1, 1, 0, 1, 1, 1, 1, 0, 0, 0, 1, 1, 0, 0, 0, 1, 1, 0, 1, 0, 1, 1, 1, 0, 1, 0, 1, 1, 0, 0, 0, 1, 1, 1, 0, 0, 0, 1, 1, 0, 1]}, "quality": 0.3035714284630102, "diversity": 1.0, "controlability": 0.36170212758261655}