{"content": [[1, 1, 1, 1, 4, 1, 5, 0], [5, 0, 0, 0, 4, 7, 6, 1], [0, 0, 4, 4, 7, 6, 6, 7], [0, 5, 5, 0, 0, 4, 1, 0], [6, 0, 1, 4, 1, 1, 6, 0], [1, 7, 0, 0, 1, 6, 1, 4], [0, 5, 6, 1, 1, 0, 1, 6], [1, 0, 4, 0, 4, 0, 0, 1], [5, 0, 1, 1, 0, 1, 6, 1], [4, 0, 7, 7, 4, 4, 1, 6], [5, 3, 1, 1, 7, 6, 0, 1], [0, 0, 2, 0, 7, 1, 6, 1]], "control": {"col_treasures": 8, "solution_length": 30}, "info": {"regions": 1, "players": 1, "exits": 1, "layout": 55, "heuristic": 0, "solution": [{"x": 3, "y": 12, "action": {"x": 0, "y": -1}}, {"x": 3, "y": 11, "action": {"x": -1, "y": 0}}, {"x": 2, "y": 11, "action": {"x": 0, "y": 0}}], "content": [[1, 1, 1, 1, 4, 1, 5, 0], [5, 0, 0, 0, 4, 7, 6, 1], [0, 0, 4, 4, 7, 6, 6, 7], [0, 5, 5, 0, 0, 4, 1, 0], [6, 0, 1, 4, 1, 1, 6, 0], [1, 7, 0, 0, 1, 6, 1, 4], [0, 5, 6, 1, 1, 0, 1, 6], [1, 0, 4, 0, 4, 0, 0, 1], [5, 0, 1, 1, 0, 1, 6, 1], [4, 0, 7, 7, 4, 4, 1, 6], [5, 3, 1, 1, 7, 6, 0, 1], [0, 0, 2, 0, 7, 1, 6, 1]], "potions": 12, "treasures": 7, "enemies": 20, "solution_length": 3, "enemies_loc": [[5, 1], [6, 1], [4, 2], [5, 2], [6, 2], [7, 2], [0, 4], [6, 4], [1, 5], [5, 5], [2, 6], [7, 6], [6, 8], [2, 9], [3, 9], [7, 9], [4, 10], [5, 10], [4, 11], [6, 11]], "status": "win", "health": 5, "col_treasures": 0, "col_potions": 0, "col_enemies": 0}, "quality": 0.8354166665988281, "diversity": 0.46562499335937513, "controlability": 0.05769230767011834}