{"content": {"layout": [15, 15, 0, 14, 0, 14, 5, 3, 12, 11, 14, 15, 10, 14, 0, 0], "start": 2, "boss": 0, "shop": 15, "treasure": 15}, "control": {"map_size": 11}, "info": {"map_size": 12, "num_regions": 1, "connect_regions": 2, "loose_connections": 15, "locations": 1, "player_boss_distance": 2, "flat": [0, 2, 0, 0, 2, 0, 0, 0, 0, 0, 2, 0, 2, 1, 2, 2, 1, 2, 0, 0, 0, 0, 1, 2, 0, 2, 0, 0, 2, 0, 0, 0, 0, 0, 2, 0, 0, 0, 0, 0, 2, 0, 0, 0, 0, 0, 2, 0, 0, 0, 0, 0, 1, 2, 2, 1, 2, 2, 1, 0, 0, 0, 0, 0, 2, 0, 0, 0, 0, 0, 0, 0, 0, 0, 0, 0, 2, 0, 0, 2, 0, 0, 2, 0, 0, 1, 2, 2, 1, 0, 0, 1, 2, 2, 1, 2, 0, 2, 0, 0, 2, 0, 0, 2, 0, 0, 2, 0, 0, 2, 0, 0, 2, 0, 0, 0, 0, 0, 0, 0, 0, 1, 0, 0, 1, 2, 0, 0, 0, 0, 0, 0, 0, 2, 0, 0, 2, 0, 0, 0, 0, 0, 0, 0], "dead_end": 0}, "quality": 0.5899999999066667, "diversity": 0.11716008587542259, "controlability": 0.6562499989746094}