{"content": [[1, 1, 1, 3, 7, 1, 6, 0], [7, 0, 0, 0, 1, 7, 4, 0], [0, 2, 1, 1, 7, 1, 7, 0], [7, 5, 1, 0, 0, 7, 1, 0], [1, 0, 1, 0, 6, 1, 7, 0], [1, 7, 5, 7, 7, 6, 7, 4], [0, 5, 6, 1, 0, 0, 1, 6], [4, 0, 1, 0, 1, 6, 0, 1], [7, 0, 4, 5, 5, 3, 0, 1], [6, 0, 1, 7, 6, 6, 7, 6], [6, 7, 7, 1, 7, 6, 0, 1], [5, 0, 1, 0, 7, 7, 1, 2]], "control": {"col_treasures": 8, "solution_length": 30}, "info": {"regions": 1, "players": 2, "exits": 2, "layout": 50, "heuristic": -1, "solution": [], "content": [[1, 1, 1, 3, 7, 1, 6, 0], [7, 0, 0, 0, 1, 7, 4, 0], [0, 2, 1, 1, 7, 1, 7, 0], [7, 5, 1, 0, 0, 7, 1, 0], [1, 0, 1, 0, 6, 1, 7, 0], [1, 7, 5, 7, 7, 6, 7, 4], [0, 5, 6, 1, 0, 0, 1, 6], [4, 0, 1, 0, 1, 6, 0, 1], [7, 0, 4, 5, 5, 3, 0, 1], [6, 0, 1, 7, 6, 6, 7, 6], [6, 7, 7, 1, 7, 6, 0, 1], [5, 0, 1, 0, 7, 7, 1, 2]], "potions": 4, "treasures": 6, "enemies": 32, "solution_length": 0, "enemies_loc": [[4, 0], [6, 0], [0, 1], [5, 1], [4, 2], [6, 2], [0, 3], [5, 3], [4, 4], [6, 4], [1, 5], [3, 5], [4, 5], [5, 5], [6, 5], [2, 6], [7, 6], [5, 7], [0, 8], [0, 9], [3, 9], [4, 9], [5, 9], [6, 9], [7, 9], [0, 10], [1, 10], [2, 10], [4, 10], [5, 10], [4, 11], [5, 11]]}, "quality": 0.3319298245475162, "diversity": 0.29621211426136385, "controlability": 0.0}